Prompt;Gemma3
"System Message:
You are a logician with a background in mathematics that translates natural language
reasoning text to Python3 code so that these natural language reasoning problems can be solved.
During the translation, please pay close attention to defining variables and rules.
Do not add any comments from you.
Be guided by the following example:
Example input text:
Textual context: A vehicle operates over a A param between 20 and 110 in a typical day.
A vehicle operates for a B param between 2 and 10 in a typical day.

Example Python3 code:
# A vehicle operates over a A param between 20 and 110 in a typical day.
def r1(a: float) -> bool:
    return 20 <= a <= 110

# A vehicle operates for a B param between 2 and 10 in a typical day.
def r2(b: float) -> bool:
    return 2 <= b <= 10


Input text:
Textual context: The number of stops where PTO is engaged must not exceed the overall stop count.
The payload cannot exceed the capacity of axle 3.";"```python
# The number of stops where PTO is engaged must not exceed the overall stop count.
def r1(pto_stops: int, overall_stops: int) -> bool:
    return pto_stops <= overall_stops

# The payload cannot exceed the capacity of axle 3.
def r2(payload: float, axle3_capacity: float) -> bool:
    return payload <= axle3_capacity
```"
"System Message:
You are a logician with a background in mathematics that translates natural language
reasoning text to Python3 code so that these natural language reasoning problems can be solved.
During the translation, please pay close attention to defining variables and rules.
Do not add any comments from you.
Be guided by the following example:
Example input text:
Textual context: A vehicle operates over a A param between 20 and 110 in a typical day.
A vehicle operates for a B param between 2 and 10 in a typical day.

Example Python3 code:
# A vehicle operates over a A param between 20 and 110 in a typical day.
def r1(a: float) -> bool:
    return 20 <= a <= 110

# A vehicle operates for a B param between 2 and 10 in a typical day.
def r2(b: float) -> bool:
    return 2 <= b <= 10


Input text:
Textual context: Stops with PTO engaged cannot outnumber the total stops.";"```python
def r1(stops_pto_engaged: int, total_stops: int) -> bool:
    return stops_pto_engaged <= total_stops
```"
"System Message:
You are a logician with a background in mathematics that translates natural language
reasoning text to Python3 code so that these natural language reasoning problems can be solved.
During the translation, please pay close attention to defining variables and rules.
Do not add any comments from you.
Be guided by the following example:
Example input text:
Textual context: A vehicle operates over a A param between 20 and 110 in a typical day.
A vehicle operates for a B param between 2 and 10 in a typical day.

Example Python3 code:
# A vehicle operates over a A param between 20 and 110 in a typical day.
def r1(a: float) -> bool:
    return 20 <= a <= 110

# A vehicle operates for a B param between 2 and 10 in a typical day.
def r2(b: float) -> bool:
    return 2 <= b <= 10


Input text:
Textual context: The load carried by axle 1 must be smaller than or equal to the load on axle 3.
Total operation time should be at least the sum of PTO, idle, and driving times.";"```python
# The load carried by axle 1 must be smaller than or equal to the load on axle 3.
def r1(load_axle1: float, load_axle3: float) -> bool:
    return load_axle1 <= load_axle3

# Total operation time should be at least the sum of PTO, idle, and driving times.
def r2(total_operation_time: float, pto_time: float, idle_time: float, driving_time: float) -> bool:
    return total_operation_time >= pto_time + idle_time + driving_time
```"
"System Message:
You are a logician with a background in mathematics that translates natural language
reasoning text to Python3 code so that these natural language reasoning problems can be solved.
During the translation, please pay close attention to defining variables and rules.
Do not add any comments from you.
Be guided by the following example:
Example input text:
Textual context: A vehicle operates over a A param between 20 and 110 in a typical day.
A vehicle operates for a B param between 2 and 10 in a typical day.

Example Python3 code:
# A vehicle operates over a A param between 20 and 110 in a typical day.
def r1(a: float) -> bool:
    return 20 <= a <= 110

# A vehicle operates for a B param between 2 and 10 in a typical day.
def r2(b: float) -> bool:
    return 2 <= b <= 10


Input text:
Textual context: PTO operation time must be less than or equal to the total operation time.
Axle 1's load cannot exceed Axle 3's load.";"```python
def r1(pto_operation_time: float, total_operation_time: float) -> bool:
    return pto_operation_time <= total_operation_time

def r2(axle1_load: float, axle3_load: float) -> bool:
    return axle1_load <= axle3_load
```"
"System Message:
You are a logician with a background in mathematics that translates natural language
reasoning text to Python3 code so that these natural language reasoning problems can be solved.
During the translation, please pay close attention to defining variables and rules.
Do not add any comments from you.
Be guided by the following example:
Example input text:
Textual context: A vehicle operates over a A param between 20 and 110 in a typical day.
A vehicle operates for a B param between 2 and 10 in a typical day.

Example Python3 code:
# A vehicle operates over a A param between 20 and 110 in a typical day.
def r1(a: float) -> bool:
    return 20 <= a <= 110

# A vehicle operates for a B param between 2 and 10 in a typical day.
def r2(b: float) -> bool:
    return 2 <= b <= 10


Input text:
Textual context: The payload cannot exceed the capacity of axle 3.";"```python
# The payload cannot exceed the capacity of axle 3.
def r1(payload: float, capacity_axle3: float) -> bool:
    return payload <= capacity_axle3
```"
"System Message:
You are a logician with a background in mathematics that translates natural language
reasoning text to Python3 code so that these natural language reasoning problems can be solved.
During the translation, please pay close attention to defining variables and rules.
Do not add any comments from you.
Be guided by the following example:
Example input text:
Textual context: A vehicle operates over a A param between 20 and 110 in a typical day.
A vehicle operates for a B param between 2 and 10 in a typical day.

Example Python3 code:
# A vehicle operates over a A param between 20 and 110 in a typical day.
def r1(a: float) -> bool:
    return 20 <= a <= 110

# A vehicle operates for a B param between 2 and 10 in a typical day.
def r2(b: float) -> bool:
    return 2 <= b <= 10


Input text:
Textual context: Driving time should be less than or equal to the total operation time.";"```python
# Driving time should be less than or equal to the total operation time.
def r1(driving_time: float, total_operation_time: float) -> bool:
    return driving_time <= total_operation_time
```"
"System Message:
You are a logician with a background in mathematics that translates natural language
reasoning text to Python3 code so that these natural language reasoning problems can be solved.
During the translation, please pay close attention to defining variables and rules.
Do not add any comments from you.
Be guided by the following example:
Example input text:
Textual context: A vehicle operates over a A param between 20 and 110 in a typical day.
A vehicle operates for a B param between 2 and 10 in a typical day.

Example Python3 code:
# A vehicle operates over a A param between 20 and 110 in a typical day.
def r1(a: float) -> bool:
    return 20 <= a <= 110

# A vehicle operates for a B param between 2 and 10 in a typical day.
def r2(b: float) -> bool:
    return 2 <= b <= 10


Input text:
Textual context: The payload must always be smaller than or equal to the load on axle 2.
The payload must always be smaller than or equal to the load on axle 3.";"```python
# The payload must always be smaller than or equal to the load on axle 2.
def r1(payload: float, load_axle_2: float) -> bool:
    return payload <= load_axle_2

# The payload must always be smaller than or equal to the load on axle 3.
def r2(payload: float, load_axle_3: float) -> bool:
    return payload <= load_axle_3
```"
"System Message:
You are a logician with a background in mathematics that translates natural language
reasoning text to Python3 code so that these natural language reasoning problems can be solved.
During the translation, please pay close attention to defining variables and rules.
Do not add any comments from you.
Be guided by the following example:
Example input text:
Textual context: A vehicle operates over a A param between 20 and 110 in a typical day.
A vehicle operates for a B param between 2 and 10 in a typical day.

Example Python3 code:
# A vehicle operates over a A param between 20 and 110 in a typical day.
def r1(a: float) -> bool:
    return 20 <= a <= 110

# A vehicle operates for a B param between 2 and 10 in a typical day.
def r2(b: float) -> bool:
    return 2 <= b <= 10


Input text:
Textual context: PTO-engaged stops cannot exceed the total number of stops.
The load carried by axle 1 must be smaller than or equal to the load on axle 3.";"```python
# PTO-engaged stops cannot exceed the total number of stops.
def r1(pto_engaged_stops: float, total_stops: float) -> bool:
    return pto_engaged_stops <= total_stops

# The load carried by axle 1 must be smaller than or equal to the load on axle 3.
def r2(axle1_load: float, axle3_load: float) -> bool:
    return axle1_load <= axle3_load
```"
"System Message:
You are a logician with a background in mathematics that translates natural language
reasoning text to Python3 code so that these natural language reasoning problems can be solved.
During the translation, please pay close attention to defining variables and rules.
Do not add any comments from you.
Be guided by the following example:
Example input text:
Textual context: A vehicle operates over a A param between 20 and 110 in a typical day.
A vehicle operates for a B param between 2 and 10 in a typical day.

Example Python3 code:
# A vehicle operates over a A param between 20 and 110 in a typical day.
def r1(a: float) -> bool:
    return 20 <= a <= 110

# A vehicle operates for a B param between 2 and 10 in a typical day.
def r2(b: float) -> bool:
    return 2 <= b <= 10


Input text:
Textual context: Axle 2's load must always be equal to or greater than the payload.";"```python
# Axle 2's load must always be equal to or greater than the payload.
def r1(load: float, payload: float) -> bool:
    return load >= payload
```"
"System Message:
You are a logician with a background in mathematics that translates natural language
reasoning text to Python3 code so that these natural language reasoning problems can be solved.
During the translation, please pay close attention to defining variables and rules.
Do not add any comments from you.
Be guided by the following example:
Example input text:
Textual context: A vehicle operates over a A param between 20 and 110 in a typical day.
A vehicle operates for a B param between 2 and 10 in a typical day.

Example Python3 code:
# A vehicle operates over a A param between 20 and 110 in a typical day.
def r1(a: float) -> bool:
    return 20 <= a <= 110

# A vehicle operates for a B param between 2 and 10 in a typical day.
def r2(b: float) -> bool:
    return 2 <= b <= 10


Input text:
Textual context: The load on axle 1 must not surpass the load on axle 2.
The weight on axle 1 cannot surpass the weight on axle 3.";"```python
# The load on axle 1 must not surpass the load on axle 2.
def r1(x1: float, x2: float) -> bool:
    return x1 <= x2

# The weight on axle 1 cannot surpass the weight on axle 3.
def r2(x1: float, x3: float) -> bool:
    return x1 <= x3
```"
"System Message:
You are a logician with a background in mathematics that translates natural language
reasoning text to Python3 code so that these natural language reasoning problems can be solved.
During the translation, please pay close attention to defining variables and rules.
Do not add any comments from you.
Be guided by the following example:
Example input text:
Textual context: A vehicle operates over a A param between 20 and 110 in a typical day.
A vehicle operates for a B param between 2 and 10 in a typical day.

Example Python3 code:
# A vehicle operates over a A param between 20 and 110 in a typical day.
def r1(a: float) -> bool:
    return 20 <= a <= 110

# A vehicle operates for a B param between 2 and 10 in a typical day.
def r2(b: float) -> bool:
    return 2 <= b <= 10


Input text:
Textual context: Idle time cannot be greater than the total operation time.
Driving time should be less than or equal to the total operation time.";"```python
# Idle time cannot be greater than the total operation time.
def r1(idle_time: float, total_operation_time: float) -> bool:
    return idle_time <= total_operation_time

# Driving time should be less than or equal to the total operation time.
def r2(driving_time: float, total_operation_time: float) -> bool:
    return driving_time <= total_operation_time
```"
"System Message:
You are a logician with a background in mathematics that translates natural language
reasoning text to Python3 code so that these natural language reasoning problems can be solved.
During the translation, please pay close attention to defining variables and rules.
Do not add any comments from you.
Be guided by the following example:
Example input text:
Textual context: A vehicle operates over a A param between 20 and 110 in a typical day.
A vehicle operates for a B param between 2 and 10 in a typical day.

Example Python3 code:
# A vehicle operates over a A param between 20 and 110 in a typical day.
def r1(a: float) -> bool:
    return 20 <= a <= 110

# A vehicle operates for a B param between 2 and 10 in a typical day.
def r2(b: float) -> bool:
    return 2 <= b <= 10


Input text:
Textual context: Axle 1's load cannot exceed Axle 2's load.
The total operation duration must always be greater than or equal to the combined time for PTO, idle, and driving.";"```python
# Axle 1's load cannot exceed Axle 2's load.
def r1(load1: float, load2: float) -> bool:
    return load1 <= load2

# The total operation duration must always be greater than or equal to the combined time for PTO, idle, and driving.
def r2(total_duration: float, pto_time: float, idle_time: float, driving_time: float) -> bool:
    return total_duration >= pto_time + idle_time + driving_time
```"
"System Message:
You are a logician with a background in mathematics that translates natural language
reasoning text to Python3 code so that these natural language reasoning problems can be solved.
During the translation, please pay close attention to defining variables and rules.
Do not add any comments from you.
Be guided by the following example:
Example input text:
Textual context: A vehicle operates over a A param between 20 and 110 in a typical day.
A vehicle operates for a B param between 2 and 10 in a typical day.

Example Python3 code:
# A vehicle operates over a A param between 20 and 110 in a typical day.
def r1(a: float) -> bool:
    return 20 <= a <= 110

# A vehicle operates for a B param between 2 and 10 in a typical day.
def r2(b: float) -> bool:
    return 2 <= b <= 10


Input text:
Textual context: Total operation time shouldn’t be lower than idle time.";"```python
def r1(total_operation_time: float, idle_time: float) -> bool:
    return total_operation_time >= idle_time
```"
"System Message:
You are a logician with a background in mathematics that translates natural language
reasoning text to Python3 code so that these natural language reasoning problems can be solved.
During the translation, please pay close attention to defining variables and rules.
Do not add any comments from you.
Be guided by the following example:
Example input text:
Textual context: A vehicle operates over a A param between 20 and 110 in a typical day.
A vehicle operates for a B param between 2 and 10 in a typical day.

Example Python3 code:
# A vehicle operates over a A param between 20 and 110 in a typical day.
def r1(a: float) -> bool:
    return 20 <= a <= 110

# A vehicle operates for a B param between 2 and 10 in a typical day.
def r2(b: float) -> bool:
    return 2 <= b <= 10


Input text:
Textual context: The total operation durationmust not be lower than the driving time.
Axle 1's load cannot exceed Axle 3's load.";"```python
def r1(total_operation_duration: float, driving_time: float) -> bool:
    return total_operation_duration >= driving_time

def r2(axle1_load: float, axle3_load: float) -> bool:
    return axle1_load <= axle3_load
```"
"System Message:
You are a logician with a background in mathematics that translates natural language
reasoning text to Python3 code so that these natural language reasoning problems can be solved.
During the translation, please pay close attention to defining variables and rules.
Do not add any comments from you.
Be guided by the following example:
Example input text:
Textual context: A vehicle operates over a A param between 20 and 110 in a typical day.
A vehicle operates for a B param between 2 and 10 in a typical day.

Example Python3 code:
# A vehicle operates over a A param between 20 and 110 in a typical day.
def r1(a: float) -> bool:
    return 20 <= a <= 110

# A vehicle operates for a B param between 2 and 10 in a typical day.
def r2(b: float) -> bool:
    return 2 <= b <= 10


Input text:
Textual context: PTO operation time should be less than or equal to the total operation time.
Total operation time must be greater than or equal to the sum of PTO operation, idle, and driving times.";"```python
# PTO operation time should be less than or equal to the total operation time.
def r1(pto: float, total: float) -> bool:
    return pto <= total

# Total operation time must be greater than or equal to the sum of PTO operation, idle, and driving times.
def r2(total: float, pto: float, idle: float, driving: float) -> bool:
    return total >= pto + idle + driving
```"
"System Message:
You are a logician with a background in mathematics that translates natural language
reasoning text to Python3 code so that these natural language reasoning problems can be solved.
During the translation, please pay close attention to defining variables and rules.
Do not add any comments from you.
Be guided by the following example:
Example input text:
Textual context: A vehicle operates over a A param between 20 and 110 in a typical day.
A vehicle operates for a B param between 2 and 10 in a typical day.

Example Python3 code:
# A vehicle operates over a A param between 20 and 110 in a typical day.
def r1(a: float) -> bool:
    return 20 <= a <= 110

# A vehicle operates for a B param between 2 and 10 in a typical day.
def r2(b: float) -> bool:
    return 2 <= b <= 10


Input text:
Textual context: PTO operation time cannot be greater than the total operation time.";"```python
def r1(pto_operation_time: float, total_operation_time: float) -> bool:
    return pto_operation_time <= total_operation_time
```"
"System Message:
You are a logician with a background in mathematics that translates natural language
reasoning text to Python3 code so that these natural language reasoning problems can be solved.
During the translation, please pay close attention to defining variables and rules.
Do not add any comments from you.
Be guided by the following example:
Example input text:
Textual context: A vehicle operates over a A param between 20 and 110 in a typical day.
A vehicle operates for a B param between 2 and 10 in a typical day.

Example Python3 code:
# A vehicle operates over a A param between 20 and 110 in a typical day.
def r1(a: float) -> bool:
    return 20 <= a <= 110

# A vehicle operates for a B param between 2 and 10 in a typical day.
def r2(b: float) -> bool:
    return 2 <= b <= 10


Input text:
Textual context: Idle time should be less than or equal to the total operation time.
The load supported by axle 1 cannot exceed that of axle 3.";"```python
# Idle time should be less than or equal to the total operation time.
def r1(idle_time: float, total_operation_time: float) -> bool:
    return idle_time <= total_operation_time

# The load supported by axle 1 cannot exceed that of axle 3.
def r2(axle1_load: float, axle3_load: float) -> bool:
    return axle1_load <= axle3_load
```"
"System Message:
You are a logician with a background in mathematics that translates natural language
reasoning text to Python3 code so that these natural language reasoning problems can be solved.
During the translation, please pay close attention to defining variables and rules.
Do not add any comments from you.
Be guided by the following example:
Example input text:
Textual context: A vehicle operates over a A param between 20 and 110 in a typical day.
A vehicle operates for a B param between 2 and 10 in a typical day.

Example Python3 code:
# A vehicle operates over a A param between 20 and 110 in a typical day.
def r1(a: float) -> bool:
    return 20 <= a <= 110

# A vehicle operates for a B param between 2 and 10 in a typical day.
def r2(b: float) -> bool:
    return 2 <= b <= 10


Input text:
Textual context: PTO operation time cannot be greater than the total operation time.
The payload must not exceed the load carried by axle 3.";"```python
# PTO operation time cannot be greater than the total operation time.
def r1(pto_time: float, total_time: float) -> bool:
    return pto_time <= total_time

# The payload must not exceed the load carried by axle 3.
def r2(payload: float, axle3_load: float) -> bool:
    return payload <= axle3_load
```"
"System Message:
You are a logician with a background in mathematics that translates natural language
reasoning text to Python3 code so that these natural language reasoning problems can be solved.
During the translation, please pay close attention to defining variables and rules.
Do not add any comments from you.
Be guided by the following example:
Example input text:
Textual context: A vehicle operates over a A param between 20 and 110 in a typical day.
A vehicle operates for a B param between 2 and 10 in a typical day.

Example Python3 code:
# A vehicle operates over a A param between 20 and 110 in a typical day.
def r1(a: float) -> bool:
    return 20 <= a <= 110

# A vehicle operates for a B param between 2 and 10 in a typical day.
def r2(b: float) -> bool:
    return 2 <= b <= 10


Input text:
Textual context: The total operation durationmust not be lower than the driving time.
PTO-engaged stops cannot exceed the total number of stops.";"```python
def r1(total_operation_duration: float, driving_time: float) -> bool:
    return total_operation_duration >= driving_time

def r2(pto_engaged_stops: float, total_stops: float) -> bool:
    return pto_engaged_stops <= total_stops
```"
"System Message:
You are a logician with a background in mathematics that translates natural language
reasoning text to Python3 code so that these natural language reasoning problems can be solved.
During the translation, please pay close attention to defining variables and rules.
Do not add any comments from you.
Be guided by the following example:
Example input text:
Textual context: A vehicle operates over a A param between 20 and 110 in a typical day.
A vehicle operates for a B param between 2 and 10 in a typical day.

Example Python3 code:
# A vehicle operates over a A param between 20 and 110 in a typical day.
def r1(a: float) -> bool:
    return 20 <= a <= 110

# A vehicle operates for a B param between 2 and 10 in a typical day.
def r2(b: float) -> bool:
    return 2 <= b <= 10


Input text:
Textual context: The load supported by axle 1 cannot exceed that of axle 2.
The payload cannot exceed the capacity of axle 3.";"```python
# The load supported by axle 1 cannot exceed that of axle 2.
def r1(x1: float, x2: float) -> bool:
    return x1 <= x2

# The payload cannot exceed the capacity of axle 3.
def r2(p: float, x3: float) -> bool:
    return p <= x3
```"
"System Message:
You are a logician with a background in mathematics that translates natural language
reasoning text to Python3 code so that these natural language reasoning problems can be solved.
During the translation, please pay close attention to defining variables and rules.
Do not add any comments from you.
Be guided by the following example:
Example input text:
Textual context: A vehicle operates over a A param between 20 and 110 in a typical day.
A vehicle operates for a B param between 2 and 10 in a typical day.

Example Python3 code:
# A vehicle operates over a A param between 20 and 110 in a typical day.
def r1(a: float) -> bool:
    return 20 <= a <= 110

# A vehicle operates for a B param between 2 and 10 in a typical day.
def r2(b: float) -> bool:
    return 2 <= b <= 10


Input text:
Textual context: The weight on axle 1 cannot surpass the weight on axle 3.";"```python
# The weight on axle 1 cannot surpass the weight on axle 3.
def r1(a1: float, a3: float) -> bool:
    return a1 <= a3
```"
"System Message:
You are a logician with a background in mathematics that translates natural language
reasoning text to Python3 code so that these natural language reasoning problems can be solved.
During the translation, please pay close attention to defining variables and rules.
Do not add any comments from you.
Be guided by the following example:
Example input text:
Textual context: A vehicle operates over a A param between 20 and 110 in a typical day.
A vehicle operates for a B param between 2 and 10 in a typical day.

Example Python3 code:
# A vehicle operates over a A param between 20 and 110 in a typical day.
def r1(a: float) -> bool:
    return 20 <= a <= 110

# A vehicle operates for a B param between 2 and 10 in a typical day.
def r2(b: float) -> bool:
    return 2 <= b <= 10


Input text:
Textual context: Total operation time should be at least the sum of PTO, idle, and driving times.";"```python
def r1(total_operation_time: float, pto: float, idle: float, driving_time: float) -> bool:
    return total_operation_time >= pto + idle + driving_time
```"
"System Message:
You are a logician with a background in mathematics that translates natural language
reasoning text to Python3 code so that these natural language reasoning problems can be solved.
During the translation, please pay close attention to defining variables and rules.
Do not add any comments from you.
Be guided by the following example:
Example input text:
Textual context: A vehicle operates over a A param between 20 and 110 in a typical day.
A vehicle operates for a B param between 2 and 10 in a typical day.

Example Python3 code:
# A vehicle operates over a A param between 20 and 110 in a typical day.
def r1(a: float) -> bool:
    return 20 <= a <= 110

# A vehicle operates for a B param between 2 and 10 in a typical day.
def r2(b: float) -> bool:
    return 2 <= b <= 10


Input text:
Textual context: Stops with PTO engaged cannot outnumber the total stops.
Total operation time must be greater than or equal to the sum of PTO operation, idle, and driving times.";"```python
# Stops with PTO engaged cannot outnumber the total stops.
def r1(pto_stops: float, total_stops: float) -> bool:
    return pto_stops <= total_stops

# Total operation time must be greater than or equal to the sum of PTO operation, idle, and driving times.
def r2(total_operation_time: float, pto_operation_time: float, idle_time: float, driving_time: float) -> bool:
    return total_operation_time >= pto_operation_time + idle_time + driving_time
```"
"System Message:
You are a logician with a background in mathematics that translates natural language
reasoning text to Python3 code so that these natural language reasoning problems can be solved.
During the translation, please pay close attention to defining variables and rules.
Do not add any comments from you.
Be guided by the following example:
Example input text:
Textual context: A vehicle operates over a A param between 20 and 110 in a typical day.
A vehicle operates for a B param between 2 and 10 in a typical day.

Example Python3 code:
# A vehicle operates over a A param between 20 and 110 in a typical day.
def r1(a: float) -> bool:
    return 20 <= a <= 110

# A vehicle operates for a B param between 2 and 10 in a typical day.
def r2(b: float) -> bool:
    return 2 <= b <= 10


Input text:
Textual context: The load supported by axle 1 cannot exceed that of axle 3.
Payload must remain below or equal to the load carried by axle 3.";"```python
# The load supported by axle 1 cannot exceed that of axle 3.
def r1(x1: float, x3: float) -> bool:
    return x1 <= x3

# Payload must remain below or equal to the load carried by axle 3.
def r2(p: float, x3: float) -> bool:
    return p <= x3
```"
"System Message:
You are a logician with a background in mathematics that translates natural language
reasoning text to Python3 code so that these natural language reasoning problems can be solved.
During the translation, please pay close attention to defining variables and rules.
Do not add any comments from you.
Be guided by the following example:
Example input text:
Textual context: A vehicle operates over a A param between 20 and 110 in a typical day.
A vehicle operates for a B param between 2 and 10 in a typical day.

Example Python3 code:
# A vehicle operates over a A param between 20 and 110 in a typical day.
def r1(a: float) -> bool:
    return 20 <= a <= 110

# A vehicle operates for a B param between 2 and 10 in a typical day.
def r2(b: float) -> bool:
    return 2 <= b <= 10


Input text:
Textual context: Idle time must always be less than or equal to the total operation time.
Payload must remain below or equal to the load carried by axle 3.";"```python
# Idle time must always be less than or equal to the total operation time.
def r1(idle_time: float, total_operation_time: float) -> bool:
    return idle_time <= total_operation_time

# Payload must remain below or equal to the load carried by axle 3.
def r2(payload: float, load_axle_3: float) -> bool:
    return payload <= load_axle_3
```"
"System Message:
You are a logician with a background in mathematics that translates natural language
reasoning text to Python3 code so that these natural language reasoning problems can be solved.
During the translation, please pay close attention to defining variables and rules.
Do not add any comments from you.
Be guided by the following example:
Example input text:
Textual context: A vehicle operates over a A param between 20 and 110 in a typical day.
A vehicle operates for a B param between 2 and 10 in a typical day.

Example Python3 code:
# A vehicle operates over a A param between 20 and 110 in a typical day.
def r1(a: float) -> bool:
    return 20 <= a <= 110

# A vehicle operates for a B param between 2 and 10 in a typical day.
def r2(b: float) -> bool:
    return 2 <= b <= 10


Input text:
Textual context: The load on axle 1 must not surpass the load on axle 2.";"```python
# The load on axle 1 must not surpass the load on axle 2.
def r1(load_axle_1: float, load_axle_2: float) -> bool:
    return load_axle_1 <= load_axle_2
```"
"System Message:
You are a logician with a background in mathematics that translates natural language
reasoning text to Python3 code so that these natural language reasoning problems can be solved.
During the translation, please pay close attention to defining variables and rules.
Do not add any comments from you.
Be guided by the following example:
Example input text:
Textual context: A vehicle operates over a A param between 20 and 110 in a typical day.
A vehicle operates for a B param between 2 and 10 in a typical day.

Example Python3 code:
# A vehicle operates over a A param between 20 and 110 in a typical day.
def r1(a: float) -> bool:
    return 20 <= a <= 110

# A vehicle operates for a B param between 2 and 10 in a typical day.
def r2(b: float) -> bool:
    return 2 <= b <= 10


Input text:
Textual context: Driving time must always be less than or equal to the total operation time.
Total operation time must be greater than or equal to the sum of PTO operation, idle, and driving times.";"```python
# Driving time must always be less than or equal to the total operation time.
def r1(driving_time: float, total_operation_time: float) -> bool:
    return driving_time <= total_operation_time

# Total operation time must be greater than or equal to the sum of PTO operation, idle, and driving times.
def r2(total_operation_time: float, pto_operation: float, idle: float, driving_time: float) -> bool:
    return total_operation_time >= pto_operation + idle + driving_time
```"
"System Message:
You are a logician with a background in mathematics that translates natural language
reasoning text to Python3 code so that these natural language reasoning problems can be solved.
During the translation, please pay close attention to defining variables and rules.
Do not add any comments from you.
Be guided by the following example:
Example input text:
Textual context: A vehicle operates over a A param between 20 and 110 in a typical day.
A vehicle operates for a B param between 2 and 10 in a typical day.

Example Python3 code:
# A vehicle operates over a A param between 20 and 110 in a typical day.
def r1(a: float) -> bool:
    return 20 <= a <= 110

# A vehicle operates for a B param between 2 and 10 in a typical day.
def r2(b: float) -> bool:
    return 2 <= b <= 10


Input text:
Textual context: The total operation duration must not be lower than the PTO operation time.
The number of stops where PTO is engaged must not exceed the overall stop count.";"```python
# The total operation duration must not be lower than the PTO operation time.
def r1(total_operation_duration: float, pto_operation_time: float) -> bool:
    return total_operation_duration >= pto_operation_time

# The number of stops where PTO is engaged must not exceed the overall stop count.
def r2(pto_engaged_stops: int, overall_stops: int) -> bool:
    return pto_engaged_stops <= overall_stops
```"
"System Message:
You are a logician with a background in mathematics that translates natural language
reasoning text to Python3 code so that these natural language reasoning problems can be solved.
During the translation, please pay close attention to defining variables and rules.
Do not add any comments from you.
Be guided by the following example:
Example input text:
Textual context: A vehicle operates over a A param between 20 and 110 in a typical day.
A vehicle operates for a B param between 2 and 10 in a typical day.

Example Python3 code:
# A vehicle operates over a A param between 20 and 110 in a typical day.
def r1(a: float) -> bool:
    return 20 <= a <= 110

# A vehicle operates for a B param between 2 and 10 in a typical day.
def r2(b: float) -> bool:
    return 2 <= b <= 10


Input text:
Textual context: Total operation time shouldn’t be lower than idle time.
The total operation duration must always be greater than or equal to the combined time for PTO, idle, and driving.";"```python
# Total operation time shouldn’t be lower than idle time.
def r1(total_operation_time: float, idle_time: float) -> bool:
    return total_operation_time >= idle_time

# The total operation duration must always be greater than or equal to the combined time for PTO, idle, and driving.
def r2(total_operation_duration: float, pto: float, idle: float, driving: float) -> bool:
    return total_operation_duration >= pto + idle + driving
```"
"System Message:
You are a logician with a background in mathematics that translates natural language
reasoning text to Python3 code so that these natural language reasoning problems can be solved.
During the translation, please pay close attention to defining variables and rules.
Do not add any comments from you.
Be guided by the following example:
Example input text:
Textual context: A vehicle operates over a A param between 20 and 110 in a typical day.
A vehicle operates for a B param between 2 and 10 in a typical day.

Example Python3 code:
# A vehicle operates over a A param between 20 and 110 in a typical day.
def r1(a: float) -> bool:
    return 20 <= a <= 110

# A vehicle operates for a B param between 2 and 10 in a typical day.
def r2(b: float) -> bool:
    return 2 <= b <= 10


Input text:
Textual context: The total operation duration must not be lower than the idle time.";"```python
# The total operation duration must not be lower than the idle time.
def r1(total_operation_duration: float, idle_time: float) -> bool:
    return total_operation_duration >= idle_time
```"
"System Message:
You are a logician with a background in mathematics that translates natural language
reasoning text to Python3 code so that these natural language reasoning problems can be solved.
During the translation, please pay close attention to defining variables and rules.
Do not add any comments from you.
Be guided by the following example:
Example input text:
Textual context: A vehicle operates over a A param between 20 and 110 in a typical day.
A vehicle operates for a B param between 2 and 10 in a typical day.

Example Python3 code:
# A vehicle operates over a A param between 20 and 110 in a typical day.
def r1(a: float) -> bool:
    return 20 <= a <= 110

# A vehicle operates for a B param between 2 and 10 in a typical day.
def r2(b: float) -> bool:
    return 2 <= b <= 10


Input text:
Textual context: The load carried by axle 1 must be smaller than or equal to the load on axle 3.";"```python
# The load carried by axle 1 must be smaller than or equal to the load on axle 3.
def r1(load_axle_1: float, load_axle_3: float) -> bool:
    return load_axle_1 <= load_axle_3
```"
"System Message:
You are a logician with a background in mathematics that translates natural language
reasoning text to Python3 code so that these natural language reasoning problems can be solved.
During the translation, please pay close attention to defining variables and rules.
Do not add any comments from you.
Be guided by the following example:
Example input text:
Textual context: A vehicle operates over a A param between 20 and 110 in a typical day.
A vehicle operates for a B param between 2 and 10 in a typical day.

Example Python3 code:
# A vehicle operates over a A param between 20 and 110 in a typical day.
def r1(a: float) -> bool:
    return 20 <= a <= 110

# A vehicle operates for a B param between 2 and 10 in a typical day.
def r2(b: float) -> bool:
    return 2 <= b <= 10


Input text:
Textual context: Driving time should be less than or equal to the total operation time.
The payload must not exceed the load carried by axle 3.";"```python
# Driving time should be less than or equal to the total operation time.
def r1(driving_time: float, total_operation_time: float) -> bool:
    return driving_time <= total_operation_time

# The payload must not exceed the load carried by axle 3.
def r2(payload: float, load_carried_by_axle_3: float) -> bool:
    return payload <= load_carried_by_axle_3
```"
"System Message:
You are a logician with a background in mathematics that translates natural language
reasoning text to Python3 code so that these natural language reasoning problems can be solved.
During the translation, please pay close attention to defining variables and rules.
Do not add any comments from you.
Be guided by the following example:
Example input text:
Textual context: A vehicle operates over a A param between 20 and 110 in a typical day.
A vehicle operates for a B param between 2 and 10 in a typical day.

Example Python3 code:
# A vehicle operates over a A param between 20 and 110 in a typical day.
def r1(a: float) -> bool:
    return 20 <= a <= 110

# A vehicle operates for a B param between 2 and 10 in a typical day.
def r2(b: float) -> bool:
    return 2 <= b <= 10


Input text:
Textual context: The total operation duration must not be lower than the PTO operation time.
Axle 2's load must always be equal to or greater than the payload.";"```python
def r1(total_operation_duration: float, pto_operation_time: float) -> bool:
    return total_operation_duration >= pto_operation_time

def r2(axle2_load: float, payload: float) -> bool:
    return axle2_load >= payload
```"
"System Message:
You are a logician with a background in mathematics that translates natural language
reasoning text to Python3 code so that these natural language reasoning problems can be solved.
During the translation, please pay close attention to defining variables and rules.
Do not add any comments from you.
Be guided by the following example:
Example input text:
Textual context: A vehicle operates over a A param between 20 and 110 in a typical day.
A vehicle operates for a B param between 2 and 10 in a typical day.

Example Python3 code:
# A vehicle operates over a A param between 20 and 110 in a typical day.
def r1(a: float) -> bool:
    return 20 <= a <= 110

# A vehicle operates for a B param between 2 and 10 in a typical day.
def r2(b: float) -> bool:
    return 2 <= b <= 10


Input text:
Textual context: The payload cannot exceed the capacity of axle 3.
The total operation time must always be not lower than the combined duration of PTO operation, idle time, and driving time.";"```python
# The payload cannot exceed the capacity of axle 3.
def r1(payload: float, axle3_capacity: float) -> bool:
    return payload <= axle3_capacity

# The total operation time must always be not lower than the combined duration of PTO operation, idle time, and driving time.
def r2(total_operation_time: float, pto_operation_duration: float, idle_time: float, driving_time: float) -> bool:
    return total_operation_time >= pto_operation_duration + idle_time + driving_time
```"
"System Message:
You are a logician with a background in mathematics that translates natural language
reasoning text to Python3 code so that these natural language reasoning problems can be solved.
During the translation, please pay close attention to defining variables and rules.
Do not add any comments from you.
Be guided by the following example:
Example input text:
Textual context: A vehicle operates over a A param between 20 and 110 in a typical day.
A vehicle operates for a B param between 2 and 10 in a typical day.

Example Python3 code:
# A vehicle operates over a A param between 20 and 110 in a typical day.
def r1(a: float) -> bool:
    return 20 <= a <= 110

# A vehicle operates for a B param between 2 and 10 in a typical day.
def r2(b: float) -> bool:
    return 2 <= b <= 10


Input text:
Textual context: Idle time should be less than or equal to the total operation time.
The load on axle 1 must not surpass the load on axle 2.";"```python
# Idle time should be less than or equal to the total operation time.
def r1(idle_time: float, total_operation_time: float) -> bool:
    return idle_time <= total_operation_time

# The load on axle 1 must not surpass the load on axle 2.
def r2(load_axle_1: float, load_axle_2: float) -> bool:
    return load_axle_1 <= load_axle_2
```"
"System Message:
You are a logician with a background in mathematics that translates natural language
reasoning text to Python3 code so that these natural language reasoning problems can be solved.
During the translation, please pay close attention to defining variables and rules.
Do not add any comments from you.
Be guided by the following example:
Example input text:
Textual context: A vehicle operates over a A param between 20 and 110 in a typical day.
A vehicle operates for a B param between 2 and 10 in a typical day.

Example Python3 code:
# A vehicle operates over a A param between 20 and 110 in a typical day.
def r1(a: float) -> bool:
    return 20 <= a <= 110

# A vehicle operates for a B param between 2 and 10 in a typical day.
def r2(b: float) -> bool:
    return 2 <= b <= 10


Input text:
Textual context: The total stop count must not be lower than the count of stops where PTO is engaged.
The weight on axle 1 cannot surpass the weight on axle 2.";"```python
# The total stop count must not be lower than the count of stops where PTO is engaged.
def r1(total_stop_count: float, pto_engaged_stop_count: float) -> bool:
    return total_stop_count >= pto_engaged_stop_count

# The weight on axle 1 cannot surpass the weight on axle 2.
def r2(axle1_weight: float, axle2_weight: float) -> bool:
    return axle1_weight <= axle2_weight
```"
"System Message:
You are a logician with a background in mathematics that translates natural language
reasoning text to Python3 code so that these natural language reasoning problems can be solved.
During the translation, please pay close attention to defining variables and rules.
Do not add any comments from you.
Be guided by the following example:
Example input text:
Textual context: A vehicle operates over a A param between 20 and 110 in a typical day.
A vehicle operates for a B param between 2 and 10 in a typical day.

Example Python3 code:
# A vehicle operates over a A param between 20 and 110 in a typical day.
def r1(a: float) -> bool:
    return 20 <= a <= 110

# A vehicle operates for a B param between 2 and 10 in a typical day.
def r2(b: float) -> bool:
    return 2 <= b <= 10


Input text:
Textual context: Driving time should be less than or equal to the total operation time.
The weight on axle 1 cannot surpass the weight on axle 2.";"```python
# Driving time should be less than or equal to the total operation time.
def r1(driving_time: float, total_operation_time: float) -> bool:
    return driving_time <= total_operation_time

# The weight on axle 1 cannot surpass the weight on axle 2.
def r2(weight_on_axle_1: float, weight_on_axle_2: float) -> bool:
    return weight_on_axle_1 <= weight_on_axle_2
```"
"System Message:
You are a logician with a background in mathematics that translates natural language
reasoning text to Python3 code so that these natural language reasoning problems can be solved.
During the translation, please pay close attention to defining variables and rules.
Do not add any comments from you.
Be guided by the following example:
Example input text:
Textual context: A vehicle operates over a A param between 20 and 110 in a typical day.
A vehicle operates for a B param between 2 and 10 in a typical day.

Example Python3 code:
# A vehicle operates over a A param between 20 and 110 in a typical day.
def r1(a: float) -> bool:
    return 20 <= a <= 110

# A vehicle operates for a B param between 2 and 10 in a typical day.
def r2(b: float) -> bool:
    return 2 <= b <= 10


Input text:
Textual context: Stops with PTO engaged cannot outnumber the total stops.";"```python
def r1(stops_pto_engaged: int, total_stops: int) -> bool:
    return stops_pto_engaged <= total_stops
```"
"System Message:
You are a logician with a background in mathematics that translates natural language
reasoning text to Python3 code so that these natural language reasoning problems can be solved.
During the translation, please pay close attention to defining variables and rules.
Do not add any comments from you.
Be guided by the following example:
Example input text:
Textual context: A vehicle operates over a A param between 20 and 110 in a typical day.
A vehicle operates for a B param between 2 and 10 in a typical day.

Example Python3 code:
# A vehicle operates over a A param between 20 and 110 in a typical day.
def r1(a: float) -> bool:
    return 20 <= a <= 110

# A vehicle operates for a B param between 2 and 10 in a typical day.
def r2(b: float) -> bool:
    return 2 <= b <= 10


Input text:
Textual context: The payload must always be smaller than or equal to the load on axle 2.";"```python
# The payload must always be smaller than or equal to the load on axle 2.
def r1(payload: float, load_on_axle_2: float) -> bool:
    return payload <= load_on_axle_2
```"
"System Message:
You are a logician with a background in mathematics that translates natural language
reasoning text to Python3 code so that these natural language reasoning problems can be solved.
During the translation, please pay close attention to defining variables and rules.
Do not add any comments from you.
Be guided by the following example:
Example input text:
Textual context: A vehicle operates over a A param between 20 and 110 in a typical day.
A vehicle operates for a B param between 2 and 10 in a typical day.

Example Python3 code:
# A vehicle operates over a A param between 20 and 110 in a typical day.
def r1(a: float) -> bool:
    return 20 <= a <= 110

# A vehicle operates for a B param between 2 and 10 in a typical day.
def r2(b: float) -> bool:
    return 2 <= b <= 10


Input text:
Textual context: PTO operation time must be less than or equal to the total operation time.
Idle time should be less than or equal to the total operation time.";"```python
# PTO operation time must be less than or equal to the total operation time.
def r1(pto: float, total: float) -> bool:
    return pto <= total

# Idle time should be less than or equal to the total operation time.
def r2(idle: float, total: float) -> bool:
    return idle <= total
```"
"System Message:
You are a logician with a background in mathematics that translates natural language
reasoning text to Python3 code so that these natural language reasoning problems can be solved.
During the translation, please pay close attention to defining variables and rules.
Do not add any comments from you.
Be guided by the following example:
Example input text:
Textual context: A vehicle operates over a A param between 20 and 110 in a typical day.
A vehicle operates for a B param between 2 and 10 in a typical day.

Example Python3 code:
# A vehicle operates over a A param between 20 and 110 in a typical day.
def r1(a: float) -> bool:
    return 20 <= a <= 110

# A vehicle operates for a B param between 2 and 10 in a typical day.
def r2(b: float) -> bool:
    return 2 <= b <= 10


Input text:
Textual context: PTO operation time must be less than or equal to the total operation time.";"```python
def r1(pto_operation_time: float, total_operation_time: float) -> bool:
    return pto_operation_time <= total_operation_time
```"
"System Message:
You are a logician with a background in mathematics that translates natural language
reasoning text to Python3 code so that these natural language reasoning problems can be solved.
During the translation, please pay close attention to defining variables and rules.
Do not add any comments from you.
Be guided by the following example:
Example input text:
Textual context: A vehicle operates over a A param between 20 and 110 in a typical day.
A vehicle operates for a B param between 2 and 10 in a typical day.

Example Python3 code:
# A vehicle operates over a A param between 20 and 110 in a typical day.
def r1(a: float) -> bool:
    return 20 <= a <= 110

# A vehicle operates for a B param between 2 and 10 in a typical day.
def r2(b: float) -> bool:
    return 2 <= b <= 10


Input text:
Textual context: Total operation time shouldn’t be lower than PTO operation time.
Driving time should be less than or equal to the total operation time.";"```python
# Total operation time shouldn’t be lower than PTO operation time.
def r1(total_operation_time: float, pto_operation_time: float) -> bool:
    return total_operation_time >= pto_operation_time

# Driving time should be less than or equal to the total operation time.
def r2(driving_time: float, total_operation_time: float) -> bool:
    return driving_time <= total_operation_time
```"
"System Message:
You are a logician with a background in mathematics that translates natural language
reasoning text to Python3 code so that these natural language reasoning problems can be solved.
During the translation, please pay close attention to defining variables and rules.
Do not add any comments from you.
Be guided by the following example:
Example input text:
Textual context: A vehicle operates over a A param between 20 and 110 in a typical day.
A vehicle operates for a B param between 2 and 10 in a typical day.

Example Python3 code:
# A vehicle operates over a A param between 20 and 110 in a typical day.
def r1(a: float) -> bool:
    return 20 <= a <= 110

# A vehicle operates for a B param between 2 and 10 in a typical day.
def r2(b: float) -> bool:
    return 2 <= b <= 10


Input text:
Textual context: Driving time should be less than or equal to the total operation time.
The payload must always be smaller than or equal to the load on axle 2.";"```python
# Driving time should be less than or equal to the total operation time.
def r1(driving_time: float, total_operation_time: float) -> bool:
    return driving_time <= total_operation_time

# The payload must always be smaller than or equal to the load on axle 2.
def r2(payload: float, load_on_axle_2: float) -> bool:
    return payload <= load_on_axle_2
```"
"System Message:
You are a logician with a background in mathematics that translates natural language
reasoning text to Python3 code so that these natural language reasoning problems can be solved.
During the translation, please pay close attention to defining variables and rules.
Do not add any comments from you.
Be guided by the following example:
Example input text:
Textual context: A vehicle operates over a A param between 20 and 110 in a typical day.
A vehicle operates for a B param between 2 and 10 in a typical day.

Example Python3 code:
# A vehicle operates over a A param between 20 and 110 in a typical day.
def r1(a: float) -> bool:
    return 20 <= a <= 110

# A vehicle operates for a B param between 2 and 10 in a typical day.
def r2(b: float) -> bool:
    return 2 <= b <= 10


Input text:
Textual context: Driving time must always be less than or equal to the total operation time.";"```python
# Driving time must always be less than or equal to the total operation time.
def r1(driving_time: float, total_operation_time: float) -> bool:
    return driving_time <= total_operation_time
```"
"System Message:
You are a logician with a background in mathematics that translates natural language
reasoning text to Python3 code so that these natural language reasoning problems can be solved.
During the translation, please pay close attention to defining variables and rules.
Do not add any comments from you.
Be guided by the following example:
Example input text:
Textual context: A vehicle operates over a A param between 20 and 110 in a typical day.
A vehicle operates for a B param between 2 and 10 in a typical day.

Example Python3 code:
# A vehicle operates over a A param between 20 and 110 in a typical day.
def r1(a: float) -> bool:
    return 20 <= a <= 110

# A vehicle operates for a B param between 2 and 10 in a typical day.
def r2(b: float) -> bool:
    return 2 <= b <= 10


Input text:
Textual context: Axle 3's load must always be equal to or greater than the payload.";"```python
# Axle 3's load must always be equal to or greater than the payload.
def r1(load: float, payload: float) -> bool:
    return load >= payload
```"
"System Message:
You are a logician with a background in mathematics that translates natural language
reasoning text to Python3 code so that these natural language reasoning problems can be solved.
During the translation, please pay close attention to defining variables and rules.
Do not add any comments from you.
Be guided by the following example:
Example input text:
Textual context: A vehicle operates over a A param between 20 and 110 in a typical day.
A vehicle operates for a B param between 2 and 10 in a typical day.

Example Python3 code:
# A vehicle operates over a A param between 20 and 110 in a typical day.
def r1(a: float) -> bool:
    return 20 <= a <= 110

# A vehicle operates for a B param between 2 and 10 in a typical day.
def r2(b: float) -> bool:
    return 2 <= b <= 10


Input text:
Textual context: Total operation time shouldn’t be lower than idle time.
Stops with PTO engaged cannot outnumber the total stops.";"```python
def r1(total_operation_time: float, idle_time: float) -> bool:
    return total_operation_time >= idle_time

def r2(stops_with_pto_engaged: float, total_stops: float) -> bool:
    return stops_with_pto_engaged <= total_stops
```"
"System Message:
You are a logician with a background in mathematics that translates natural language
reasoning text to Python3 code so that these natural language reasoning problems can be solved.
During the translation, please pay close attention to defining variables and rules.
Do not add any comments from you.
Be guided by the following example:
Example input text:
Textual context: A vehicle operates over a A param between 20 and 110 in a typical day.
A vehicle operates for a B param between 2 and 10 in a typical day.

Example Python3 code:
# A vehicle operates over a A param between 20 and 110 in a typical day.
def r1(a: float) -> bool:
    return 20 <= a <= 110

# A vehicle operates for a B param between 2 and 10 in a typical day.
def r2(b: float) -> bool:
    return 2 <= b <= 10


Input text:
Textual context: PTO-engaged stops cannot exceed the total number of stops.
Payload must remain below or equal to the load carried by axle 2.";"```python
def r1(pto_engaged_stops: float, total_stops: float) -> bool:
    return pto_engaged_stops <= total_stops

def r2(payload: float, axle2_load: float) -> bool:
    return payload <= axle2_load
```"
"System Message:
You are a logician with a background in mathematics that translates natural language
reasoning text to Python3 code so that these natural language reasoning problems can be solved.
During the translation, please pay close attention to defining variables and rules.
Do not add any comments from you.
Be guided by the following example:
Example input text:
Textual context: A vehicle operates over a A param between 20 and 110 in a typical day.
A vehicle operates for a B param between 2 and 10 in a typical day.

Example Python3 code:
# A vehicle operates over a A param between 20 and 110 in a typical day.
def r1(a: float) -> bool:
    return 20 <= a <= 110

# A vehicle operates for a B param between 2 and 10 in a typical day.
def r2(b: float) -> bool:
    return 2 <= b <= 10


Input text:
Textual context: Idle time must always be less than or equal to the total operation time.
Payload must remain below or equal to the load carried by axle 2.";"```python
# Idle time must always be less than or equal to the total operation time.
def r1(idle_time: float, total_operation_time: float) -> bool:
    return idle_time <= total_operation_time

# Payload must remain below or equal to the load carried by axle 2.
def r2(payload: float, load_axle_2: float) -> bool:
    return payload <= load_axle_2
```"
"System Message:
You are a logician with a background in mathematics that translates natural language
reasoning text to Python3 code so that these natural language reasoning problems can be solved.
During the translation, please pay close attention to defining variables and rules.
Do not add any comments from you.
Be guided by the following example:
Example input text:
Textual context: A vehicle operates over a A param between 20 and 110 in a typical day.
A vehicle operates for a B param between 2 and 10 in a typical day.

Example Python3 code:
# A vehicle operates over a A param between 20 and 110 in a typical day.
def r1(a: float) -> bool:
    return 20 <= a <= 110

# A vehicle operates for a B param between 2 and 10 in a typical day.
def r2(b: float) -> bool:
    return 2 <= b <= 10


Input text:
Textual context: The load carried by axle 1 must be smaller than or equal to the load on axle 2.
The payload cannot exceed the capacity of axle 2.";"```python
# The load carried by axle 1 must be smaller than or equal to the load on axle 2.
def r1(load1: float, load2: float) -> bool:
    return load1 <= load2

# The payload cannot exceed the capacity of axle 2.
def r2(payload: float, capacity2: float) -> bool:
    return payload <= capacity2
```"
"System Message:
You are a logician with a background in mathematics that translates natural language
reasoning text to Python3 code so that these natural language reasoning problems can be solved.
During the translation, please pay close attention to defining variables and rules.
Do not add any comments from you.
Be guided by the following example:
Example input text:
Textual context: A vehicle operates over a A param between 20 and 110 in a typical day.
A vehicle operates for a B param between 2 and 10 in a typical day.

Example Python3 code:
# A vehicle operates over a A param between 20 and 110 in a typical day.
def r1(a: float) -> bool:
    return 20 <= a <= 110

# A vehicle operates for a B param between 2 and 10 in a typical day.
def r2(b: float) -> bool:
    return 2 <= b <= 10


Input text:
Textual context: Idle time should be less than or equal to the total operation time.
The weight on axle 1 cannot surpass the weight on axle 3.";"```python
# Idle time should be less than or equal to the total operation time.
def r1(idle_time: float, total_operation_time: float) -> bool:
    return idle_time <= total_operation_time

# The weight on axle 1 cannot surpass the weight on axle 3.
def r2(weight_on_axle_1: float, weight_on_axle_3: float) -> bool:
    return weight_on_axle_1 <= weight_on_axle_3
```"
"System Message:
You are a logician with a background in mathematics that translates natural language
reasoning text to Python3 code so that these natural language reasoning problems can be solved.
During the translation, please pay close attention to defining variables and rules.
Do not add any comments from you.
Be guided by the following example:
Example input text:
Textual context: A vehicle operates over a A param between 20 and 110 in a typical day.
A vehicle operates for a B param between 2 and 10 in a typical day.

Example Python3 code:
# A vehicle operates over a A param between 20 and 110 in a typical day.
def r1(a: float) -> bool:
    return 20 <= a <= 110

# A vehicle operates for a B param between 2 and 10 in a typical day.
def r2(b: float) -> bool:
    return 2 <= b <= 10


Input text:
Textual context: Total operation time should shouldn’t be lower than driving time.";"```python
def r1(total_operation_time: float, driving_time: float) -> bool:
    return total_operation_time >= driving_time
```"
"System Message:
You are a logician with a background in mathematics that translates natural language
reasoning text to Python3 code so that these natural language reasoning problems can be solved.
During the translation, please pay close attention to defining variables and rules.
Do not add any comments from you.
Be guided by the following example:
Example input text:
Textual context: A vehicle operates over a A param between 20 and 110 in a typical day.
A vehicle operates for a B param between 2 and 10 in a typical day.
A vehicle operates with C param between 0.2 and 5 in a typical day.

Example Python3 code:
# A vehicle operates over a A param between 20 and 110 in a typical day.
def r1(a: float) -> bool:
    return 20 <= a <= 110

# A vehicle operates for a B param between 2 and 10 in a typical day.
def r2(b: float) -> bool:
    return 2 <= b <= 10

# A vehicle operates with C param between 0.2 and 5 in a typical day.
def r3(c: float) -> bool:
    return 0.2 <= c <= 5


Input text:
Textual context: Idle time should be less than or equal to the total operation time.
Total operation time should shouldn’t be lower than driving time.
The load on axle 1 must not surpass the load on axle 2.";"```python
def r1(idle_time: float, total_operation_time: float) -> bool:
    return idle_time <= total_operation_time

def r2(total_operation_time: float, driving_time: float) -> bool:
    return total_operation_time >= driving_time

def r3(load_on_axle_1: float, load_on_axle_2: float) -> bool:
    return load_on_axle_1 <= load_on_axle_2
```"
"System Message:
You are a logician with a background in mathematics that translates natural language
reasoning text to Python3 code so that these natural language reasoning problems can be solved.
During the translation, please pay close attention to defining variables and rules.
Do not add any comments from you.
Be guided by the following example:
Example input text:
Textual context: A vehicle operates over a A param between 20 and 110 in a typical day.
A vehicle operates for a B param between 2 and 10 in a typical day.
A vehicle operates with C param between 0.2 and 5 in a typical day.

Example Python3 code:
# A vehicle operates over a A param between 20 and 110 in a typical day.
def r1(a: float) -> bool:
    return 20 <= a <= 110

# A vehicle operates for a B param between 2 and 10 in a typical day.
def r2(b: float) -> bool:
    return 2 <= b <= 10

# A vehicle operates with C param between 0.2 and 5 in a typical day.
def r3(c: float) -> bool:
    return 0.2 <= c <= 5


Input text:
Textual context: The load supported by axle 1 cannot exceed that of axle 2.
The load carried by axle 1 must be smaller than or equal to the load on axle 3.
The payload cannot exceed the capacity of axle 3.";"```python
# The load supported by axle 1 cannot exceed that of axle 2.
def r1(a1: float, a2: float) -> bool:
    return a1 <= a2

# The load carried by axle 1 must be smaller than or equal to the load on axle 3.
def r2(a1: float, a3: float) -> bool:
    return a1 <= a3

# The payload cannot exceed the capacity of axle 3.
def r3(payload: float, a3: float) -> bool:
    return payload <= a3
```"
"System Message:
You are a logician with a background in mathematics that translates natural language
reasoning text to Python3 code so that these natural language reasoning problems can be solved.
During the translation, please pay close attention to defining variables and rules.
Do not add any comments from you.
Be guided by the following example:
Example input text:
Textual context: A vehicle operates over a A param between 20 and 110 in a typical day.
A vehicle operates for a B param between 2 and 10 in a typical day.
A vehicle operates with C param between 0.2 and 5 in a typical day.

Example Python3 code:
# A vehicle operates over a A param between 20 and 110 in a typical day.
def r1(a: float) -> bool:
    return 20 <= a <= 110

# A vehicle operates for a B param between 2 and 10 in a typical day.
def r2(b: float) -> bool:
    return 2 <= b <= 10

# A vehicle operates with C param between 0.2 and 5 in a typical day.
def r3(c: float) -> bool:
    return 0.2 <= c <= 5


Input text:
Textual context: The total operation durationmust not be lower than the driving time.
Axle 2's load must always be equal to or greater than the payload.";"```python
# The total operation durationmust not be lower than the driving time.
def r1(total_operation_duration: float, driving_time: float) -> bool:
    return total_operation_duration >= driving_time

# Axle 2's load must always be equal to or greater than the payload.
def r2(axle_2_load: float, payload: float) -> bool:
    return axle_2_load >= payload
```"
"System Message:
You are a logician with a background in mathematics that translates natural language
reasoning text to Python3 code so that these natural language reasoning problems can be solved.
During the translation, please pay close attention to defining variables and rules.
Do not add any comments from you.
Be guided by the following example:
Example input text:
Textual context: A vehicle operates over a A param between 20 and 110 in a typical day.
A vehicle operates for a B param between 2 and 10 in a typical day.
A vehicle operates with C param between 0.2 and 5 in a typical day.

Example Python3 code:
# A vehicle operates over a A param between 20 and 110 in a typical day.
def r1(a: float) -> bool:
    return 20 <= a <= 110

# A vehicle operates for a B param between 2 and 10 in a typical day.
def r2(b: float) -> bool:
    return 2 <= b <= 10

# A vehicle operates with C param between 0.2 and 5 in a typical day.
def r3(c: float) -> bool:
    return 0.2 <= c <= 5


Input text:
Textual context: Driving time should be less than or equal to the total operation time.
The load carried by axle 1 must be smaller than or equal to the load on axle 3.";"```python
# Driving time should be less than or equal to the total operation time.
def r1(driving_time: float, total_operation_time: float) -> bool:
    return driving_time <= total_operation_time

# The load carried by axle 1 must be smaller than or equal to the load on axle 3.
def r2(load_axle1: float, load_axle3: float) -> bool:
    return load_axle1 <= load_axle3
```"
"System Message:
You are a logician with a background in mathematics that translates natural language
reasoning text to Python3 code so that these natural language reasoning problems can be solved.
During the translation, please pay close attention to defining variables and rules.
Do not add any comments from you.
Be guided by the following example:
Example input text:
Textual context: A vehicle operates over a A param between 20 and 110 in a typical day.
A vehicle operates for a B param between 2 and 10 in a typical day.
A vehicle operates with C param between 0.2 and 5 in a typical day.

Example Python3 code:
# A vehicle operates over a A param between 20 and 110 in a typical day.
def r1(a: float) -> bool:
    return 20 <= a <= 110

# A vehicle operates for a B param between 2 and 10 in a typical day.
def r2(b: float) -> bool:
    return 2 <= b <= 10

# A vehicle operates with C param between 0.2 and 5 in a typical day.
def r3(c: float) -> bool:
    return 0.2 <= c <= 5


Input text:
Textual context: Total operation time shouldn’t be lower than PTO operation time.";"```python
def r1(total_operation_time: float, pto_operation_time: float) -> bool:
    return total_operation_time >= pto_operation_time
```"
"System Message:
You are a logician with a background in mathematics that translates natural language
reasoning text to Python3 code so that these natural language reasoning problems can be solved.
During the translation, please pay close attention to defining variables and rules.
Do not add any comments from you.
Be guided by the following example:
Example input text:
Textual context: A vehicle operates over a A param between 20 and 110 in a typical day.
A vehicle operates for a B param between 2 and 10 in a typical day.
A vehicle operates with C param between 0.2 and 5 in a typical day.

Example Python3 code:
# A vehicle operates over a A param between 20 and 110 in a typical day.
def r1(a: float) -> bool:
    return 20 <= a <= 110

# A vehicle operates for a B param between 2 and 10 in a typical day.
def r2(b: float) -> bool:
    return 2 <= b <= 10

# A vehicle operates with C param between 0.2 and 5 in a typical day.
def r3(c: float) -> bool:
    return 0.2 <= c <= 5


Input text:
Textual context: PTO operation time should be less than or equal to the total operation time.
Driving time must always be less than or equal to the total operation time.
Stops with PTO engaged should never outnumber total stops.";"```python
# PTO operation time should be less than or equal to the total operation time.
def r1(pto_time: float, total_time: float) -> bool:
    return pto_time <= total_time

# Driving time must always be less than or equal to the total operation time.
def r2(driving_time: float, total_time: float) -> bool:
    return driving_time <= total_time

# Stops with PTO engaged should never outnumber total stops.
def r3(pto_stops: int, total_stops: int) -> bool:
    return pto_stops <= total_stops
```"
"System Message:
You are a logician with a background in mathematics that translates natural language
reasoning text to Python3 code so that these natural language reasoning problems can be solved.
During the translation, please pay close attention to defining variables and rules.
Do not add any comments from you.
Be guided by the following example:
Example input text:
Textual context: A vehicle operates over a A param between 20 and 110 in a typical day.
A vehicle operates for a B param between 2 and 10 in a typical day.
A vehicle operates with C param between 0.2 and 5 in a typical day.

Example Python3 code:
# A vehicle operates over a A param between 20 and 110 in a typical day.
def r1(a: float) -> bool:
    return 20 <= a <= 110

# A vehicle operates for a B param between 2 and 10 in a typical day.
def r2(b: float) -> bool:
    return 2 <= b <= 10

# A vehicle operates with C param between 0.2 and 5 in a typical day.
def r3(c: float) -> bool:
    return 0.2 <= c <= 5


Input text:
Textual context: The total operation duration must not be lower than the idle time.
The number of stops where PTO is engaged must not exceed the overall stop count.
Payload must remain below or equal to the load carried by axle 3.";"```python
# The total operation duration must not be lower than the idle time.
def r1(operation_duration: float, idle_time: float) -> bool:
    return operation_duration >= idle_time

# The number of stops where PTO is engaged must not exceed the overall stop count.
def r2(pto_engaged_stops: int, overall_stops: int) -> bool:
    return pto_engaged_stops <= overall_stops

# Payload must remain below or equal to the load carried by axle 3.
def r3(payload: float, axle3_load: float) -> bool:
    return payload <= axle3_load
```"
"System Message:
You are a logician with a background in mathematics that translates natural language
reasoning text to Python3 code so that these natural language reasoning problems can be solved.
During the translation, please pay close attention to defining variables and rules.
Do not add any comments from you.
Be guided by the following example:
Example input text:
Textual context: A vehicle operates over a A param between 20 and 110 in a typical day.
A vehicle operates for a B param between 2 and 10 in a typical day.
A vehicle operates with C param between 0.2 and 5 in a typical day.

Example Python3 code:
# A vehicle operates over a A param between 20 and 110 in a typical day.
def r1(a: float) -> bool:
    return 20 <= a <= 110

# A vehicle operates for a B param between 2 and 10 in a typical day.
def r2(b: float) -> bool:
    return 2 <= b <= 10

# A vehicle operates with C param between 0.2 and 5 in a typical day.
def r3(c: float) -> bool:
    return 0.2 <= c <= 5


Input text:
Textual context: Idle time must always be less than or equal to the total operation time.
The load on axle 1 must not surpass the load on axle 3.
Total operation time should be at least the sum of PTO, idle, and driving times.";"```python
# Idle time must always be less than or equal to the total operation time.
def r1(idle: float, total_operation_time: float) -> bool:
    return idle <= total_operation_time

# The load on axle 1 must not surpass the load on axle 3.
def r2(axle1_load: float, axle3_load: float) -> bool:
    return axle1_load <= axle3_load

# Total operation time should be at least the sum of PTO, idle, and driving times.
def r3(total_operation_time: float, pto: float, idle: float, driving: float) -> bool:
    return total_operation_time >= pto + idle + driving
```"
"System Message:
You are a logician with a background in mathematics that translates natural language
reasoning text to Python3 code so that these natural language reasoning problems can be solved.
During the translation, please pay close attention to defining variables and rules.
Do not add any comments from you.
Be guided by the following example:
Example input text:
Textual context: A vehicle operates over a A param between 20 and 110 in a typical day.
A vehicle operates for a B param between 2 and 10 in a typical day.
A vehicle operates with C param between 0.2 and 5 in a typical day.

Example Python3 code:
# A vehicle operates over a A param between 20 and 110 in a typical day.
def r1(a: float) -> bool:
    return 20 <= a <= 110

# A vehicle operates for a B param between 2 and 10 in a typical day.
def r2(b: float) -> bool:
    return 2 <= b <= 10

# A vehicle operates with C param between 0.2 and 5 in a typical day.
def r3(c: float) -> bool:
    return 0.2 <= c <= 5


Input text:
Textual context: The load supported by axle 1 cannot exceed that of axle 2.
Axle 2's load must always be equal to or greater than the payload.";"```python
# The load supported by axle 1 cannot exceed that of axle 2.
def r1(a1: float, a2: float) -> bool:
    return a1 <= a2

# Axle 2's load must always be equal to or greater than the payload.
def r2(a2: float, p: float) -> bool:
    return a2 >= p
```"
"System Message:
You are a logician with a background in mathematics that translates natural language
reasoning text to Python3 code so that these natural language reasoning problems can be solved.
During the translation, please pay close attention to defining variables and rules.
Do not add any comments from you.
Be guided by the following example:
Example input text:
Textual context: A vehicle operates over a A param between 20 and 110 in a typical day.
A vehicle operates for a B param between 2 and 10 in a typical day.
A vehicle operates with C param between 0.2 and 5 in a typical day.

Example Python3 code:
# A vehicle operates over a A param between 20 and 110 in a typical day.
def r1(a: float) -> bool:
    return 20 <= a <= 110

# A vehicle operates for a B param between 2 and 10 in a typical day.
def r2(b: float) -> bool:
    return 2 <= b <= 10

# A vehicle operates with C param between 0.2 and 5 in a typical day.
def r3(c: float) -> bool:
    return 0.2 <= c <= 5


Input text:
Textual context: PTO operation time cannot be greater than the total operation time.
The weight on axle 1 cannot surpass the weight on axle 3.";"```python
# PTO operation time cannot be greater than the total operation time.
def r1(pto_time: float, total_time: float) -> bool:
    return pto_time <= total_time

# The weight on axle 1 cannot surpass the weight on axle 3.
def r2(axle1_weight: float, axle3_weight: float) -> bool:
    return axle1_weight <= axle3_weight
```"
"System Message:
You are a logician with a background in mathematics that translates natural language
reasoning text to Python3 code so that these natural language reasoning problems can be solved.
During the translation, please pay close attention to defining variables and rules.
Do not add any comments from you.
Be guided by the following example:
Example input text:
Textual context: A vehicle operates over a A param between 20 and 110 in a typical day.
A vehicle operates for a B param between 2 and 10 in a typical day.
A vehicle operates with C param between 0.2 and 5 in a typical day.

Example Python3 code:
# A vehicle operates over a A param between 20 and 110 in a typical day.
def r1(a: float) -> bool:
    return 20 <= a <= 110

# A vehicle operates for a B param between 2 and 10 in a typical day.
def r2(b: float) -> bool:
    return 2 <= b <= 10

# A vehicle operates with C param between 0.2 and 5 in a typical day.
def r3(c: float) -> bool:
    return 0.2 <= c <= 5


Input text:
Textual context: Total operation time shouldn’t be lower than idle time.
Driving time should be less than or equal to the total operation time.
Axle 2's load must always be equal to or greater than the payload.";"```python
# Total operation time shouldn’t be lower than idle time.
def r1(total_operation_time: float, idle_time: float) -> bool:
    return total_operation_time >= idle_time

# Driving time should be less than or equal to the total operation time.
def r2(driving_time: float, total_operation_time: float) -> bool:
    return driving_time <= total_operation_time

# Axle 2's load must always be equal to or greater than the payload.
def r3(axle2_load: float, payload: float) -> bool:
    return axle2_load >= payload
```"
"System Message:
You are a logician with a background in mathematics that translates natural language
reasoning text to Python3 code so that these natural language reasoning problems can be solved.
During the translation, please pay close attention to defining variables and rules.
Do not add any comments from you.
Be guided by the following example:
Example input text:
Textual context: A vehicle operates over a A param between 20 and 110 in a typical day.
A vehicle operates for a B param between 2 and 10 in a typical day.
A vehicle operates with C param between 0.2 and 5 in a typical day.

Example Python3 code:
# A vehicle operates over a A param between 20 and 110 in a typical day.
def r1(a: float) -> bool:
    return 20 <= a <= 110

# A vehicle operates for a B param between 2 and 10 in a typical day.
def r2(b: float) -> bool:
    return 2 <= b <= 10

# A vehicle operates with C param between 0.2 and 5 in a typical day.
def r3(c: float) -> bool:
    return 0.2 <= c <= 5


Input text:
Textual context: Idle time cannot be greater than the total operation time.
Payload must remain below or equal to the load carried by axle 3.";"```python
# Idle time cannot be greater than the total operation time.
def r1(idle_time: float, total_operation_time: float) -> bool:
    return idle_time <= total_operation_time

# Payload must remain below or equal to the load carried by axle 3.
def r2(payload: float, load_axle_3: float) -> bool:
    return payload <= load_axle_3
```"
"System Message:
You are a logician with a background in mathematics that translates natural language
reasoning text to Python3 code so that these natural language reasoning problems can be solved.
During the translation, please pay close attention to defining variables and rules.
Do not add any comments from you.
Be guided by the following example:
Example input text:
Textual context: A vehicle operates over a A param between 20 and 110 in a typical day.
A vehicle operates for a B param between 2 and 10 in a typical day.
A vehicle operates with C param between 0.2 and 5 in a typical day.

Example Python3 code:
# A vehicle operates over a A param between 20 and 110 in a typical day.
def r1(a: float) -> bool:
    return 20 <= a <= 110

# A vehicle operates for a B param between 2 and 10 in a typical day.
def r2(b: float) -> bool:
    return 2 <= b <= 10

# A vehicle operates with C param between 0.2 and 5 in a typical day.
def r3(c: float) -> bool:
    return 0.2 <= c <= 5


Input text:
Textual context: The total operation durationmust not be lower than the driving time.
Stops with PTO engaged should never outnumber total stops.
The total operation time must always be not lower than the combined duration of PTO operation, idle time, and driving time.";"```python
def r1(total_operation_duration: float, driving_time: float) -> bool:
    return total_operation_duration >= driving_time

def r2(stops_with_pto_engaged: int, total_stops: int) -> bool:
    return stops_with_pto_engaged <= total_stops

def r3(total_operation_time: float, pto_operation_duration: float, idle_time: float, driving_time: float) -> bool:
    return total_operation_time >= (pto_operation_duration + idle_time + driving_time)
```"
"System Message:
You are a logician with a background in mathematics that translates natural language
reasoning text to Python3 code so that these natural language reasoning problems can be solved.
During the translation, please pay close attention to defining variables and rules.
Do not add any comments from you.
Be guided by the following example:
Example input text:
Textual context: A vehicle operates over a A param between 20 and 110 in a typical day.
A vehicle operates for a B param between 2 and 10 in a typical day.
A vehicle operates with C param between 0.2 and 5 in a typical day.

Example Python3 code:
# A vehicle operates over a A param between 20 and 110 in a typical day.
def r1(a: float) -> bool:
    return 20 <= a <= 110

# A vehicle operates for a B param between 2 and 10 in a typical day.
def r2(b: float) -> bool:
    return 2 <= b <= 10

# A vehicle operates with C param between 0.2 and 5 in a typical day.
def r3(c: float) -> bool:
    return 0.2 <= c <= 5


Input text:
Textual context: The weight on axle 1 cannot surpass the weight on axle 2.
Axle 1's load cannot exceed Axle 3's load.
The total operation time must always be not lower than the combined duration of PTO operation, idle time, and driving time.";"```python
# The weight on axle 1 cannot surpass the weight on axle 2.
def r1(a1: float, a2: float) -> bool:
    return a1 <= a2

# Axle 1's load cannot exceed Axle 3's load.
def r2(a1: float, a3: float) -> bool:
    return a1 <= a3

# The total operation time must always be not lower than the combined duration of PTO operation, idle time, and driving time.
def r3(total_time: float, pto_time: float, idle_time: float, driving_time: float) -> bool:
    return total_time >= pto_time + idle_time + driving_time
```"
"System Message:
You are a logician with a background in mathematics that translates natural language
reasoning text to Python3 code so that these natural language reasoning problems can be solved.
During the translation, please pay close attention to defining variables and rules.
Do not add any comments from you.
Be guided by the following example:
Example input text:
Textual context: A vehicle operates over a A param between 20 and 110 in a typical day.
A vehicle operates for a B param between 2 and 10 in a typical day.
A vehicle operates with C param between 0.2 and 5 in a typical day.

Example Python3 code:
# A vehicle operates over a A param between 20 and 110 in a typical day.
def r1(a: float) -> bool:
    return 20 <= a <= 110

# A vehicle operates for a B param between 2 and 10 in a typical day.
def r2(b: float) -> bool:
    return 2 <= b <= 10

# A vehicle operates with C param between 0.2 and 5 in a typical day.
def r3(c: float) -> bool:
    return 0.2 <= c <= 5


Input text:
Textual context: The load carried by axle 1 must be smaller than or equal to the load on axle 3.";"```python
# The load carried by axle 1 must be smaller than or equal to the load on axle 3.
def r1(load_axle_1: float, load_axle_3: float) -> bool:
    return load_axle_1 <= load_axle_3
```"
"System Message:
You are a logician with a background in mathematics that translates natural language
reasoning text to Python3 code so that these natural language reasoning problems can be solved.
During the translation, please pay close attention to defining variables and rules.
Do not add any comments from you.
Be guided by the following example:
Example input text:
Textual context: A vehicle operates over a A param between 20 and 110 in a typical day.
A vehicle operates for a B param between 2 and 10 in a typical day.
A vehicle operates with C param between 0.2 and 5 in a typical day.

Example Python3 code:
# A vehicle operates over a A param between 20 and 110 in a typical day.
def r1(a: float) -> bool:
    return 20 <= a <= 110

# A vehicle operates for a B param between 2 and 10 in a typical day.
def r2(b: float) -> bool:
    return 2 <= b <= 10

# A vehicle operates with C param between 0.2 and 5 in a typical day.
def r3(c: float) -> bool:
    return 0.2 <= c <= 5


Input text:
Textual context: Idle time must always be less than or equal to the total operation time.
The load supported by axle 1 cannot exceed that of axle 2.
The weight on axle 1 cannot surpass the weight on axle 3.";"```python
# Idle time must always be less than or equal to the total operation time.
def r1(idle_time: float, total_operation_time: float) -> bool:
    return idle_time <= total_operation_time

# The load supported by axle 1 cannot exceed that of axle 2.
def r2(axle1_load: float, axle2_load: float) -> bool:
    return axle1_load <= axle2_load

# The weight on axle 1 cannot surpass the weight on axle 3.
def r3(axle1_weight: float, axle3_weight: float) -> bool:
    return axle1_weight <= axle3_weight
```"
"System Message:
You are a logician with a background in mathematics that translates natural language
reasoning text to Python3 code so that these natural language reasoning problems can be solved.
During the translation, please pay close attention to defining variables and rules.
Do not add any comments from you.
Be guided by the following example:
Example input text:
Textual context: A vehicle operates over a A param between 20 and 110 in a typical day.
A vehicle operates for a B param between 2 and 10 in a typical day.
A vehicle operates with C param between 0.2 and 5 in a typical day.

Example Python3 code:
# A vehicle operates over a A param between 20 and 110 in a typical day.
def r1(a: float) -> bool:
    return 20 <= a <= 110

# A vehicle operates for a B param between 2 and 10 in a typical day.
def r2(b: float) -> bool:
    return 2 <= b <= 10

# A vehicle operates with C param between 0.2 and 5 in a typical day.
def r3(c: float) -> bool:
    return 0.2 <= c <= 5


Input text:
Textual context: The payload cannot exceed the capacity of axle 3.";"```python
# The payload cannot exceed the capacity of axle 3.
def r1(payload: float, axle3_capacity: float) -> bool:
    return payload <= axle3_capacity
```"
"System Message:
You are a logician with a background in mathematics that translates natural language
reasoning text to Python3 code so that these natural language reasoning problems can be solved.
During the translation, please pay close attention to defining variables and rules.
Do not add any comments from you.
Be guided by the following example:
Example input text:
Textual context: A vehicle operates over a A param between 20 and 110 in a typical day.
A vehicle operates for a B param between 2 and 10 in a typical day.
A vehicle operates with C param between 0.2 and 5 in a typical day.

Example Python3 code:
# A vehicle operates over a A param between 20 and 110 in a typical day.
def r1(a: float) -> bool:
    return 20 <= a <= 110

# A vehicle operates for a B param between 2 and 10 in a typical day.
def r2(b: float) -> bool:
    return 2 <= b <= 10

# A vehicle operates with C param between 0.2 and 5 in a typical day.
def r3(c: float) -> bool:
    return 0.2 <= c <= 5


Input text:
Textual context: PTO-engaged stops cannot exceed the total number of stops.
The load carried by axle 1 must be smaller than or equal to the load on axle 2.
The payload must always be smaller than or equal to the load on axle 2.";"```python
def r1(pto_engaged_stops: float, total_stops: float) -> bool:
    return pto_engaged_stops <= total_stops

def r2(axle1_load: float, axle2_load: float) -> bool:
    return axle1_load <= axle2_load

def r3(payload: float, axle2_load: float) -> bool:
    return payload <= axle2_load
```"
"System Message:
You are a logician with a background in mathematics that translates natural language
reasoning text to Python3 code so that these natural language reasoning problems can be solved.
During the translation, please pay close attention to defining variables and rules.
Do not add any comments from you.
Be guided by the following example:
Example input text:
Textual context: A vehicle operates over a A param between 20 and 110 in a typical day.
A vehicle operates for a B param between 2 and 10 in a typical day.
A vehicle operates with C param between 0.2 and 5 in a typical day.

Example Python3 code:
# A vehicle operates over a A param between 20 and 110 in a typical day.
def r1(a: float) -> bool:
    return 20 <= a <= 110

# A vehicle operates for a B param between 2 and 10 in a typical day.
def r2(b: float) -> bool:
    return 2 <= b <= 10

# A vehicle operates with C param between 0.2 and 5 in a typical day.
def r3(c: float) -> bool:
    return 0.2 <= c <= 5


Input text:
Textual context: Stops with PTO engaged cannot outnumber the total stops.
Axle 2's load must always be equal to or greater than the payload.";"```python
def r1(stops_pto_engaged: int, total_stops: int) -> bool:
    return stops_pto_engaged <= total_stops

def r2(axle_2_load: float, payload: float) -> bool:
    return axle_2_load >= payload
```"
"System Message:
You are a logician with a background in mathematics that translates natural language
reasoning text to Python3 code so that these natural language reasoning problems can be solved.
During the translation, please pay close attention to defining variables and rules.
Do not add any comments from you.
Be guided by the following example:
Example input text:
Textual context: A vehicle operates over a A param between 20 and 110 in a typical day.
A vehicle operates for a B param between 2 and 10 in a typical day.
A vehicle operates with C param between 0.2 and 5 in a typical day.

Example Python3 code:
# A vehicle operates over a A param between 20 and 110 in a typical day.
def r1(a: float) -> bool:
    return 20 <= a <= 110

# A vehicle operates for a B param between 2 and 10 in a typical day.
def r2(b: float) -> bool:
    return 2 <= b <= 10

# A vehicle operates with C param between 0.2 and 5 in a typical day.
def r3(c: float) -> bool:
    return 0.2 <= c <= 5


Input text:
Textual context: Total operation time shouldn’t be lower than idle time.
Total operation time must be greater than or equal to the sum of PTO operation, idle, and driving times.";"```python
# Total operation time shouldn’t be lower than idle time.
def r1(total_operation_time: float, idle_time: float) -> bool:
    return total_operation_time >= idle_time

# Total operation time must be greater than or equal to the sum of PTO operation, idle, and driving times.
def r2(total_operation_time: float, pto_operation: float, idle: float, driving_time: float) -> bool:
    return total_operation_time >= pto_operation + idle + driving_time
```"
"System Message:
You are a logician with a background in mathematics that translates natural language
reasoning text to Python3 code so that these natural language reasoning problems can be solved.
During the translation, please pay close attention to defining variables and rules.
Do not add any comments from you.
Be guided by the following example:
Example input text:
Textual context: A vehicle operates over a A param between 20 and 110 in a typical day.
A vehicle operates for a B param between 2 and 10 in a typical day.
A vehicle operates with C param between 0.2 and 5 in a typical day.

Example Python3 code:
# A vehicle operates over a A param between 20 and 110 in a typical day.
def r1(a: float) -> bool:
    return 20 <= a <= 110

# A vehicle operates for a B param between 2 and 10 in a typical day.
def r2(b: float) -> bool:
    return 2 <= b <= 10

# A vehicle operates with C param between 0.2 and 5 in a typical day.
def r3(c: float) -> bool:
    return 0.2 <= c <= 5


Input text:
Textual context: Stops with PTO engaged should never outnumber total stops.
The load on axle 1 must not surpass the load on axle 2.";"```python
def r1(stops_pto_engaged: int, total_stops: int) -> bool:
    return stops_pto_engaged <= total_stops

def r2(load_axle_1: float, load_axle_2: float) -> bool:
    return load_axle_1 <= load_axle_2
```"
"System Message:
You are a logician with a background in mathematics that translates natural language
reasoning text to Python3 code so that these natural language reasoning problems can be solved.
During the translation, please pay close attention to defining variables and rules.
Do not add any comments from you.
Be guided by the following example:
Example input text:
Textual context: A vehicle operates over a A param between 20 and 110 in a typical day.
A vehicle operates for a B param between 2 and 10 in a typical day.
A vehicle operates with C param between 0.2 and 5 in a typical day.

Example Python3 code:
# A vehicle operates over a A param between 20 and 110 in a typical day.
def r1(a: float) -> bool:
    return 20 <= a <= 110

# A vehicle operates for a B param between 2 and 10 in a typical day.
def r2(b: float) -> bool:
    return 2 <= b <= 10

# A vehicle operates with C param between 0.2 and 5 in a typical day.
def r3(c: float) -> bool:
    return 0.2 <= c <= 5


Input text:
Textual context: The total operation durationmust not be lower than the driving time.
The weight on axle 1 cannot surpass the weight on axle 2.";"```python
def r1(total_operation_duration: float, driving_time: float) -> bool:
    return total_operation_duration >= driving_time

def r2(weight_on_axle_1: float, weight_on_axle_2: float) -> bool:
    return weight_on_axle_1 <= weight_on_axle_2
```"
"System Message:
You are a logician with a background in mathematics that translates natural language
reasoning text to Python3 code so that these natural language reasoning problems can be solved.
During the translation, please pay close attention to defining variables and rules.
Do not add any comments from you.
Be guided by the following example:
Example input text:
Textual context: A vehicle operates over a A param between 20 and 110 in a typical day.
A vehicle operates for a B param between 2 and 10 in a typical day.
A vehicle operates with C param between 0.2 and 5 in a typical day.

Example Python3 code:
# A vehicle operates over a A param between 20 and 110 in a typical day.
def r1(a: float) -> bool:
    return 20 <= a <= 110

# A vehicle operates for a B param between 2 and 10 in a typical day.
def r2(b: float) -> bool:
    return 2 <= b <= 10

# A vehicle operates with C param between 0.2 and 5 in a typical day.
def r3(c: float) -> bool:
    return 0.2 <= c <= 5


Input text:
Textual context: Idle time cannot be greater than the total operation time.
The payload must always be smaller than or equal to the load on axle 3.";"```python
# Idle time cannot be greater than the total operation time.
def r1(idle_time: float, total_operation_time: float) -> bool:
    return idle_time <= total_operation_time

# The payload must always be smaller than or equal to the load on axle 3.
def r2(payload: float, load_on_axle_3: float) -> bool:
    return payload <= load_on_axle_3
```"
"System Message:
You are a logician with a background in mathematics that translates natural language
reasoning text to Python3 code so that these natural language reasoning problems can be solved.
During the translation, please pay close attention to defining variables and rules.
Do not add any comments from you.
Be guided by the following example:
Example input text:
Textual context: A vehicle operates over a A param between 20 and 110 in a typical day.
A vehicle operates for a B param between 2 and 10 in a typical day.
A vehicle operates with C param between 0.2 and 5 in a typical day.

Example Python3 code:
# A vehicle operates over a A param between 20 and 110 in a typical day.
def r1(a: float) -> bool:
    return 20 <= a <= 110

# A vehicle operates for a B param between 2 and 10 in a typical day.
def r2(b: float) -> bool:
    return 2 <= b <= 10

# A vehicle operates with C param between 0.2 and 5 in a typical day.
def r3(c: float) -> bool:
    return 0.2 <= c <= 5


Input text:
Textual context: PTO operation time should be less than or equal to the total operation time.
The number of stops where PTO is engaged must not exceed the overall stop count.
Axle 1's load cannot exceed Axle 2's load.";"```python
def r1(pto_time: float, total_time: float) -> bool:
    return pto_time <= total_time

def r2(pto_engaged_stops: int, overall_stops: int) -> bool:
    return pto_engaged_stops <= overall_stops

def r3(axle1_load: float, axle2_load: float) -> bool:
    return axle1_load <= axle2_load
```"
"System Message:
You are a logician with a background in mathematics that translates natural language
reasoning text to Python3 code so that these natural language reasoning problems can be solved.
During the translation, please pay close attention to defining variables and rules.
Do not add any comments from you.
Be guided by the following example:
Example input text:
Textual context: A vehicle operates over a A param between 20 and 110 in a typical day.
A vehicle operates for a B param between 2 and 10 in a typical day.
A vehicle operates with C param between 0.2 and 5 in a typical day.

Example Python3 code:
# A vehicle operates over a A param between 20 and 110 in a typical day.
def r1(a: float) -> bool:
    return 20 <= a <= 110

# A vehicle operates for a B param between 2 and 10 in a typical day.
def r2(b: float) -> bool:
    return 2 <= b <= 10

# A vehicle operates with C param between 0.2 and 5 in a typical day.
def r3(c: float) -> bool:
    return 0.2 <= c <= 5


Input text:
Textual context: Idle time cannot be greater than the total operation time.
PTO-engaged stops cannot exceed the total number of stops.";"```python
# Idle time cannot be greater than the total operation time.
def r1(idle_time: float, total_operation_time: float) -> bool:
    return idle_time <= total_operation_time

# PTO-engaged stops cannot exceed the total number of stops.
def r2(pto_engaged_stops: float, total_stops: float) -> bool:
    return pto_engaged_stops <= total_stops
```"
"System Message:
You are a logician with a background in mathematics that translates natural language
reasoning text to Python3 code so that these natural language reasoning problems can be solved.
During the translation, please pay close attention to defining variables and rules.
Do not add any comments from you.
Be guided by the following example:
Example input text:
Textual context: A vehicle operates over a A param between 20 and 110 in a typical day.
A vehicle operates for a B param between 2 and 10 in a typical day.
A vehicle operates with C param between 0.2 and 5 in a typical day.

Example Python3 code:
# A vehicle operates over a A param between 20 and 110 in a typical day.
def r1(a: float) -> bool:
    return 20 <= a <= 110

# A vehicle operates for a B param between 2 and 10 in a typical day.
def r2(b: float) -> bool:
    return 2 <= b <= 10

# A vehicle operates with C param between 0.2 and 5 in a typical day.
def r3(c: float) -> bool:
    return 0.2 <= c <= 5


Input text:
Textual context: The total operation duration must not be lower than the PTO operation time.
Idle time should be less than or equal to the total operation time.
The total stop count must not be lower than the count of stops where PTO is engaged.";"```python
# The total operation duration must not be lower than the PTO operation time.
def r1(total_operation_duration: float, pto_operation_time: float) -> bool:
    return total_operation_duration >= pto_operation_time

# Idle time should be less than or equal to the total operation time.
def r2(idle_time: float, total_operation_time: float) -> bool:
    return idle_time <= total_operation_time

# The total stop count must not be lower than the count of stops where PTO is engaged.
def r3(total_stop_count: float, pto_engaged_stop_count: float) -> bool:
    return total_stop_count >= pto_engaged_stop_count
```"
"System Message:
You are a logician with a background in mathematics that translates natural language
reasoning text to Python3 code so that these natural language reasoning problems can be solved.
During the translation, please pay close attention to defining variables and rules.
Do not add any comments from you.
Be guided by the following example:
Example input text:
Textual context: A vehicle operates over a A param between 20 and 110 in a typical day.
A vehicle operates for a B param between 2 and 10 in a typical day.
A vehicle operates with C param between 0.2 and 5 in a typical day.

Example Python3 code:
# A vehicle operates over a A param between 20 and 110 in a typical day.
def r1(a: float) -> bool:
    return 20 <= a <= 110

# A vehicle operates for a B param between 2 and 10 in a typical day.
def r2(b: float) -> bool:
    return 2 <= b <= 10

# A vehicle operates with C param between 0.2 and 5 in a typical day.
def r3(c: float) -> bool:
    return 0.2 <= c <= 5


Input text:
Textual context: Idle time cannot be greater than the total operation time.
PTO-engaged stops cannot exceed the total number of stops.
Total operation time must be greater than or equal to the sum of PTO operation, idle, and driving times.";"```python
# Idle time cannot be greater than the total operation time.
def r1(idle: float, total_operation: float) -> bool:
    return idle <= total_operation

# PTO-engaged stops cannot exceed the total number of stops.
def r2(pto_engaged_stops: float, total_stops: float) -> bool:
    return pto_engaged_stops <= total_stops

# Total operation time must be greater than or equal to the sum of PTO operation, idle, and driving times.
def r3(total_operation: float, pto_operation: float, idle: float, driving: float) -> bool:
    return total_operation >= pto_operation + idle + driving
```"
"System Message:
You are a logician with a background in mathematics that translates natural language
reasoning text to Python3 code so that these natural language reasoning problems can be solved.
During the translation, please pay close attention to defining variables and rules.
Do not add any comments from you.
Be guided by the following example:
Example input text:
Textual context: A vehicle operates over a A param between 20 and 110 in a typical day.
A vehicle operates for a B param between 2 and 10 in a typical day.
A vehicle operates with C param between 0.2 and 5 in a typical day.

Example Python3 code:
# A vehicle operates over a A param between 20 and 110 in a typical day.
def r1(a: float) -> bool:
    return 20 <= a <= 110

# A vehicle operates for a B param between 2 and 10 in a typical day.
def r2(b: float) -> bool:
    return 2 <= b <= 10

# A vehicle operates with C param between 0.2 and 5 in a typical day.
def r3(c: float) -> bool:
    return 0.2 <= c <= 5


Input text:
Textual context: The total operation duration must not be lower than the PTO operation time.
The total operation duration must not be lower than the idle time.
Driving time should be less than or equal to the total operation time.";"```python
def r1(total_operation_duration: float, pto_operation_time: float) -> bool:
    return total_operation_duration >= pto_operation_time

def r2(total_operation_duration: float, idle_time: float) -> bool:
    return total_operation_duration >= idle_time

def r3(driving_time: float, total_operation_time: float) -> bool:
    return driving_time <= total_operation_time
```"
"System Message:
You are a logician with a background in mathematics that translates natural language
reasoning text to Python3 code so that these natural language reasoning problems can be solved.
During the translation, please pay close attention to defining variables and rules.
Do not add any comments from you.
Be guided by the following example:
Example input text:
Textual context: A vehicle operates over a A param between 20 and 110 in a typical day.
A vehicle operates for a B param between 2 and 10 in a typical day.
A vehicle operates with C param between 0.2 and 5 in a typical day.

Example Python3 code:
# A vehicle operates over a A param between 20 and 110 in a typical day.
def r1(a: float) -> bool:
    return 20 <= a <= 110

# A vehicle operates for a B param between 2 and 10 in a typical day.
def r2(b: float) -> bool:
    return 2 <= b <= 10

# A vehicle operates with C param between 0.2 and 5 in a typical day.
def r3(c: float) -> bool:
    return 0.2 <= c <= 5


Input text:
Textual context: The weight on axle 1 cannot surpass the weight on axle 3.
Total operation time should be at least the sum of PTO, idle, and driving times.";"```python
# The weight on axle 1 cannot surpass the weight on axle 3.
def r1(axle1: float, axle3: float) -> bool:
    return axle1 <= axle3

# Total operation time should be at least the sum of PTO, idle, and driving times.
def r2(total_time: float, pto_time: float, idle_time: float, driving_time: float) -> bool:
    return total_time >= pto_time + idle_time + driving_time
```"
"System Message:
You are a logician with a background in mathematics that translates natural language
reasoning text to Python3 code so that these natural language reasoning problems can be solved.
During the translation, please pay close attention to defining variables and rules.
Do not add any comments from you.
Be guided by the following example:
Example input text:
Textual context: A vehicle operates over a A param between 20 and 110 in a typical day.
A vehicle operates for a B param between 2 and 10 in a typical day.
A vehicle operates with C param between 0.2 and 5 in a typical day.

Example Python3 code:
# A vehicle operates over a A param between 20 and 110 in a typical day.
def r1(a: float) -> bool:
    return 20 <= a <= 110

# A vehicle operates for a B param between 2 and 10 in a typical day.
def r2(b: float) -> bool:
    return 2 <= b <= 10

# A vehicle operates with C param between 0.2 and 5 in a typical day.
def r3(c: float) -> bool:
    return 0.2 <= c <= 5


Input text:
Textual context: Idle time must always be less than or equal to the total operation time.
The load supported by axle 1 cannot exceed that of axle 3.
Payload must remain below or equal to the load carried by axle 3.";"```python
# Idle time must always be less than or equal to the total operation time.
def r1(idle_time: float, total_operation_time: float) -> bool:
    return idle_time <= total_operation_time

# The load supported by axle 1 cannot exceed that of axle 3.
def r2(axle1_load: float, axle3_load: float) -> bool:
    return axle1_load <= axle3_load

# Payload must remain below or equal to the load carried by axle 3.
def r3(payload: float, axle3_load: float) -> bool:
    return payload <= axle3_load
```"
"System Message:
You are a logician with a background in mathematics that translates natural language
reasoning text to Python3 code so that these natural language reasoning problems can be solved.
During the translation, please pay close attention to defining variables and rules.
Do not add any comments from you.
Be guided by the following example:
Example input text:
Textual context: A vehicle operates over a A param between 20 and 110 in a typical day.
A vehicle operates for a B param between 2 and 10 in a typical day.
A vehicle operates with C param between 0.2 and 5 in a typical day.

Example Python3 code:
# A vehicle operates over a A param between 20 and 110 in a typical day.
def r1(a: float) -> bool:
    return 20 <= a <= 110

# A vehicle operates for a B param between 2 and 10 in a typical day.
def r2(b: float) -> bool:
    return 2 <= b <= 10

# A vehicle operates with C param between 0.2 and 5 in a typical day.
def r3(c: float) -> bool:
    return 0.2 <= c <= 5


Input text:
Textual context: Total operation time shouldn’t be lower than PTO operation time.
The weight on axle 1 cannot surpass the weight on axle 2.";"```python
def r1(total_operation_time: float, pto_operation_time: float) -> bool:
    return total_operation_time >= pto_operation_time

def r2(axle1_weight: float, axle2_weight: float) -> bool:
    return axle1_weight <= axle2_weight
```"
"System Message:
You are a logician with a background in mathematics that translates natural language
reasoning text to Python3 code so that these natural language reasoning problems can be solved.
During the translation, please pay close attention to defining variables and rules.
Do not add any comments from you.
Be guided by the following example:
Example input text:
Textual context: A vehicle operates over a A param between 20 and 110 in a typical day.
A vehicle operates for a B param between 2 and 10 in a typical day.
A vehicle operates with C param between 0.2 and 5 in a typical day.

Example Python3 code:
# A vehicle operates over a A param between 20 and 110 in a typical day.
def r1(a: float) -> bool:
    return 20 <= a <= 110

# A vehicle operates for a B param between 2 and 10 in a typical day.
def r2(b: float) -> bool:
    return 2 <= b <= 10

# A vehicle operates with C param between 0.2 and 5 in a typical day.
def r3(c: float) -> bool:
    return 0.2 <= c <= 5


Input text:
Textual context: The payload must always be smaller than or equal to the load on axle 2.
The total operation duration must always be greater than or equal to the combined time for PTO, idle, and driving.";"```python
# The payload must always be smaller than or equal to the load on axle 2.
def r1(payload: float, load_axle2: float) -> bool:
    return payload <= load_axle2

# The total operation duration must always be greater than or equal to the combined time for PTO, idle, and driving.
def r2(total_operation_duration: float, pto_time: float, idle_time: float, driving_time: float) -> bool:
    return total_operation_duration >= pto_time + idle_time + driving_time
```"
"System Message:
You are a logician with a background in mathematics that translates natural language
reasoning text to Python3 code so that these natural language reasoning problems can be solved.
During the translation, please pay close attention to defining variables and rules.
Do not add any comments from you.
Be guided by the following example:
Example input text:
Textual context: A vehicle operates over a A param between 20 and 110 in a typical day.
A vehicle operates for a B param between 2 and 10 in a typical day.
A vehicle operates with C param between 0.2 and 5 in a typical day.

Example Python3 code:
# A vehicle operates over a A param between 20 and 110 in a typical day.
def r1(a: float) -> bool:
    return 20 <= a <= 110

# A vehicle operates for a B param between 2 and 10 in a typical day.
def r2(b: float) -> bool:
    return 2 <= b <= 10

# A vehicle operates with C param between 0.2 and 5 in a typical day.
def r3(c: float) -> bool:
    return 0.2 <= c <= 5


Input text:
Textual context: PTO operation time must be less than or equal to the total operation time.
The payload must not exceed the load carried by axle 3.";"```python
# PTO operation time must be less than or equal to the total operation time.
def r1(pto_time: float, total_time: float) -> bool:
    return pto_time <= total_time

# The payload must not exceed the load carried by axle 3.
def r2(payload: float, axle3_load: float) -> bool:
    return payload <= axle3_load
```"
"System Message:
You are a logician with a background in mathematics that translates natural language
reasoning text to Python3 code so that these natural language reasoning problems can be solved.
During the translation, please pay close attention to defining variables and rules.
Do not add any comments from you.
Be guided by the following example:
Example input text:
Textual context: A vehicle operates over a A param between 20 and 110 in a typical day.
A vehicle operates for a B param between 2 and 10 in a typical day.
A vehicle operates with C param between 0.2 and 5 in a typical day.

Example Python3 code:
# A vehicle operates over a A param between 20 and 110 in a typical day.
def r1(a: float) -> bool:
    return 20 <= a <= 110

# A vehicle operates for a B param between 2 and 10 in a typical day.
def r2(b: float) -> bool:
    return 2 <= b <= 10

# A vehicle operates with C param between 0.2 and 5 in a typical day.
def r3(c: float) -> bool:
    return 0.2 <= c <= 5


Input text:
Textual context: PTO operation time cannot be greater than the total operation time.
Total operation time must be greater than or equal to the sum of PTO operation, idle, and driving times.";"```python
# PTO operation time cannot be greater than the total operation time.
def r1(pto: float, total: float) -> bool:
    return pto <= total

# Total operation time must be greater than or equal to the sum of PTO operation, idle, and driving times.
def r2(total: float, pto: float, idle: float, driving: float) -> bool:
    return total >= pto + idle + driving
```"
"System Message:
You are a logician with a background in mathematics that translates natural language
reasoning text to Python3 code so that these natural language reasoning problems can be solved.
During the translation, please pay close attention to defining variables and rules.
Do not add any comments from you.
Be guided by the following example:
Example input text:
Textual context: A vehicle operates over a A param between 20 and 110 in a typical day.
A vehicle operates for a B param between 2 and 10 in a typical day.
A vehicle operates with C param between 0.2 and 5 in a typical day.

Example Python3 code:
# A vehicle operates over a A param between 20 and 110 in a typical day.
def r1(a: float) -> bool:
    return 20 <= a <= 110

# A vehicle operates for a B param between 2 and 10 in a typical day.
def r2(b: float) -> bool:
    return 2 <= b <= 10

# A vehicle operates with C param between 0.2 and 5 in a typical day.
def r3(c: float) -> bool:
    return 0.2 <= c <= 5


Input text:
Textual context: The load supported by axle 1 cannot exceed that of axle 2.";"```python
def r1(load1: float) -> bool:
    return load1 <= load2

def r2(load2: float) -> bool:
    return True
```"
"System Message:
You are a logician with a background in mathematics that translates natural language
reasoning text to Python3 code so that these natural language reasoning problems can be solved.
During the translation, please pay close attention to defining variables and rules.
Do not add any comments from you.
Be guided by the following example:
Example input text:
Textual context: A vehicle operates over a A param between 20 and 110 in a typical day.
A vehicle operates for a B param between 2 and 10 in a typical day.
A vehicle operates with C param between 0.2 and 5 in a typical day.

Example Python3 code:
# A vehicle operates over a A param between 20 and 110 in a typical day.
def r1(a: float) -> bool:
    return 20 <= a <= 110

# A vehicle operates for a B param between 2 and 10 in a typical day.
def r2(b: float) -> bool:
    return 2 <= b <= 10

# A vehicle operates with C param between 0.2 and 5 in a typical day.
def r3(c: float) -> bool:
    return 0.2 <= c <= 5


Input text:
Textual context: The total operation duration must not be lower than the idle time.
Stops with PTO engaged should never outnumber total stops.
The load carried by axle 1 must be smaller than or equal to the load on axle 2.";"```python
def r1(total_operation_duration: float, idle_time: float) -> bool:
    return total_operation_duration >= idle_time

def r2(stops_with_pto_engaged: float, total_stops: float) -> bool:
    return stops_with_pto_engaged <= total_stops

def r3(load_axle_1: float, load_axle_2: float) -> bool:
    return load_axle_1 <= load_axle_2
```"
"System Message:
You are a logician with a background in mathematics that translates natural language
reasoning text to Python3 code so that these natural language reasoning problems can be solved.
During the translation, please pay close attention to defining variables and rules.
Do not add any comments from you.
Be guided by the following example:
Example input text:
Textual context: A vehicle operates over a A param between 20 and 110 in a typical day.
A vehicle operates for a B param between 2 and 10 in a typical day.
A vehicle operates with C param between 0.2 and 5 in a typical day.

Example Python3 code:
# A vehicle operates over a A param between 20 and 110 in a typical day.
def r1(a: float) -> bool:
    return 20 <= a <= 110

# A vehicle operates for a B param between 2 and 10 in a typical day.
def r2(b: float) -> bool:
    return 2 <= b <= 10

# A vehicle operates with C param between 0.2 and 5 in a typical day.
def r3(c: float) -> bool:
    return 0.2 <= c <= 5


Input text:
Textual context: Total operation time should shouldn’t be lower than driving time.
The number of stops where PTO is engaged must not exceed the overall stop count.
Axle 1's load cannot exceed Axle 2's load.";"```python
def r1(total_operation_time: float, driving_time: float) -> bool:
    return total_operation_time >= driving_time

def r2(pto_engaged_stops: int, overall_stop_count: int) -> bool:
    return pto_engaged_stops <= overall_stop_count

def r3(axle1_load: float, axle2_load: float) -> bool:
    return axle1_load <= axle2_load
```"
"System Message:
You are a logician with a background in mathematics that translates natural language
reasoning text to Python3 code so that these natural language reasoning problems can be solved.
During the translation, please pay close attention to defining variables and rules.
Do not add any comments from you.
Be guided by the following example:
Example input text:
Textual context: A vehicle operates over a A param between 20 and 110 in a typical day.
A vehicle operates for a B param between 2 and 10 in a typical day.
A vehicle operates with C param between 0.2 and 5 in a typical day.

Example Python3 code:
# A vehicle operates over a A param between 20 and 110 in a typical day.
def r1(a: float) -> bool:
    return 20 <= a <= 110

# A vehicle operates for a B param between 2 and 10 in a typical day.
def r2(b: float) -> bool:
    return 2 <= b <= 10

# A vehicle operates with C param between 0.2 and 5 in a typical day.
def r3(c: float) -> bool:
    return 0.2 <= c <= 5


Input text:
Textual context: The total operation duration must not be lower than the PTO operation time.
The load supported by axle 1 cannot exceed that of axle 2.
Axle 3's load must always be equal to or greater than the payload.";"```python
def r1(total_operation_duration: float, pto_operation_time: float) -> bool:
    return total_operation_duration >= pto_operation_time

def r2(axle1_load: float, axle2_load: float) -> bool:
    return axle1_load <= axle2_load

def r3(axle3_load: float, payload: float) -> bool:
    return axle3_load >= payload
```"
"System Message:
You are a logician with a background in mathematics that translates natural language
reasoning text to Python3 code so that these natural language reasoning problems can be solved.
During the translation, please pay close attention to defining variables and rules.
Do not add any comments from you.
Be guided by the following example:
Example input text:
Textual context: A vehicle operates over a A param between 20 and 110 in a typical day.
A vehicle operates for a B param between 2 and 10 in a typical day.
A vehicle operates with C param between 0.2 and 5 in a typical day.

Example Python3 code:
# A vehicle operates over a A param between 20 and 110 in a typical day.
def r1(a: float) -> bool:
    return 20 <= a <= 110

# A vehicle operates for a B param between 2 and 10 in a typical day.
def r2(b: float) -> bool:
    return 2 <= b <= 10

# A vehicle operates with C param between 0.2 and 5 in a typical day.
def r3(c: float) -> bool:
    return 0.2 <= c <= 5


Input text:
Textual context: The total operation durationmust not be lower than the driving time.
Payload must remain below or equal to the load carried by axle 2.";"```python
# The total operation durationmust not be lower than the driving time.
def r1(total_operation_duration: float, driving_time: float) -> bool:
    return total_operation_duration >= driving_time

# Payload must remain below or equal to the load carried by axle 2.
def r2(payload: float, load_axle_2: float) -> bool:
    return payload <= load_axle_2
```"
"System Message:
You are a logician with a background in mathematics that translates natural language
reasoning text to Python3 code so that these natural language reasoning problems can be solved.
During the translation, please pay close attention to defining variables and rules.
Do not add any comments from you.
Be guided by the following example:
Example input text:
Textual context: A vehicle operates over a A param between 20 and 110 in a typical day.
A vehicle operates for a B param between 2 and 10 in a typical day.
A vehicle operates with C param between 0.2 and 5 in a typical day.

Example Python3 code:
# A vehicle operates over a A param between 20 and 110 in a typical day.
def r1(a: float) -> bool:
    return 20 <= a <= 110

# A vehicle operates for a B param between 2 and 10 in a typical day.
def r2(b: float) -> bool:
    return 2 <= b <= 10

# A vehicle operates with C param between 0.2 and 5 in a typical day.
def r3(c: float) -> bool:
    return 0.2 <= c <= 5


Input text:
Textual context: PTO operation time should be less than or equal to the total operation time.
Axle 3's load must always be equal to or greater than the payload.";"```python
def r1(pto_operation_time: float, total_operation_time: float) -> bool:
    return pto_operation_time <= total_operation_time

def r2(axle_3_load: float, payload: float) -> bool:
    return axle_3_load >= payload
```"
"System Message:
You are a logician with a background in mathematics that translates natural language
reasoning text to Python3 code so that these natural language reasoning problems can be solved.
During the translation, please pay close attention to defining variables and rules.
Do not add any comments from you.
Be guided by the following example:
Example input text:
Textual context: A vehicle operates over a A param between 20 and 110 in a typical day.
A vehicle operates for a B param between 2 and 10 in a typical day.
A vehicle operates with C param between 0.2 and 5 in a typical day.

Example Python3 code:
# A vehicle operates over a A param between 20 and 110 in a typical day.
def r1(a: float) -> bool:
    return 20 <= a <= 110

# A vehicle operates for a B param between 2 and 10 in a typical day.
def r2(b: float) -> bool:
    return 2 <= b <= 10

# A vehicle operates with C param between 0.2 and 5 in a typical day.
def r3(c: float) -> bool:
    return 0.2 <= c <= 5


Input text:
Textual context: Total operation time shouldn’t be lower than PTO operation time.
PTO-engaged stops cannot exceed the total number of stops.
Total operation time must be greater than or equal to the sum of PTO operation, idle, and driving times.";"```python
def r1(total_operation_time: float, pto_operation_time: float) -> bool:
    return total_operation_time >= pto_operation_time

def r2(pto_engaged_stops: float, total_stops: float) -> bool:
    return pto_engaged_stops <= total_stops

def r3(total_operation_time: float, pto_operation_time: float, idle_time: float, driving_time: float) -> bool:
    return total_operation_time >= pto_operation_time + idle_time + driving_time
```"
"System Message:
You are a logician with a background in mathematics that translates natural language
reasoning text to Python3 code so that these natural language reasoning problems can be solved.
During the translation, please pay close attention to defining variables and rules.
Do not add any comments from you.
Be guided by the following example:
Example input text:
Textual context: A vehicle operates over a A param between 20 and 110 in a typical day.
A vehicle operates for a B param between 2 and 10 in a typical day.
A vehicle operates with C param between 0.2 and 5 in a typical day.

Example Python3 code:
# A vehicle operates over a A param between 20 and 110 in a typical day.
def r1(a: float) -> bool:
    return 20 <= a <= 110

# A vehicle operates for a B param between 2 and 10 in a typical day.
def r2(b: float) -> bool:
    return 2 <= b <= 10

# A vehicle operates with C param between 0.2 and 5 in a typical day.
def r3(c: float) -> bool:
    return 0.2 <= c <= 5


Input text:
Textual context: Driving time must always be less than or equal to the total operation time.
The number of stops where PTO is engaged must not exceed the overall stop count.
The load on axle 1 must not surpass the load on axle 3.";"```python
def r1(driving_time: float, total_operation_time: float) -> bool:
    return driving_time <= total_operation_time

def r2(pto_stops: int, overall_stops: int) -> bool:
    return pto_stops <= overall_stops

def r3(axle1_load: float, axle3_load: float) -> bool:
    return axle1_load <= axle3_load
```"
"System Message:
You are a logician with a background in mathematics that translates natural language
reasoning text to Python3 code so that these natural language reasoning problems can be solved.
During the translation, please pay close attention to defining variables and rules.
Do not add any comments from you.
Be guided by the following example:
Example input text:
Textual context: A vehicle operates over a A param between 20 and 110 in a typical day.
A vehicle operates for a B param between 2 and 10 in a typical day.
A vehicle operates with C param between 0.2 and 5 in a typical day.

Example Python3 code:
# A vehicle operates over a A param between 20 and 110 in a typical day.
def r1(a: float) -> bool:
    return 20 <= a <= 110

# A vehicle operates for a B param between 2 and 10 in a typical day.
def r2(b: float) -> bool:
    return 2 <= b <= 10

# A vehicle operates with C param between 0.2 and 5 in a typical day.
def r3(c: float) -> bool:
    return 0.2 <= c <= 5


Input text:
Textual context: The total operation duration must not be lower than the idle time.
Payload must remain below or equal to the load carried by axle 2.
The payload must not exceed the load carried by axle 3.";"```python
# The total operation duration must not be lower than the idle time.
def r1(total_operation_duration: float, idle_time: float) -> bool:
    return total_operation_duration >= idle_time

# Payload must remain below or equal to the load carried by axle 2.
def r2(payload: float, load_axle2: float) -> bool:
    return payload <= load_axle2

# The payload must not exceed the load carried by axle 3.
def r3(payload: float, load_axle3: float) -> bool:
    return payload <= load_axle3
```"
"System Message:
You are a logician with a background in mathematics that translates natural language
reasoning text to Python3 code so that these natural language reasoning problems can be solved.
During the translation, please pay close attention to defining variables and rules.
Do not add any comments from you.
Be guided by the following example:
Example input text:
Textual context: A vehicle operates over a A param between 20 and 110 in a typical day.
A vehicle operates for a B param between 2 and 10 in a typical day.
A vehicle operates with C param between 0.2 and 5 in a typical day.

Example Python3 code:
# A vehicle operates over a A param between 20 and 110 in a typical day.
def r1(a: float) -> bool:
    return 20 <= a <= 110

# A vehicle operates for a B param between 2 and 10 in a typical day.
def r2(b: float) -> bool:
    return 2 <= b <= 10

# A vehicle operates with C param between 0.2 and 5 in a typical day.
def r3(c: float) -> bool:
    return 0.2 <= c <= 5


Input text:
Textual context: Idle time must always be less than or equal to the total operation time.
PTO-engaged stops cannot exceed the total number of stops.
The payload cannot exceed the capacity of axle 2.";"```python
# Idle time must always be less than or equal to the total operation time.
def r1(idle_time: float, total_operation_time: float) -> bool:
    return idle_time <= total_operation_time

# PTO-engaged stops cannot exceed the total number of stops.
def r2(pto_engaged_stops: float, total_stops: float) -> bool:
    return pto_engaged_stops <= total_stops

# The payload cannot exceed the capacity of axle 2.
def r3(payload: float, axle2_capacity: float) -> bool:
    return payload <= axle2_capacity
```"
"System Message:
You are a logician with a background in mathematics that translates natural language
reasoning text to Python3 code so that these natural language reasoning problems can be solved.
During the translation, please pay close attention to defining variables and rules.
Do not add any comments from you.
Be guided by the following example:
Example input text:
Textual context: A vehicle operates over a A param between 20 and 110 in a typical day.
A vehicle operates for a B param between 2 and 10 in a typical day.
A vehicle operates with C param between 0.2 and 5 in a typical day.

Example Python3 code:
# A vehicle operates over a A param between 20 and 110 in a typical day.
def r1(a: float) -> bool:
    return 20 <= a <= 110

# A vehicle operates for a B param between 2 and 10 in a typical day.
def r2(b: float) -> bool:
    return 2 <= b <= 10

# A vehicle operates with C param between 0.2 and 5 in a typical day.
def r3(c: float) -> bool:
    return 0.2 <= c <= 5


Input text:
Textual context: The load on axle 1 must not surpass the load on axle 2.
Total operation time must be greater than or equal to the sum of PTO operation, idle, and driving times.";"```python
# The load on axle 1 must not surpass the load on axle 2.
def r1(axle1: float, axle2: float) -> bool:
    return axle1 <= axle2

# Total operation time must be greater than or equal to the sum of PTO operation, idle, and driving times.
def r2(total_operation_time: float, pto_operation: float, idle: float, driving_time: float) -> bool:
    return total_operation_time >= pto_operation + idle + driving_time
```"
"System Message:
You are a logician with a background in mathematics that translates natural language
reasoning text to Python3 code so that these natural language reasoning problems can be solved.
During the translation, please pay close attention to defining variables and rules.
Do not add any comments from you.
Be guided by the following example:
Example input text:
Textual context: A vehicle operates over a A param between 20 and 110 in a typical day.
A vehicle operates for a B param between 2 and 10 in a typical day.
A vehicle operates with C param between 0.2 and 5 in a typical day.

Example Python3 code:
# A vehicle operates over a A param between 20 and 110 in a typical day.
def r1(a: float) -> bool:
    return 20 <= a <= 110

# A vehicle operates for a B param between 2 and 10 in a typical day.
def r2(b: float) -> bool:
    return 2 <= b <= 10

# A vehicle operates with C param between 0.2 and 5 in a typical day.
def r3(c: float) -> bool:
    return 0.2 <= c <= 5


Input text:
Textual context: The number of stops where PTO is engaged must not exceed the overall stop count.
Payload must remain below or equal to the load carried by axle 2.
The total operation time must always be not lower than the combined duration of PTO operation, idle time, and driving time.";"```python
# The number of stops where PTO is engaged must not exceed the overall stop count.
def r1(pto_stops: int, total_stops: int) -> bool:
    return pto_stops <= total_stops

# Payload must remain below or equal to the load carried by axle 2.
def r2(payload: float, axle2_load: float) -> bool:
    return payload <= axle2_load

# The total operation time must always be not lower than the combined duration of PTO operation, idle time, and driving time.
def r3(total_operation_time: float, pto_operation_time: float, idle_time: float, driving_time: float) -> bool:
    return total_operation_time >= pto_operation_time + idle_time + driving_time
```"
"System Message:
You are a logician with a background in mathematics that translates natural language
reasoning text to Python3 code so that these natural language reasoning problems can be solved.
During the translation, please pay close attention to defining variables and rules.
Do not add any comments from you.
Be guided by the following example:
Example input text:
Textual context: A vehicle operates over a A param between 20 and 110 in a typical day.
A vehicle operates for a B param between 2 and 10 in a typical day.
A vehicle operates with C param between 0.2 and 5 in a typical day.

Example Python3 code:
# A vehicle operates over a A param between 20 and 110 in a typical day.
def r1(a: float) -> bool:
    return 20 <= a <= 110

# A vehicle operates for a B param between 2 and 10 in a typical day.
def r2(b: float) -> bool:
    return 2 <= b <= 10

# A vehicle operates with C param between 0.2 and 5 in a typical day.
def r3(c: float) -> bool:
    return 0.2 <= c <= 5


Input text:
Textual context: PTO operation time cannot be greater than the total operation time.
Idle time should be less than or equal to the total operation time.
The combined time for PTO operation, idle time, and driving time must not surpass the total operation time.";"```python
# PTO operation time cannot be greater than the total operation time.
def r1(pto: float, total: float) -> bool:
    return pto <= total

# Idle time should be less than or equal to the total operation time.
def r2(idle: float, total: float) -> bool:
    return idle <= total

# The combined time for PTO operation, idle time, and driving time must not surpass the total operation time.
def r3(pto: float, idle: float, driving: float, total: float) -> bool:
    return pto + idle + driving <= total
```"
"System Message:
You are a logician with a background in mathematics that translates natural language
reasoning text to Python3 code so that these natural language reasoning problems can be solved.
During the translation, please pay close attention to defining variables and rules.
Do not add any comments from you.
Be guided by the following example:
Example input text:
Textual context: A vehicle operates over a A param between 20 and 110 in a typical day.
A vehicle operates for a B param between 2 and 10 in a typical day.
A vehicle operates with C param between 0.2 and 5 in a typical day.

Example Python3 code:
# A vehicle operates over a A param between 20 and 110 in a typical day.
def r1(a: float) -> bool:
    return 20 <= a <= 110

# A vehicle operates for a B param between 2 and 10 in a typical day.
def r2(b: float) -> bool:
    return 2 <= b <= 10

# A vehicle operates with C param between 0.2 and 5 in a typical day.
def r3(c: float) -> bool:
    return 0.2 <= c <= 5


Input text:
Textual context: Axle 1's load cannot exceed Axle 2's load.
The load carried by axle 1 must be smaller than or equal to the load on axle 3.
Payload must remain below or equal to the load carried by axle 2.";"```python
# Axle 1's load cannot exceed Axle 2's load.
def r1(a1: float, a2: float) -> bool:
    return a1 <= a2

# The load carried by axle 1 must be smaller than or equal to the load on axle 3.
def r2(a1: float, a3: float) -> bool:
    return a1 <= a3

# Payload must remain below or equal to the load carried by axle 2.
def r3(payload: float, a2: float) -> bool:
    return payload <= a2
```"
"System Message:
You are a logician with a background in mathematics that translates natural language
reasoning text to Python3 code so that these natural language reasoning problems can be solved.
During the translation, please pay close attention to defining variables and rules.
Do not add any comments from you.
Be guided by the following example:
Example input text:
Textual context: A vehicle operates over a A param between 20 and 110 in a typical day.
A vehicle operates for a B param between 2 and 10 in a typical day.
A vehicle operates with C param between 0.2 and 5 in a typical day.
A vehicle remains D param between 1 and 5 in a typical day.

Example Python3 code:
# A vehicle operates over a A param between 20 and 110 in a typical day.
def r1(a: float) -> bool:
    return 20 <= a <= 110

# A vehicle operates for a B param between 2 and 10 in a typical day.
def r2(b: float) -> bool:
    return 2 <= b <= 10

# A vehicle operates with C param between 0.2 and 5 in a typical day.
def r3(c: float) -> bool:
    return 0.2 <= c <= 5

# A vehicle remains D param between 1 and 5 in a typical day.
def r4(d: float) -> bool:
    return 1 <= d <= 5


Input text:
Textual context: Total operation time shouldn’t be lower than PTO operation time.
Total operation time should shouldn’t be lower than driving time.
The total stop count must not be lower than the count of stops where PTO is engaged.
The payload must always be smaller than or equal to the load on axle 2.";"```python
def r1(total_operation_time: float, pto_operation_time: float) -> bool:
    return total_operation_time >= pto_operation_time

def r2(total_operation_time: float, driving_time: float) -> bool:
    return total_operation_time >= driving_time

def r3(total_stop_count: float, pto_engaged_stop_count: float) -> bool:
    return total_stop_count >= pto_engaged_stop_count

def r4(payload: float, load_on_axle_2: float) -> bool:
    return payload <= load_on_axle_2
```"
"System Message:
You are a logician with a background in mathematics that translates natural language
reasoning text to Python3 code so that these natural language reasoning problems can be solved.
During the translation, please pay close attention to defining variables and rules.
Do not add any comments from you.
Be guided by the following example:
Example input text:
Textual context: A vehicle operates over a A param between 20 and 110 in a typical day.
A vehicle operates for a B param between 2 and 10 in a typical day.
A vehicle operates with C param between 0.2 and 5 in a typical day.
A vehicle remains D param between 1 and 5 in a typical day.

Example Python3 code:
# A vehicle operates over a A param between 20 and 110 in a typical day.
def r1(a: float) -> bool:
    return 20 <= a <= 110

# A vehicle operates for a B param between 2 and 10 in a typical day.
def r2(b: float) -> bool:
    return 2 <= b <= 10

# A vehicle operates with C param between 0.2 and 5 in a typical day.
def r3(c: float) -> bool:
    return 0.2 <= c <= 5

# A vehicle remains D param between 1 and 5 in a typical day.
def r4(d: float) -> bool:
    return 1 <= d <= 5


Input text:
Textual context: Idle time must always be less than or equal to the total operation time.
The load supported by axle 1 cannot exceed that of axle 2.";"```python
def r1(idle_time: float, total_operation_time: float) -> bool:
    return idle_time <= total_operation_time

def r2(axle1_load: float, axle2_load: float) -> bool:
    return axle1_load <= axle2_load
```"
"System Message:
You are a logician with a background in mathematics that translates natural language
reasoning text to Python3 code so that these natural language reasoning problems can be solved.
During the translation, please pay close attention to defining variables and rules.
Do not add any comments from you.
Be guided by the following example:
Example input text:
Textual context: A vehicle operates over a A param between 20 and 110 in a typical day.
A vehicle operates for a B param between 2 and 10 in a typical day.
A vehicle operates with C param between 0.2 and 5 in a typical day.

Example Python3 code:
# A vehicle operates over a A param between 20 and 110 in a typical day.
def r1(a: float) -> bool:
    return 20 <= a <= 110

# A vehicle operates for a B param between 2 and 10 in a typical day.
def r2(b: float) -> bool:
    return 2 <= b <= 10

# A vehicle operates with C param between 0.2 and 5 in a typical day.
def r3(c: float) -> bool:
    return 0.2 <= c <= 5


Input text:
Textual context: PTO operation time cannot be greater than the total operation time.
The load carried by axle 1 must be smaller than or equal to the load on axle 2.
The total operation time must always be not lower than the combined duration of PTO operation, idle time, and driving time.";"```python
# PTO operation time cannot be greater than the total operation time.
def r1(pto_time: float, total_time: float) -> bool:
    return pto_time <= total_time

# The load carried by axle 1 must be smaller than or equal to the load on axle 2.
def r2(axle1_load: float, axle2_load: float) -> bool:
    return axle1_load <= axle2_load

# The total operation time must always be not lower than the combined duration of PTO operation, idle time, and driving time.
def r3(total_time: float, pto_time: float, idle_time: float, driving_time: float) -> bool:
    return total_time >= pto_time + idle_time + driving_time
```"
"System Message:
You are a logician with a background in mathematics that translates natural language
reasoning text to Python3 code so that these natural language reasoning problems can be solved.
During the translation, please pay close attention to defining variables and rules.
Do not add any comments from you.
Be guided by the following example:
Example input text:
Textual context: A vehicle operates over a A param between 20 and 110 in a typical day.
A vehicle operates for a B param between 2 and 10 in a typical day.
A vehicle operates with C param between 0.2 and 5 in a typical day.
A vehicle remains D param between 1 and 5 in a typical day.

Example Python3 code:
# A vehicle operates over a A param between 20 and 110 in a typical day.
def r1(a: float) -> bool:
    return 20 <= a <= 110

# A vehicle operates for a B param between 2 and 10 in a typical day.
def r2(b: float) -> bool:
    return 2 <= b <= 10

# A vehicle operates with C param between 0.2 and 5 in a typical day.
def r3(c: float) -> bool:
    return 0.2 <= c <= 5

# A vehicle remains D param between 1 and 5 in a typical day.
def r4(d: float) -> bool:
    return 1 <= d <= 5


Input text:
Textual context: PTO operation time should be less than or equal to the total operation time.
Stops with PTO engaged cannot outnumber the total stops.
The load carried by axle 1 must be smaller than or equal to the load on axle 3.
Payload must remain below or equal to the load carried by axle 2.";"```python
# PTO operation time should be less than or equal to the total operation time.
def r1(pto_time: float, total_time: float) -> bool:
    return pto_time <= total_time

# Stops with PTO engaged cannot outnumber the total stops.
def r2(pto_engaged_stops: int, total_stops: int) -> bool:
    return pto_engaged_stops <= total_stops

# The load carried by axle 1 must be smaller than or equal to the load on axle 3.
def r3(axle1_load: float, axle3_load: float) -> bool:
    return axle1_load <= axle3_load

# Payload must remain below or equal to the load carried by axle 2.
def r4(payload: float, axle2_load: float) -> bool:
    return payload <= axle2_load
```"
"System Message:
You are a logician with a background in mathematics that translates natural language
reasoning text to Python3 code so that these natural language reasoning problems can be solved.
During the translation, please pay close attention to defining variables and rules.
Do not add any comments from you.
Be guided by the following example:
Example input text:
Textual context: A vehicle operates over a A param between 20 and 110 in a typical day.
A vehicle operates for a B param between 2 and 10 in a typical day.
A vehicle operates with C param between 0.2 and 5 in a typical day.
A vehicle remains D param between 1 and 5 in a typical day.

Example Python3 code:
# A vehicle operates over a A param between 20 and 110 in a typical day.
def r1(a: float) -> bool:
    return 20 <= a <= 110

# A vehicle operates for a B param between 2 and 10 in a typical day.
def r2(b: float) -> bool:
    return 2 <= b <= 10

# A vehicle operates with C param between 0.2 and 5 in a typical day.
def r3(c: float) -> bool:
    return 0.2 <= c <= 5

# A vehicle remains D param between 1 and 5 in a typical day.
def r4(d: float) -> bool:
    return 1 <= d <= 5


Input text:
Textual context: The total operation duration must not be lower than the PTO operation time.
Total operation time shouldn’t be lower than idle time.
Axle 1's load cannot exceed Axle 3's load.
The payload must always be smaller than or equal to the load on axle 2.";"```python
def r1(total_operation_duration: float, pto_operation_time: float) -> bool:
    return total_operation_duration >= pto_operation_time

def r2(total_operation_time: float, idle_time: float) -> bool:
    return total_operation_time >= idle_time

def r3(axle1_load: float, axle3_load: float) -> bool:
    return axle1_load <= axle3_load

def r4(payload: float, axle2_load: float) -> bool:
    return payload <= axle2_load
```"
"System Message:
You are a logician with a background in mathematics that translates natural language
reasoning text to Python3 code so that these natural language reasoning problems can be solved.
During the translation, please pay close attention to defining variables and rules.
Do not add any comments from you.
Be guided by the following example:
Example input text:
Textual context: A vehicle operates over a A param between 20 and 110 in a typical day.
A vehicle operates for a B param between 2 and 10 in a typical day.
A vehicle operates with C param between 0.2 and 5 in a typical day.
A vehicle remains D param between 1 and 5 in a typical day.

Example Python3 code:
# A vehicle operates over a A param between 20 and 110 in a typical day.
def r1(a: float) -> bool:
    return 20 <= a <= 110

# A vehicle operates for a B param between 2 and 10 in a typical day.
def r2(b: float) -> bool:
    return 2 <= b <= 10

# A vehicle operates with C param between 0.2 and 5 in a typical day.
def r3(c: float) -> bool:
    return 0.2 <= c <= 5

# A vehicle remains D param between 1 and 5 in a typical day.
def r4(d: float) -> bool:
    return 1 <= d <= 5


Input text:
Textual context: The payload cannot exceed the capacity of axle 3.
The total operation time must always be not lower than the combined duration of PTO operation, idle time, and driving time.";"```python
# The payload cannot exceed the capacity of axle 3.
def r1(payload: float, axle3_capacity: float) -> bool:
    return payload <= axle3_capacity

# The total operation time must always be not lower than the combined duration of PTO operation, idle time, and driving time.
def r2(total_operation_time: float, pto_operation_duration: float, idle_time: float, driving_time: float) -> bool:
    return total_operation_time >= pto_operation_duration + idle_time + driving_time
```"
"System Message:
You are a logician with a background in mathematics that translates natural language
reasoning text to Python3 code so that these natural language reasoning problems can be solved.
During the translation, please pay close attention to defining variables and rules.
Do not add any comments from you.
Be guided by the following example:
Example input text:
Textual context: A vehicle operates over a A param between 20 and 110 in a typical day.
A vehicle operates for a B param between 2 and 10 in a typical day.
A vehicle operates with C param between 0.2 and 5 in a typical day.
A vehicle remains D param between 1 and 5 in a typical day.

Example Python3 code:
# A vehicle operates over a A param between 20 and 110 in a typical day.
def r1(a: float) -> bool:
    return 20 <= a <= 110

# A vehicle operates for a B param between 2 and 10 in a typical day.
def r2(b: float) -> bool:
    return 2 <= b <= 10

# A vehicle operates with C param between 0.2 and 5 in a typical day.
def r3(c: float) -> bool:
    return 0.2 <= c <= 5

# A vehicle remains D param between 1 and 5 in a typical day.
def r4(d: float) -> bool:
    return 1 <= d <= 5


Input text:
Textual context: Total operation time shouldn’t be lower than PTO operation time.
The total operation durationmust not be lower than the driving time.
Payload must remain below or equal to the load carried by axle 2.
Total operation time should be at least the sum of PTO, idle, and driving times.";"```python
# Total operation time shouldn’t be lower than PTO operation time.
def r1(total_operation_time: float, pto_operation_time: float) -> bool:
    return total_operation_time >= pto_operation_time

# The total operation durationmust not be lower than the driving time.
def r2(total_operation_duration: float, driving_time: float) -> bool:
    return total_operation_duration >= driving_time

# Payload must remain below or equal to the load carried by axle 2.
def r3(payload: float, load_carried_by_axle_2: float) -> bool:
    return payload <= load_carried_by_axle_2

# Total operation time should be at least the sum of PTO, idle, and driving times.
def r4(total_operation_time: float, pto_operation_time: float, idle_time: float, driving_time: float) -> bool:
    return total_operation_time >= pto_operation_time + idle_time + driving_time
```"
"System Message:
You are a logician with a background in mathematics that translates natural language
reasoning text to Python3 code so that these natural language reasoning problems can be solved.
During the translation, please pay close attention to defining variables and rules.
Do not add any comments from you.
Be guided by the following example:
Example input text:
Textual context: A vehicle operates over a A param between 20 and 110 in a typical day.
A vehicle operates for a B param between 2 and 10 in a typical day.
A vehicle operates with C param between 0.2 and 5 in a typical day.
A vehicle remains D param between 1 and 5 in a typical day.

Example Python3 code:
# A vehicle operates over a A param between 20 and 110 in a typical day.
def r1(a: float) -> bool:
    return 20 <= a <= 110

# A vehicle operates for a B param between 2 and 10 in a typical day.
def r2(b: float) -> bool:
    return 2 <= b <= 10

# A vehicle operates with C param between 0.2 and 5 in a typical day.
def r3(c: float) -> bool:
    return 0.2 <= c <= 5

# A vehicle remains D param between 1 and 5 in a typical day.
def r4(d: float) -> bool:
    return 1 <= d <= 5


Input text:
Textual context: Idle time must always be less than or equal to the total operation time.
Driving time must always be less than or equal to the total operation time.
Stops with PTO engaged should never outnumber total stops.
The total operation time must always be not lower than the combined duration of PTO operation, idle time, and driving time.";"```python
def r1(idle_time: float, total_operation_time: float) -> bool:
    return idle_time <= total_operation_time

def r2(driving_time: float, total_operation_time: float) -> bool:
    return driving_time <= total_operation_time

def r3(stops_with_pto_engaged: int, total_stops: int) -> bool:
    return stops_with_pto_engaged <= total_stops

def r4(total_operation_time: float, pto_operation_duration: float, idle_time: float, driving_time: float) -> bool:
    return total_operation_time >= pto_operation_duration + idle_time + driving_time
```"
"System Message:
You are a logician with a background in mathematics that translates natural language
reasoning text to Python3 code so that these natural language reasoning problems can be solved.
During the translation, please pay close attention to defining variables and rules.
Do not add any comments from you.
Be guided by the following example:
Example input text:
Textual context: A vehicle operates over a A param between 20 and 110 in a typical day.
A vehicle operates for a B param between 2 and 10 in a typical day.
A vehicle operates with C param between 0.2 and 5 in a typical day.
A vehicle remains D param between 1 and 5 in a typical day.

Example Python3 code:
# A vehicle operates over a A param between 20 and 110 in a typical day.
def r1(a: float) -> bool:
    return 20 <= a <= 110

# A vehicle operates for a B param between 2 and 10 in a typical day.
def r2(b: float) -> bool:
    return 2 <= b <= 10

# A vehicle operates with C param between 0.2 and 5 in a typical day.
def r3(c: float) -> bool:
    return 0.2 <= c <= 5

# A vehicle remains D param between 1 and 5 in a typical day.
def r4(d: float) -> bool:
    return 1 <= d <= 5


Input text:
Textual context: PTO-engaged stops cannot exceed the total number of stops.
The load carried by axle 1 must be smaller than or equal to the load on axle 3.
The payload must not exceed the load carried by axle 3.
Total operation time should be at least the sum of PTO, idle, and driving times.";"```python
def r1(pto_engaged_stops: float, total_stops: float) -> bool:
    return pto_engaged_stops <= total_stops

def r2(axle1_load: float, axle3_load: float) -> bool:
    return axle1_load <= axle3_load

def r3(payload: float, axle3_load: float) -> bool:
    return payload <= axle3_load

def r4(total_operation_time: float, pto_time: float, idle_time: float, driving_time: float) -> bool:
    return total_operation_time >= pto_time + idle_time + driving_time
```"
"System Message:
You are a logician with a background in mathematics that translates natural language
reasoning text to Python3 code so that these natural language reasoning problems can be solved.
During the translation, please pay close attention to defining variables and rules.
Do not add any comments from you.
Be guided by the following example:
Example input text:
Textual context: A vehicle operates over a A param between 20 and 110 in a typical day.
A vehicle operates for a B param between 2 and 10 in a typical day.
A vehicle operates with C param between 0.2 and 5 in a typical day.
A vehicle remains D param between 1 and 5 in a typical day.

Example Python3 code:
# A vehicle operates over a A param between 20 and 110 in a typical day.
def r1(a: float) -> bool:
    return 20 <= a <= 110

# A vehicle operates for a B param between 2 and 10 in a typical day.
def r2(b: float) -> bool:
    return 2 <= b <= 10

# A vehicle operates with C param between 0.2 and 5 in a typical day.
def r3(c: float) -> bool:
    return 0.2 <= c <= 5

# A vehicle remains D param between 1 and 5 in a typical day.
def r4(d: float) -> bool:
    return 1 <= d <= 5


Input text:
Textual context: Payload must remain below or equal to the load carried by axle 2.
Payload must remain below or equal to the load carried by axle 3.
Total operation time should be at least the sum of PTO, idle, and driving times.";"```python
# Payload must remain below or equal to the load carried by axle 2.
def r1(payload: float, axle2: float) -> bool:
    return payload <= axle2

# Payload must remain below or equal to the load carried by axle 3.
def r2(payload: float, axle3: float) -> bool:
    return payload <= axle3

# Total operation time should be at least the sum of PTO, idle, and driving times.
def r3(total_operation_time: float, pto: float, idle: float, driving: float) -> bool:
    return total_operation_time >= pto + idle + driving
```"
"System Message:
You are a logician with a background in mathematics that translates natural language
reasoning text to Python3 code so that these natural language reasoning problems can be solved.
During the translation, please pay close attention to defining variables and rules.
Do not add any comments from you.
Be guided by the following example:
Example input text:
Textual context: A vehicle operates over a A param between 20 and 110 in a typical day.
A vehicle operates for a B param between 2 and 10 in a typical day.
A vehicle operates with C param between 0.2 and 5 in a typical day.
A vehicle remains D param between 1 and 5 in a typical day.

Example Python3 code:
# A vehicle operates over a A param between 20 and 110 in a typical day.
def r1(a: float) -> bool:
    return 20 <= a <= 110

# A vehicle operates for a B param between 2 and 10 in a typical day.
def r2(b: float) -> bool:
    return 2 <= b <= 10

# A vehicle operates with C param between 0.2 and 5 in a typical day.
def r3(c: float) -> bool:
    return 0.2 <= c <= 5

# A vehicle remains D param between 1 and 5 in a typical day.
def r4(d: float) -> bool:
    return 1 <= d <= 5


Input text:
Textual context: Axle 1's load cannot exceed Axle 2's load.
Payload must remain below or equal to the load carried by axle 3.
The total operation duration must always be greater than or equal to the combined time for PTO, idle, and driving.";"```python
# Axle 1's load cannot exceed Axle 2's load.
def r1(load1: float, load2: float) -> bool:
    return load1 <= load2

# Payload must remain below or equal to the load carried by axle 3.
def r2(payload: float, load3: float) -> bool:
    return payload <= load3

# The total operation duration must always be greater than or equal to the combined time for PTO, idle, and driving.
def r3(total_duration: float, pto_time: float, idle_time: float, driving_time: float) -> bool:
    return total_duration >= pto_time + idle_time + driving_time
```"
"System Message:
You are a logician with a background in mathematics that translates natural language
reasoning text to Python3 code so that these natural language reasoning problems can be solved.
During the translation, please pay close attention to defining variables and rules.
Do not add any comments from you.
Be guided by the following example:
Example input text:
Textual context: A vehicle operates over a A param between 20 and 110 in a typical day.
A vehicle operates for a B param between 2 and 10 in a typical day.
A vehicle operates with C param between 0.2 and 5 in a typical day.
A vehicle remains D param between 1 and 5 in a typical day.

Example Python3 code:
# A vehicle operates over a A param between 20 and 110 in a typical day.
def r1(a: float) -> bool:
    return 20 <= a <= 110

# A vehicle operates for a B param between 2 and 10 in a typical day.
def r2(b: float) -> bool:
    return 2 <= b <= 10

# A vehicle operates with C param between 0.2 and 5 in a typical day.
def r3(c: float) -> bool:
    return 0.2 <= c <= 5

# A vehicle remains D param between 1 and 5 in a typical day.
def r4(d: float) -> bool:
    return 1 <= d <= 5


Input text:
Textual context: The total operation duration must not be lower than the idle time.
Total operation time should shouldn’t be lower than driving time.
Stops with PTO engaged cannot outnumber the total stops.
Axle 2's load must always be equal to or greater than the payload.";"```python
# The total operation duration must not be lower than the idle time.
def r1(total_operation_duration: float, idle_time: float) -> bool:
    return total_operation_duration >= idle_time

# Total operation time should shouldn’t be lower than driving time.
def r2(total_operation_time: float, driving_time: float) -> bool:
    return total_operation_time >= driving_time

# Stops with PTO engaged cannot outnumber the total stops.
def r3(stops_with_pto_engaged: float, total_stops: float) -> bool:
    return stops_with_pto_engaged <= total_stops

# Axle 2's load must always be equal to or greater than the payload.
def r4(axle_2_load: float, payload: float) -> bool:
    return axle_2_load >= payload
```"
"System Message:
You are a logician with a background in mathematics that translates natural language
reasoning text to Python3 code so that these natural language reasoning problems can be solved.
During the translation, please pay close attention to defining variables and rules.
Do not add any comments from you.
Be guided by the following example:
Example input text:
Textual context: A vehicle operates over a A param between 20 and 110 in a typical day.
A vehicle operates for a B param between 2 and 10 in a typical day.
A vehicle operates with C param between 0.2 and 5 in a typical day.
A vehicle remains D param between 1 and 5 in a typical day.

Example Python3 code:
# A vehicle operates over a A param between 20 and 110 in a typical day.
def r1(a: float) -> bool:
    return 20 <= a <= 110

# A vehicle operates for a B param between 2 and 10 in a typical day.
def r2(b: float) -> bool:
    return 2 <= b <= 10

# A vehicle operates with C param between 0.2 and 5 in a typical day.
def r3(c: float) -> bool:
    return 0.2 <= c <= 5

# A vehicle remains D param between 1 and 5 in a typical day.
def r4(d: float) -> bool:
    return 1 <= d <= 5


Input text:
Textual context: Driving time should be less than or equal to the total operation time.
Stops with PTO engaged cannot outnumber the total stops.
The payload must always be smaller than or equal to the load on axle 3.";"```python
# Driving time should be less than or equal to the total operation time.
def r1(driving_time: float, total_operation_time: float) -> bool:
    return driving_time <= total_operation_time

# Stops with PTO engaged cannot outnumber the total stops.
def r2(stops_with_pto_engaged: float, total_stops: float) -> bool:
    return stops_with_pto_engaged <= total_stops

# The payload must always be smaller than or equal to the load on axle 3.
def r3(payload: float, load_on_axle_3: float) -> bool:
    return payload <= load_on_axle_3
```"
"System Message:
You are a logician with a background in mathematics that translates natural language
reasoning text to Python3 code so that these natural language reasoning problems can be solved.
During the translation, please pay close attention to defining variables and rules.
Do not add any comments from you.
Be guided by the following example:
Example input text:
Textual context: A vehicle operates over a A param between 20 and 110 in a typical day.
A vehicle operates for a B param between 2 and 10 in a typical day.
A vehicle operates with C param between 0.2 and 5 in a typical day.
A vehicle remains D param between 1 and 5 in a typical day.

Example Python3 code:
# A vehicle operates over a A param between 20 and 110 in a typical day.
def r1(a: float) -> bool:
    return 20 <= a <= 110

# A vehicle operates for a B param between 2 and 10 in a typical day.
def r2(b: float) -> bool:
    return 2 <= b <= 10

# A vehicle operates with C param between 0.2 and 5 in a typical day.
def r3(c: float) -> bool:
    return 0.2 <= c <= 5

# A vehicle remains D param between 1 and 5 in a typical day.
def r4(d: float) -> bool:
    return 1 <= d <= 5


Input text:
Textual context: Idle time cannot be greater than the total operation time.
The total stop count must not be lower than the count of stops where PTO is engaged.
Payload must remain below or equal to the load carried by axle 3.
The total operation duration must always be greater than or equal to the combined time for PTO, idle, and driving.";"```python
def r1(idle_time: float, total_operation_time: float) -> bool:
    return idle_time <= total_operation_time

def r2(total_stop_count: float, pto_engaged_stop_count: float) -> bool:
    return total_stop_count >= pto_engaged_stop_count

def r3(payload: float, axle3_load: float) -> bool:
    return payload <= axle3_load

def r4(total_operation_duration: float, pto_time: float, idle_time: float, driving_time: float) -> bool:
    return total_operation_duration >= (pto_time + idle_time + driving_time)
```"
"System Message:
You are a logician with a background in mathematics that translates natural language
reasoning text to Python3 code so that these natural language reasoning problems can be solved.
During the translation, please pay close attention to defining variables and rules.
Do not add any comments from you.
Be guided by the following example:
Example input text:
Textual context: A vehicle operates over a A param between 20 and 110 in a typical day.
A vehicle operates for a B param between 2 and 10 in a typical day.
A vehicle operates with C param between 0.2 and 5 in a typical day.
A vehicle remains D param between 1 and 5 in a typical day.

Example Python3 code:
# A vehicle operates over a A param between 20 and 110 in a typical day.
def r1(a: float) -> bool:
    return 20 <= a <= 110

# A vehicle operates for a B param between 2 and 10 in a typical day.
def r2(b: float) -> bool:
    return 2 <= b <= 10

# A vehicle operates with C param between 0.2 and 5 in a typical day.
def r3(c: float) -> bool:
    return 0.2 <= c <= 5

# A vehicle remains D param between 1 and 5 in a typical day.
def r4(d: float) -> bool:
    return 1 <= d <= 5


Input text:
Textual context: PTO operation time cannot be greater than the total operation time.
Axle 2's load must always be equal to or greater than the payload.
The payload must not exceed the load carried by axle 3.
The total operation time must always be not lower than the combined duration of PTO operation, idle time, and driving time.";"```python
def r1(pto_time: float, total_time: float) -> bool:
    return pto_time <= total_time

def r2(axle2_load: float, payload: float) -> bool:
    return axle2_load >= payload

def r3(payload: float, axle3_load: float) -> bool:
    return payload <= axle3_load

def r4(total_time: float, pto_time: float, idle_time: float, driving_time: float) -> bool:
    return total_time >= pto_time + idle_time + driving_time
```"
"System Message:
You are a logician with a background in mathematics that translates natural language
reasoning text to Python3 code so that these natural language reasoning problems can be solved.
During the translation, please pay close attention to defining variables and rules.
Do not add any comments from you.
Be guided by the following example:
Example input text:
Textual context: A vehicle operates over a A param between 20 and 110 in a typical day.
A vehicle operates for a B param between 2 and 10 in a typical day.
A vehicle operates with C param between 0.2 and 5 in a typical day.
A vehicle remains D param between 1 and 5 in a typical day.

Example Python3 code:
# A vehicle operates over a A param between 20 and 110 in a typical day.
def r1(a: float) -> bool:
    return 20 <= a <= 110

# A vehicle operates for a B param between 2 and 10 in a typical day.
def r2(b: float) -> bool:
    return 2 <= b <= 10

# A vehicle operates with C param between 0.2 and 5 in a typical day.
def r3(c: float) -> bool:
    return 0.2 <= c <= 5

# A vehicle remains D param between 1 and 5 in a typical day.
def r4(d: float) -> bool:
    return 1 <= d <= 5


Input text:
Textual context: Total operation time shouldn’t be lower than idle time.
The total operation durationmust not be lower than the driving time.
The total operation time must always be not lower than the combined duration of PTO operation, idle time, and driving time.";"```python
def r1(total_operation_time: float, idle_time: float) -> bool:
    return total_operation_time >= idle_time

def r2(total_operation_duration: float, driving_time: float) -> bool:
    return total_operation_duration >= driving_time

def r3(total_operation_time: float, pto_operation: float, idle_time: float, driving_time: float) -> bool:
    return total_operation_time >= pto_operation + idle_time + driving_time
```"
"System Message:
You are a logician with a background in mathematics that translates natural language
reasoning text to Python3 code so that these natural language reasoning problems can be solved.
During the translation, please pay close attention to defining variables and rules.
Do not add any comments from you.
Be guided by the following example:
Example input text:
Textual context: A vehicle operates over a A param between 20 and 110 in a typical day.
A vehicle operates for a B param between 2 and 10 in a typical day.
A vehicle operates with C param between 0.2 and 5 in a typical day.
A vehicle remains D param between 1 and 5 in a typical day.

Example Python3 code:
# A vehicle operates over a A param between 20 and 110 in a typical day.
def r1(a: float) -> bool:
    return 20 <= a <= 110

# A vehicle operates for a B param between 2 and 10 in a typical day.
def r2(b: float) -> bool:
    return 2 <= b <= 10

# A vehicle operates with C param between 0.2 and 5 in a typical day.
def r3(c: float) -> bool:
    return 0.2 <= c <= 5

# A vehicle remains D param between 1 and 5 in a typical day.
def r4(d: float) -> bool:
    return 1 <= d <= 5


Input text:
Textual context: The total stop count must not be lower than the count of stops where PTO is engaged.
The load on axle 1 must not surpass the load on axle 2.";"```python
# The total stop count must not be lower than the count of stops where PTO is engaged.
def r1(total_stop_count: float, pto_engaged_stop_count: float) -> bool:
    return total_stop_count >= pto_engaged_stop_count

# The load on axle 1 must not surpass the load on axle 2.
def r2(axle1_load: float, axle2_load: float) -> bool:
    return axle1_load <= axle2_load
```"
"System Message:
You are a logician with a background in mathematics that translates natural language
reasoning text to Python3 code so that these natural language reasoning problems can be solved.
During the translation, please pay close attention to defining variables and rules.
Do not add any comments from you.
Be guided by the following example:
Example input text:
Textual context: A vehicle operates over a A param between 20 and 110 in a typical day.
A vehicle operates for a B param between 2 and 10 in a typical day.
A vehicle operates with C param between 0.2 and 5 in a typical day.

Example Python3 code:
# A vehicle operates over a A param between 20 and 110 in a typical day.
def r1(a: float) -> bool:
    return 20 <= a <= 110

# A vehicle operates for a B param between 2 and 10 in a typical day.
def r2(b: float) -> bool:
    return 2 <= b <= 10

# A vehicle operates with C param between 0.2 and 5 in a typical day.
def r3(c: float) -> bool:
    return 0.2 <= c <= 5


Input text:
Textual context: The total operation duration must not be lower than the PTO operation time.
Stops with PTO engaged cannot outnumber the total stops.
The load carried by axle 1 must be smaller than or equal to the load on axle 3.";"```python
def r1(total_operation_duration: float, pto_operation_time: float) -> bool:
    return total_operation_duration >= pto_operation_time

def r2(stops_with_pto_engaged: float, total_stops: float) -> bool:
    return stops_with_pto_engaged <= total_stops

def r3(load_axle_1: float, load_axle_3: float) -> bool:
    return load_axle_1 <= load_axle_3
```"
"System Message:
You are a logician with a background in mathematics that translates natural language
reasoning text to Python3 code so that these natural language reasoning problems can be solved.
During the translation, please pay close attention to defining variables and rules.
Do not add any comments from you.
Be guided by the following example:
Example input text:
Textual context: A vehicle operates over a A param between 20 and 110 in a typical day.
A vehicle operates for a B param between 2 and 10 in a typical day.
A vehicle operates with C param between 0.2 and 5 in a typical day.
A vehicle remains D param between 1 and 5 in a typical day.

Example Python3 code:
# A vehicle operates over a A param between 20 and 110 in a typical day.
def r1(a: float) -> bool:
    return 20 <= a <= 110

# A vehicle operates for a B param between 2 and 10 in a typical day.
def r2(b: float) -> bool:
    return 2 <= b <= 10

# A vehicle operates with C param between 0.2 and 5 in a typical day.
def r3(c: float) -> bool:
    return 0.2 <= c <= 5

# A vehicle remains D param between 1 and 5 in a typical day.
def r4(d: float) -> bool:
    return 1 <= d <= 5


Input text:
Textual context: Total operation time shouldn’t be lower than PTO operation time.
Idle time cannot be greater than the total operation time.
Stops with PTO engaged cannot outnumber the total stops.
The load on axle 1 must not surpass the load on axle 3.";"```python
def r1(total_operation_time: float, pto_operation_time: float) -> bool:
    return total_operation_time >= pto_operation_time

def r2(idle_time: float, total_operation_time: float) -> bool:
    return idle_time <= total_operation_time

def r3(stops_with_pto: float, total_stops: float) -> bool:
    return stops_with_pto <= total_stops

def r4(load_axle_1: float, load_axle_3: float) -> bool:
    return load_axle_1 <= load_axle_3
```"
"System Message:
You are a logician with a background in mathematics that translates natural language
reasoning text to Python3 code so that these natural language reasoning problems can be solved.
During the translation, please pay close attention to defining variables and rules.
Do not add any comments from you.
Be guided by the following example:
Example input text:
Textual context: A vehicle operates over a A param between 20 and 110 in a typical day.
A vehicle operates for a B param between 2 and 10 in a typical day.
A vehicle operates with C param between 0.2 and 5 in a typical day.
A vehicle remains D param between 1 and 5 in a typical day.

Example Python3 code:
# A vehicle operates over a A param between 20 and 110 in a typical day.
def r1(a: float) -> bool:
    return 20 <= a <= 110

# A vehicle operates for a B param between 2 and 10 in a typical day.
def r2(b: float) -> bool:
    return 2 <= b <= 10

# A vehicle operates with C param between 0.2 and 5 in a typical day.
def r3(c: float) -> bool:
    return 0.2 <= c <= 5

# A vehicle remains D param between 1 and 5 in a typical day.
def r4(d: float) -> bool:
    return 1 <= d <= 5


Input text:
Textual context: Stops with PTO engaged should never outnumber total stops.
The weight on axle 1 cannot surpass the weight on axle 2.
The combined time for PTO operation, idle time, and driving time must not surpass the total operation time.";"```python
# Stops with PTO engaged should never outnumber total stops.
def r1(pto_stops: float, total_stops: float) -> bool:
    return pto_stops <= total_stops

# The weight on axle 1 cannot surpass the weight on axle 2.
def r2(axle1_weight: float, axle2_weight: float) -> bool:
    return axle1_weight <= axle2_weight

# The combined time for PTO operation, idle time, and driving time must not surpass the total operation time.
def r3(pto_time: float, idle_time: float, driving_time: float, total_time: float) -> bool:
    return pto_time + idle_time + driving_time <= total_time
```"
"System Message:
You are a logician with a background in mathematics that translates natural language
reasoning text to Python3 code so that these natural language reasoning problems can be solved.
During the translation, please pay close attention to defining variables and rules.
Do not add any comments from you.
Be guided by the following example:
Example input text:
Textual context: A vehicle operates over a A param between 20 and 110 in a typical day.
A vehicle operates for a B param between 2 and 10 in a typical day.
A vehicle operates with C param between 0.2 and 5 in a typical day.
A vehicle remains D param between 1 and 5 in a typical day.

Example Python3 code:
# A vehicle operates over a A param between 20 and 110 in a typical day.
def r1(a: float) -> bool:
    return 20 <= a <= 110

# A vehicle operates for a B param between 2 and 10 in a typical day.
def r2(b: float) -> bool:
    return 2 <= b <= 10

# A vehicle operates with C param between 0.2 and 5 in a typical day.
def r3(c: float) -> bool:
    return 0.2 <= c <= 5

# A vehicle remains D param between 1 and 5 in a typical day.
def r4(d: float) -> bool:
    return 1 <= d <= 5


Input text:
Textual context: PTO operation time cannot be greater than the total operation time.
PTO-engaged stops cannot exceed the total number of stops.
The load carried by axle 1 must be smaller than or equal to the load on axle 3.
The payload must always be smaller than or equal to the load on axle 3.";"```python
def r1(pto_operation_time: float, total_operation_time: float) -> bool:
    return pto_operation_time <= total_operation_time

def r2(pto_engaged_stops: float, total_stops: float) -> bool:
    return pto_engaged_stops <= total_stops

def r3(axle1_load: float, axle3_load: float) -> bool:
    return axle1_load <= axle3_load

def r4(payload: float, axle3_load: float) -> bool:
    return payload <= axle3_load
```"
"System Message:
You are a logician with a background in mathematics that translates natural language
reasoning text to Python3 code so that these natural language reasoning problems can be solved.
During the translation, please pay close attention to defining variables and rules.
Do not add any comments from you.
Be guided by the following example:
Example input text:
Textual context: A vehicle operates over a A param between 20 and 110 in a typical day.
A vehicle operates for a B param between 2 and 10 in a typical day.
A vehicle operates with C param between 0.2 and 5 in a typical day.
A vehicle remains D param between 1 and 5 in a typical day.

Example Python3 code:
# A vehicle operates over a A param between 20 and 110 in a typical day.
def r1(a: float) -> bool:
    return 20 <= a <= 110

# A vehicle operates for a B param between 2 and 10 in a typical day.
def r2(b: float) -> bool:
    return 2 <= b <= 10

# A vehicle operates with C param between 0.2 and 5 in a typical day.
def r3(c: float) -> bool:
    return 0.2 <= c <= 5

# A vehicle remains D param between 1 and 5 in a typical day.
def r4(d: float) -> bool:
    return 1 <= d <= 5


Input text:
Textual context: Total operation time shouldn’t be lower than PTO operation time.
The load supported by axle 1 cannot exceed that of axle 3.
The payload cannot exceed the capacity of axle 2.";"```python
def r1(total_operation_time: float, pto_operation_time: float) -> bool:
    return total_operation_time >= pto_operation_time

def r2(axle1_load: float, axle3_load: float) -> bool:
    return axle1_load <= axle3_load

def r3(payload: float, axle2_capacity: float) -> bool:
    return payload <= axle2_capacity
```"
"System Message:
You are a logician with a background in mathematics that translates natural language
reasoning text to Python3 code so that these natural language reasoning problems can be solved.
During the translation, please pay close attention to defining variables and rules.
Do not add any comments from you.
Be guided by the following example:
Example input text:
Textual context: A vehicle operates over a A param between 20 and 110 in a typical day.
A vehicle operates for a B param between 2 and 10 in a typical day.
A vehicle operates with C param between 0.2 and 5 in a typical day.
A vehicle remains D param between 1 and 5 in a typical day.

Example Python3 code:
# A vehicle operates over a A param between 20 and 110 in a typical day.
def r1(a: float) -> bool:
    return 20 <= a <= 110

# A vehicle operates for a B param between 2 and 10 in a typical day.
def r2(b: float) -> bool:
    return 2 <= b <= 10

# A vehicle operates with C param between 0.2 and 5 in a typical day.
def r3(c: float) -> bool:
    return 0.2 <= c <= 5

# A vehicle remains D param between 1 and 5 in a typical day.
def r4(d: float) -> bool:
    return 1 <= d <= 5


Input text:
Textual context: Idle time must always be less than or equal to the total operation time.
The payload must always be smaller than or equal to the load on axle 2.";"```python
# Idle time must always be less than or equal to the total operation time.
def r1(idle_time: float, total_operation_time: float) -> bool:
    return idle_time <= total_operation_time

# The payload must always be smaller than or equal to the load on axle 2.
def r2(payload: float, load_on_axle_2: float) -> bool:
    return payload <= load_on_axle_2
```"
"System Message:
You are a logician with a background in mathematics that translates natural language
reasoning text to Python3 code so that these natural language reasoning problems can be solved.
During the translation, please pay close attention to defining variables and rules.
Do not add any comments from you.
Be guided by the following example:
Example input text:
Textual context: A vehicle operates over a A param between 20 and 110 in a typical day.
A vehicle operates for a B param between 2 and 10 in a typical day.
A vehicle operates with C param between 0.2 and 5 in a typical day.
A vehicle remains D param between 1 and 5 in a typical day.

Example Python3 code:
# A vehicle operates over a A param between 20 and 110 in a typical day.
def r1(a: float) -> bool:
    return 20 <= a <= 110

# A vehicle operates for a B param between 2 and 10 in a typical day.
def r2(b: float) -> bool:
    return 2 <= b <= 10

# A vehicle operates with C param between 0.2 and 5 in a typical day.
def r3(c: float) -> bool:
    return 0.2 <= c <= 5

# A vehicle remains D param between 1 and 5 in a typical day.
def r4(d: float) -> bool:
    return 1 <= d <= 5


Input text:
Textual context: PTO operation time should be less than or equal to the total operation time.
The total operation durationmust not be lower than the driving time.
The load on axle 1 must not surpass the load on axle 3.
The payload must not exceed the load carried by axle 3.";"```python
# PTO operation time should be less than or equal to the total operation time.
def r1(pto_time: float, total_time: float) -> bool:
    return pto_time <= total_time

# The total operation durationmust not be lower than the driving time.
def r2(total_time: float, driving_time: float) -> bool:
    return total_time >= driving_time

# The load on axle 1 must not surpass the load on axle 3.
def r3(axle1_load: float, axle3_load: float) -> bool:
    return axle1_load <= axle3_load

# The payload must not exceed the load carried by axle 3.
def r4(payload: float, axle3_load: float) -> bool:
    return payload <= axle3_load
```"
"System Message:
You are a logician with a background in mathematics that translates natural language
reasoning text to Python3 code so that these natural language reasoning problems can be solved.
During the translation, please pay close attention to defining variables and rules.
Do not add any comments from you.
Be guided by the following example:
Example input text:
Textual context: A vehicle operates over a A param between 20 and 110 in a typical day.
A vehicle operates for a B param between 2 and 10 in a typical day.
A vehicle operates with C param between 0.2 and 5 in a typical day.
A vehicle remains D param between 1 and 5 in a typical day.

Example Python3 code:
# A vehicle operates over a A param between 20 and 110 in a typical day.
def r1(a: float) -> bool:
    return 20 <= a <= 110

# A vehicle operates for a B param between 2 and 10 in a typical day.
def r2(b: float) -> bool:
    return 2 <= b <= 10

# A vehicle operates with C param between 0.2 and 5 in a typical day.
def r3(c: float) -> bool:
    return 0.2 <= c <= 5

# A vehicle remains D param between 1 and 5 in a typical day.
def r4(d: float) -> bool:
    return 1 <= d <= 5


Input text:
Textual context: The total stop count must not be lower than the count of stops where PTO is engaged.
Payload must remain below or equal to the load carried by axle 2.
The total operation duration must always be greater than or equal to the combined time for PTO, idle, and driving.";"```python
# The total stop count must not be lower than the count of stops where PTO is engaged.
def r1(total_stop_count: float, pto_engaged_stop_count: float) -> bool:
    return total_stop_count >= pto_engaged_stop_count

# Payload must remain below or equal to the load carried by axle 2.
def r2(payload: float, axle2_load: float) -> bool:
    return payload <= axle2_load

# The total operation duration must always be greater than or equal to the combined time for PTO, idle, and driving.
def r3(total_operation_duration: float, pto_time: float, idle_time: float, driving_time: float) -> bool:
    return total_operation_duration >= (pto_time + idle_time + driving_time)
```"
"System Message:
You are a logician with a background in mathematics that translates natural language
reasoning text to Python3 code so that these natural language reasoning problems can be solved.
During the translation, please pay close attention to defining variables and rules.
Do not add any comments from you.
Be guided by the following example:
Example input text:
Textual context: A vehicle operates over a A param between 20 and 110 in a typical day.
A vehicle operates for a B param between 2 and 10 in a typical day.
A vehicle operates with C param between 0.2 and 5 in a typical day.
A vehicle remains D param between 1 and 5 in a typical day.

Example Python3 code:
# A vehicle operates over a A param between 20 and 110 in a typical day.
def r1(a: float) -> bool:
    return 20 <= a <= 110

# A vehicle operates for a B param between 2 and 10 in a typical day.
def r2(b: float) -> bool:
    return 2 <= b <= 10

# A vehicle operates with C param between 0.2 and 5 in a typical day.
def r3(c: float) -> bool:
    return 0.2 <= c <= 5

# A vehicle remains D param between 1 and 5 in a typical day.
def r4(d: float) -> bool:
    return 1 <= d <= 5


Input text:
Textual context: PTO operation time should be less than or equal to the total operation time.
Axle 1's load cannot exceed Axle 3's load.
The payload must not exceed the load carried by axle 3.";"```python
# PTO operation time should be less than or equal to the total operation time.
def r1(pto_time: float, total_time: float) -> bool:
    return pto_time <= total_time

# Axle 1's load cannot exceed Axle 3's load.
def r2(axle1_load: float, axle3_load: float) -> bool:
    return axle1_load <= axle3_load

# The payload must not exceed the load carried by axle 3.
def r3(payload: float, axle3_load: float) -> bool:
    return payload <= axle3_load
```"
"System Message:
You are a logician with a background in mathematics that translates natural language
reasoning text to Python3 code so that these natural language reasoning problems can be solved.
During the translation, please pay close attention to defining variables and rules.
Do not add any comments from you.
Be guided by the following example:
Example input text:
Textual context: A vehicle operates over a A param between 20 and 110 in a typical day.
A vehicle operates for a B param between 2 and 10 in a typical day.
A vehicle operates with C param between 0.2 and 5 in a typical day.
A vehicle remains D param between 1 and 5 in a typical day.

Example Python3 code:
# A vehicle operates over a A param between 20 and 110 in a typical day.
def r1(a: float) -> bool:
    return 20 <= a <= 110

# A vehicle operates for a B param between 2 and 10 in a typical day.
def r2(b: float) -> bool:
    return 2 <= b <= 10

# A vehicle operates with C param between 0.2 and 5 in a typical day.
def r3(c: float) -> bool:
    return 0.2 <= c <= 5

# A vehicle remains D param between 1 and 5 in a typical day.
def r4(d: float) -> bool:
    return 1 <= d <= 5


Input text:
Textual context: The weight on axle 1 cannot surpass the weight on axle 3.
The payload must always be smaller than or equal to the load on axle 3.";"```python
# The weight on axle 1 cannot surpass the weight on axle 3.
def r1(a1: float, a3: float) -> bool:
    return a1 <= a3

# The payload must always be smaller than or equal to the load on axle 3.
def r2(payload: float, a3: float) -> bool:
    return payload <= a3
```"
"System Message:
You are a logician with a background in mathematics that translates natural language
reasoning text to Python3 code so that these natural language reasoning problems can be solved.
During the translation, please pay close attention to defining variables and rules.
Do not add any comments from you.
Be guided by the following example:
Example input text:
Textual context: A vehicle operates over a A param between 20 and 110 in a typical day.
A vehicle operates for a B param between 2 and 10 in a typical day.
A vehicle operates with C param between 0.2 and 5 in a typical day.
A vehicle remains D param between 1 and 5 in a typical day.

Example Python3 code:
# A vehicle operates over a A param between 20 and 110 in a typical day.
def r1(a: float) -> bool:
    return 20 <= a <= 110

# A vehicle operates for a B param between 2 and 10 in a typical day.
def r2(b: float) -> bool:
    return 2 <= b <= 10

# A vehicle operates with C param between 0.2 and 5 in a typical day.
def r3(c: float) -> bool:
    return 0.2 <= c <= 5

# A vehicle remains D param between 1 and 5 in a typical day.
def r4(d: float) -> bool:
    return 1 <= d <= 5


Input text:
Textual context: The total operation duration must not be lower than the idle time.
Driving time should be less than or equal to the total operation time.
The load on axle 1 must not surpass the load on axle 2.
The total operation duration must always be greater than or equal to the combined time for PTO, idle, and driving.";"```python
def r1(total_operation_duration: float, idle_time: float) -> bool:
    return total_operation_duration >= idle_time

def r2(driving_time: float, total_operation_time: float) -> bool:
    return driving_time <= total_operation_time

def r3(load_on_axle_1: float, load_on_axle_2: float) -> bool:
    return load_on_axle_1 <= load_on_axle_2

def r4(total_operation_duration: float, pto_time: float, idle_time: float, driving_time: float) -> bool:
    return total_operation_duration >= pto_time + idle_time + driving_time
```"
"System Message:
You are a logician with a background in mathematics that translates natural language
reasoning text to Python3 code so that these natural language reasoning problems can be solved.
During the translation, please pay close attention to defining variables and rules.
Do not add any comments from you.
Be guided by the following example:
Example input text:
Textual context: A vehicle operates over a A param between 20 and 110 in a typical day.
A vehicle operates for a B param between 2 and 10 in a typical day.
A vehicle operates with C param between 0.2 and 5 in a typical day.
A vehicle remains D param between 1 and 5 in a typical day.

Example Python3 code:
# A vehicle operates over a A param between 20 and 110 in a typical day.
def r1(a: float) -> bool:
    return 20 <= a <= 110

# A vehicle operates for a B param between 2 and 10 in a typical day.
def r2(b: float) -> bool:
    return 2 <= b <= 10

# A vehicle operates with C param between 0.2 and 5 in a typical day.
def r3(c: float) -> bool:
    return 0.2 <= c <= 5

# A vehicle remains D param between 1 and 5 in a typical day.
def r4(d: float) -> bool:
    return 1 <= d <= 5


Input text:
Textual context: PTO operation time should be less than or equal to the total operation time.
The load carried by axle 1 must be smaller than or equal to the load on axle 2.
The payload must always be smaller than or equal to the load on axle 2.";"```python
# PTO operation time should be less than or equal to the total operation time.
def r1(pto_time: float, total_time: float) -> bool:
    return pto_time <= total_time

# The load carried by axle 1 must be smaller than or equal to the load on axle 2.
def r2(axle1_load: float, axle2_load: float) -> bool:
    return axle1_load <= axle2_load

# The payload must always be smaller than or equal to the load on axle 2.
def r3(payload: float, axle2_load: float) -> bool:
    return payload <= axle2_load
```"
"System Message:
You are a logician with a background in mathematics that translates natural language
reasoning text to Python3 code so that these natural language reasoning problems can be solved.
During the translation, please pay close attention to defining variables and rules.
Do not add any comments from you.
Be guided by the following example:
Example input text:
Textual context: A vehicle operates over a A param between 20 and 110 in a typical day.
A vehicle operates for a B param between 2 and 10 in a typical day.
A vehicle operates with C param between 0.2 and 5 in a typical day.
A vehicle remains D param between 1 and 5 in a typical day.

Example Python3 code:
# A vehicle operates over a A param between 20 and 110 in a typical day.
def r1(a: float) -> bool:
    return 20 <= a <= 110

# A vehicle operates for a B param between 2 and 10 in a typical day.
def r2(b: float) -> bool:
    return 2 <= b <= 10

# A vehicle operates with C param between 0.2 and 5 in a typical day.
def r3(c: float) -> bool:
    return 0.2 <= c <= 5

# A vehicle remains D param between 1 and 5 in a typical day.
def r4(d: float) -> bool:
    return 1 <= d <= 5


Input text:
Textual context: PTO operation time must be less than or equal to the total operation time.
Total operation time shouldn’t be lower than idle time.
The number of stops where PTO is engaged must not exceed the overall stop count.
Axle 1's load cannot exceed Axle 2's load.";"```python
def r1(pto_time: float, total_time: float) -> bool:
    return pto_time <= total_time

def r2(total_time: float, idle_time: float) -> bool:
    return total_time >= idle_time

def r3(pto_engaged_stops: int, overall_stops: int) -> bool:
    return pto_engaged_stops <= overall_stops

def r4(axle1_load: float, axle2_load: float) -> bool:
    return axle1_load <= axle2_load
```"
"System Message:
You are a logician with a background in mathematics that translates natural language
reasoning text to Python3 code so that these natural language reasoning problems can be solved.
During the translation, please pay close attention to defining variables and rules.
Do not add any comments from you.
Be guided by the following example:
Example input text:
Textual context: A vehicle operates over a A param between 20 and 110 in a typical day.
A vehicle operates for a B param between 2 and 10 in a typical day.
A vehicle operates with C param between 0.2 and 5 in a typical day.
A vehicle remains D param between 1 and 5 in a typical day.

Example Python3 code:
# A vehicle operates over a A param between 20 and 110 in a typical day.
def r1(a: float) -> bool:
    return 20 <= a <= 110

# A vehicle operates for a B param between 2 and 10 in a typical day.
def r2(b: float) -> bool:
    return 2 <= b <= 10

# A vehicle operates with C param between 0.2 and 5 in a typical day.
def r3(c: float) -> bool:
    return 0.2 <= c <= 5

# A vehicle remains D param between 1 and 5 in a typical day.
def r4(d: float) -> bool:
    return 1 <= d <= 5


Input text:
Textual context: Driving time cannot be greater than the total operation time.
The load supported by axle 1 cannot exceed that of axle 2.
The total operation time must always be not lower than the combined duration of PTO operation, idle time, and driving time.";"```python
def r1(driving_time: float, total_operation_time: float) -> bool:
    return driving_time <= total_operation_time

def r2(axle1_load: float, axle2_load: float) -> bool:
    return axle1_load <= axle2_load

def r3(total_operation_time: float, pto_operation_duration: float, idle_time: float, driving_time: float) -> bool:
    return total_operation_time >= pto_operation_duration + idle_time + driving_time
```"
"System Message:
You are a logician with a background in mathematics that translates natural language
reasoning text to Python3 code so that these natural language reasoning problems can be solved.
During the translation, please pay close attention to defining variables and rules.
Do not add any comments from you.
Be guided by the following example:
Example input text:
Textual context: A vehicle operates over a A param between 20 and 110 in a typical day.
A vehicle operates for a B param between 2 and 10 in a typical day.
A vehicle operates with C param between 0.2 and 5 in a typical day.
A vehicle remains D param between 1 and 5 in a typical day.

Example Python3 code:
# A vehicle operates over a A param between 20 and 110 in a typical day.
def r1(a: float) -> bool:
    return 20 <= a <= 110

# A vehicle operates for a B param between 2 and 10 in a typical day.
def r2(b: float) -> bool:
    return 2 <= b <= 10

# A vehicle operates with C param between 0.2 and 5 in a typical day.
def r3(c: float) -> bool:
    return 0.2 <= c <= 5

# A vehicle remains D param between 1 and 5 in a typical day.
def r4(d: float) -> bool:
    return 1 <= d <= 5


Input text:
Textual context: The total operation duration must not be lower than the PTO operation time.
Driving time must always be less than or equal to the total operation time.
The payload must not exceed the load carried by axle 2.";"```python
# The total operation duration must not be lower than the PTO operation time.
def r1(total_operation_duration: float, pto_operation_time: float) -> bool:
    return total_operation_duration >= pto_operation_time

# Driving time must always be less than or equal to the total operation time.
def r2(driving_time: float, total_operation_time: float) -> bool:
    return driving_time <= total_operation_time

# The payload must not exceed the load carried by axle 2.
def r3(payload: float, load_carried_by_axle_2: float) -> bool:
    return payload <= load_carried_by_axle_2
```"
"System Message:
You are a logician with a background in mathematics that translates natural language
reasoning text to Python3 code so that these natural language reasoning problems can be solved.
During the translation, please pay close attention to defining variables and rules.
Do not add any comments from you.
Be guided by the following example:
Example input text:
Textual context: A vehicle operates over a A param between 20 and 110 in a typical day.
A vehicle operates for a B param between 2 and 10 in a typical day.
A vehicle operates with C param between 0.2 and 5 in a typical day.
A vehicle remains D param between 1 and 5 in a typical day.

Example Python3 code:
# A vehicle operates over a A param between 20 and 110 in a typical day.
def r1(a: float) -> bool:
    return 20 <= a <= 110

# A vehicle operates for a B param between 2 and 10 in a typical day.
def r2(b: float) -> bool:
    return 2 <= b <= 10

# A vehicle operates with C param between 0.2 and 5 in a typical day.
def r3(c: float) -> bool:
    return 0.2 <= c <= 5

# A vehicle remains D param between 1 and 5 in a typical day.
def r4(d: float) -> bool:
    return 1 <= d <= 5


Input text:
Textual context: Stops with PTO engaged should never outnumber total stops.
The payload cannot exceed the capacity of axle 2.
Axle 3's load must always be equal to or greater than the payload.";"```python
# Stops with PTO engaged should never outnumber total stops.
def r1(pto_stops: float, total_stops: float) -> bool:
    return pto_stops <= total_stops

# The payload cannot exceed the capacity of axle 2.
def r2(payload: float, axle2_capacity: float) -> bool:
    return payload <= axle2_capacity

# Axle 3's load must always be equal to or greater than the payload.
def r3(axle3_load: float, payload: float) -> bool:
    return axle3_load >= payload
```"
"System Message:
You are a logician with a background in mathematics that translates natural language
reasoning text to Python3 code so that these natural language reasoning problems can be solved.
During the translation, please pay close attention to defining variables and rules.
Do not add any comments from you.
Be guided by the following example:
Example input text:
Textual context: A vehicle operates over a A param between 20 and 110 in a typical day.
A vehicle operates for a B param between 2 and 10 in a typical day.
A vehicle operates with C param between 0.2 and 5 in a typical day.
A vehicle remains D param between 1 and 5 in a typical day.

Example Python3 code:
# A vehicle operates over a A param between 20 and 110 in a typical day.
def r1(a: float) -> bool:
    return 20 <= a <= 110

# A vehicle operates for a B param between 2 and 10 in a typical day.
def r2(b: float) -> bool:
    return 2 <= b <= 10

# A vehicle operates with C param between 0.2 and 5 in a typical day.
def r3(c: float) -> bool:
    return 0.2 <= c <= 5

# A vehicle remains D param between 1 and 5 in a typical day.
def r4(d: float) -> bool:
    return 1 <= d <= 5


Input text:
Textual context: PTO operation time should be less than or equal to the total operation time.
The payload must not exceed the load carried by axle 2.
Total operation time should be at least the sum of PTO, idle, and driving times.";"```python
# PTO operation time should be less than or equal to the total operation time.
def r1(pto: float, total: float) -> bool:
    return pto <= total

# The payload must not exceed the load carried by axle 2.
def r2(payload: float, axle2: float) -> bool:
    return payload <= axle2

# Total operation time should be at least the sum of PTO, idle, and driving times.
def r3(total: float, pto: float, idle: float, driving: float) -> bool:
    return total >= pto + idle + driving
```"
"System Message:
You are a logician with a background in mathematics that translates natural language
reasoning text to Python3 code so that these natural language reasoning problems can be solved.
During the translation, please pay close attention to defining variables and rules.
Do not add any comments from you.
Be guided by the following example:
Example input text:
Textual context: A vehicle operates over a A param between 20 and 110 in a typical day.
A vehicle operates for a B param between 2 and 10 in a typical day.
A vehicle operates with C param between 0.2 and 5 in a typical day.
A vehicle remains D param between 1 and 5 in a typical day.

Example Python3 code:
# A vehicle operates over a A param between 20 and 110 in a typical day.
def r1(a: float) -> bool:
    return 20 <= a <= 110

# A vehicle operates for a B param between 2 and 10 in a typical day.
def r2(b: float) -> bool:
    return 2 <= b <= 10

# A vehicle operates with C param between 0.2 and 5 in a typical day.
def r3(c: float) -> bool:
    return 0.2 <= c <= 5

# A vehicle remains D param between 1 and 5 in a typical day.
def r4(d: float) -> bool:
    return 1 <= d <= 5


Input text:
Textual context: The weight on axle 1 cannot surpass the weight on axle 2.
The load supported by axle 1 cannot exceed that of axle 3.
Payload must remain below or equal to the load carried by axle 2.
The payload cannot exceed the capacity of axle 3.";"```python
# The weight on axle 1 cannot surpass the weight on axle 2.
def r1(a1: float, a2: float) -> bool:
    return a1 <= a2

# The load supported by axle 1 cannot exceed that of axle 3.
def r2(l1: float, l3: float) -> bool:
    return l1 <= l3

# Payload must remain below or equal to the load carried by axle 2.
def r3(payload: float, l2: float) -> bool:
    return payload <= l2

# The payload cannot exceed the capacity of axle 3.
def r4(payload: float, capacity_3: float) -> bool:
    return payload <= capacity_3
```"
"System Message:
You are a logician with a background in mathematics that translates natural language
reasoning text to Python3 code so that these natural language reasoning problems can be solved.
During the translation, please pay close attention to defining variables and rules.
Do not add any comments from you.
Be guided by the following example:
Example input text:
Textual context: A vehicle operates over a A param between 20 and 110 in a typical day.
A vehicle operates for a B param between 2 and 10 in a typical day.
A vehicle operates with C param between 0.2 and 5 in a typical day.
A vehicle remains D param between 1 and 5 in a typical day.

Example Python3 code:
# A vehicle operates over a A param between 20 and 110 in a typical day.
def r1(a: float) -> bool:
    return 20 <= a <= 110

# A vehicle operates for a B param between 2 and 10 in a typical day.
def r2(b: float) -> bool:
    return 2 <= b <= 10

# A vehicle operates with C param between 0.2 and 5 in a typical day.
def r3(c: float) -> bool:
    return 0.2 <= c <= 5

# A vehicle remains D param between 1 and 5 in a typical day.
def r4(d: float) -> bool:
    return 1 <= d <= 5


Input text:
Textual context: The total operation duration must not be lower than the PTO operation time.
Axle 2's load must always be equal to or greater than the payload.";"```python
def r1(total_operation_duration: float, pto_operation_time: float) -> bool:
    return total_operation_duration >= pto_operation_time

def r2(axle2_load: float, payload: float) -> bool:
    return axle2_load >= payload
```"
"System Message:
You are a logician with a background in mathematics that translates natural language
reasoning text to Python3 code so that these natural language reasoning problems can be solved.
During the translation, please pay close attention to defining variables and rules.
Do not add any comments from you.
Be guided by the following example:
Example input text:
Textual context: A vehicle operates over a A param between 20 and 110 in a typical day.
A vehicle operates for a B param between 2 and 10 in a typical day.
A vehicle operates with C param between 0.2 and 5 in a typical day.

Example Python3 code:
# A vehicle operates over a A param between 20 and 110 in a typical day.
def r1(a: float) -> bool:
    return 20 <= a <= 110

# A vehicle operates for a B param between 2 and 10 in a typical day.
def r2(b: float) -> bool:
    return 2 <= b <= 10

# A vehicle operates with C param between 0.2 and 5 in a typical day.
def r3(c: float) -> bool:
    return 0.2 <= c <= 5


Input text:
Textual context: The load carried by axle 1 must be smaller than or equal to the load on axle 3.
The payload must always be smaller than or equal to the load on axle 2.
Axle 3's load must always be equal to or greater than the payload.";"```python
def r1(load_axle_1: float, load_axle_3: float) -> bool:
    return load_axle_1 <= load_axle_3

def r2(payload: float, load_axle_2: float) -> bool:
    return payload <= load_axle_2

def r3(payload: float, load_axle_3: float) -> bool:
    return load_axle_3 >= payload
```"
"System Message:
You are a logician with a background in mathematics that translates natural language
reasoning text to Python3 code so that these natural language reasoning problems can be solved.
During the translation, please pay close attention to defining variables and rules.
Do not add any comments from you.
Be guided by the following example:
Example input text:
Textual context: A vehicle operates over a A param between 20 and 110 in a typical day.
A vehicle operates for a B param between 2 and 10 in a typical day.
A vehicle operates with C param between 0.2 and 5 in a typical day.

Example Python3 code:
# A vehicle operates over a A param between 20 and 110 in a typical day.
def r1(a: float) -> bool:
    return 20 <= a <= 110

# A vehicle operates for a B param between 2 and 10 in a typical day.
def r2(b: float) -> bool:
    return 2 <= b <= 10

# A vehicle operates with C param between 0.2 and 5 in a typical day.
def r3(c: float) -> bool:
    return 0.2 <= c <= 5


Input text:
Textual context: Stops with PTO engaged should never outnumber total stops.
The weight on axle 1 cannot surpass the weight on axle 2.
Axle 1's load cannot exceed Axle 3's load.";"```python
def r1(stops_pto: int, total_stops: int) -> bool:
    return stops_pto <= total_stops

def r2(axle1_weight: float, axle2_weight: float) -> bool:
    return axle1_weight <= axle2_weight

def r3(axle1_load: float, axle3_load: float) -> bool:
    return axle1_load <= axle3_load
```"
"System Message:
You are a logician with a background in mathematics that translates natural language
reasoning text to Python3 code so that these natural language reasoning problems can be solved.
During the translation, please pay close attention to defining variables and rules.
Do not add any comments from you.
Be guided by the following example:
Example input text:
Textual context: A vehicle operates over a A param between 20 and 110 in a typical day.
A vehicle operates for a B param between 2 and 10 in a typical day.
A vehicle operates with C param between 0.2 and 5 in a typical day.

Example Python3 code:
# A vehicle operates over a A param between 20 and 110 in a typical day.
def r1(a: float) -> bool:
    return 20 <= a <= 110

# A vehicle operates for a B param between 2 and 10 in a typical day.
def r2(b: float) -> bool:
    return 2 <= b <= 10

# A vehicle operates with C param between 0.2 and 5 in a typical day.
def r3(c: float) -> bool:
    return 0.2 <= c <= 5


Input text:
Textual context: Idle time cannot be greater than the total operation time.
The number of stops where PTO is engaged must not exceed the overall stop count.
Axle 1's load cannot exceed Axle 3's load.";"```python
def r1(idle_time: float, total_operation_time: float) -> bool:
    return idle_time <= total_operation_time

def r2(pto_engaged_stops: float, overall_stop_count: float) -> bool:
    return pto_engaged_stops <= overall_stop_count

def r3(axle1_load: float, axle3_load: float) -> bool:
    return axle1_load <= axle3_load
```"
"System Message:
You are a logician with a background in mathematics that translates natural language
reasoning text to Python3 code so that these natural language reasoning problems can be solved.
During the translation, please pay close attention to defining variables and rules.
Do not add any comments from you.
Be guided by the following example:
Example input text:
Textual context: A vehicle operates over a A param between 20 and 110 in a typical day.
A vehicle operates for a B param between 2 and 10 in a typical day.
A vehicle operates with C param between 0.2 and 5 in a typical day.

Example Python3 code:
# A vehicle operates over a A param between 20 and 110 in a typical day.
def r1(a: float) -> bool:
    return 20 <= a <= 110

# A vehicle operates for a B param between 2 and 10 in a typical day.
def r2(b: float) -> bool:
    return 2 <= b <= 10

# A vehicle operates with C param between 0.2 and 5 in a typical day.
def r3(c: float) -> bool:
    return 0.2 <= c <= 5


Input text:
Textual context: The total operation duration must not be lower than the idle time.
The load supported by axle 1 cannot exceed that of axle 3.
Axle 3's load must always be equal to or greater than the payload.";"```python
# The total operation duration must not be lower than the idle time.
def r1(total_operation_duration: float, idle_time: float) -> bool:
    return total_operation_duration >= idle_time

# The load supported by axle 1 cannot exceed that of axle 3.
def r2(axle1_load: float, axle3_load: float) -> bool:
    return axle1_load <= axle3_load

# Axle 3's load must always be equal to or greater than the payload.
def r3(axle3_load: float, payload: float) -> bool:
    return axle3_load >= payload
```"
"System Message:
You are a logician with a background in mathematics that translates natural language
reasoning text to Python3 code so that these natural language reasoning problems can be solved.
During the translation, please pay close attention to defining variables and rules.
Do not add any comments from you.
Be guided by the following example:
Example input text:
Textual context: A vehicle operates over a A param between 20 and 110 in a typical day.
A vehicle operates for a B param between 2 and 10 in a typical day.
A vehicle operates with C param between 0.2 and 5 in a typical day.

Example Python3 code:
# A vehicle operates over a A param between 20 and 110 in a typical day.
def r1(a: float) -> bool:
    return 20 <= a <= 110

# A vehicle operates for a B param between 2 and 10 in a typical day.
def r2(b: float) -> bool:
    return 2 <= b <= 10

# A vehicle operates with C param between 0.2 and 5 in a typical day.
def r3(c: float) -> bool:
    return 0.2 <= c <= 5


Input text:
Textual context: PTO operation time cannot be greater than the total operation time.
Driving time should be less than or equal to the total operation time.
Total operation time must be greater than or equal to the sum of PTO operation, idle, and driving times.";"```python
def r1(pto: float, total: float) -> bool:
    return pto <= total

def r2(driving: float, total: float) -> bool:
    return driving <= total

def r3(pto: float, idle: float, driving: float, total: float) -> bool:
    return total >= pto + idle + driving
```"
"System Message:
You are a logician with a background in mathematics that translates natural language
reasoning text to Python3 code so that these natural language reasoning problems can be solved.
During the translation, please pay close attention to defining variables and rules.
Do not add any comments from you.
Be guided by the following example:
Example input text:
Textual context: A vehicle operates over a A param between 20 and 110 in a typical day.
A vehicle operates for a B param between 2 and 10 in a typical day.
A vehicle operates with C param between 0.2 and 5 in a typical day.

Example Python3 code:
# A vehicle operates over a A param between 20 and 110 in a typical day.
def r1(a: float) -> bool:
    return 20 <= a <= 110

# A vehicle operates for a B param between 2 and 10 in a typical day.
def r2(b: float) -> bool:
    return 2 <= b <= 10

# A vehicle operates with C param between 0.2 and 5 in a typical day.
def r3(c: float) -> bool:
    return 0.2 <= c <= 5


Input text:
Textual context: The total operation duration must not be lower than the idle time.
The load on axle 1 must not surpass the load on axle 3.
Axle 2's load must always be equal to or greater than the payload.";"```python
# The total operation duration must not be lower than the idle time.
def r1(total_operation_duration: float, idle_time: float) -> bool:
    return total_operation_duration >= idle_time

# The load on axle 1 must not surpass the load on axle 3.
def r2(axle1_load: float, axle3_load: float) -> bool:
    return axle1_load <= axle3_load

# Axle 2's load must always be equal to or greater than the payload.
def r3(axle2_load: float, payload: float) -> bool:
    return axle2_load >= payload
```"
"System Message:
You are a logician with a background in mathematics that translates natural language
reasoning text to Python3 code so that these natural language reasoning problems can be solved.
During the translation, please pay close attention to defining variables and rules.
Do not add any comments from you.
Be guided by the following example:
Example input text:
Textual context: A vehicle operates over a A param between 20 and 110 in a typical day.
A vehicle operates for a B param between 2 and 10 in a typical day.
A vehicle operates with C param between 0.2 and 5 in a typical day.

Example Python3 code:
# A vehicle operates over a A param between 20 and 110 in a typical day.
def r1(a: float) -> bool:
    return 20 <= a <= 110

# A vehicle operates for a B param between 2 and 10 in a typical day.
def r2(b: float) -> bool:
    return 2 <= b <= 10

# A vehicle operates with C param between 0.2 and 5 in a typical day.
def r3(c: float) -> bool:
    return 0.2 <= c <= 5


Input text:
Textual context: The number of stops where PTO is engaged must not exceed the overall stop count.
The load supported by axle 1 cannot exceed that of axle 3.
Payload must remain below or equal to the load carried by axle 3.";"```python
def r1(stops_pto: int, overall_stops: int) -> bool:
    return stops_pto <= overall_stops

def r2(axle1_load: float, axle3_load: float) -> bool:
    return axle1_load <= axle3_load

def r3(payload: float, axle3_load: float) -> bool:
    return payload <= axle3_load
```"
"System Message:
You are a logician with a background in mathematics that translates natural language
reasoning text to Python3 code so that these natural language reasoning problems can be solved.
During the translation, please pay close attention to defining variables and rules.
Do not add any comments from you.
Be guided by the following example:
Example input text:
Textual context: A vehicle operates over a A param between 20 and 110 in a typical day.
A vehicle operates for a B param between 2 and 10 in a typical day.
A vehicle operates with C param between 0.2 and 5 in a typical day.
A vehicle remains D param between 1 and 5 in a typical day.

Example Python3 code:
# A vehicle operates over a A param between 20 and 110 in a typical day.
def r1(a: float) -> bool:
    return 20 <= a <= 110

# A vehicle operates for a B param between 2 and 10 in a typical day.
def r2(b: float) -> bool:
    return 2 <= b <= 10

# A vehicle operates with C param between 0.2 and 5 in a typical day.
def r3(c: float) -> bool:
    return 0.2 <= c <= 5

# A vehicle remains D param between 1 and 5 in a typical day.
def r4(d: float) -> bool:
    return 1 <= d <= 5


Input text:
Textual context: PTO operation time must be less than or equal to the total operation time.
Idle time should be less than or equal to the total operation time.
The payload must not exceed the load carried by axle 3.
The total operation time must always be not lower than the combined duration of PTO operation, idle time, and driving time.";"```python
def r1(pto_time: float, total_time: float) -> bool:
    return pto_time <= total_time

def r2(idle_time: float, total_time: float) -> bool:
    return idle_time <= total_time

def r3(payload: float, axle3_load: float) -> bool:
    return payload <= axle3_load

def r4(pto_time: float, idle_time: float, driving_time: float, total_time: float) -> bool:
    return total_time >= pto_time + idle_time + driving_time
```"
"System Message:
You are a logician with a background in mathematics that translates natural language
reasoning text to Python3 code so that these natural language reasoning problems can be solved.
During the translation, please pay close attention to defining variables and rules.
Do not add any comments from you.
Be guided by the following example:
Example input text:
Textual context: A vehicle operates over a A param between 20 and 110 in a typical day.
A vehicle operates for a B param between 2 and 10 in a typical day.
A vehicle operates with C param between 0.2 and 5 in a typical day.
A vehicle remains D param between 1 and 5 in a typical day.

Example Python3 code:
# A vehicle operates over a A param between 20 and 110 in a typical day.
def r1(a: float) -> bool:
    return 20 <= a <= 110

# A vehicle operates for a B param between 2 and 10 in a typical day.
def r2(b: float) -> bool:
    return 2 <= b <= 10

# A vehicle operates with C param between 0.2 and 5 in a typical day.
def r3(c: float) -> bool:
    return 0.2 <= c <= 5

# A vehicle remains D param between 1 and 5 in a typical day.
def r4(d: float) -> bool:
    return 1 <= d <= 5


Input text:
Textual context: The load on axle 1 must not surpass the load on axle 3.
Payload must remain below or equal to the load carried by axle 2.
The payload must not exceed the load carried by axle 3.
The combined time for PTO operation, idle time, and driving time must not surpass the total operation time.";"```python
# The load on axle 1 must not surpass the load on axle 3.
def r1(axle1: float, axle3: float) -> bool:
    return axle1 <= axle3

# Payload must remain below or equal to the load carried by axle 2.
def r2(payload: float, axle2: float) -> bool:
    return payload <= axle2

# The payload must not exceed the load carried by axle 3.
def r3(payload: float, axle3: float) -> bool:
    return payload <= axle3

# The combined time for PTO operation, idle time, and driving time must not surpass the total operation time.
def r4(pto_time: float, idle_time: float, driving_time: float, total_time: float) -> bool:
    return pto_time + idle_time + driving_time <= total_time
```"
"System Message:
You are a logician with a background in mathematics that translates natural language
reasoning text to Python3 code so that these natural language reasoning problems can be solved.
During the translation, please pay close attention to defining variables and rules.
Do not add any comments from you.
Be guided by the following example:
Example input text:
Textual context: A vehicle operates over a A param between 20 and 110 in a typical day.
A vehicle operates for a B param between 2 and 10 in a typical day.
A vehicle operates with C param between 0.2 and 5 in a typical day.
A vehicle remains D param between 1 and 5 in a typical day.

Example Python3 code:
# A vehicle operates over a A param between 20 and 110 in a typical day.
def r1(a: float) -> bool:
    return 20 <= a <= 110

# A vehicle operates for a B param between 2 and 10 in a typical day.
def r2(b: float) -> bool:
    return 2 <= b <= 10

# A vehicle operates with C param between 0.2 and 5 in a typical day.
def r3(c: float) -> bool:
    return 0.2 <= c <= 5

# A vehicle remains D param between 1 and 5 in a typical day.
def r4(d: float) -> bool:
    return 1 <= d <= 5


Input text:
Textual context: Idle time must always be less than or equal to the total operation time.
Driving time must always be less than or equal to the total operation time.
The total operation duration must always be greater than or equal to the combined time for PTO, idle, and driving.";"```python
# Idle time must always be less than or equal to the total operation time.
def r1(idle: float, total: float) -> bool:
    return idle <= total

# Driving time must always be less than or equal to the total operation time.
def r2(driving: float, total: float) -> bool:
    return driving <= total

# The total operation duration must always be greater than or equal to the combined time for PTO, idle, and driving.
def r3(pto: float, idle: float, driving: float, total: float) -> bool:
    return total >= pto + idle + driving
```"
"System Message:
You are a logician with a background in mathematics that translates natural language
reasoning text to Python3 code so that these natural language reasoning problems can be solved.
During the translation, please pay close attention to defining variables and rules.
Do not add any comments from you.
Be guided by the following example:
Example input text:
Textual context: A vehicle operates over a A param between 20 and 110 in a typical day.
A vehicle operates for a B param between 2 and 10 in a typical day.
A vehicle operates with C param between 0.2 and 5 in a typical day.
A vehicle remains D param between 1 and 5 in a typical day.

Example Python3 code:
# A vehicle operates over a A param between 20 and 110 in a typical day.
def r1(a: float) -> bool:
    return 20 <= a <= 110

# A vehicle operates for a B param between 2 and 10 in a typical day.
def r2(b: float) -> bool:
    return 2 <= b <= 10

# A vehicle operates with C param between 0.2 and 5 in a typical day.
def r3(c: float) -> bool:
    return 0.2 <= c <= 5

# A vehicle remains D param between 1 and 5 in a typical day.
def r4(d: float) -> bool:
    return 1 <= d <= 5


Input text:
Textual context: Driving time should be less than or equal to the total operation time.
PTO-engaged stops cannot exceed the total number of stops.
The load on axle 1 must not surpass the load on axle 2.";"```python
def r1(driving_time: float, total_operation_time: float) -> bool:
    return driving_time <= total_operation_time

def r2(pto_engaged_stops: float, total_stops: float) -> bool:
    return pto_engaged_stops <= total_stops

def r3(axle1_load: float, axle2_load: float) -> bool:
    return axle1_load <= axle2_load
```"
"System Message:
You are a logician with a background in mathematics that translates natural language
reasoning text to Python3 code so that these natural language reasoning problems can be solved.
During the translation, please pay close attention to defining variables and rules.
Do not add any comments from you.
Be guided by the following example:
Example input text:
Textual context: A vehicle operates over a A param between 20 and 110 in a typical day.
A vehicle operates for a B param between 2 and 10 in a typical day.
A vehicle operates with C param between 0.2 and 5 in a typical day.
A vehicle remains D param between 1 and 5 in a typical day.

Example Python3 code:
# A vehicle operates over a A param between 20 and 110 in a typical day.
def r1(a: float) -> bool:
    return 20 <= a <= 110

# A vehicle operates for a B param between 2 and 10 in a typical day.
def r2(b: float) -> bool:
    return 2 <= b <= 10

# A vehicle operates with C param between 0.2 and 5 in a typical day.
def r3(c: float) -> bool:
    return 0.2 <= c <= 5

# A vehicle remains D param between 1 and 5 in a typical day.
def r4(d: float) -> bool:
    return 1 <= d <= 5


Input text:
Textual context: The total operation duration must not be lower than the idle time.
Driving time must always be less than or equal to the total operation time.
The payload cannot exceed the capacity of axle 3.";"```python
# The total operation duration must not be lower than the idle time.
def r1(total_operation_duration: float, idle_time: float) -> bool:
    return total_operation_duration >= idle_time

# Driving time must always be less than or equal to the total operation time.
def r2(driving_time: float, total_operation_time: float) -> bool:
    return driving_time <= total_operation_time

# The payload cannot exceed the capacity of axle 3.
def r3(payload: float, axle3_capacity: float) -> bool:
    return payload <= axle3_capacity
```"
"System Message:
You are a logician with a background in mathematics that translates natural language
reasoning text to Python3 code so that these natural language reasoning problems can be solved.
During the translation, please pay close attention to defining variables and rules.
Do not add any comments from you.
Be guided by the following example:
Example input text:
Textual context: A vehicle operates over a A param between 20 and 110 in a typical day.
A vehicle operates for a B param between 2 and 10 in a typical day.
A vehicle operates with C param between 0.2 and 5 in a typical day.
A vehicle remains D param between 1 and 5 in a typical day.

Example Python3 code:
# A vehicle operates over a A param between 20 and 110 in a typical day.
def r1(a: float) -> bool:
    return 20 <= a <= 110

# A vehicle operates for a B param between 2 and 10 in a typical day.
def r2(b: float) -> bool:
    return 2 <= b <= 10

# A vehicle operates with C param between 0.2 and 5 in a typical day.
def r3(c: float) -> bool:
    return 0.2 <= c <= 5

# A vehicle remains D param between 1 and 5 in a typical day.
def r4(d: float) -> bool:
    return 1 <= d <= 5


Input text:
Textual context: Stops with PTO engaged cannot outnumber the total stops.
The weight on axle 1 cannot surpass the weight on axle 3.
Axle 2's load must always be equal to or greater than the payload.
Total operation time should be at least the sum of PTO, idle, and driving times.";"```python
def r1(stops, total_stops) -> bool:
    return stops <= total_stops

def r2(axle1, axle3) -> bool:
    return axle1 <= axle3

def r3(axle2, payload) -> bool:
    return axle2 >= payload

def r4(total_operation_time, pto_time, idle_time, driving_time) -> bool:
    return total_operation_time >= pto_time + idle_time + driving_time
```"
"System Message:
You are a logician with a background in mathematics that translates natural language
reasoning text to Python3 code so that these natural language reasoning problems can be solved.
During the translation, please pay close attention to defining variables and rules.
Do not add any comments from you.
Be guided by the following example:
Example input text:
Textual context: A vehicle operates over a A param between 20 and 110 in a typical day.
A vehicle operates for a B param between 2 and 10 in a typical day.
A vehicle operates with C param between 0.2 and 5 in a typical day.
A vehicle remains D param between 1 and 5 in a typical day.

Example Python3 code:
# A vehicle operates over a A param between 20 and 110 in a typical day.
def r1(a: float) -> bool:
    return 20 <= a <= 110

# A vehicle operates for a B param between 2 and 10 in a typical day.
def r2(b: float) -> bool:
    return 2 <= b <= 10

# A vehicle operates with C param between 0.2 and 5 in a typical day.
def r3(c: float) -> bool:
    return 0.2 <= c <= 5

# A vehicle remains D param between 1 and 5 in a typical day.
def r4(d: float) -> bool:
    return 1 <= d <= 5


Input text:
Textual context: PTO operation time must be less than or equal to the total operation time.
The total operation duration must not be lower than the idle time.
The weight on axle 1 cannot surpass the weight on axle 3.
The payload cannot exceed the capacity of axle 3.";"```python
# PTO operation time must be less than or equal to the total operation time.
def r1(pto_time: float, total_time: float) -> bool:
    return pto_time <= total_time

# The total operation duration must not be lower than the idle time.
def r2(total_time: float, idle_time: float) -> bool:
    return total_time >= idle_time

# The weight on axle 1 cannot surpass the weight on axle 3.
def r3(axle1_weight: float, axle3_weight: float) -> bool:
    return axle1_weight <= axle3_weight

# The payload cannot exceed the capacity of axle 3.
def r4(payload: float, axle3_capacity: float) -> bool:
    return payload <= axle3_capacity
```"
"System Message:
You are a logician with a background in mathematics that translates natural language
reasoning text to Python3 code so that these natural language reasoning problems can be solved.
During the translation, please pay close attention to defining variables and rules.
Do not add any comments from you.
Be guided by the following example:
Example input text:
Textual context: A vehicle operates over a A param between 20 and 110 in a typical day.
A vehicle operates for a B param between 2 and 10 in a typical day.
A vehicle operates with C param between 0.2 and 5 in a typical day.
A vehicle remains D param between 1 and 5 in a typical day.

Example Python3 code:
# A vehicle operates over a A param between 20 and 110 in a typical day.
def r1(a: float) -> bool:
    return 20 <= a <= 110

# A vehicle operates for a B param between 2 and 10 in a typical day.
def r2(b: float) -> bool:
    return 2 <= b <= 10

# A vehicle operates with C param between 0.2 and 5 in a typical day.
def r3(c: float) -> bool:
    return 0.2 <= c <= 5

# A vehicle remains D param between 1 and 5 in a typical day.
def r4(d: float) -> bool:
    return 1 <= d <= 5


Input text:
Textual context: Idle time must always be less than or equal to the total operation time.
PTO-engaged stops cannot exceed the total number of stops.
The load carried by axle 1 must be smaller than or equal to the load on axle 3.
The payload must always be smaller than or equal to the load on axle 2.";"```python
# Idle time must always be less than or equal to the total operation time.
def r1(idle_time: float, total_operation_time: float) -> bool:
    return idle_time <= total_operation_time

# PTO-engaged stops cannot exceed the total number of stops.
def r2(pto_engaged_stops: float, total_stops: float) -> bool:
    return pto_engaged_stops <= total_stops

# The load carried by axle 1 must be smaller than or equal to the load on axle 3.
def r3(axle1_load: float, axle3_load: float) -> bool:
    return axle1_load <= axle3_load

# The payload must always be smaller than or equal to the load on axle 2.
def r4(payload: float, axle2_load: float) -> bool:
    return payload <= axle2_load
```"
"System Message:
You are a logician with a background in mathematics that translates natural language
reasoning text to Python3 code so that these natural language reasoning problems can be solved.
During the translation, please pay close attention to defining variables and rules.
Do not add any comments from you.
Be guided by the following example:
Example input text:
Textual context: A vehicle operates over a A param between 20 and 110 in a typical day.
A vehicle operates for a B param between 2 and 10 in a typical day.
A vehicle operates with C param between 0.2 and 5 in a typical day.
A vehicle remains D param between 1 and 5 in a typical day.

Example Python3 code:
# A vehicle operates over a A param between 20 and 110 in a typical day.
def r1(a: float) -> bool:
    return 20 <= a <= 110

# A vehicle operates for a B param between 2 and 10 in a typical day.
def r2(b: float) -> bool:
    return 2 <= b <= 10

# A vehicle operates with C param between 0.2 and 5 in a typical day.
def r3(c: float) -> bool:
    return 0.2 <= c <= 5

# A vehicle remains D param between 1 and 5 in a typical day.
def r4(d: float) -> bool:
    return 1 <= d <= 5


Input text:
Textual context: PTO operation time cannot be greater than the total operation time.
Total operation time should shouldn’t be lower than driving time.
The payload must always be smaller than or equal to the load on axle 3.
Total operation time must be greater than or equal to the sum of PTO operation, idle, and driving times.";"```python
def r1(pto_time: float, total_time: float) -> bool:
    return pto_time <= total_time

def r2(total_time: float, driving_time: float) -> bool:
    return total_time >= driving_time

def r3(payload: float, axle3_load: float) -> bool:
    return payload <= axle3_load

def r4(total_time: float, pto_time: float, idle_time: float, driving_time: float) -> bool:
    return total_time >= pto_time + idle_time + driving_time
```"
"System Message:
You are a logician with a background in mathematics that translates natural language
reasoning text to Python3 code so that these natural language reasoning problems can be solved.
During the translation, please pay close attention to defining variables and rules.
Do not add any comments from you.
Be guided by the following example:
Example input text:
Textual context: A vehicle operates over a A param between 20 and 110 in a typical day.
A vehicle operates for a B param between 2 and 10 in a typical day.
A vehicle operates with C param between 0.2 and 5 in a typical day.
A vehicle remains D param between 1 and 5 in a typical day.
A vehicle spends E param between 1 and 5 in a typical day.

Example Python3 code:
# A vehicle operates over a A param between 20 and 110 in a typical day.
def r1(a: float) -> bool:
    return 20 <= a <= 110

# A vehicle operates for a B param between 2 and 10 in a typical day.
def r2(b: float) -> bool:
    return 2 <= b <= 10

# A vehicle operates with C param between 0.2 and 5 in a typical day.
def r3(c: float) -> bool:
    return 0.2 <= c <= 5

# A vehicle remains D param between 1 and 5 in a typical day.
def r4(d: float) -> bool:
    return 1 <= d <= 5

# A vehicle spends E param between 1 and 5 in a typical day.
def r5(e: float) -> bool:
    return 1 <= e <= 5


Input text:
Textual context: The total operation duration must not be lower than the PTO operation time.
Total operation time shouldn’t be lower than idle time.
Stops with PTO engaged should never outnumber total stops.
Axle 1's load cannot exceed Axle 2's load.
The payload cannot exceed the capacity of axle 2.";"def r1(total_operation_duration: float, pto_operation_time: float) -> bool:
    return total_operation_duration >= pto_operation_time

def r2(total_operation_time: float, idle_time: float) -> bool:
    return total_operation_time >= idle_time

def r3(stops_with_pto_engaged: float, total_stops: float) -> bool:
    return stops_with_pto_engaged <= total_stops

def r4(axle1_load: float, axle2_load: float) -> bool:
    return axle1_load <= axle2_load

def r5(payload: float, axle2_capacity: float) -> bool:
    return payload <= axle2_capacity"
"System Message:
You are a logician with a background in mathematics that translates natural language
reasoning text to Python3 code so that these natural language reasoning problems can be solved.
During the translation, please pay close attention to defining variables and rules.
Do not add any comments from you.
Be guided by the following example:
Example input text:
Textual context: A vehicle operates over a A param between 20 and 110 in a typical day.
A vehicle operates for a B param between 2 and 10 in a typical day.
A vehicle operates with C param between 0.2 and 5 in a typical day.
A vehicle remains D param between 1 and 5 in a typical day.
A vehicle spends E param between 1 and 5 in a typical day.

Example Python3 code:
# A vehicle operates over a A param between 20 and 110 in a typical day.
def r1(a: float) -> bool:
    return 20 <= a <= 110

# A vehicle operates for a B param between 2 and 10 in a typical day.
def r2(b: float) -> bool:
    return 2 <= b <= 10

# A vehicle operates with C param between 0.2 and 5 in a typical day.
def r3(c: float) -> bool:
    return 0.2 <= c <= 5

# A vehicle remains D param between 1 and 5 in a typical day.
def r4(d: float) -> bool:
    return 1 <= d <= 5

# A vehicle spends E param between 1 and 5 in a typical day.
def r5(e: float) -> bool:
    return 1 <= e <= 5


Input text:
Textual context: The load on axle 1 must not surpass the load on axle 2.
Axle 1's load cannot exceed Axle 3's load.
The payload must not exceed the load carried by axle 2.
The payload must not exceed the load carried by axle 3.";"```python
# The load on axle 1 must not surpass the load on axle 2.
def r1(a1: float, a2: float) -> bool:
    return a1 <= a2

# Axle 1's load cannot exceed Axle 3's load.
def r2(a1: float, a3: float) -> bool:
    return a1 <= a3

# The payload must not exceed the load carried by axle 2.
def r3(payload: float, a2: float) -> bool:
    return payload <= a2

# The payload must not exceed the load carried by axle 3.
def r4(payload: float, a3: float) -> bool:
    return payload <= a3
```"
"System Message:
You are a logician with a background in mathematics that translates natural language
reasoning text to Python3 code so that these natural language reasoning problems can be solved.
During the translation, please pay close attention to defining variables and rules.
Do not add any comments from you.
Be guided by the following example:
Example input text:
Textual context: A vehicle operates over a A param between 20 and 110 in a typical day.
A vehicle operates for a B param between 2 and 10 in a typical day.
A vehicle operates with C param between 0.2 and 5 in a typical day.
A vehicle remains D param between 1 and 5 in a typical day.
A vehicle spends E param between 1 and 5 in a typical day.

Example Python3 code:
# A vehicle operates over a A param between 20 and 110 in a typical day.
def r1(a: float) -> bool:
    return 20 <= a <= 110

# A vehicle operates for a B param between 2 and 10 in a typical day.
def r2(b: float) -> bool:
    return 2 <= b <= 10

# A vehicle operates with C param between 0.2 and 5 in a typical day.
def r3(c: float) -> bool:
    return 0.2 <= c <= 5

# A vehicle remains D param between 1 and 5 in a typical day.
def r4(d: float) -> bool:
    return 1 <= d <= 5

# A vehicle spends E param between 1 and 5 in a typical day.
def r5(e: float) -> bool:
    return 1 <= e <= 5


Input text:
Textual context: The load supported by axle 1 cannot exceed that of axle 2.
Payload must remain below or equal to the load carried by axle 2.
The payload must always be smaller than or equal to the load on axle 3.
Total operation time should be at least the sum of PTO, idle, and driving times.";"```python
# The load supported by axle 1 cannot exceed that of axle 2.
def r1(a1: float, a2: float) -> bool:
    return a1 <= a2

# Payload must remain below or equal to the load carried by axle 2.
def r2(payload: float, a2: float) -> bool:
    return payload <= a2

# The payload must always be smaller than or equal to the load on axle 3.
def r3(payload: float, a3: float) -> bool:
    return payload <= a3

# Total operation time should be at least the sum of PTO, idle, and driving times.
def r4(total_time: float, pto: float, idle: float, driving: float) -> bool:
    return total_time >= pto + idle + driving
```"
"System Message:
You are a logician with a background in mathematics that translates natural language
reasoning text to Python3 code so that these natural language reasoning problems can be solved.
During the translation, please pay close attention to defining variables and rules.
Do not add any comments from you.
Be guided by the following example:
Example input text:
Textual context: A vehicle operates over a A param between 20 and 110 in a typical day.
A vehicle operates for a B param between 2 and 10 in a typical day.
A vehicle operates with C param between 0.2 and 5 in a typical day.
A vehicle remains D param between 1 and 5 in a typical day.
A vehicle spends E param between 1 and 5 in a typical day.

Example Python3 code:
# A vehicle operates over a A param between 20 and 110 in a typical day.
def r1(a: float) -> bool:
    return 20 <= a <= 110

# A vehicle operates for a B param between 2 and 10 in a typical day.
def r2(b: float) -> bool:
    return 2 <= b <= 10

# A vehicle operates with C param between 0.2 and 5 in a typical day.
def r3(c: float) -> bool:
    return 0.2 <= c <= 5

# A vehicle remains D param between 1 and 5 in a typical day.
def r4(d: float) -> bool:
    return 1 <= d <= 5

# A vehicle spends E param between 1 and 5 in a typical day.
def r5(e: float) -> bool:
    return 1 <= e <= 5


Input text:
Textual context: The total stop count must not be lower than the count of stops where PTO is engaged.
The weight on axle 1 cannot surpass the weight on axle 2.
The load carried by axle 1 must be smaller than or equal to the load on axle 3.
The payload must always be smaller than or equal to the load on axle 3.";"def r1(total_stop_count: float, pto_engaged_stop_count: float) -> bool:
    return total_stop_count >= pto_engaged_stop_count

def r2(axle1_weight: float, axle2_weight: float) -> bool:
    return axle1_weight <= axle2_weight

def r3(axle1_load: float, axle3_load: float) -> bool:
    return axle1_load <= axle3_load

def r4(payload: float, axle3_load: float) -> bool:
    return payload <= axle3_load"
"System Message:
You are a logician with a background in mathematics that translates natural language
reasoning text to Python3 code so that these natural language reasoning problems can be solved.
During the translation, please pay close attention to defining variables and rules.
Do not add any comments from you.
Be guided by the following example:
Example input text:
Textual context: A vehicle operates over a A param between 20 and 110 in a typical day.
A vehicle operates for a B param between 2 and 10 in a typical day.
A vehicle operates with C param between 0.2 and 5 in a typical day.
A vehicle remains D param between 1 and 5 in a typical day.
A vehicle spends E param between 1 and 5 in a typical day.

Example Python3 code:
# A vehicle operates over a A param between 20 and 110 in a typical day.
def r1(a: float) -> bool:
    return 20 <= a <= 110

# A vehicle operates for a B param between 2 and 10 in a typical day.
def r2(b: float) -> bool:
    return 2 <= b <= 10

# A vehicle operates with C param between 0.2 and 5 in a typical day.
def r3(c: float) -> bool:
    return 0.2 <= c <= 5

# A vehicle remains D param between 1 and 5 in a typical day.
def r4(d: float) -> bool:
    return 1 <= d <= 5

# A vehicle spends E param between 1 and 5 in a typical day.
def r5(e: float) -> bool:
    return 1 <= e <= 5


Input text:
Textual context: Driving time must always be less than or equal to the total operation time.
The load carried by axle 1 must be smaller than or equal to the load on axle 2.
The payload cannot exceed the capacity of axle 2.";"```python
# Driving time must always be less than or equal to the total operation time.
def r1(driving_time: float, total_operation_time: float) -> bool:
    return driving_time <= total_operation_time

# The load carried by axle 1 must be smaller than or equal to the load on axle 2.
def r2(axle1_load: float, axle2_load: float) -> bool:
    return axle1_load <= axle2_load

# The payload cannot exceed the capacity of axle 2.
def r3(payload: float, axle2_capacity: float) -> bool:
    return payload <= axle2_capacity
```"
"System Message:
You are a logician with a background in mathematics that translates natural language
reasoning text to Python3 code so that these natural language reasoning problems can be solved.
During the translation, please pay close attention to defining variables and rules.
Do not add any comments from you.
Be guided by the following example:
Example input text:
Textual context: A vehicle operates over a A param between 20 and 110 in a typical day.
A vehicle operates for a B param between 2 and 10 in a typical day.
A vehicle operates with C param between 0.2 and 5 in a typical day.
A vehicle remains D param between 1 and 5 in a typical day.
A vehicle spends E param between 1 and 5 in a typical day.

Example Python3 code:
# A vehicle operates over a A param between 20 and 110 in a typical day.
def r1(a: float) -> bool:
    return 20 <= a <= 110

# A vehicle operates for a B param between 2 and 10 in a typical day.
def r2(b: float) -> bool:
    return 2 <= b <= 10

# A vehicle operates with C param between 0.2 and 5 in a typical day.
def r3(c: float) -> bool:
    return 0.2 <= c <= 5

# A vehicle remains D param between 1 and 5 in a typical day.
def r4(d: float) -> bool:
    return 1 <= d <= 5

# A vehicle spends E param between 1 and 5 in a typical day.
def r5(e: float) -> bool:
    return 1 <= e <= 5


Input text:
Textual context: PTO operation time should be less than or equal to the total operation time.
Stops with PTO engaged cannot outnumber the total stops.
The payload must not exceed the load carried by axle 3.";"```python
# PTO operation time should be less than or equal to the total operation time.
def r6(pto_time: float, total_time: float) -> bool:
    return pto_time <= total_time

# Stops with PTO engaged cannot outnumber the total stops.
def r7(pto_engaged_stops: int, total_stops: int) -> bool:
    return pto_engaged_stops <= total_stops

# The payload must not exceed the load carried by axle 3.
def r8(payload: float, axle3_load: float) -> bool:
    return payload <= axle3_load
```"
"System Message:
You are a logician with a background in mathematics that translates natural language
reasoning text to Python3 code so that these natural language reasoning problems can be solved.
During the translation, please pay close attention to defining variables and rules.
Do not add any comments from you.
Be guided by the following example:
Example input text:
Textual context: A vehicle operates over a A param between 20 and 110 in a typical day.
A vehicle operates for a B param between 2 and 10 in a typical day.
A vehicle operates with C param between 0.2 and 5 in a typical day.
A vehicle remains D param between 1 and 5 in a typical day.

Example Python3 code:
# A vehicle operates over a A param between 20 and 110 in a typical day.
def r1(a: float) -> bool:
    return 20 <= a <= 110

# A vehicle operates for a B param between 2 and 10 in a typical day.
def r2(b: float) -> bool:
    return 2 <= b <= 10

# A vehicle operates with C param between 0.2 and 5 in a typical day.
def r3(c: float) -> bool:
    return 0.2 <= c <= 5

# A vehicle remains D param between 1 and 5 in a typical day.
def r4(d: float) -> bool:
    return 1 <= d <= 5


Input text:
Textual context: The total operation duration must not be lower than the PTO operation time.
Driving time cannot be greater than the total operation time.
Axle 2's load must always be equal to or greater than the payload.
Total operation time must be greater than or equal to the sum of PTO operation, idle, and driving times.";"```python
def r1(total_operation_duration: float, pto_operation_time: float) -> bool:
    return total_operation_duration >= pto_operation_time

def r2(driving_time: float, total_operation_time: float) -> bool:
    return driving_time <= total_operation_time

def r3(axle2_load: float, payload: float) -> bool:
    return axle2_load >= payload

def r4(total_operation_time: float, pto_operation: float, idle: float, driving_time: float) -> bool:
    return total_operation_time >= pto_operation + idle + driving_time
```"
"System Message:
You are a logician with a background in mathematics that translates natural language
reasoning text to Python3 code so that these natural language reasoning problems can be solved.
During the translation, please pay close attention to defining variables and rules.
Do not add any comments from you.
Be guided by the following example:
Example input text:
Textual context: A vehicle operates over a A param between 20 and 110 in a typical day.
A vehicle operates for a B param between 2 and 10 in a typical day.
A vehicle operates with C param between 0.2 and 5 in a typical day.
A vehicle remains D param between 1 and 5 in a typical day.
A vehicle spends E param between 1 and 5 in a typical day.

Example Python3 code:
# A vehicle operates over a A param between 20 and 110 in a typical day.
def r1(a: float) -> bool:
    return 20 <= a <= 110

# A vehicle operates for a B param between 2 and 10 in a typical day.
def r2(b: float) -> bool:
    return 2 <= b <= 10

# A vehicle operates with C param between 0.2 and 5 in a typical day.
def r3(c: float) -> bool:
    return 0.2 <= c <= 5

# A vehicle remains D param between 1 and 5 in a typical day.
def r4(d: float) -> bool:
    return 1 <= d <= 5

# A vehicle spends E param between 1 and 5 in a typical day.
def r5(e: float) -> bool:
    return 1 <= e <= 5


Input text:
Textual context: PTO operation time must be less than or equal to the total operation time.
Driving time must always be less than or equal to the total operation time.
The number of stops where PTO is engaged must not exceed the overall stop count.
Payload must remain below or equal to the load carried by axle 2.
Axle 3's load must always be equal to or greater than the payload.";"```python
# PTO operation time must be less than or equal to the total operation time.
def r1(pto_time: float, total_time: float) -> bool:
    return pto_time <= total_time

# Driving time must always be less than or equal to the total operation time.
def r2(driving_time: float, total_time: float) -> bool:
    return driving_time <= total_time

# The number of stops where PTO is engaged must not exceed the overall stop count.
def r3(pto_stops: int, total_stops: int) -> bool:
    return pto_stops <= total_stops

# Payload must remain below or equal to the load carried by axle 2.
def r4(payload: float, axle2_load: float) -> bool:
    return payload <= axle2_load

# Axle 3's load must always be equal to or greater than the payload.
def r5(axle3_load: float, payload: float) -> bool:
    return axle3_load >= payload
```"
"System Message:
You are a logician with a background in mathematics that translates natural language
reasoning text to Python3 code so that these natural language reasoning problems can be solved.
During the translation, please pay close attention to defining variables and rules.
Do not add any comments from you.
Be guided by the following example:
Example input text:
Textual context: A vehicle operates over a A param between 20 and 110 in a typical day.
A vehicle operates for a B param between 2 and 10 in a typical day.
A vehicle operates with C param between 0.2 and 5 in a typical day.
A vehicle remains D param between 1 and 5 in a typical day.
A vehicle spends E param between 1 and 5 in a typical day.

Example Python3 code:
# A vehicle operates over a A param between 20 and 110 in a typical day.
def r1(a: float) -> bool:
    return 20 <= a <= 110

# A vehicle operates for a B param between 2 and 10 in a typical day.
def r2(b: float) -> bool:
    return 2 <= b <= 10

# A vehicle operates with C param between 0.2 and 5 in a typical day.
def r3(c: float) -> bool:
    return 0.2 <= c <= 5

# A vehicle remains D param between 1 and 5 in a typical day.
def r4(d: float) -> bool:
    return 1 <= d <= 5

# A vehicle spends E param between 1 and 5 in a typical day.
def r5(e: float) -> bool:
    return 1 <= e <= 5


Input text:
Textual context: The total operation duration must not be lower than the PTO operation time.
Idle time cannot be greater than the total operation time.
Driving time should be less than or equal to the total operation time.
Stops with PTO engaged should never outnumber total stops.
Axle 1's load cannot exceed Axle 3's load.";"def r6(total_operation_duration: float, pto_operation_time: float) -> bool:
    return total_operation_duration >= pto_operation_time

def r7(idle_time: float, total_operation_time: float) -> bool:
    return idle_time <= total_operation_time

def r8(driving_time: float, total_operation_time: float) -> bool:
    return driving_time <= total_operation_time

def r9(stops_with_pto_engaged: float, total_stops: float) -> bool:
    return stops_with_pto_engaged <= total_stops

def r10(axle1_load: float, axle3_load: float) -> bool:
    return axle1_load <= axle3_load
"
"System Message:
You are a logician with a background in mathematics that translates natural language
reasoning text to Python3 code so that these natural language reasoning problems can be solved.
During the translation, please pay close attention to defining variables and rules.
Do not add any comments from you.
Be guided by the following example:
Example input text:
Textual context: A vehicle operates over a A param between 20 and 110 in a typical day.
A vehicle operates for a B param between 2 and 10 in a typical day.
A vehicle operates with C param between 0.2 and 5 in a typical day.
A vehicle remains D param between 1 and 5 in a typical day.
A vehicle spends E param between 1 and 5 in a typical day.

Example Python3 code:
# A vehicle operates over a A param between 20 and 110 in a typical day.
def r1(a: float) -> bool:
    return 20 <= a <= 110

# A vehicle operates for a B param between 2 and 10 in a typical day.
def r2(b: float) -> bool:
    return 2 <= b <= 10

# A vehicle operates with C param between 0.2 and 5 in a typical day.
def r3(c: float) -> bool:
    return 0.2 <= c <= 5

# A vehicle remains D param between 1 and 5 in a typical day.
def r4(d: float) -> bool:
    return 1 <= d <= 5

# A vehicle spends E param between 1 and 5 in a typical day.
def r5(e: float) -> bool:
    return 1 <= e <= 5


Input text:
Textual context: Total operation time shouldn’t be lower than idle time.
Stops with PTO engaged should never outnumber total stops.
The load carried by axle 1 must be smaller than or equal to the load on axle 3.";"```python
def r6(total_operation_time: float, idle_time: float) -> bool:
    return total_operation_time >= idle_time

def r7(stops_with_pto_engaged: float, total_stops: float) -> bool:
    return stops_with_pto_engaged <= total_stops

def r8(load_axle_1: float, load_axle_3: float) -> bool:
    return load_axle_1 <= load_axle_3
```"
"System Message:
You are a logician with a background in mathematics that translates natural language
reasoning text to Python3 code so that these natural language reasoning problems can be solved.
During the translation, please pay close attention to defining variables and rules.
Do not add any comments from you.
Be guided by the following example:
Example input text:
Textual context: A vehicle operates over a A param between 20 and 110 in a typical day.
A vehicle operates for a B param between 2 and 10 in a typical day.
A vehicle operates with C param between 0.2 and 5 in a typical day.
A vehicle remains D param between 1 and 5 in a typical day.
A vehicle spends E param between 1 and 5 in a typical day.

Example Python3 code:
# A vehicle operates over a A param between 20 and 110 in a typical day.
def r1(a: float) -> bool:
    return 20 <= a <= 110

# A vehicle operates for a B param between 2 and 10 in a typical day.
def r2(b: float) -> bool:
    return 2 <= b <= 10

# A vehicle operates with C param between 0.2 and 5 in a typical day.
def r3(c: float) -> bool:
    return 0.2 <= c <= 5

# A vehicle remains D param between 1 and 5 in a typical day.
def r4(d: float) -> bool:
    return 1 <= d <= 5

# A vehicle spends E param between 1 and 5 in a typical day.
def r5(e: float) -> bool:
    return 1 <= e <= 5


Input text:
Textual context: PTO operation time must be less than or equal to the total operation time.
The weight on axle 1 cannot surpass the weight on axle 2.
The load supported by axle 1 cannot exceed that of axle 3.
Payload must remain below or equal to the load carried by axle 2.
Payload must remain below or equal to the load carried by axle 3.";"def r1(pto_time: float, total_time: float) -> bool:
    return pto_time <= total_time

def r2(axle1_weight: float, axle2_weight: float) -> bool:
    return axle1_weight <= axle2_weight

def r3(axle1_load: float, axle3_load: float) -> bool:
    return axle1_load <= axle3_load

def r4(payload: float, axle2_load: float) -> bool:
    return payload <= axle2_load

def r5(payload: float, axle3_load: float) -> bool:
    return payload <= axle3_load"
"System Message:
You are a logician with a background in mathematics that translates natural language
reasoning text to Python3 code so that these natural language reasoning problems can be solved.
During the translation, please pay close attention to defining variables and rules.
Do not add any comments from you.
Be guided by the following example:
Example input text:
Textual context: A vehicle operates over a A param between 20 and 110 in a typical day.
A vehicle operates for a B param between 2 and 10 in a typical day.
A vehicle operates with C param between 0.2 and 5 in a typical day.
A vehicle remains D param between 1 and 5 in a typical day.
A vehicle spends E param between 1 and 5 in a typical day.

Example Python3 code:
# A vehicle operates over a A param between 20 and 110 in a typical day.
def r1(a: float) -> bool:
    return 20 <= a <= 110

# A vehicle operates for a B param between 2 and 10 in a typical day.
def r2(b: float) -> bool:
    return 2 <= b <= 10

# A vehicle operates with C param between 0.2 and 5 in a typical day.
def r3(c: float) -> bool:
    return 0.2 <= c <= 5

# A vehicle remains D param between 1 and 5 in a typical day.
def r4(d: float) -> bool:
    return 1 <= d <= 5

# A vehicle spends E param between 1 and 5 in a typical day.
def r5(e: float) -> bool:
    return 1 <= e <= 5


Input text:
Textual context: Idle time must always be less than or equal to the total operation time.
Driving time must always be less than or equal to the total operation time.
Stops with PTO engaged should never outnumber total stops.
The load carried by axle 1 must be smaller than or equal to the load on axle 2.";"```python
# Idle time must always be less than or equal to the total operation time.
def r1(idle_time: float, total_operation_time: float) -> bool:
    return idle_time <= total_operation_time

# Driving time must always be less than or equal to the total operation time.
def r2(driving_time: float, total_operation_time: float) -> bool:
    return driving_time <= total_operation_time

# Stops with PTO engaged should never outnumber total stops.
def r3(stops_with_pto_engaged: int, total_stops: int) -> bool:
    return stops_with_pto_engaged <= total_stops

# The load carried by axle 1 must be smaller than or equal to the load on axle 2.
def r4(load_axle_1: float, load_axle_2: float) -> bool:
    return load_axle_1 <= load_axle_2
```"
"System Message:
You are a logician with a background in mathematics that translates natural language
reasoning text to Python3 code so that these natural language reasoning problems can be solved.
During the translation, please pay close attention to defining variables and rules.
Do not add any comments from you.
Be guided by the following example:
Example input text:
Textual context: A vehicle operates over a A param between 20 and 110 in a typical day.
A vehicle operates for a B param between 2 and 10 in a typical day.
A vehicle operates with C param between 0.2 and 5 in a typical day.
A vehicle remains D param between 1 and 5 in a typical day.
A vehicle spends E param between 1 and 5 in a typical day.

Example Python3 code:
# A vehicle operates over a A param between 20 and 110 in a typical day.
def r1(a: float) -> bool:
    return 20 <= a <= 110

# A vehicle operates for a B param between 2 and 10 in a typical day.
def r2(b: float) -> bool:
    return 2 <= b <= 10

# A vehicle operates with C param between 0.2 and 5 in a typical day.
def r3(c: float) -> bool:
    return 0.2 <= c <= 5

# A vehicle remains D param between 1 and 5 in a typical day.
def r4(d: float) -> bool:
    return 1 <= d <= 5

# A vehicle spends E param between 1 and 5 in a typical day.
def r5(e: float) -> bool:
    return 1 <= e <= 5


Input text:
Textual context: Idle time cannot be greater than the total operation time.
The total operation durationmust not be lower than the driving time.
The weight on axle 1 cannot surpass the weight on axle 2.
The load on axle 1 must not surpass the load on axle 3.";"```python
# Idle time cannot be greater than the total operation time.
def r1(idle_time: float, total_operation_time: float) -> bool:
    return idle_time <= total_operation_time

# The total operation durationmust not be lower than the driving time.
def r2(total_operation_duration: float, driving_time: float) -> bool:
    return total_operation_duration >= driving_time

# The weight on axle 1 cannot surpass the weight on axle 2.
def r3(weight_on_axle_1: float, weight_on_axle_2: float) -> bool:
    return weight_on_axle_1 <= weight_on_axle_2

# The load on axle 1 must not surpass the load on axle 3.
def r4(load_on_axle_1: float, load_on_axle_3: float) -> bool:
    return load_on_axle_1 <= load_on_axle_3
```"
"System Message:
You are a logician with a background in mathematics that translates natural language
reasoning text to Python3 code so that these natural language reasoning problems can be solved.
During the translation, please pay close attention to defining variables and rules.
Do not add any comments from you.
Be guided by the following example:
Example input text:
Textual context: A vehicle operates over a A param between 20 and 110 in a typical day.
A vehicle operates for a B param between 2 and 10 in a typical day.
A vehicle operates with C param between 0.2 and 5 in a typical day.
A vehicle remains D param between 1 and 5 in a typical day.
A vehicle spends E param between 1 and 5 in a typical day.

Example Python3 code:
# A vehicle operates over a A param between 20 and 110 in a typical day.
def r1(a: float) -> bool:
    return 20 <= a <= 110

# A vehicle operates for a B param between 2 and 10 in a typical day.
def r2(b: float) -> bool:
    return 2 <= b <= 10

# A vehicle operates with C param between 0.2 and 5 in a typical day.
def r3(c: float) -> bool:
    return 0.2 <= c <= 5

# A vehicle remains D param between 1 and 5 in a typical day.
def r4(d: float) -> bool:
    return 1 <= d <= 5

# A vehicle spends E param between 1 and 5 in a typical day.
def r5(e: float) -> bool:
    return 1 <= e <= 5


Input text:
Textual context: PTO operation time must be less than or equal to the total operation time.
The total operation duration must not be lower than the idle time.
The weight on axle 1 cannot surpass the weight on axle 3.
The payload must always be smaller than or equal to the load on axle 2.
The combined time for PTO operation, idle time, and driving time must not surpass the total operation time.";"def r1(pto_time: float, total_time: float) -> bool:
    return pto_time <= total_time

def r2(total_duration: float, idle_time: float) -> bool:
    return total_duration >= idle_time

def r3(axle1_weight: float, axle3_weight: float) -> bool:
    return axle1_weight <= axle3_weight

def r4(payload: float, axle2_load: float) -> bool:
    return payload <= axle2_load

def r5(pto_time: float, idle_time: float, driving_time: float, total_time: float) -> bool:
    return pto_time + idle_time + driving_time <= total_time"
"System Message:
You are a logician with a background in mathematics that translates natural language
reasoning text to Python3 code so that these natural language reasoning problems can be solved.
During the translation, please pay close attention to defining variables and rules.
Do not add any comments from you.
Be guided by the following example:
Example input text:
Textual context: A vehicle operates over a A param between 20 and 110 in a typical day.
A vehicle operates for a B param between 2 and 10 in a typical day.
A vehicle operates with C param between 0.2 and 5 in a typical day.
A vehicle remains D param between 1 and 5 in a typical day.
A vehicle spends E param between 1 and 5 in a typical day.

Example Python3 code:
# A vehicle operates over a A param between 20 and 110 in a typical day.
def r1(a: float) -> bool:
    return 20 <= a <= 110

# A vehicle operates for a B param between 2 and 10 in a typical day.
def r2(b: float) -> bool:
    return 2 <= b <= 10

# A vehicle operates with C param between 0.2 and 5 in a typical day.
def r3(c: float) -> bool:
    return 0.2 <= c <= 5

# A vehicle remains D param between 1 and 5 in a typical day.
def r4(d: float) -> bool:
    return 1 <= d <= 5

# A vehicle spends E param between 1 and 5 in a typical day.
def r5(e: float) -> bool:
    return 1 <= e <= 5


Input text:
Textual context: PTO operation time cannot be greater than the total operation time.
Idle time cannot be greater than the total operation time.
The number of stops where PTO is engaged must not exceed the overall stop count.
The payload cannot exceed the capacity of axle 2.
Axle 3's load must always be equal to or greater than the payload.";"```python
def r1(pto_operation_time: float, total_operation_time: float) -> bool:
    return pto_operation_time <= total_operation_time

def r2(idle_time: float, total_operation_time: float) -> bool:
    return idle_time <= total_operation_time

def r3(pto_engaged_stops: float, overall_stops: float) -> bool:
    return pto_engaged_stops <= overall_stops

def r4(payload: float, axle2_capacity: float) -> bool:
    return payload <= axle2_capacity

def r5(axle3_load: float, payload: float) -> bool:
    return axle3_load >= payload
```"
"System Message:
You are a logician with a background in mathematics that translates natural language
reasoning text to Python3 code so that these natural language reasoning problems can be solved.
During the translation, please pay close attention to defining variables and rules.
Do not add any comments from you.
Be guided by the following example:
Example input text:
Textual context: A vehicle operates over a A param between 20 and 110 in a typical day.
A vehicle operates for a B param between 2 and 10 in a typical day.
A vehicle operates with C param between 0.2 and 5 in a typical day.
A vehicle remains D param between 1 and 5 in a typical day.
A vehicle spends E param between 1 and 5 in a typical day.

Example Python3 code:
# A vehicle operates over a A param between 20 and 110 in a typical day.
def r1(a: float) -> bool:
    return 20 <= a <= 110

# A vehicle operates for a B param between 2 and 10 in a typical day.
def r2(b: float) -> bool:
    return 2 <= b <= 10

# A vehicle operates with C param between 0.2 and 5 in a typical day.
def r3(c: float) -> bool:
    return 0.2 <= c <= 5

# A vehicle remains D param between 1 and 5 in a typical day.
def r4(d: float) -> bool:
    return 1 <= d <= 5

# A vehicle spends E param between 1 and 5 in a typical day.
def r5(e: float) -> bool:
    return 1 <= e <= 5


Input text:
Textual context: Idle time should be less than or equal to the total operation time.
The total operation durationmust not be lower than the driving time.
Axle 2's load must always be equal to or greater than the payload.
The payload must always be smaller than or equal to the load on axle 3.";"```python
# Idle time should be less than or equal to the total operation time.
def r1(idle_time: float, total_operation_time: float) -> bool:
    return idle_time <= total_operation_time

# The total operation durationmust not be lower than the driving time.
def r2(total_operation_duration: float, driving_time: float) -> bool:
    return total_operation_duration >= driving_time

# Axle 2's load must always be equal to or greater than the payload.
def r3(axle2_load: float, payload: float) -> bool:
    return axle2_load >= payload

# The payload must always be smaller than or equal to the load on axle 3.
def r4(payload: float, axle3_load: float) -> bool:
    return payload <= axle3_load
```"
"System Message:
You are a logician with a background in mathematics that translates natural language
reasoning text to Python3 code so that these natural language reasoning problems can be solved.
During the translation, please pay close attention to defining variables and rules.
Do not add any comments from you.
Be guided by the following example:
Example input text:
Textual context: A vehicle operates over a A param between 20 and 110 in a typical day.
A vehicle operates for a B param between 2 and 10 in a typical day.
A vehicle operates with C param between 0.2 and 5 in a typical day.
A vehicle remains D param between 1 and 5 in a typical day.
A vehicle spends E param between 1 and 5 in a typical day.

Example Python3 code:
# A vehicle operates over a A param between 20 and 110 in a typical day.
def r1(a: float) -> bool:
    return 20 <= a <= 110

# A vehicle operates for a B param between 2 and 10 in a typical day.
def r2(b: float) -> bool:
    return 2 <= b <= 10

# A vehicle operates with C param between 0.2 and 5 in a typical day.
def r3(c: float) -> bool:
    return 0.2 <= c <= 5

# A vehicle remains D param between 1 and 5 in a typical day.
def r4(d: float) -> bool:
    return 1 <= d <= 5

# A vehicle spends E param between 1 and 5 in a typical day.
def r5(e: float) -> bool:
    return 1 <= e <= 5


Input text:
Textual context: Total operation time shouldn’t be lower than idle time.
Driving time must always be less than or equal to the total operation time.
Stops with PTO engaged should never outnumber total stops.
The payload must always be smaller than or equal to the load on axle 2.";"```python
# Total operation time shouldn’t be lower than idle time.
def r6(total_operation_time: float, idle_time: float) -> bool:
    return total_operation_time >= idle_time

# Driving time must always be less than or equal to the total operation time.
def r7(driving_time: float, total_operation_time: float) -> bool:
    return driving_time <= total_operation_time

# Stops with PTO engaged should never outnumber total stops.
def r8(stops_with_pto_engaged: int, total_stops: int) -> bool:
    return stops_with_pto_engaged <= total_stops

# The payload must always be smaller than or equal to the load on axle 2.
def r9(payload: float, load_on_axle_2: float) -> bool:
    return payload <= load_on_axle_2
```"
"System Message:
You are a logician with a background in mathematics that translates natural language
reasoning text to Python3 code so that these natural language reasoning problems can be solved.
During the translation, please pay close attention to defining variables and rules.
Do not add any comments from you.
Be guided by the following example:
Example input text:
Textual context: A vehicle operates over a A param between 20 and 110 in a typical day.
A vehicle operates for a B param between 2 and 10 in a typical day.
A vehicle operates with C param between 0.2 and 5 in a typical day.
A vehicle remains D param between 1 and 5 in a typical day.
A vehicle spends E param between 1 and 5 in a typical day.

Example Python3 code:
# A vehicle operates over a A param between 20 and 110 in a typical day.
def r1(a: float) -> bool:
    return 20 <= a <= 110

# A vehicle operates for a B param between 2 and 10 in a typical day.
def r2(b: float) -> bool:
    return 2 <= b <= 10

# A vehicle operates with C param between 0.2 and 5 in a typical day.
def r3(c: float) -> bool:
    return 0.2 <= c <= 5

# A vehicle remains D param between 1 and 5 in a typical day.
def r4(d: float) -> bool:
    return 1 <= d <= 5

# A vehicle spends E param between 1 and 5 in a typical day.
def r5(e: float) -> bool:
    return 1 <= e <= 5


Input text:
Textual context: The total operation duration must not be lower than the PTO operation time.
The total operation duration must not be lower than the idle time.
Driving time must always be less than or equal to the total operation time.
The payload must not exceed the load carried by axle 3.";"```python
# The total operation duration must not be lower than the PTO operation time.
def r1(total_operation_duration: float, pto_operation_time: float) -> bool:
    return total_operation_duration >= pto_operation_time

# The total operation duration must not be lower than the idle time.
def r2(total_operation_duration: float, idle_time: float) -> bool:
    return total_operation_duration >= idle_time

# Driving time must always be less than or equal to the total operation time.
def r3(driving_time: float, total_operation_time: float) -> bool:
    return driving_time <= total_operation_time

# The payload must not exceed the load carried by axle 3.
def r4(payload: float, load_carried_by_axle_3: float) -> bool:
    return payload <= load_carried_by_axle_3
```"
"System Message:
You are a logician with a background in mathematics that translates natural language
reasoning text to Python3 code so that these natural language reasoning problems can be solved.
During the translation, please pay close attention to defining variables and rules.
Do not add any comments from you.
Be guided by the following example:
Example input text:
Textual context: A vehicle operates over a A param between 20 and 110 in a typical day.
A vehicle operates for a B param between 2 and 10 in a typical day.
A vehicle operates with C param between 0.2 and 5 in a typical day.
A vehicle remains D param between 1 and 5 in a typical day.
A vehicle spends E param between 1 and 5 in a typical day.

Example Python3 code:
# A vehicle operates over a A param between 20 and 110 in a typical day.
def r1(a: float) -> bool:
    return 20 <= a <= 110

# A vehicle operates for a B param between 2 and 10 in a typical day.
def r2(b: float) -> bool:
    return 2 <= b <= 10

# A vehicle operates with C param between 0.2 and 5 in a typical day.
def r3(c: float) -> bool:
    return 0.2 <= c <= 5

# A vehicle remains D param between 1 and 5 in a typical day.
def r4(d: float) -> bool:
    return 1 <= d <= 5

# A vehicle spends E param between 1 and 5 in a typical day.
def r5(e: float) -> bool:
    return 1 <= e <= 5


Input text:
Textual context: PTO operation time cannot be greater than the total operation time.
Driving time cannot be greater than the total operation time.
The payload must not exceed the load carried by axle 2.";"```python
# PTO operation time cannot be greater than the total operation time.
def r1(pto_time: float, total_time: float) -> bool:
    return pto_time <= total_time

# Driving time cannot be greater than the total operation time.
def r2(driving_time: float, total_time: float) -> bool:
    return driving_time <= total_time

# The payload must not exceed the load carried by axle 2.
def r3(payload: float, axle2_load: float) -> bool:
    return payload <= axle2_load
```"
"System Message:
You are a logician with a background in mathematics that translates natural language
reasoning text to Python3 code so that these natural language reasoning problems can be solved.
During the translation, please pay close attention to defining variables and rules.
Do not add any comments from you.
Be guided by the following example:
Example input text:
Textual context: A vehicle operates over a A param between 20 and 110 in a typical day.
A vehicle operates for a B param between 2 and 10 in a typical day.
A vehicle operates with C param between 0.2 and 5 in a typical day.
A vehicle remains D param between 1 and 5 in a typical day.

Example Python3 code:
# A vehicle operates over a A param between 20 and 110 in a typical day.
def r1(a: float) -> bool:
    return 20 <= a <= 110

# A vehicle operates for a B param between 2 and 10 in a typical day.
def r2(b: float) -> bool:
    return 2 <= b <= 10

# A vehicle operates with C param between 0.2 and 5 in a typical day.
def r3(c: float) -> bool:
    return 0.2 <= c <= 5

# A vehicle remains D param between 1 and 5 in a typical day.
def r4(d: float) -> bool:
    return 1 <= d <= 5


Input text:
Textual context: PTO operation time must be less than or equal to the total operation time.
Driving time should be less than or equal to the total operation time.
The weight on axle 1 cannot surpass the weight on axle 2.
The payload must not exceed the load carried by axle 3.";"```python
# PTO operation time must be less than or equal to the total operation time.
def r1(pto_time: float, total_time: float) -> bool:
    return pto_time <= total_time

# Driving time should be less than or equal to the total operation time.
def r2(driving_time: float, total_time: float) -> bool:
    return driving_time <= total_time

# The weight on axle 1 cannot surpass the weight on axle 2.
def r3(axle1_weight: float, axle2_weight: float) -> bool:
    return axle1_weight <= axle2_weight

# The payload must not exceed the load carried by axle 3.
def r4(payload: float, axle3_load: float) -> bool:
    return payload <= axle3_load
```"
"System Message:
You are a logician with a background in mathematics that translates natural language
reasoning text to Python3 code so that these natural language reasoning problems can be solved.
During the translation, please pay close attention to defining variables and rules.
Do not add any comments from you.
Be guided by the following example:
Example input text:
Textual context: A vehicle operates over a A param between 20 and 110 in a typical day.
A vehicle operates for a B param between 2 and 10 in a typical day.
A vehicle operates with C param between 0.2 and 5 in a typical day.
A vehicle remains D param between 1 and 5 in a typical day.

Example Python3 code:
# A vehicle operates over a A param between 20 and 110 in a typical day.
def r1(a: float) -> bool:
    return 20 <= a <= 110

# A vehicle operates for a B param between 2 and 10 in a typical day.
def r2(b: float) -> bool:
    return 2 <= b <= 10

# A vehicle operates with C param between 0.2 and 5 in a typical day.
def r3(c: float) -> bool:
    return 0.2 <= c <= 5

# A vehicle remains D param between 1 and 5 in a typical day.
def r4(d: float) -> bool:
    return 1 <= d <= 5


Input text:
Textual context: Total operation time shouldn’t be lower than PTO operation time.
Idle time should be less than or equal to the total operation time.
The load carried by axle 1 must be smaller than or equal to the load on axle 3.
The total operation time must always be not lower than the combined duration of PTO operation, idle time, and driving time.";"```python
def r1(total_operation_time: float, pto_operation_time: float) -> bool:
    return total_operation_time >= pto_operation_time

def r2(idle_time: float, total_operation_time: float) -> bool:
    return idle_time <= total_operation_time

def r3(axle1_load: float, axle3_load: float) -> bool:
    return axle1_load <= axle3_load

def r4(total_operation_time: float, pto_operation_time: float, idle_time: float, driving_time: float) -> bool:
    return total_operation_time >= pto_operation_time + idle_time + driving_time
```"
"System Message:
You are a logician with a background in mathematics that translates natural language
reasoning text to Python3 code so that these natural language reasoning problems can be solved.
During the translation, please pay close attention to defining variables and rules.
Do not add any comments from you.
Be guided by the following example:
Example input text:
Textual context: A vehicle operates over a A param between 20 and 110 in a typical day.
A vehicle operates for a B param between 2 and 10 in a typical day.
A vehicle operates with C param between 0.2 and 5 in a typical day.
A vehicle remains D param between 1 and 5 in a typical day.
A vehicle spends E param between 1 and 5 in a typical day.

Example Python3 code:
# A vehicle operates over a A param between 20 and 110 in a typical day.
def r1(a: float) -> bool:
    return 20 <= a <= 110

# A vehicle operates for a B param between 2 and 10 in a typical day.
def r2(b: float) -> bool:
    return 2 <= b <= 10

# A vehicle operates with C param between 0.2 and 5 in a typical day.
def r3(c: float) -> bool:
    return 0.2 <= c <= 5

# A vehicle remains D param between 1 and 5 in a typical day.
def r4(d: float) -> bool:
    return 1 <= d <= 5

# A vehicle spends E param between 1 and 5 in a typical day.
def r5(e: float) -> bool:
    return 1 <= e <= 5


Input text:
Textual context: Total operation time shouldn’t be lower than idle time.
Driving time should be less than or equal to the total operation time.
The number of stops where PTO is engaged must not exceed the overall stop count.
The load supported by axle 1 cannot exceed that of axle 2.
The weight on axle 1 cannot surpass the weight on axle 3.";"```python
# Total operation time shouldn’t be lower than idle time.
def r6(total_operation_time: float, idle_time: float) -> bool:
    return total_operation_time >= idle_time

# Driving time should be less than or equal to the total operation time.
def r7(driving_time: float, total_operation_time: float) -> bool:
    return driving_time <= total_operation_time

# The number of stops where PTO is engaged must not exceed the overall stop count.
def r8(pto_engaged_stops: int, overall_stops: int) -> bool:
    return pto_engaged_stops <= overall_stops

# The load supported by axle 1 cannot exceed that of axle 2.
def r9(axle1_load: float, axle2_load: float) -> bool:
    return axle1_load <= axle2_load

# The weight on axle 1 cannot surpass the weight on axle 3.
def r10(axle1_weight: float, axle3_weight: float) -> bool:
    return axle1_weight <= axle3_weight
```"
"System Message:
You are a logician with a background in mathematics that translates natural language
reasoning text to Python3 code so that these natural language reasoning problems can be solved.
During the translation, please pay close attention to defining variables and rules.
Do not add any comments from you.
Be guided by the following example:
Example input text:
Textual context: A vehicle operates over a A param between 20 and 110 in a typical day.
A vehicle operates for a B param between 2 and 10 in a typical day.
A vehicle operates with C param between 0.2 and 5 in a typical day.
A vehicle remains D param between 1 and 5 in a typical day.
A vehicle spends E param between 1 and 5 in a typical day.

Example Python3 code:
# A vehicle operates over a A param between 20 and 110 in a typical day.
def r1(a: float) -> bool:
    return 20 <= a <= 110

# A vehicle operates for a B param between 2 and 10 in a typical day.
def r2(b: float) -> bool:
    return 2 <= b <= 10

# A vehicle operates with C param between 0.2 and 5 in a typical day.
def r3(c: float) -> bool:
    return 0.2 <= c <= 5

# A vehicle remains D param between 1 and 5 in a typical day.
def r4(d: float) -> bool:
    return 1 <= d <= 5

# A vehicle spends E param between 1 and 5 in a typical day.
def r5(e: float) -> bool:
    return 1 <= e <= 5


Input text:
Textual context: Idle time cannot be greater than the total operation time.
The total stop count must not be lower than the count of stops where PTO is engaged.
The load carried by axle 1 must be smaller than or equal to the load on axle 3.
Total operation time should be at least the sum of PTO, idle, and driving times.";"```python
def r1(idle_time: float, total_operation_time: float) -> bool:
    return idle_time <= total_operation_time

def r2(total_stop_count: float, pto_engaged_stop_count: float) -> bool:
    return total_stop_count >= pto_engaged_stop_count

def r3(axle1_load: float, axle3_load: float) -> bool:
    return axle1_load <= axle3_load

def r4(total_operation_time: float, pto_time: float, idle_time: float, driving_time: float) -> bool:
    return total_operation_time >= pto_time + idle_time + driving_time
```"
"System Message:
You are a logician with a background in mathematics that translates natural language
reasoning text to Python3 code so that these natural language reasoning problems can be solved.
During the translation, please pay close attention to defining variables and rules.
Do not add any comments from you.
Be guided by the following example:
Example input text:
Textual context: A vehicle operates over a A param between 20 and 110 in a typical day.
A vehicle operates for a B param between 2 and 10 in a typical day.
A vehicle operates with C param between 0.2 and 5 in a typical day.
A vehicle remains D param between 1 and 5 in a typical day.
A vehicle spends E param between 1 and 5 in a typical day.

Example Python3 code:
# A vehicle operates over a A param between 20 and 110 in a typical day.
def r1(a: float) -> bool:
    return 20 <= a <= 110

# A vehicle operates for a B param between 2 and 10 in a typical day.
def r2(b: float) -> bool:
    return 2 <= b <= 10

# A vehicle operates with C param between 0.2 and 5 in a typical day.
def r3(c: float) -> bool:
    return 0.2 <= c <= 5

# A vehicle remains D param between 1 and 5 in a typical day.
def r4(d: float) -> bool:
    return 1 <= d <= 5

# A vehicle spends E param between 1 and 5 in a typical day.
def r5(e: float) -> bool:
    return 1 <= e <= 5


Input text:
Textual context: Total operation time shouldn’t be lower than idle time.
The load on axle 1 must not surpass the load on axle 2.
The load carried by axle 1 must be smaller than or equal to the load on axle 3.
The payload cannot exceed the capacity of axle 2.
The payload cannot exceed the capacity of axle 3.";"```python
# Total operation time shouldn’t be lower than idle time.
def r1(operation_time: float, idle_time: float) -> bool:
    return operation_time >= idle_time

# The load on axle 1 must not surpass the load on axle 2.
def r2(axle1_load: float, axle2_load: float) -> bool:
    return axle1_load <= axle2_load

# The load carried by axle 1 must be smaller than or equal to the load on axle 3.
def r3(axle1_load: float, axle3_load: float) -> bool:
    return axle1_load <= axle3_load

# The payload cannot exceed the capacity of axle 2.
def r4(payload: float, axle2_capacity: float) -> bool:
    return payload <= axle2_capacity

# The payload cannot exceed the capacity of axle 3.
def r5(payload: float, axle3_capacity: float) -> bool:
    return payload <= axle3_capacity
```"
"System Message:
You are a logician with a background in mathematics that translates natural language
reasoning text to Python3 code so that these natural language reasoning problems can be solved.
During the translation, please pay close attention to defining variables and rules.
Do not add any comments from you.
Be guided by the following example:
Example input text:
Textual context: A vehicle operates over a A param between 20 and 110 in a typical day.
A vehicle operates for a B param between 2 and 10 in a typical day.
A vehicle operates with C param between 0.2 and 5 in a typical day.
A vehicle remains D param between 1 and 5 in a typical day.
A vehicle spends E param between 1 and 5 in a typical day.

Example Python3 code:
# A vehicle operates over a A param between 20 and 110 in a typical day.
def r1(a: float) -> bool:
    return 20 <= a <= 110

# A vehicle operates for a B param between 2 and 10 in a typical day.
def r2(b: float) -> bool:
    return 2 <= b <= 10

# A vehicle operates with C param between 0.2 and 5 in a typical day.
def r3(c: float) -> bool:
    return 0.2 <= c <= 5

# A vehicle remains D param between 1 and 5 in a typical day.
def r4(d: float) -> bool:
    return 1 <= d <= 5

# A vehicle spends E param between 1 and 5 in a typical day.
def r5(e: float) -> bool:
    return 1 <= e <= 5


Input text:
Textual context: Total operation time should shouldn’t be lower than driving time.
The load supported by axle 1 cannot exceed that of axle 2.
Axle 2's load must always be equal to or greater than the payload.
Axle 3's load must always be equal to or greater than the payload.
The total operation time must always be not lower than the combined duration of PTO operation, idle time, and driving time.";"```python
def r6(total_operation_time: float, driving_time: float) -> bool:
    return total_operation_time >= driving_time

def r7(axle1_load: float, axle2_load: float) -> bool:
    return axle1_load <= axle2_load

def r8(axle2_load: float, payload: float) -> bool:
    return axle2_load >= payload

def r9(axle3_load: float, payload: float) -> bool:
    return axle3_load >= payload

def r10(total_operation_time: float, pto_operation_time: float, idle_time: float, driving_time: float) -> bool:
    return total_operation_time >= (pto_operation_time + idle_time + driving_time)
```"
"System Message:
You are a logician with a background in mathematics that translates natural language
reasoning text to Python3 code so that these natural language reasoning problems can be solved.
During the translation, please pay close attention to defining variables and rules.
Do not add any comments from you.
Be guided by the following example:
Example input text:
Textual context: A vehicle operates over a A param between 20 and 110 in a typical day.
A vehicle operates for a B param between 2 and 10 in a typical day.
A vehicle operates with C param between 0.2 and 5 in a typical day.
A vehicle remains D param between 1 and 5 in a typical day.
A vehicle spends E param between 1 and 5 in a typical day.

Example Python3 code:
# A vehicle operates over a A param between 20 and 110 in a typical day.
def r1(a: float) -> bool:
    return 20 <= a <= 110

# A vehicle operates for a B param between 2 and 10 in a typical day.
def r2(b: float) -> bool:
    return 2 <= b <= 10

# A vehicle operates with C param between 0.2 and 5 in a typical day.
def r3(c: float) -> bool:
    return 0.2 <= c <= 5

# A vehicle remains D param between 1 and 5 in a typical day.
def r4(d: float) -> bool:
    return 1 <= d <= 5

# A vehicle spends E param between 1 and 5 in a typical day.
def r5(e: float) -> bool:
    return 1 <= e <= 5


Input text:
Textual context: Total operation time shouldn’t be lower than PTO operation time.
Idle time should be less than or equal to the total operation time.
The payload must not exceed the load carried by axle 2.
Total operation time should be at least the sum of PTO, idle, and driving times.";"```python
# Total operation time shouldn’t be lower than PTO operation time.
def r1(total_operation_time: float, pto_operation_time: float) -> bool:
    return total_operation_time >= pto_operation_time

# Idle time should be less than or equal to the total operation time.
def r2(idle_time: float, total_operation_time: float) -> bool:
    return idle_time <= total_operation_time

# The payload must not exceed the load carried by axle 2.
def r3(payload: float, load_carried_by_axle_2: float) -> bool:
    return payload <= load_carried_by_axle_2

# Total operation time should be at least the sum of PTO, idle, and driving times.
def r4(total_operation_time: float, pto_operation_time: float, idle_time: float, driving_time: float) -> bool:
    return total_operation_time >= pto_operation_time + idle_time + driving_time
```"
"System Message:
You are a logician with a background in mathematics that translates natural language
reasoning text to Python3 code so that these natural language reasoning problems can be solved.
During the translation, please pay close attention to defining variables and rules.
Do not add any comments from you.
Be guided by the following example:
Example input text:
Textual context: A vehicle operates over a A param between 20 and 110 in a typical day.
A vehicle operates for a B param between 2 and 10 in a typical day.
A vehicle operates with C param between 0.2 and 5 in a typical day.
A vehicle remains D param between 1 and 5 in a typical day.
A vehicle spends E param between 1 and 5 in a typical day.

Example Python3 code:
# A vehicle operates over a A param between 20 and 110 in a typical day.
def r1(a: float) -> bool:
    return 20 <= a <= 110

# A vehicle operates for a B param between 2 and 10 in a typical day.
def r2(b: float) -> bool:
    return 2 <= b <= 10

# A vehicle operates with C param between 0.2 and 5 in a typical day.
def r3(c: float) -> bool:
    return 0.2 <= c <= 5

# A vehicle remains D param between 1 and 5 in a typical day.
def r4(d: float) -> bool:
    return 1 <= d <= 5

# A vehicle spends E param between 1 and 5 in a typical day.
def r5(e: float) -> bool:
    return 1 <= e <= 5


Input text:
Textual context: PTO operation time should be less than or equal to the total operation time.
The total operation duration must not be lower than the idle time.
PTO-engaged stops cannot exceed the total number of stops.
The payload must not exceed the load carried by axle 3.
Total operation time must be greater than or equal to the sum of PTO operation, idle, and driving times.";"```python
# PTO operation time should be less than or equal to the total operation time.
def r1(pto_time: float, total_time: float) -> bool:
    return pto_time <= total_time

# The total operation duration must not be lower than the idle time.
def r2(total_time: float, idle_time: float) -> bool:
    return total_time >= idle_time

# PTO-engaged stops cannot exceed the total number of stops.
def r3(pto_stops: float, total_stops: float) -> bool:
    return pto_stops <= total_stops

# The payload must not exceed the load carried by axle 3.
def r4(payload: float, axle3_load: float) -> bool:
    return payload <= axle3_load

# Total operation time must be greater than or equal to the sum of PTO operation, idle, and driving times.
def r5(total_time: float, pto_time: float, idle_time: float, driving_time: float) -> bool:
    return total_time >= pto_time + idle_time + driving_time
```"
"System Message:
You are a logician with a background in mathematics that translates natural language
reasoning text to Python3 code so that these natural language reasoning problems can be solved.
During the translation, please pay close attention to defining variables and rules.
Do not add any comments from you.
Be guided by the following example:
Example input text:
Textual context: A vehicle operates over a A param between 20 and 110 in a typical day.
A vehicle operates for a B param between 2 and 10 in a typical day.
A vehicle operates with C param between 0.2 and 5 in a typical day.
A vehicle remains D param between 1 and 5 in a typical day.
A vehicle spends E param between 1 and 5 in a typical day.

Example Python3 code:
# A vehicle operates over a A param between 20 and 110 in a typical day.
def r1(a: float) -> bool:
    return 20 <= a <= 110

# A vehicle operates for a B param between 2 and 10 in a typical day.
def r2(b: float) -> bool:
    return 2 <= b <= 10

# A vehicle operates with C param between 0.2 and 5 in a typical day.
def r3(c: float) -> bool:
    return 0.2 <= c <= 5

# A vehicle remains D param between 1 and 5 in a typical day.
def r4(d: float) -> bool:
    return 1 <= d <= 5

# A vehicle spends E param between 1 and 5 in a typical day.
def r5(e: float) -> bool:
    return 1 <= e <= 5


Input text:
Textual context: The total operation durationmust not be lower than the driving time.
The load on axle 1 must not surpass the load on axle 3.
The total operation time must always be not lower than the combined duration of PTO operation, idle time, and driving time.";"```python
def r6(total_operation_duration: float, driving_time: float) -> bool:
    return total_operation_duration >= driving_time

def r7(load_on_axle_1: float, load_on_axle_3: float) -> bool:
    return load_on_axle_1 <= load_on_axle_3

def r8(total_operation_time: float, pto_operation: float, idle_time: float, driving_time: float) -> bool:
    return total_operation_time >= (pto_operation + idle_time + driving_time)
```"
"System Message:
You are a logician with a background in mathematics that translates natural language
reasoning text to Python3 code so that these natural language reasoning problems can be solved.
During the translation, please pay close attention to defining variables and rules.
Do not add any comments from you.
Be guided by the following example:
Example input text:
Textual context: A vehicle operates over a A param between 20 and 110 in a typical day.
A vehicle operates for a B param between 2 and 10 in a typical day.
A vehicle operates with C param between 0.2 and 5 in a typical day.
A vehicle remains D param between 1 and 5 in a typical day.

Example Python3 code:
# A vehicle operates over a A param between 20 and 110 in a typical day.
def r1(a: float) -> bool:
    return 20 <= a <= 110

# A vehicle operates for a B param between 2 and 10 in a typical day.
def r2(b: float) -> bool:
    return 2 <= b <= 10

# A vehicle operates with C param between 0.2 and 5 in a typical day.
def r3(c: float) -> bool:
    return 0.2 <= c <= 5

# A vehicle remains D param between 1 and 5 in a typical day.
def r4(d: float) -> bool:
    return 1 <= d <= 5


Input text:
Textual context: The total operation duration must not be lower than the idle time.
Driving time should be less than or equal to the total operation time.
The payload must not exceed the load carried by axle 3.
Total operation time should be at least the sum of PTO, idle, and driving times.";"```python
def r1(total_operation_duration: float, idle_time: float) -> bool:
    return total_operation_duration >= idle_time

def r2(driving_time: float, total_operation_time: float) -> bool:
    return driving_time <= total_operation_time

def r3(payload: float, load_carried_by_axle_3: float) -> bool:
    return payload <= load_carried_by_axle_3

def r4(total_operation_time: float, pto: float, idle: float, driving_time: float) -> bool:
    return total_operation_time >= pto + idle + driving_time
```"
"System Message:
You are a logician with a background in mathematics that translates natural language
reasoning text to Python3 code so that these natural language reasoning problems can be solved.
During the translation, please pay close attention to defining variables and rules.
Do not add any comments from you.
Be guided by the following example:
Example input text:
Textual context: A vehicle operates over a A param between 20 and 110 in a typical day.
A vehicle operates for a B param between 2 and 10 in a typical day.
A vehicle operates with C param between 0.2 and 5 in a typical day.
A vehicle remains D param between 1 and 5 in a typical day.

Example Python3 code:
# A vehicle operates over a A param between 20 and 110 in a typical day.
def r1(a: float) -> bool:
    return 20 <= a <= 110

# A vehicle operates for a B param between 2 and 10 in a typical day.
def r2(b: float) -> bool:
    return 2 <= b <= 10

# A vehicle operates with C param between 0.2 and 5 in a typical day.
def r3(c: float) -> bool:
    return 0.2 <= c <= 5

# A vehicle remains D param between 1 and 5 in a typical day.
def r4(d: float) -> bool:
    return 1 <= d <= 5


Input text:
Textual context: The total operation duration must not be lower than the idle time.
Total operation time should shouldn’t be lower than driving time.
The load carried by axle 1 must be smaller than or equal to the load on axle 2.
Payload must remain below or equal to the load carried by axle 3.";"```python
def r1(total_operation_duration: float, idle_time: float) -> bool:
    return total_operation_duration >= idle_time

def r2(total_operation_time: float, driving_time: float) -> bool:
    return total_operation_time >= driving_time

def r3(axle1_load: float, axle2_load: float) -> bool:
    return axle1_load <= axle2_load

def r4(payload: float, axle3_load: float) -> bool:
    return payload <= axle3_load
```"
"System Message:
You are a logician with a background in mathematics that translates natural language
reasoning text to Python3 code so that these natural language reasoning problems can be solved.
During the translation, please pay close attention to defining variables and rules.
Do not add any comments from you.
Be guided by the following example:
Example input text:
Textual context: A vehicle operates over a A param between 20 and 110 in a typical day.
A vehicle operates for a B param between 2 and 10 in a typical day.
A vehicle operates with C param between 0.2 and 5 in a typical day.
A vehicle remains D param between 1 and 5 in a typical day.

Example Python3 code:
# A vehicle operates over a A param between 20 and 110 in a typical day.
def r1(a: float) -> bool:
    return 20 <= a <= 110

# A vehicle operates for a B param between 2 and 10 in a typical day.
def r2(b: float) -> bool:
    return 2 <= b <= 10

# A vehicle operates with C param between 0.2 and 5 in a typical day.
def r3(c: float) -> bool:
    return 0.2 <= c <= 5

# A vehicle remains D param between 1 and 5 in a typical day.
def r4(d: float) -> bool:
    return 1 <= d <= 5


Input text:
Textual context: Driving time should be less than or equal to the total operation time.
Stops with PTO engaged should never outnumber total stops.
The payload must not exceed the load carried by axle 3.
Total operation time must be greater than or equal to the sum of PTO operation, idle, and driving times.";"```python
def r1(driving_time: float, total_operation_time: float) -> bool:
    return driving_time <= total_operation_time

def r2(stops_with_pto_engaged: float, total_stops: float) -> bool:
    return stops_with_pto_engaged <= total_stops

def r3(payload: float, load_carried_by_axle_3: float) -> bool:
    return payload <= load_carried_by_axle_3

def r4(total_operation_time: float, pto_operation: float, idle: float, driving_time: float) -> bool:
    return total_operation_time >= pto_operation + idle + driving_time
```"
"System Message:
You are a logician with a background in mathematics that translates natural language
reasoning text to Python3 code so that these natural language reasoning problems can be solved.
During the translation, please pay close attention to defining variables and rules.
Do not add any comments from you.
Be guided by the following example:
Example input text:
Textual context: A vehicle operates over a A param between 20 and 110 in a typical day.
A vehicle operates for a B param between 2 and 10 in a typical day.
A vehicle operates with C param between 0.2 and 5 in a typical day.
A vehicle remains D param between 1 and 5 in a typical day.

Example Python3 code:
# A vehicle operates over a A param between 20 and 110 in a typical day.
def r1(a: float) -> bool:
    return 20 <= a <= 110

# A vehicle operates for a B param between 2 and 10 in a typical day.
def r2(b: float) -> bool:
    return 2 <= b <= 10

# A vehicle operates with C param between 0.2 and 5 in a typical day.
def r3(c: float) -> bool:
    return 0.2 <= c <= 5

# A vehicle remains D param between 1 and 5 in a typical day.
def r4(d: float) -> bool:
    return 1 <= d <= 5


Input text:
Textual context: Driving time must always be less than or equal to the total operation time.
Stops with PTO engaged cannot outnumber the total stops.
The load on axle 1 must not surpass the load on axle 3.";"```python
def r1(driving_time: float, total_operation_time: float) -> bool:
    return driving_time <= total_operation_time

def r2(stops_with_pto_engaged: float, total_stops: float) -> bool:
    return stops_with_pto_engaged <= total_stops

def r3(load_on_axle_1: float, load_on_axle_3: float) -> bool:
    return load_on_axle_1 <= load_on_axle_3
```"
"System Message:
You are a logician with a background in mathematics that translates natural language
reasoning text to Python3 code so that these natural language reasoning problems can be solved.
During the translation, please pay close attention to defining variables and rules.
Do not add any comments from you.
Be guided by the following example:
Example input text:
Textual context: A vehicle operates over a A param between 20 and 110 in a typical day.
A vehicle operates for a B param between 2 and 10 in a typical day.
A vehicle operates with C param between 0.2 and 5 in a typical day.
A vehicle remains D param between 1 and 5 in a typical day.

Example Python3 code:
# A vehicle operates over a A param between 20 and 110 in a typical day.
def r1(a: float) -> bool:
    return 20 <= a <= 110

# A vehicle operates for a B param between 2 and 10 in a typical day.
def r2(b: float) -> bool:
    return 2 <= b <= 10

# A vehicle operates with C param between 0.2 and 5 in a typical day.
def r3(c: float) -> bool:
    return 0.2 <= c <= 5

# A vehicle remains D param between 1 and 5 in a typical day.
def r4(d: float) -> bool:
    return 1 <= d <= 5


Input text:
Textual context: The load on axle 1 must not surpass the load on axle 3.
Axle 2's load must always be equal to or greater than the payload.
The combined time for PTO operation, idle time, and driving time must not surpass the total operation time.";"```python
# The load on axle 1 must not surpass the load on axle 3.
def r1(load_axle1: float, load_axle3: float) -> bool:
    return load_axle1 <= load_axle3

# Axle 2's load must always be equal to or greater than the payload.
def r2(load_axle2: float, payload: float) -> bool:
    return load_axle2 >= payload

# The combined time for PTO operation, idle time, and driving time must not surpass the total operation time.
def r3(pto_time: float, idle_time: float, driving_time: float, total_operation_time: float) -> bool:
    return pto_time + idle_time + driving_time <= total_operation_time
```"
"System Message:
You are a logician with a background in mathematics that translates natural language
reasoning text to Python3 code so that these natural language reasoning problems can be solved.
During the translation, please pay close attention to defining variables and rules.
Do not add any comments from you.
Be guided by the following example:
Example input text:
Textual context: A vehicle operates over a A param between 20 and 110 in a typical day.
A vehicle operates for a B param between 2 and 10 in a typical day.
A vehicle operates with C param between 0.2 and 5 in a typical day.
A vehicle remains D param between 1 and 5 in a typical day.

Example Python3 code:
# A vehicle operates over a A param between 20 and 110 in a typical day.
def r1(a: float) -> bool:
    return 20 <= a <= 110

# A vehicle operates for a B param between 2 and 10 in a typical day.
def r2(b: float) -> bool:
    return 2 <= b <= 10

# A vehicle operates with C param between 0.2 and 5 in a typical day.
def r3(c: float) -> bool:
    return 0.2 <= c <= 5

# A vehicle remains D param between 1 and 5 in a typical day.
def r4(d: float) -> bool:
    return 1 <= d <= 5


Input text:
Textual context: The total operation duration must not be lower than the idle time.
The weight on axle 1 cannot surpass the weight on axle 2.
Axle 2's load must always be equal to or greater than the payload.";"```python
# The total operation duration must not be lower than the idle time.
def r1(total_operation_duration: float, idle_time: float) -> bool:
    return total_operation_duration >= idle_time

# The weight on axle 1 cannot surpass the weight on axle 2.
def r2(weight_on_axle_1: float, weight_on_axle_2: float) -> bool:
    return weight_on_axle_1 <= weight_on_axle_2

# Axle 2's load must always be equal to or greater than the payload.
def r3(axle_2_load: float, payload: float) -> bool:
    return axle_2_load >= payload
```"
"System Message:
You are a logician with a background in mathematics that translates natural language
reasoning text to Python3 code so that these natural language reasoning problems can be solved.
During the translation, please pay close attention to defining variables and rules.
Do not add any comments from you.
Be guided by the following example:
Example input text:
Textual context: A vehicle operates over a A param between 20 and 110 in a typical day.
A vehicle operates for a B param between 2 and 10 in a typical day.
A vehicle operates with C param between 0.2 and 5 in a typical day.
A vehicle remains D param between 1 and 5 in a typical day.

Example Python3 code:
# A vehicle operates over a A param between 20 and 110 in a typical day.
def r1(a: float) -> bool:
    return 20 <= a <= 110

# A vehicle operates for a B param between 2 and 10 in a typical day.
def r2(b: float) -> bool:
    return 2 <= b <= 10

# A vehicle operates with C param between 0.2 and 5 in a typical day.
def r3(c: float) -> bool:
    return 0.2 <= c <= 5

# A vehicle remains D param between 1 and 5 in a typical day.
def r4(d: float) -> bool:
    return 1 <= d <= 5


Input text:
Textual context: PTO operation time should be less than or equal to the total operation time.
Total operation time shouldn’t be lower than idle time.
The number of stops where PTO is engaged must not exceed the overall stop count.
The weight on axle 1 cannot surpass the weight on axle 2.";"```python
# PTO operation time should be less than or equal to the total operation time.
def r1(pto_time: float, total_time: float) -> bool:
    return pto_time <= total_time

# Total operation time shouldn’t be lower than idle time.
def r2(total_time: float, idle_time: float) -> bool:
    return total_time >= idle_time

# The number of stops where PTO is engaged must not exceed the overall stop count.
def r3(pto_engaged_stops: int, overall_stops: int) -> bool:
    return pto_engaged_stops <= overall_stops

# The weight on axle 1 cannot surpass the weight on axle 2.
def r4(axle1_weight: float, axle2_weight: float) -> bool:
    return axle1_weight <= axle2_weight
```"
"System Message:
You are a logician with a background in mathematics that translates natural language
reasoning text to Python3 code so that these natural language reasoning problems can be solved.
During the translation, please pay close attention to defining variables and rules.
Do not add any comments from you.
Be guided by the following example:
Example input text:
Textual context: A vehicle operates over a A param between 20 and 110 in a typical day.
A vehicle operates for a B param between 2 and 10 in a typical day.
A vehicle operates with C param between 0.2 and 5 in a typical day.
A vehicle remains D param between 1 and 5 in a typical day.

Example Python3 code:
# A vehicle operates over a A param between 20 and 110 in a typical day.
def r1(a: float) -> bool:
    return 20 <= a <= 110

# A vehicle operates for a B param between 2 and 10 in a typical day.
def r2(b: float) -> bool:
    return 2 <= b <= 10

# A vehicle operates with C param between 0.2 and 5 in a typical day.
def r3(c: float) -> bool:
    return 0.2 <= c <= 5

# A vehicle remains D param between 1 and 5 in a typical day.
def r4(d: float) -> bool:
    return 1 <= d <= 5


Input text:
Textual context: Idle time must always be less than or equal to the total operation time.
Driving time must always be less than or equal to the total operation time.
The load supported by axle 1 cannot exceed that of axle 2.
The payload must not exceed the load carried by axle 2.";"```python
# Idle time must always be less than or equal to the total operation time.
def r1(idle_time: float, total_operation_time: float) -> bool:
    return idle_time <= total_operation_time

# Driving time must always be less than or equal to the total operation time.
def r2(driving_time: float, total_operation_time: float) -> bool:
    return driving_time <= total_operation_time

# The load supported by axle 1 cannot exceed that of axle 2.
def r3(axle1_load: float, axle2_load: float) -> bool:
    return axle1_load <= axle2_load

# The payload must not exceed the load carried by axle 2.
def r4(payload: float, axle2_load: float) -> bool:
    return payload <= axle2_load
```"
"System Message:
You are a logician with a background in mathematics that translates natural language
reasoning text to Python3 code so that these natural language reasoning problems can be solved.
During the translation, please pay close attention to defining variables and rules.
Do not add any comments from you.
Be guided by the following example:
Example input text:
Textual context: A vehicle operates over a A param between 20 and 110 in a typical day.
A vehicle operates for a B param between 2 and 10 in a typical day.
A vehicle operates with C param between 0.2 and 5 in a typical day.
A vehicle remains D param between 1 and 5 in a typical day.

Example Python3 code:
# A vehicle operates over a A param between 20 and 110 in a typical day.
def r1(a: float) -> bool:
    return 20 <= a <= 110

# A vehicle operates for a B param between 2 and 10 in a typical day.
def r2(b: float) -> bool:
    return 2 <= b <= 10

# A vehicle operates with C param between 0.2 and 5 in a typical day.
def r3(c: float) -> bool:
    return 0.2 <= c <= 5

# A vehicle remains D param between 1 and 5 in a typical day.
def r4(d: float) -> bool:
    return 1 <= d <= 5


Input text:
Textual context: Driving time should be less than or equal to the total operation time.
The total stop count must not be lower than the count of stops where PTO is engaged.
The load carried by axle 1 must be smaller than or equal to the load on axle 2.";"```python
# Driving time should be less than or equal to the total operation time.
def r1(driving_time: float, total_operation_time: float) -> bool:
    return driving_time <= total_operation_time

# The total stop count must not be lower than the count of stops where PTO is engaged.
def r2(total_stop_count: float, pto_engaged_stop_count: float) -> bool:
    return total_stop_count >= pto_engaged_stop_count

# The load carried by axle 1 must be smaller than or equal to the load on axle 2.
def r3(axle1_load: float, axle2_load: float) -> bool:
    return axle1_load <= axle2_load
```"
"System Message:
You are a logician with a background in mathematics that translates natural language
reasoning text to Python3 code so that these natural language reasoning problems can be solved.
During the translation, please pay close attention to defining variables and rules.
Do not add any comments from you.
Be guided by the following example:
Example input text:
Textual context: A vehicle operates over a A param between 20 and 110 in a typical day.
A vehicle operates for a B param between 2 and 10 in a typical day.
A vehicle operates with C param between 0.2 and 5 in a typical day.
A vehicle remains D param between 1 and 5 in a typical day.
A vehicle spends E param between 1 and 5 in a typical day.

Example Python3 code:
# A vehicle operates over a A param between 20 and 110 in a typical day.
def r1(a: float) -> bool:
    return 20 <= a <= 110

# A vehicle operates for a B param between 2 and 10 in a typical day.
def r2(b: float) -> bool:
    return 2 <= b <= 10

# A vehicle operates with C param between 0.2 and 5 in a typical day.
def r3(c: float) -> bool:
    return 0.2 <= c <= 5

# A vehicle remains D param between 1 and 5 in a typical day.
def r4(d: float) -> bool:
    return 1 <= d <= 5

# A vehicle spends E param between 1 and 5 in a typical day.
def r5(e: float) -> bool:
    return 1 <= e <= 5


Input text:
Textual context: Idle time cannot be greater than the total operation time.
Driving time must always be less than or equal to the total operation time.
Stops with PTO engaged cannot outnumber the total stops.
Axle 2's load must always be equal to or greater than the payload.
The combined time for PTO operation, idle time, and driving time must not surpass the total operation time.";"```python
def r1(idle_time: float, total_operation_time: float) -> bool:
    return idle_time <= total_operation_time

def r2(driving_time: float, total_operation_time: float) -> bool:
    return driving_time <= total_operation_time

def r3(stops_with_pto_engaged: float, total_stops: float) -> bool:
    return stops_with_pto_engaged <= total_stops

def r4(axle_2_load: float, payload: float) -> bool:
    return axle_2_load >= payload

def r5(pto_operation_time: float, idle_time: float, driving_time: float, total_operation_time: float) -> bool:
    return pto_operation_time + idle_time + driving_time <= total_operation_time
```"
"System Message:
You are a logician with a background in mathematics that translates natural language
reasoning text to Python3 code so that these natural language reasoning problems can be solved.
During the translation, please pay close attention to defining variables and rules.
Do not add any comments from you.
Be guided by the following example:
Example input text:
Textual context: A vehicle operates over a A param between 20 and 110 in a typical day.
A vehicle operates for a B param between 2 and 10 in a typical day.
A vehicle operates with C param between 0.2 and 5 in a typical day.
A vehicle remains D param between 1 and 5 in a typical day.
A vehicle spends E param between 1 and 5 in a typical day.

Example Python3 code:
# A vehicle operates over a A param between 20 and 110 in a typical day.
def r1(a: float) -> bool:
    return 20 <= a <= 110

# A vehicle operates for a B param between 2 and 10 in a typical day.
def r2(b: float) -> bool:
    return 2 <= b <= 10

# A vehicle operates with C param between 0.2 and 5 in a typical day.
def r3(c: float) -> bool:
    return 0.2 <= c <= 5

# A vehicle remains D param between 1 and 5 in a typical day.
def r4(d: float) -> bool:
    return 1 <= d <= 5

# A vehicle spends E param between 1 and 5 in a typical day.
def r5(e: float) -> bool:
    return 1 <= e <= 5


Input text:
Textual context: The total operation duration must not be lower than the PTO operation time.
Driving time must always be less than or equal to the total operation time.
The payload cannot exceed the capacity of axle 3.
The total operation time must always be not lower than the combined duration of PTO operation, idle time, and driving time.";"```python
def r1(total_operation_duration: float, pto_operation_time: float) -> bool:
    return total_operation_duration >= pto_operation_time

def r2(driving_time: float, total_operation_time: float) -> bool:
    return driving_time <= total_operation_time

def r3(payload: float, axle3_capacity: float) -> bool:
    return payload <= axle3_capacity

def r4(total_operation_time: float, pto_operation_duration: float, idle_time: float, driving_time: float) -> bool:
    return total_operation_time >= pto_operation_duration + idle_time + driving_time
```"
"System Message:
You are a logician with a background in mathematics that translates natural language
reasoning text to Python3 code so that these natural language reasoning problems can be solved.
During the translation, please pay close attention to defining variables and rules.
Do not add any comments from you.
Be guided by the following example:
Example input text:
Textual context: A vehicle operates over a A param between 20 and 110 in a typical day.
A vehicle operates for a B param between 2 and 10 in a typical day.
A vehicle operates with C param between 0.2 and 5 in a typical day.
A vehicle remains D param between 1 and 5 in a typical day.
A vehicle spends E param between 1 and 5 in a typical day.

Example Python3 code:
# A vehicle operates over a A param between 20 and 110 in a typical day.
def r1(a: float) -> bool:
    return 20 <= a <= 110

# A vehicle operates for a B param between 2 and 10 in a typical day.
def r2(b: float) -> bool:
    return 2 <= b <= 10

# A vehicle operates with C param between 0.2 and 5 in a typical day.
def r3(c: float) -> bool:
    return 0.2 <= c <= 5

# A vehicle remains D param between 1 and 5 in a typical day.
def r4(d: float) -> bool:
    return 1 <= d <= 5

# A vehicle spends E param between 1 and 5 in a typical day.
def r5(e: float) -> bool:
    return 1 <= e <= 5


Input text:
Textual context: Total operation time shouldn’t be lower than PTO operation time.
Stops with PTO engaged should never outnumber total stops.
The weight on axle 1 cannot surpass the weight on axle 3.
Axle 2's load must always be equal to or greater than the payload.
Payload must remain below or equal to the load carried by axle 3.";"```python
def r6(total_operation_time: float, pto_operation_time: float) -> bool:
    return total_operation_time >= pto_operation_time

def r7(stops_with_pto_engaged: float, total_stops: float) -> bool:
    return stops_with_pto_engaged <= total_stops

def r8(axle1_weight: float, axle3_weight: float) -> bool:
    return axle1_weight <= axle3_weight

def r9(axle2_load: float, payload: float) -> bool:
    return axle2_load >= payload

def r10(payload: float, axle3_load: float) -> bool:
    return payload <= axle3_load
```"
"System Message:
You are a logician with a background in mathematics that translates natural language
reasoning text to Python3 code so that these natural language reasoning problems can be solved.
During the translation, please pay close attention to defining variables and rules.
Do not add any comments from you.
Be guided by the following example:
Example input text:
Textual context: A vehicle operates over a A param between 20 and 110 in a typical day.
A vehicle operates for a B param between 2 and 10 in a typical day.
A vehicle operates with C param between 0.2 and 5 in a typical day.
A vehicle remains D param between 1 and 5 in a typical day.
A vehicle spends E param between 1 and 5 in a typical day.

Example Python3 code:
# A vehicle operates over a A param between 20 and 110 in a typical day.
def r1(a: float) -> bool:
    return 20 <= a <= 110

# A vehicle operates for a B param between 2 and 10 in a typical day.
def r2(b: float) -> bool:
    return 2 <= b <= 10

# A vehicle operates with C param between 0.2 and 5 in a typical day.
def r3(c: float) -> bool:
    return 0.2 <= c <= 5

# A vehicle remains D param between 1 and 5 in a typical day.
def r4(d: float) -> bool:
    return 1 <= d <= 5

# A vehicle spends E param between 1 and 5 in a typical day.
def r5(e: float) -> bool:
    return 1 <= e <= 5


Input text:
Textual context: Driving time should be less than or equal to the total operation time.
The number of stops where PTO is engaged must not exceed the overall stop count.
The payload must not exceed the load carried by axle 3.";"```python
def r6(driving_time: float, total_operation_time: float) -> bool:
    return driving_time <= total_operation_time

def r7(pto_engaged_stops: float, overall_stop_count: float) -> bool:
    return pto_engaged_stops <= overall_stop_count

def r8(payload: float, axle3_load: float) -> bool:
    return payload <= axle3_load
```"
"System Message:
You are a logician with a background in mathematics that translates natural language
reasoning text to Python3 code so that these natural language reasoning problems can be solved.
During the translation, please pay close attention to defining variables and rules.
Do not add any comments from you.
Be guided by the following example:
Example input text:
Textual context: A vehicle operates over a A param between 20 and 110 in a typical day.
A vehicle operates for a B param between 2 and 10 in a typical day.
A vehicle operates with C param between 0.2 and 5 in a typical day.
A vehicle remains D param between 1 and 5 in a typical day.
A vehicle spends E param between 1 and 5 in a typical day.

Example Python3 code:
# A vehicle operates over a A param between 20 and 110 in a typical day.
def r1(a: float) -> bool:
    return 20 <= a <= 110

# A vehicle operates for a B param between 2 and 10 in a typical day.
def r2(b: float) -> bool:
    return 2 <= b <= 10

# A vehicle operates with C param between 0.2 and 5 in a typical day.
def r3(c: float) -> bool:
    return 0.2 <= c <= 5

# A vehicle remains D param between 1 and 5 in a typical day.
def r4(d: float) -> bool:
    return 1 <= d <= 5

# A vehicle spends E param between 1 and 5 in a typical day.
def r5(e: float) -> bool:
    return 1 <= e <= 5


Input text:
Textual context: Idle time must always be less than or equal to the total operation time.
Driving time must always be less than or equal to the total operation time.
Stops with PTO engaged cannot outnumber the total stops.
The weight on axle 1 cannot surpass the weight on axle 2.
The payload cannot exceed the capacity of axle 2.";"```python
def r1(idle_time: float, total_operation_time: float) -> bool:
    return idle_time <= total_operation_time

def r2(driving_time: float, total_operation_time: float) -> bool:
    return driving_time <= total_operation_time

def r3(stops_with_pto_engaged: float, total_stops: float) -> bool:
    return stops_with_pto_engaged <= total_stops

def r4(weight_on_axle_1: float, weight_on_axle_2: float) -> bool:
    return weight_on_axle_1 <= weight_on_axle_2

def r5(payload: float, capacity_of_axle_2: float) -> bool:
    return payload <= capacity_of_axle_2
```"
"System Message:
You are a logician with a background in mathematics that translates natural language
reasoning text to Python3 code so that these natural language reasoning problems can be solved.
During the translation, please pay close attention to defining variables and rules.
Do not add any comments from you.
Be guided by the following example:
Example input text:
Textual context: A vehicle operates over a A param between 20 and 110 in a typical day.
A vehicle operates for a B param between 2 and 10 in a typical day.
A vehicle operates with C param between 0.2 and 5 in a typical day.
A vehicle remains D param between 1 and 5 in a typical day.
A vehicle spends E param between 1 and 5 in a typical day.

Example Python3 code:
# A vehicle operates over a A param between 20 and 110 in a typical day.
def r1(a: float) -> bool:
    return 20 <= a <= 110

# A vehicle operates for a B param between 2 and 10 in a typical day.
def r2(b: float) -> bool:
    return 2 <= b <= 10

# A vehicle operates with C param between 0.2 and 5 in a typical day.
def r3(c: float) -> bool:
    return 0.2 <= c <= 5

# A vehicle remains D param between 1 and 5 in a typical day.
def r4(d: float) -> bool:
    return 1 <= d <= 5

# A vehicle spends E param between 1 and 5 in a typical day.
def r5(e: float) -> bool:
    return 1 <= e <= 5


Input text:
Textual context: PTO operation time must be less than or equal to the total operation time.
Idle time must always be less than or equal to the total operation time.
Total operation time should shouldn’t be lower than driving time.
The payload must not exceed the load carried by axle 2.";"```python
# PTO operation time must be less than or equal to the total operation time.
def r1(pto_time: float, total_time: float) -> bool:
    return pto_time <= total_time

# Idle time must always be less than or equal to the total operation time.
def r2(idle_time: float, total_time: float) -> bool:
    return idle_time <= total_time

# Total operation time should shouldn’t be lower than driving time.
def r3(total_time: float, driving_time: float) -> bool:
    return total_time >= driving_time

# The payload must not exceed the load carried by axle 2.
def r4(payload: float, axle2_load: float) -> bool:
    return payload <= axle2_load
```"
"System Message:
You are a logician with a background in mathematics that translates natural language
reasoning text to Python3 code so that these natural language reasoning problems can be solved.
During the translation, please pay close attention to defining variables and rules.
Do not add any comments from you.
Be guided by the following example:
Example input text:
Textual context: A vehicle operates over a A param between 20 and 110 in a typical day.
A vehicle operates for a B param between 2 and 10 in a typical day.
A vehicle operates with C param between 0.2 and 5 in a typical day.
A vehicle remains D param between 1 and 5 in a typical day.
A vehicle spends E param between 1 and 5 in a typical day.

Example Python3 code:
# A vehicle operates over a A param between 20 and 110 in a typical day.
def r1(a: float) -> bool:
    return 20 <= a <= 110

# A vehicle operates for a B param between 2 and 10 in a typical day.
def r2(b: float) -> bool:
    return 2 <= b <= 10

# A vehicle operates with C param between 0.2 and 5 in a typical day.
def r3(c: float) -> bool:
    return 0.2 <= c <= 5

# A vehicle remains D param between 1 and 5 in a typical day.
def r4(d: float) -> bool:
    return 1 <= d <= 5

# A vehicle spends E param between 1 and 5 in a typical day.
def r5(e: float) -> bool:
    return 1 <= e <= 5


Input text:
Textual context: Total operation time shouldn’t be lower than PTO operation time.
The total operation durationmust not be lower than the driving time.
The load carried by axle 1 must be smaller than or equal to the load on axle 3.";"```python
def r6(total_operation_time: float, pto_operation_time: float) -> bool:
    return total_operation_time >= pto_operation_time

def r7(total_operation_duration: float, driving_time: float) -> bool:
    return total_operation_duration >= driving_time

def r8(load_axle1: float, load_axle3: float) -> bool:
    return load_axle1 <= load_axle3
```"
"System Message:
You are a logician with a background in mathematics that translates natural language
reasoning text to Python3 code so that these natural language reasoning problems can be solved.
During the translation, please pay close attention to defining variables and rules.
Do not add any comments from you.
Be guided by the following example:
Example input text:
Textual context: A vehicle operates over a A param between 20 and 110 in a typical day.
A vehicle operates for a B param between 2 and 10 in a typical day.
A vehicle operates with C param between 0.2 and 5 in a typical day.
A vehicle remains D param between 1 and 5 in a typical day.
A vehicle spends E param between 1 and 5 in a typical day.

Example Python3 code:
# A vehicle operates over a A param between 20 and 110 in a typical day.
def r1(a: float) -> bool:
    return 20 <= a <= 110

# A vehicle operates for a B param between 2 and 10 in a typical day.
def r2(b: float) -> bool:
    return 2 <= b <= 10

# A vehicle operates with C param between 0.2 and 5 in a typical day.
def r3(c: float) -> bool:
    return 0.2 <= c <= 5

# A vehicle remains D param between 1 and 5 in a typical day.
def r4(d: float) -> bool:
    return 1 <= d <= 5

# A vehicle spends E param between 1 and 5 in a typical day.
def r5(e: float) -> bool:
    return 1 <= e <= 5


Input text:
Textual context: PTO operation time should be less than or equal to the total operation time.
Driving time cannot be greater than the total operation time.
The combined time for PTO operation, idle time, and driving time must not surpass the total operation time.";"```python
def r1(pto_time: float, total_time: float) -> bool:
    return pto_time <= total_time

def r2(driving_time: float, total_time: float) -> bool:
    return driving_time <= total_time

def r3(pto_time: float, idle_time: float, driving_time: float, total_time: float) -> bool:
    return pto_time + idle_time + driving_time <= total_time
```"
"System Message:
You are a logician with a background in mathematics that translates natural language
reasoning text to Python3 code so that these natural language reasoning problems can be solved.
During the translation, please pay close attention to defining variables and rules.
Do not add any comments from you.
Be guided by the following example:
Example input text:
Textual context: A vehicle operates over a A param between 20 and 110 in a typical day.
A vehicle operates for a B param between 2 and 10 in a typical day.
A vehicle operates with C param between 0.2 and 5 in a typical day.
A vehicle remains D param between 1 and 5 in a typical day.

Example Python3 code:
# A vehicle operates over a A param between 20 and 110 in a typical day.
def r1(a: float) -> bool:
    return 20 <= a <= 110

# A vehicle operates for a B param between 2 and 10 in a typical day.
def r2(b: float) -> bool:
    return 2 <= b <= 10

# A vehicle operates with C param between 0.2 and 5 in a typical day.
def r3(c: float) -> bool:
    return 0.2 <= c <= 5

# A vehicle remains D param between 1 and 5 in a typical day.
def r4(d: float) -> bool:
    return 1 <= d <= 5


Input text:
Textual context: PTO operation time cannot be greater than the total operation time.
Axle 1's load cannot exceed Axle 2's load.
The weight on axle 1 cannot surpass the weight on axle 3.
Total operation time must be greater than or equal to the sum of PTO operation, idle, and driving times.";"```python
def r1(pto_time: float, total_time: float) -> bool:
    return pto_time <= total_time

def r2(axle1_load: float, axle2_load: float) -> bool:
    return axle1_load <= axle2_load

def r3(axle1_weight: float, axle3_weight: float) -> bool:
    return axle1_weight <= axle3_weight

def r4(total_time: float, pto_time: float, idle_time: float, driving_time: float) -> bool:
    return total_time >= pto_time + idle_time + driving_time
```"
"System Message:
You are a logician with a background in mathematics that translates natural language
reasoning text to Python3 code so that these natural language reasoning problems can be solved.
During the translation, please pay close attention to defining variables and rules.
Do not add any comments from you.
Be guided by the following example:
Example input text:
Textual context: A vehicle operates over a A param between 20 and 110 in a typical day.
A vehicle operates for a B param between 2 and 10 in a typical day.
A vehicle operates with C param between 0.2 and 5 in a typical day.
A vehicle remains D param between 1 and 5 in a typical day.

Example Python3 code:
# A vehicle operates over a A param between 20 and 110 in a typical day.
def r1(a: float) -> bool:
    return 20 <= a <= 110

# A vehicle operates for a B param between 2 and 10 in a typical day.
def r2(b: float) -> bool:
    return 2 <= b <= 10

# A vehicle operates with C param between 0.2 and 5 in a typical day.
def r3(c: float) -> bool:
    return 0.2 <= c <= 5

# A vehicle remains D param between 1 and 5 in a typical day.
def r4(d: float) -> bool:
    return 1 <= d <= 5


Input text:
Textual context: Idle time must always be less than or equal to the total operation time.
Driving time should be less than or equal to the total operation time.
Axle 1's load cannot exceed Axle 3's load.
The combined time for PTO operation, idle time, and driving time must not surpass the total operation time.";"```python
def r1(idle_time: float, total_operation_time: float) -> bool:
    return idle_time <= total_operation_time

def r2(driving_time: float, total_operation_time: float) -> bool:
    return driving_time <= total_operation_time

def r3(axle1_load: float, axle3_load: float) -> bool:
    return axle1_load <= axle3_load

def r4(pto_operation_time: float, idle_time: float, driving_time: float, total_operation_time: float) -> bool:
    return pto_operation_time + idle_time + driving_time <= total_operation_time
```"
"System Message:
You are a logician with a background in mathematics that translates natural language
reasoning text to Python3 code so that these natural language reasoning problems can be solved.
During the translation, please pay close attention to defining variables and rules.
Do not add any comments from you.
Be guided by the following example:
Example input text:
Textual context: A vehicle operates over a A param between 20 and 110 in a typical day.
A vehicle operates for a B param between 2 and 10 in a typical day.
A vehicle operates with C param between 0.2 and 5 in a typical day.
A vehicle remains D param between 1 and 5 in a typical day.

Example Python3 code:
# A vehicle operates over a A param between 20 and 110 in a typical day.
def r1(a: float) -> bool:
    return 20 <= a <= 110

# A vehicle operates for a B param between 2 and 10 in a typical day.
def r2(b: float) -> bool:
    return 2 <= b <= 10

# A vehicle operates with C param between 0.2 and 5 in a typical day.
def r3(c: float) -> bool:
    return 0.2 <= c <= 5

# A vehicle remains D param between 1 and 5 in a typical day.
def r4(d: float) -> bool:
    return 1 <= d <= 5


Input text:
Textual context: The total operation duration must not be lower than the PTO operation time.
Total operation time should shouldn’t be lower than driving time.
Stops with PTO engaged should never outnumber total stops.
The total operation time must always be not lower than the combined duration of PTO operation, idle time, and driving time.";"```python
def r1(total_operation_duration: float, pto_operation_time: float) -> bool:
    return total_operation_duration >= pto_operation_time

def r2(total_operation_time: float, driving_time: float) -> bool:
    return total_operation_time >= driving_time

def r3(stops_with_pto_engaged: float, total_stops: float) -> bool:
    return stops_with_pto_engaged <= total_stops

def r4(total_operation_time: float, pto_operation_duration: float, idle_time: float, driving_time: float) -> bool:
    return total_operation_time >= pto_operation_duration + idle_time + driving_time
```"
"System Message:
You are a logician with a background in mathematics that translates natural language
reasoning text to Python3 code so that these natural language reasoning problems can be solved.
During the translation, please pay close attention to defining variables and rules.
Do not add any comments from you.
Be guided by the following example:
Example input text:
Textual context: A vehicle operates over a A param between 20 and 110 in a typical day.
A vehicle operates for a B param between 2 and 10 in a typical day.
A vehicle operates with C param between 0.2 and 5 in a typical day.
A vehicle remains D param between 1 and 5 in a typical day.
A vehicle spends E param between 1 and 5 in a typical day.

Example Python3 code:
# A vehicle operates over a A param between 20 and 110 in a typical day.
def r1(a: float) -> bool:
    return 20 <= a <= 110

# A vehicle operates for a B param between 2 and 10 in a typical day.
def r2(b: float) -> bool:
    return 2 <= b <= 10

# A vehicle operates with C param between 0.2 and 5 in a typical day.
def r3(c: float) -> bool:
    return 0.2 <= c <= 5

# A vehicle remains D param between 1 and 5 in a typical day.
def r4(d: float) -> bool:
    return 1 <= d <= 5

# A vehicle spends E param between 1 and 5 in a typical day.
def r5(e: float) -> bool:
    return 1 <= e <= 5


Input text:
Textual context: Total operation time shouldn’t be lower than PTO operation time.
Total operation time shouldn’t be lower than idle time.
Driving time must always be less than or equal to the total operation time.
The number of stops where PTO is engaged must not exceed the overall stop count.
Total operation time should be at least the sum of PTO, idle, and driving times.";"```python
def r6(total_operation_time: float, pto_operation_time: float) -> bool:
    return total_operation_time >= pto_operation_time

def r7(total_operation_time: float, idle_time: float) -> bool:
    return total_operation_time >= idle_time

def r8(driving_time: float, total_operation_time: float) -> bool:
    return driving_time <= total_operation_time

def r9(pto_engaged_stops: int, overall_stops: int) -> bool:
    return pto_engaged_stops <= overall_stops

def r10(total_operation_time: float, pto_operation_time: float, idle_time: float, driving_time: float) -> bool:
    return total_operation_time >= pto_operation_time + idle_time + driving_time
```"
"System Message:
You are a logician with a background in mathematics that translates natural language
reasoning text to Python3 code so that these natural language reasoning problems can be solved.
During the translation, please pay close attention to defining variables and rules.
Do not add any comments from you.
Be guided by the following example:
Example input text:
Textual context: A vehicle operates over a A param between 20 and 110 in a typical day.
A vehicle operates for a B param between 2 and 10 in a typical day.
A vehicle operates with C param between 0.2 and 5 in a typical day.
A vehicle remains D param between 1 and 5 in a typical day.
A vehicle spends E param between 1 and 5 in a typical day.
A vehicle makes between 20 and 300 F param in a typical day.

Example Python3 code:
# A vehicle operates over a A param between 20 and 110 in a typical day.
def r1(a: float) -> bool:
    return 20 <= a <= 110

# A vehicle operates for a B param between 2 and 10 in a typical day.
def r2(b: float) -> bool:
    return 2 <= b <= 10

# A vehicle operates with C param between 0.2 and 5 in a typical day.
def r3(c: float) -> bool:
    return 0.2 <= c <= 5

# A vehicle remains D param between 1 and 5 in a typical day.
def r4(d: float) -> bool:
    return 1 <= d <= 5

# A vehicle spends E param between 1 and 5 in a typical day.
def r5(e: float) -> bool:
    return 1 <= e <= 5

# A vehicle makes between 20 and 300 F param in a typical day.
def r6(f: float) -> bool:
    return 20 <= f <= 300


Input text:
Textual context: Total operation time shouldn’t be lower than PTO operation time.
Idle time cannot be greater than the total operation time.
Axle 1's load cannot exceed Axle 2's load.
Axle 1's load cannot exceed Axle 3's load.
Axle 3's load must always be equal to or greater than the payload.
The total operation duration must always be greater than or equal to the combined time for PTO, idle, and driving.";"```python
# Total operation time shouldn’t be lower than PTO operation time.
def r7(total_operation_time: float, pto_operation_time: float) -> bool:
    return total_operation_time >= pto_operation_time

# Idle time cannot be greater than the total operation time.
def r8(idle_time: float, total_operation_time: float) -> bool:
    return idle_time <= total_operation_time

# Axle 1's load cannot exceed Axle 2's load.
def r9(axle1_load: float, axle2_load: float) -> bool:
    return axle1_load <= axle2_load

# Axle 1's load cannot exceed Axle 3's load.
def r10(axle1_load: float, axle3_load: float) -> bool:
    return axle1_load <= axle3_load

# Axle 3's load must always be equal to or greater than the payload.
def r11(axle3_load: float, payload: float) -> bool:
    return axle3_load >= payload

# The total operation duration must always be greater than or equal to the combined time for PTO, idle, and driving.
def r12(total_operation_duration: float, pto_time: float, idle_time: float, driving_time: float) -> bool:
    return total_operation_duration >= (pto_time + idle_time + driving_time)
```"
"System Message:
You are a logician with a background in mathematics that translates natural language
reasoning text to Python3 code so that these natural language reasoning problems can be solved.
During the translation, please pay close attention to defining variables and rules.
Do not add any comments from you.
Be guided by the following example:
Example input text:
Textual context: A vehicle operates over a A param between 20 and 110 in a typical day.
A vehicle operates for a B param between 2 and 10 in a typical day.
A vehicle operates with C param between 0.2 and 5 in a typical day.
A vehicle remains D param between 1 and 5 in a typical day.
A vehicle spends E param between 1 and 5 in a typical day.
A vehicle makes between 20 and 300 F param in a typical day.

Example Python3 code:
# A vehicle operates over a A param between 20 and 110 in a typical day.
def r1(a: float) -> bool:
    return 20 <= a <= 110

# A vehicle operates for a B param between 2 and 10 in a typical day.
def r2(b: float) -> bool:
    return 2 <= b <= 10

# A vehicle operates with C param between 0.2 and 5 in a typical day.
def r3(c: float) -> bool:
    return 0.2 <= c <= 5

# A vehicle remains D param between 1 and 5 in a typical day.
def r4(d: float) -> bool:
    return 1 <= d <= 5

# A vehicle spends E param between 1 and 5 in a typical day.
def r5(e: float) -> bool:
    return 1 <= e <= 5

# A vehicle makes between 20 and 300 F param in a typical day.
def r6(f: float) -> bool:
    return 20 <= f <= 300


Input text:
Textual context: PTO operation time must be less than or equal to the total operation time.
Total operation time shouldn’t be lower than idle time.
Driving time cannot be greater than the total operation time.
The payload must not exceed the load carried by axle 2.
The total operation duration must always be greater than or equal to the combined time for PTO, idle, and driving.";"```python
# PTO operation time must be less than or equal to the total operation time.
def r1(pto: float, total: float) -> bool:
    return pto <= total

# Total operation time shouldn’t be lower than idle time.
def r2(total: float, idle: float) -> bool:
    return total >= idle

# Driving time cannot be greater than the total operation time.
def r3(driving: float, total: float) -> bool:
    return driving <= total

# The payload must not exceed the load carried by axle 2.
def r4(payload: float, axle2: float) -> bool:
    return payload <= axle2

# The total operation duration must always be greater than or equal to the combined time for PTO, idle, and driving.
def r5(total: float, pto: float, idle: float, driving: float) -> bool:
    return total >= pto + idle + driving
```"
"System Message:
You are a logician with a background in mathematics that translates natural language
reasoning text to Python3 code so that these natural language reasoning problems can be solved.
During the translation, please pay close attention to defining variables and rules.
Do not add any comments from you.
Be guided by the following example:
Example input text:
Textual context: A vehicle operates over a A param between 20 and 110 in a typical day.
A vehicle operates for a B param between 2 and 10 in a typical day.
A vehicle operates with C param between 0.2 and 5 in a typical day.
A vehicle remains D param between 1 and 5 in a typical day.
A vehicle spends E param between 1 and 5 in a typical day.
A vehicle makes between 20 and 300 F param in a typical day.

Example Python3 code:
# A vehicle operates over a A param between 20 and 110 in a typical day.
def r1(a: float) -> bool:
    return 20 <= a <= 110

# A vehicle operates for a B param between 2 and 10 in a typical day.
def r2(b: float) -> bool:
    return 2 <= b <= 10

# A vehicle operates with C param between 0.2 and 5 in a typical day.
def r3(c: float) -> bool:
    return 0.2 <= c <= 5

# A vehicle remains D param between 1 and 5 in a typical day.
def r4(d: float) -> bool:
    return 1 <= d <= 5

# A vehicle spends E param between 1 and 5 in a typical day.
def r5(e: float) -> bool:
    return 1 <= e <= 5

# A vehicle makes between 20 and 300 F param in a typical day.
def r6(f: float) -> bool:
    return 20 <= f <= 300


Input text:
Textual context: PTO operation time should be less than or equal to the total operation time.
Idle time must always be less than or equal to the total operation time.
Driving time should be less than or equal to the total operation time.
The payload must not exceed the load carried by axle 2.
Total operation time should be at least the sum of PTO, idle, and driving times.";"```python
# PTO operation time should be less than or equal to the total operation time.
def r1(pto: float, total: float) -> bool:
    return pto <= total

# Idle time must always be less than or equal to the total operation time.
def r2(idle: float, total: float) -> bool:
    return idle <= total

# Driving time should be less than or equal to the total operation time.
def r3(driving: float, total: float) -> bool:
    return driving <= total

# The payload must not exceed the load carried by axle 2.
def r4(payload: float, axle2: float) -> bool:
    return payload <= axle2

# Total operation time should be at least the sum of PTO, idle, and driving times.
def r5(total: float, pto: float, idle: float, driving: float) -> bool:
    return total >= pto + idle + driving
```"
"System Message:
You are a logician with a background in mathematics that translates natural language
reasoning text to Python3 code so that these natural language reasoning problems can be solved.
During the translation, please pay close attention to defining variables and rules.
Do not add any comments from you.
Be guided by the following example:
Example input text:
Textual context: A vehicle operates over a A param between 20 and 110 in a typical day.
A vehicle operates for a B param between 2 and 10 in a typical day.
A vehicle operates with C param between 0.2 and 5 in a typical day.
A vehicle remains D param between 1 and 5 in a typical day.
A vehicle spends E param between 1 and 5 in a typical day.
A vehicle makes between 20 and 300 F param in a typical day.

Example Python3 code:
# A vehicle operates over a A param between 20 and 110 in a typical day.
def r1(a: float) -> bool:
    return 20 <= a <= 110

# A vehicle operates for a B param between 2 and 10 in a typical day.
def r2(b: float) -> bool:
    return 2 <= b <= 10

# A vehicle operates with C param between 0.2 and 5 in a typical day.
def r3(c: float) -> bool:
    return 0.2 <= c <= 5

# A vehicle remains D param between 1 and 5 in a typical day.
def r4(d: float) -> bool:
    return 1 <= d <= 5

# A vehicle spends E param between 1 and 5 in a typical day.
def r5(e: float) -> bool:
    return 1 <= e <= 5

# A vehicle makes between 20 and 300 F param in a typical day.
def r6(f: float) -> bool:
    return 20 <= f <= 300


Input text:
Textual context: The total operation duration must not be lower than the PTO operation time.
Idle time must always be less than or equal to the total operation time.
The weight on axle 1 cannot surpass the weight on axle 3.
The payload must always be smaller than or equal to the load on axle 3.";"```python
# The total operation duration must not be lower than the PTO operation time.
def r7(total_operation_duration: float, pto_operation_time: float) -> bool:
    return total_operation_duration >= pto_operation_time

# Idle time must always be less than or equal to the total operation time.
def r8(idle_time: float, total_operation_time: float) -> bool:
    return idle_time <= total_operation_time

# The weight on axle 1 cannot surpass the weight on axle 3.
def r9(weight_on_axle_1: float, weight_on_axle_3: float) -> bool:
    return weight_on_axle_1 <= weight_on_axle_3

# The payload must always be smaller than or equal to the load on axle 3.
def r10(payload: float, load_on_axle_3: float) -> bool:
    return payload <= load_on_axle_3
```"
"System Message:
You are a logician with a background in mathematics that translates natural language
reasoning text to Python3 code so that these natural language reasoning problems can be solved.
During the translation, please pay close attention to defining variables and rules.
Do not add any comments from you.
Be guided by the following example:
Example input text:
Textual context: A vehicle operates over a A param between 20 and 110 in a typical day.
A vehicle operates for a B param between 2 and 10 in a typical day.
A vehicle operates with C param between 0.2 and 5 in a typical day.
A vehicle remains D param between 1 and 5 in a typical day.
A vehicle spends E param between 1 and 5 in a typical day.

Example Python3 code:
# A vehicle operates over a A param between 20 and 110 in a typical day.
def r1(a: float) -> bool:
    return 20 <= a <= 110

# A vehicle operates for a B param between 2 and 10 in a typical day.
def r2(b: float) -> bool:
    return 2 <= b <= 10

# A vehicle operates with C param between 0.2 and 5 in a typical day.
def r3(c: float) -> bool:
    return 0.2 <= c <= 5

# A vehicle remains D param between 1 and 5 in a typical day.
def r4(d: float) -> bool:
    return 1 <= d <= 5

# A vehicle spends E param between 1 and 5 in a typical day.
def r5(e: float) -> bool:
    return 1 <= e <= 5


Input text:
Textual context: Idle time cannot be greater than the total operation time.
Stops with PTO engaged should never outnumber total stops.
Axle 1's load cannot exceed Axle 3's load.
The payload must not exceed the load carried by axle 3.
The combined time for PTO operation, idle time, and driving time must not surpass the total operation time.";"```python
def r1(idle_time: float, total_operation_time: float) -> bool:
    return idle_time <= total_operation_time

def r2(stops_with_pto_engaged: float, total_stops: float) -> bool:
    return stops_with_pto_engaged <= total_stops

def r3(axle1_load: float, axle3_load: float) -> bool:
    return axle1_load <= axle3_load

def r4(payload: float, axle3_load: float) -> bool:
    return payload <= axle3_load

def r5(pto_operation_time: float, idle_time: float, driving_time: float, total_operation_time: float) -> bool:
    return pto_operation_time + idle_time + driving_time <= total_operation_time
```"
"System Message:
You are a logician with a background in mathematics that translates natural language
reasoning text to Python3 code so that these natural language reasoning problems can be solved.
During the translation, please pay close attention to defining variables and rules.
Do not add any comments from you.
Be guided by the following example:
Example input text:
Textual context: A vehicle operates over a A param between 20 and 110 in a typical day.
A vehicle operates for a B param between 2 and 10 in a typical day.
A vehicle operates with C param between 0.2 and 5 in a typical day.
A vehicle remains D param between 1 and 5 in a typical day.
A vehicle spends E param between 1 and 5 in a typical day.

Example Python3 code:
# A vehicle operates over a A param between 20 and 110 in a typical day.
def r1(a: float) -> bool:
    return 20 <= a <= 110

# A vehicle operates for a B param between 2 and 10 in a typical day.
def r2(b: float) -> bool:
    return 2 <= b <= 10

# A vehicle operates with C param between 0.2 and 5 in a typical day.
def r3(c: float) -> bool:
    return 0.2 <= c <= 5

# A vehicle remains D param between 1 and 5 in a typical day.
def r4(d: float) -> bool:
    return 1 <= d <= 5

# A vehicle spends E param between 1 and 5 in a typical day.
def r5(e: float) -> bool:
    return 1 <= e <= 5


Input text:
Textual context: PTO operation time cannot be greater than the total operation time.
The total operation durationmust not be lower than the driving time.
The payload cannot exceed the capacity of axle 2.
The payload must always be smaller than or equal to the load on axle 3.";"```python
# PTO operation time cannot be greater than the total operation time.
def r1(pto_time: float, total_time: float) -> bool:
    return pto_time <= total_time

# The total operation durationmust not be lower than the driving time.
def r2(total_time: float, driving_time: float) -> bool:
    return total_time >= driving_time

# The payload cannot exceed the capacity of axle 2.
def r3(payload: float, axle2_capacity: float) -> bool:
    return payload <= axle2_capacity

# The payload must always be smaller than or equal to the load on axle 3.
def r4(payload: float, axle3_load: float) -> bool:
    return payload <= axle3_load
```"
"System Message:
You are a logician with a background in mathematics that translates natural language
reasoning text to Python3 code so that these natural language reasoning problems can be solved.
During the translation, please pay close attention to defining variables and rules.
Do not add any comments from you.
Be guided by the following example:
Example input text:
Textual context: A vehicle operates over a A param between 20 and 110 in a typical day.
A vehicle operates for a B param between 2 and 10 in a typical day.
A vehicle operates with C param between 0.2 and 5 in a typical day.
A vehicle remains D param between 1 and 5 in a typical day.
A vehicle spends E param between 1 and 5 in a typical day.

Example Python3 code:
# A vehicle operates over a A param between 20 and 110 in a typical day.
def r1(a: float) -> bool:
    return 20 <= a <= 110

# A vehicle operates for a B param between 2 and 10 in a typical day.
def r2(b: float) -> bool:
    return 2 <= b <= 10

# A vehicle operates with C param between 0.2 and 5 in a typical day.
def r3(c: float) -> bool:
    return 0.2 <= c <= 5

# A vehicle remains D param between 1 and 5 in a typical day.
def r4(d: float) -> bool:
    return 1 <= d <= 5

# A vehicle spends E param between 1 and 5 in a typical day.
def r5(e: float) -> bool:
    return 1 <= e <= 5


Input text:
Textual context: The total operation duration must not be lower than the PTO operation time.
Driving time must always be less than or equal to the total operation time.
Stops with PTO engaged should never outnumber total stops.
The load supported by axle 1 cannot exceed that of axle 3.";"```python
def r6(total_operation_duration: float, pto_operation_time: float) -> bool:
    return total_operation_duration >= pto_operation_time

def r7(driving_time: float, total_operation_time: float) -> bool:
    return driving_time <= total_operation_time

def r8(stops_with_pto_engaged: float, total_stops: float) -> bool:
    return stops_with_pto_engaged <= total_stops

def r9(axle1_load: float, axle3_load: float) -> bool:
    return axle1_load <= axle3_load
```"
"System Message:
You are a logician with a background in mathematics that translates natural language
reasoning text to Python3 code so that these natural language reasoning problems can be solved.
During the translation, please pay close attention to defining variables and rules.
Do not add any comments from you.
Be guided by the following example:
Example input text:
Textual context: A vehicle operates over a A param between 20 and 110 in a typical day.
A vehicle operates for a B param between 2 and 10 in a typical day.
A vehicle operates with C param between 0.2 and 5 in a typical day.
A vehicle remains D param between 1 and 5 in a typical day.
A vehicle spends E param between 1 and 5 in a typical day.

Example Python3 code:
# A vehicle operates over a A param between 20 and 110 in a typical day.
def r1(a: float) -> bool:
    return 20 <= a <= 110

# A vehicle operates for a B param between 2 and 10 in a typical day.
def r2(b: float) -> bool:
    return 2 <= b <= 10

# A vehicle operates with C param between 0.2 and 5 in a typical day.
def r3(c: float) -> bool:
    return 0.2 <= c <= 5

# A vehicle remains D param between 1 and 5 in a typical day.
def r4(d: float) -> bool:
    return 1 <= d <= 5

# A vehicle spends E param between 1 and 5 in a typical day.
def r5(e: float) -> bool:
    return 1 <= e <= 5


Input text:
Textual context: The total operation durationmust not be lower than the driving time.
The number of stops where PTO is engaged must not exceed the overall stop count.
The weight on axle 1 cannot surpass the weight on axle 3.
The payload must always be smaller than or equal to the load on axle 3.";"```python
def r6(total_operation_duration: float, driving_time: float) -> bool:
    return total_operation_duration >= driving_time

def r7(pto_engaged_stops: int, overall_stop_count: int) -> bool:
    return pto_engaged_stops <= overall_stop_count

def r8(axle1_weight: float, axle3_weight: float) -> bool:
    return axle1_weight <= axle3_weight

def r9(payload: float, axle3_load: float) -> bool:
    return payload <= axle3_load
```"
"System Message:
You are a logician with a background in mathematics that translates natural language
reasoning text to Python3 code so that these natural language reasoning problems can be solved.
During the translation, please pay close attention to defining variables and rules.
Do not add any comments from you.
Be guided by the following example:
Example input text:
Textual context: A vehicle operates over a A param between 20 and 110 in a typical day.
A vehicle operates for a B param between 2 and 10 in a typical day.
A vehicle operates with C param between 0.2 and 5 in a typical day.
A vehicle remains D param between 1 and 5 in a typical day.
A vehicle spends E param between 1 and 5 in a typical day.

Example Python3 code:
# A vehicle operates over a A param between 20 and 110 in a typical day.
def r1(a: float) -> bool:
    return 20 <= a <= 110

# A vehicle operates for a B param between 2 and 10 in a typical day.
def r2(b: float) -> bool:
    return 2 <= b <= 10

# A vehicle operates with C param between 0.2 and 5 in a typical day.
def r3(c: float) -> bool:
    return 0.2 <= c <= 5

# A vehicle remains D param between 1 and 5 in a typical day.
def r4(d: float) -> bool:
    return 1 <= d <= 5

# A vehicle spends E param between 1 and 5 in a typical day.
def r5(e: float) -> bool:
    return 1 <= e <= 5


Input text:
Textual context: PTO operation time should be less than or equal to the total operation time.
Idle time must always be less than or equal to the total operation time.
The total operation durationmust not be lower than the driving time.
Total operation time must be greater than or equal to the sum of PTO operation, idle, and driving times.";"```python
def r1(pto: float, total: float) -> bool:
    return pto <= total

def r2(idle: float, total: float) -> bool:
    return idle <= total

def r3(total: float, driving: float) -> bool:
    return total >= driving

def r4(total: float, pto: float, idle: float, driving: float) -> bool:
    return total >= pto + idle + driving
```"
"System Message:
You are a logician with a background in mathematics that translates natural language
reasoning text to Python3 code so that these natural language reasoning problems can be solved.
During the translation, please pay close attention to defining variables and rules.
Do not add any comments from you.
Be guided by the following example:
Example input text:
Textual context: A vehicle operates over a A param between 20 and 110 in a typical day.
A vehicle operates for a B param between 2 and 10 in a typical day.
A vehicle operates with C param between 0.2 and 5 in a typical day.
A vehicle remains D param between 1 and 5 in a typical day.
A vehicle spends E param between 1 and 5 in a typical day.

Example Python3 code:
# A vehicle operates over a A param between 20 and 110 in a typical day.
def r1(a: float) -> bool:
    return 20 <= a <= 110

# A vehicle operates for a B param between 2 and 10 in a typical day.
def r2(b: float) -> bool:
    return 2 <= b <= 10

# A vehicle operates with C param between 0.2 and 5 in a typical day.
def r3(c: float) -> bool:
    return 0.2 <= c <= 5

# A vehicle remains D param between 1 and 5 in a typical day.
def r4(d: float) -> bool:
    return 1 <= d <= 5

# A vehicle spends E param between 1 and 5 in a typical day.
def r5(e: float) -> bool:
    return 1 <= e <= 5


Input text:
Textual context: PTO operation time must be less than or equal to the total operation time.
Total operation time shouldn’t be lower than idle time.
The number of stops where PTO is engaged must not exceed the overall stop count.
The load supported by axle 1 cannot exceed that of axle 3.
The payload must not exceed the load carried by axle 3.";"def r1(pto_time: float, total_time: float) -> bool:
    return pto_time <= total_time

def r2(total_time: float, idle_time: float) -> bool:
    return total_time >= idle_time

def r3(pto_engaged_stops: int, overall_stops: int) -> bool:
    return pto_engaged_stops <= overall_stops

def r4(axle1_load: float, axle3_load: float) -> bool:
    return axle1_load <= axle3_load

def r5(payload: float, axle3_load: float) -> bool:
    return payload <= axle3_load"
"System Message:
You are a logician with a background in mathematics that translates natural language
reasoning text to Python3 code so that these natural language reasoning problems can be solved.
During the translation, please pay close attention to defining variables and rules.
Do not add any comments from you.
Be guided by the following example:
Example input text:
Textual context: A vehicle operates over a A param between 20 and 110 in a typical day.
A vehicle operates for a B param between 2 and 10 in a typical day.
A vehicle operates with C param between 0.2 and 5 in a typical day.
A vehicle remains D param between 1 and 5 in a typical day.
A vehicle spends E param between 1 and 5 in a typical day.

Example Python3 code:
# A vehicle operates over a A param between 20 and 110 in a typical day.
def r1(a: float) -> bool:
    return 20 <= a <= 110

# A vehicle operates for a B param between 2 and 10 in a typical day.
def r2(b: float) -> bool:
    return 2 <= b <= 10

# A vehicle operates with C param between 0.2 and 5 in a typical day.
def r3(c: float) -> bool:
    return 0.2 <= c <= 5

# A vehicle remains D param between 1 and 5 in a typical day.
def r4(d: float) -> bool:
    return 1 <= d <= 5

# A vehicle spends E param between 1 and 5 in a typical day.
def r5(e: float) -> bool:
    return 1 <= e <= 5


Input text:
Textual context: PTO-engaged stops cannot exceed the total number of stops.
Payload must remain below or equal to the load carried by axle 2.
The payload must not exceed the load carried by axle 3.
The combined time for PTO operation, idle time, and driving time must not surpass the total operation time.";"```python
# PTO-engaged stops cannot exceed the total number of stops.
def r1(pto_engaged_stops: float, total_stops: float) -> bool:
    return pto_engaged_stops <= total_stops

# Payload must remain below or equal to the load carried by axle 2.
def r2(payload: float, axle2_load: float) -> bool:
    return payload <= axle2_load

# The payload must not exceed the load carried by axle 3.
def r3(payload: float, axle3_load: float) -> bool:
    return payload <= axle3_load

# The combined time for PTO operation, idle time, and driving time must not surpass the total operation time.
def r4(pto_operation_time: float, idle_time: float, driving_time: float, total_operation_time: float) -> bool:
    return pto_operation_time + idle_time + driving_time <= total_operation_time
```"
"System Message:
You are a logician with a background in mathematics that translates natural language
reasoning text to Python3 code so that these natural language reasoning problems can be solved.
During the translation, please pay close attention to defining variables and rules.
Do not add any comments from you.
Be guided by the following example:
Example input text:
Textual context: A vehicle operates over a A param between 20 and 110 in a typical day.
A vehicle operates for a B param between 2 and 10 in a typical day.
A vehicle operates with C param between 0.2 and 5 in a typical day.
A vehicle remains D param between 1 and 5 in a typical day.
A vehicle spends E param between 1 and 5 in a typical day.

Example Python3 code:
# A vehicle operates over a A param between 20 and 110 in a typical day.
def r1(a: float) -> bool:
    return 20 <= a <= 110

# A vehicle operates for a B param between 2 and 10 in a typical day.
def r2(b: float) -> bool:
    return 2 <= b <= 10

# A vehicle operates with C param between 0.2 and 5 in a typical day.
def r3(c: float) -> bool:
    return 0.2 <= c <= 5

# A vehicle remains D param between 1 and 5 in a typical day.
def r4(d: float) -> bool:
    return 1 <= d <= 5

# A vehicle spends E param between 1 and 5 in a typical day.
def r5(e: float) -> bool:
    return 1 <= e <= 5


Input text:
Textual context: PTO operation time must be less than or equal to the total operation time.
Idle time should be less than or equal to the total operation time.
The total stop count must not be lower than the count of stops where PTO is engaged.
Axle 2's load must always be equal to or greater than the payload.
Axle 3's load must always be equal to or greater than the payload.";"def r1(pto_time: float, total_time: float) -> bool:
    return pto_time <= total_time

def r2(idle_time: float, total_time: float) -> bool:
    return idle_time <= total_time

def r3(total_stop_count: float, pto_engaged_stop_count: float) -> bool:
    return total_stop_count >= pto_engaged_stop_count

def r4(axle2_load: float, payload: float) -> bool:
    return axle2_load >= payload

def r5(axle3_load: float, payload: float) -> bool:
    return axle3_load >= payload"
"System Message:
You are a logician with a background in mathematics that translates natural language
reasoning text to Python3 code so that these natural language reasoning problems can be solved.
During the translation, please pay close attention to defining variables and rules.
Do not add any comments from you.
Be guided by the following example:
Example input text:
Textual context: A vehicle operates over a A param between 20 and 110 in a typical day.
A vehicle operates for a B param between 2 and 10 in a typical day.
A vehicle operates with C param between 0.2 and 5 in a typical day.
A vehicle remains D param between 1 and 5 in a typical day.
A vehicle spends E param between 1 and 5 in a typical day.

Example Python3 code:
# A vehicle operates over a A param between 20 and 110 in a typical day.
def r1(a: float) -> bool:
    return 20 <= a <= 110

# A vehicle operates for a B param between 2 and 10 in a typical day.
def r2(b: float) -> bool:
    return 2 <= b <= 10

# A vehicle operates with C param between 0.2 and 5 in a typical day.
def r3(c: float) -> bool:
    return 0.2 <= c <= 5

# A vehicle remains D param between 1 and 5 in a typical day.
def r4(d: float) -> bool:
    return 1 <= d <= 5

# A vehicle spends E param between 1 and 5 in a typical day.
def r5(e: float) -> bool:
    return 1 <= e <= 5


Input text:
Textual context: PTO operation time cannot be greater than the total operation time.
Driving time must always be less than or equal to the total operation time.
The total stop count must not be lower than the count of stops where PTO is engaged.
Payload must remain below or equal to the load carried by axle 2.
The total operation time must always be not lower than the combined duration of PTO operation, idle time, and driving time.";"```python
# PTO operation time cannot be greater than the total operation time.
def r1(pto_time: float, total_time: float) -> bool:
    return pto_time <= total_time

# Driving time must always be less than or equal to the total operation time.
def r2(driving_time: float, total_time: float) -> bool:
    return driving_time <= total_time

# The total stop count must not be lower than the count of stops where PTO is engaged.
def r3(total_stop_count: int, pto_engaged_stop_count: int) -> bool:
    return total_stop_count >= pto_engaged_stop_count

# Payload must remain below or equal to the load carried by axle 2.
def r4(payload: float, axle2_load: float) -> bool:
    return payload <= axle2_load

# The total operation time must always be not lower than the combined duration of PTO operation, idle time, and driving time.
def r5(total_time: float, pto_time: float, idle_time: float, driving_time: float) -> bool:
    return total_time >= pto_time + idle_time + driving_time
```"
"System Message:
You are a logician with a background in mathematics that translates natural language
reasoning text to Python3 code so that these natural language reasoning problems can be solved.
During the translation, please pay close attention to defining variables and rules.
Do not add any comments from you.
Be guided by the following example:
Example input text:
Textual context: A vehicle operates over a A param between 20 and 110 in a typical day.
A vehicle operates for a B param between 2 and 10 in a typical day.
A vehicle operates with C param between 0.2 and 5 in a typical day.
A vehicle remains D param between 1 and 5 in a typical day.
A vehicle spends E param between 1 and 5 in a typical day.

Example Python3 code:
# A vehicle operates over a A param between 20 and 110 in a typical day.
def r1(a: float) -> bool:
    return 20 <= a <= 110

# A vehicle operates for a B param between 2 and 10 in a typical day.
def r2(b: float) -> bool:
    return 2 <= b <= 10

# A vehicle operates with C param between 0.2 and 5 in a typical day.
def r3(c: float) -> bool:
    return 0.2 <= c <= 5

# A vehicle remains D param between 1 and 5 in a typical day.
def r4(d: float) -> bool:
    return 1 <= d <= 5

# A vehicle spends E param between 1 and 5 in a typical day.
def r5(e: float) -> bool:
    return 1 <= e <= 5


Input text:
Textual context: Total operation time shouldn’t be lower than PTO operation time.
Idle time should be less than or equal to the total operation time.
The total stop count must not be lower than the count of stops where PTO is engaged.
The load carried by axle 1 must be smaller than or equal to the load on axle 2.
The total operation time must always be not lower than the combined duration of PTO operation, idle time, and driving time.";"```python
def r6(total_operation_time: float, pto_operation_time: float) -> bool:
    return total_operation_time >= pto_operation_time

def r7(idle_time: float, total_operation_time: float) -> bool:
    return idle_time <= total_operation_time

def r8(total_stop_count: float, pto_engaged_stop_count: float) -> bool:
    return total_stop_count >= pto_engaged_stop_count

def r9(axle1_load: float, axle2_load: float) -> bool:
    return axle1_load <= axle2_load

def r10(total_operation_time: float, pto_operation_time: float, idle_time: float, driving_time: float) -> bool:
    return total_operation_time >= (pto_operation_time + idle_time + driving_time)
```"
"System Message:
You are a logician with a background in mathematics that translates natural language
reasoning text to Python3 code so that these natural language reasoning problems can be solved.
During the translation, please pay close attention to defining variables and rules.
Do not add any comments from you.
Be guided by the following example:
Example input text:
Textual context: A vehicle operates over a A param between 20 and 110 in a typical day.
A vehicle operates for a B param between 2 and 10 in a typical day.
A vehicle operates with C param between 0.2 and 5 in a typical day.
A vehicle remains D param between 1 and 5 in a typical day.
A vehicle spends E param between 1 and 5 in a typical day.

Example Python3 code:
# A vehicle operates over a A param between 20 and 110 in a typical day.
def r1(a: float) -> bool:
    return 20 <= a <= 110

# A vehicle operates for a B param between 2 and 10 in a typical day.
def r2(b: float) -> bool:
    return 2 <= b <= 10

# A vehicle operates with C param between 0.2 and 5 in a typical day.
def r3(c: float) -> bool:
    return 0.2 <= c <= 5

# A vehicle remains D param between 1 and 5 in a typical day.
def r4(d: float) -> bool:
    return 1 <= d <= 5

# A vehicle spends E param between 1 and 5 in a typical day.
def r5(e: float) -> bool:
    return 1 <= e <= 5


Input text:
Textual context: The total operation duration must not be lower than the PTO operation time.
The total operation duration must not be lower than the idle time.
Driving time cannot be greater than the total operation time.
The weight on axle 1 cannot surpass the weight on axle 2.
The combined time for PTO operation, idle time, and driving time must not surpass the total operation time.";"```python
def r1(total_operation_duration: float, pto_operation_time: float) -> bool:
    return total_operation_duration >= pto_operation_time

def r2(total_operation_duration: float, idle_time: float) -> bool:
    return total_operation_duration >= idle_time

def r3(driving_time: float, total_operation_time: float) -> bool:
    return driving_time <= total_operation_time

def r4(weight_on_axle_1: float, weight_on_axle_2: float) -> bool:
    return weight_on_axle_1 <= weight_on_axle_2

def r5(pto_operation_time: float, idle_time: float, driving_time: float, total_operation_time: float) -> bool:
    return pto_operation_time + idle_time + driving_time <= total_operation_time
```"
"System Message:
You are a logician with a background in mathematics that translates natural language
reasoning text to Python3 code so that these natural language reasoning problems can be solved.
During the translation, please pay close attention to defining variables and rules.
Do not add any comments from you.
Be guided by the following example:
Example input text:
Textual context: A vehicle operates over a A param between 20 and 110 in a typical day.
A vehicle operates for a B param between 2 and 10 in a typical day.
A vehicle operates with C param between 0.2 and 5 in a typical day.
A vehicle remains D param between 1 and 5 in a typical day.
A vehicle spends E param between 1 and 5 in a typical day.
A vehicle makes between 20 and 300 F param in a typical day.

Example Python3 code:
# A vehicle operates over a A param between 20 and 110 in a typical day.
def r1(a: float) -> bool:
    return 20 <= a <= 110

# A vehicle operates for a B param between 2 and 10 in a typical day.
def r2(b: float) -> bool:
    return 2 <= b <= 10

# A vehicle operates with C param between 0.2 and 5 in a typical day.
def r3(c: float) -> bool:
    return 0.2 <= c <= 5

# A vehicle remains D param between 1 and 5 in a typical day.
def r4(d: float) -> bool:
    return 1 <= d <= 5

# A vehicle spends E param between 1 and 5 in a typical day.
def r5(e: float) -> bool:
    return 1 <= e <= 5

# A vehicle makes between 20 and 300 F param in a typical day.
def r6(f: float) -> bool:
    return 20 <= f <= 300


Input text:
Textual context: The total operation duration must not be lower than the PTO operation time.
The total operation duration must not be lower than the idle time.
Total operation time should shouldn’t be lower than driving time.
Stops with PTO engaged should never outnumber total stops.
The payload must not exceed the load carried by axle 3.
Total operation time must be greater than or equal to the sum of PTO operation, idle, and driving times.";"```python
def r1(total_operation_duration: float, pto_operation_time: float) -> bool:
    return total_operation_duration >= pto_operation_time

def r2(total_operation_duration: float, idle_time: float) -> bool:
    return total_operation_duration >= idle_time

def r3(total_operation_time: float, driving_time: float) -> bool:
    return total_operation_time >= driving_time

def r4(stops_with_pto_engaged: int, total_stops: int) -> bool:
    return stops_with_pto_engaged <= total_stops

def r5(payload: float, load_carried_by_axle_3: float) -> bool:
    return payload <= load_carried_by_axle_3

def r6(total_operation_time: float, pto_operation: float, idle: float, driving_times: float) -> bool:
    return total_operation_time >= pto_operation + idle + driving_times
```"
"System Message:
You are a logician with a background in mathematics that translates natural language
reasoning text to Python3 code so that these natural language reasoning problems can be solved.
During the translation, please pay close attention to defining variables and rules.
Do not add any comments from you.
Be guided by the following example:
Example input text:
Textual context: A vehicle operates over a A param between 20 and 110 in a typical day.
A vehicle operates for a B param between 2 and 10 in a typical day.
A vehicle operates with C param between 0.2 and 5 in a typical day.
A vehicle remains D param between 1 and 5 in a typical day.
A vehicle spends E param between 1 and 5 in a typical day.
A vehicle makes between 20 and 300 F param in a typical day.

Example Python3 code:
# A vehicle operates over a A param between 20 and 110 in a typical day.
def r1(a: float) -> bool:
    return 20 <= a <= 110

# A vehicle operates for a B param between 2 and 10 in a typical day.
def r2(b: float) -> bool:
    return 2 <= b <= 10

# A vehicle operates with C param between 0.2 and 5 in a typical day.
def r3(c: float) -> bool:
    return 0.2 <= c <= 5

# A vehicle remains D param between 1 and 5 in a typical day.
def r4(d: float) -> bool:
    return 1 <= d <= 5

# A vehicle spends E param between 1 and 5 in a typical day.
def r5(e: float) -> bool:
    return 1 <= e <= 5

# A vehicle makes between 20 and 300 F param in a typical day.
def r6(f: float) -> bool:
    return 20 <= f <= 300


Input text:
Textual context: PTO operation time should be less than or equal to the total operation time.
Total operation time should shouldn’t be lower than driving time.
Stops with PTO engaged cannot outnumber the total stops.
The payload must always be smaller than or equal to the load on axle 2.
The payload must always be smaller than or equal to the load on axle 3.";"```python
# PTO operation time should be less than or equal to the total operation time.
def r7(pto_time: float, total_time: float) -> bool:
    return pto_time <= total_time

# Total operation time should shouldn’t be lower than driving time.
def r8(total_time: float, driving_time: float) -> bool:
    return total_time >= driving_time

# Stops with PTO engaged cannot outnumber the total stops.
def r9(pto_stops: float, total_stops: float) -> bool:
    return pto_stops <= total_stops

# The payload must always be smaller than or equal to the load on axle 2.
def r10(payload: float, axle2_load: float) -> bool:
    return payload <= axle2_load

# The payload must always be smaller than or equal to the load on axle 3.
def r11(payload: float, axle3_load: float) -> bool:
    return payload <= axle3_load
```"
"System Message:
You are a logician with a background in mathematics that translates natural language
reasoning text to Python3 code so that these natural language reasoning problems can be solved.
During the translation, please pay close attention to defining variables and rules.
Do not add any comments from you.
Be guided by the following example:
Example input text:
Textual context: A vehicle operates over a A param between 20 and 110 in a typical day.
A vehicle operates for a B param between 2 and 10 in a typical day.
A vehicle operates with C param between 0.2 and 5 in a typical day.
A vehicle remains D param between 1 and 5 in a typical day.
A vehicle spends E param between 1 and 5 in a typical day.
A vehicle makes between 20 and 300 F param in a typical day.

Example Python3 code:
# A vehicle operates over a A param between 20 and 110 in a typical day.
def r1(a: float) -> bool:
    return 20 <= a <= 110

# A vehicle operates for a B param between 2 and 10 in a typical day.
def r2(b: float) -> bool:
    return 2 <= b <= 10

# A vehicle operates with C param between 0.2 and 5 in a typical day.
def r3(c: float) -> bool:
    return 0.2 <= c <= 5

# A vehicle remains D param between 1 and 5 in a typical day.
def r4(d: float) -> bool:
    return 1 <= d <= 5

# A vehicle spends E param between 1 and 5 in a typical day.
def r5(e: float) -> bool:
    return 1 <= e <= 5

# A vehicle makes between 20 and 300 F param in a typical day.
def r6(f: float) -> bool:
    return 20 <= f <= 300


Input text:
Textual context: PTO operation time must be less than or equal to the total operation time.
Idle time must always be less than or equal to the total operation time.
The total operation durationmust not be lower than the driving time.
The load supported by axle 1 cannot exceed that of axle 3.
The payload must always be smaller than or equal to the load on axle 2.
Total operation time should be at least the sum of PTO, idle, and driving times.";"```python
# PTO operation time must be less than or equal to the total operation time.
def r7(pto: float, total: float) -> bool:
    return pto <= total

# Idle time must always be less than or equal to the total operation time.
def r8(idle: float, total: float) -> bool:
    return idle <= total

# The total operation durationmust not be lower than the driving time.
def r9(total: float, driving: float) -> bool:
    return total >= driving

# The load supported by axle 1 cannot exceed that of axle 3.
def r10(axle1: float, axle3: float) -> bool:
    return axle1 <= axle3

# The payload must always be smaller than or equal to the load on axle 2.
def r11(payload: float, axle2: float) -> bool:
    return payload <= axle2

# Total operation time should be at least the sum of PTO, idle, and driving times.
def r12(total: float, pto: float, idle: float, driving: float) -> bool:
    return total >= pto + idle + driving
```"
"System Message:
You are a logician with a background in mathematics that translates natural language
reasoning text to Python3 code so that these natural language reasoning problems can be solved.
During the translation, please pay close attention to defining variables and rules.
Do not add any comments from you.
Be guided by the following example:
Example input text:
Textual context: A vehicle operates over a A param between 20 and 110 in a typical day.
A vehicle operates for a B param between 2 and 10 in a typical day.
A vehicle operates with C param between 0.2 and 5 in a typical day.
A vehicle remains D param between 1 and 5 in a typical day.
A vehicle spends E param between 1 and 5 in a typical day.
A vehicle makes between 20 and 300 F param in a typical day.

Example Python3 code:
# A vehicle operates over a A param between 20 and 110 in a typical day.
def r1(a: float) -> bool:
    return 20 <= a <= 110

# A vehicle operates for a B param between 2 and 10 in a typical day.
def r2(b: float) -> bool:
    return 2 <= b <= 10

# A vehicle operates with C param between 0.2 and 5 in a typical day.
def r3(c: float) -> bool:
    return 0.2 <= c <= 5

# A vehicle remains D param between 1 and 5 in a typical day.
def r4(d: float) -> bool:
    return 1 <= d <= 5

# A vehicle spends E param between 1 and 5 in a typical day.
def r5(e: float) -> bool:
    return 1 <= e <= 5

# A vehicle makes between 20 and 300 F param in a typical day.
def r6(f: float) -> bool:
    return 20 <= f <= 300


Input text:
Textual context: The total operation duration must not be lower than the idle time.
Driving time cannot be greater than the total operation time.
Stops with PTO engaged should never outnumber total stops.
The weight on axle 1 cannot surpass the weight on axle 2.
The weight on axle 1 cannot surpass the weight on axle 3.
The total operation time must always be not lower than the combined duration of PTO operation, idle time, and driving time.";"```python
# The total operation duration must not be lower than the idle time.
def r7(total_operation_duration: float, idle_time: float) -> bool:
    return total_operation_duration >= idle_time

# Driving time cannot be greater than the total operation time.
def r8(driving_time: float, total_operation_time: float) -> bool:
    return driving_time <= total_operation_time

# Stops with PTO engaged should never outnumber total stops.
def r9(stops_with_pto_engaged: int, total_stops: int) -> bool:
    return stops_with_pto_engaged <= total_stops

# The weight on axle 1 cannot surpass the weight on axle 2.
def r10(weight_on_axle_1: float, weight_on_axle_2: float) -> bool:
    return weight_on_axle_1 <= weight_on_axle_2

# The weight on axle 1 cannot surpass the weight on axle 3.
def r11(weight_on_axle_1: float, weight_on_axle_3: float) -> bool:
    return weight_on_axle_1 <= weight_on_axle_3

# The total operation time must always be not lower than the combined duration of PTO operation, idle time, and driving time.
def r12(total_operation_time: float, pto_operation_duration: float, idle_time: float, driving_time: float) -> bool:
    return total_operation_time >= (pto_operation_duration + idle_time + driving_time)
```"
"System Message:
You are a logician with a background in mathematics that translates natural language
reasoning text to Python3 code so that these natural language reasoning problems can be solved.
During the translation, please pay close attention to defining variables and rules.
Do not add any comments from you.
Be guided by the following example:
Example input text:
Textual context: A vehicle operates over a A param between 20 and 110 in a typical day.
A vehicle operates for a B param between 2 and 10 in a typical day.
A vehicle operates with C param between 0.2 and 5 in a typical day.
A vehicle remains D param between 1 and 5 in a typical day.
A vehicle spends E param between 1 and 5 in a typical day.
A vehicle makes between 20 and 300 F param in a typical day.

Example Python3 code:
# A vehicle operates over a A param between 20 and 110 in a typical day.
def r1(a: float) -> bool:
    return 20 <= a <= 110

# A vehicle operates for a B param between 2 and 10 in a typical day.
def r2(b: float) -> bool:
    return 2 <= b <= 10

# A vehicle operates with C param between 0.2 and 5 in a typical day.
def r3(c: float) -> bool:
    return 0.2 <= c <= 5

# A vehicle remains D param between 1 and 5 in a typical day.
def r4(d: float) -> bool:
    return 1 <= d <= 5

# A vehicle spends E param between 1 and 5 in a typical day.
def r5(e: float) -> bool:
    return 1 <= e <= 5

# A vehicle makes between 20 and 300 F param in a typical day.
def r6(f: float) -> bool:
    return 20 <= f <= 300


Input text:
Textual context: Idle time cannot be greater than the total operation time.
Driving time should be less than or equal to the total operation time.
The load carried by axle 1 must be smaller than or equal to the load on axle 2.
The load on axle 1 must not surpass the load on axle 3.
Payload must remain below or equal to the load carried by axle 2.
The payload must always be smaller than or equal to the load on axle 3.";"```python
# Idle time cannot be greater than the total operation time.
def r1(idle_time: float, total_operation_time: float) -> bool:
    return idle_time <= total_operation_time

# Driving time should be less than or equal to the total operation time.
def r2(driving_time: float, total_operation_time: float) -> bool:
    return driving_time <= total_operation_time

# The load carried by axle 1 must be smaller than or equal to the load on axle 2.
def r3(axle1_load: float, axle2_load: float) -> bool:
    return axle1_load <= axle2_load

# The load on axle 1 must not surpass the load on axle 3.
def r4(axle1_load: float, axle3_load: float) -> bool:
    return axle1_load <= axle3_load

# Payload must remain below or equal to the load carried by axle 2.
def r5(payload: float, axle2_load: float) -> bool:
    return payload <= axle2_load

# The payload must always be smaller than or equal to the load on axle 3.
def r6(payload: float, axle3_load: float) -> bool:
    return payload <= axle3_load
```"
"System Message:
You are a logician with a background in mathematics that translates natural language
reasoning text to Python3 code so that these natural language reasoning problems can be solved.
During the translation, please pay close attention to defining variables and rules.
Do not add any comments from you.
Be guided by the following example:
Example input text:
Textual context: A vehicle operates over a A param between 20 and 110 in a typical day.
A vehicle operates for a B param between 2 and 10 in a typical day.
A vehicle operates with C param between 0.2 and 5 in a typical day.
A vehicle remains D param between 1 and 5 in a typical day.
A vehicle spends E param between 1 and 5 in a typical day.
A vehicle makes between 20 and 300 F param in a typical day.

Example Python3 code:
# A vehicle operates over a A param between 20 and 110 in a typical day.
def r1(a: float) -> bool:
    return 20 <= a <= 110

# A vehicle operates for a B param between 2 and 10 in a typical day.
def r2(b: float) -> bool:
    return 2 <= b <= 10

# A vehicle operates with C param between 0.2 and 5 in a typical day.
def r3(c: float) -> bool:
    return 0.2 <= c <= 5

# A vehicle remains D param between 1 and 5 in a typical day.
def r4(d: float) -> bool:
    return 1 <= d <= 5

# A vehicle spends E param between 1 and 5 in a typical day.
def r5(e: float) -> bool:
    return 1 <= e <= 5

# A vehicle makes between 20 and 300 F param in a typical day.
def r6(f: float) -> bool:
    return 20 <= f <= 300


Input text:
Textual context: Total operation time should shouldn’t be lower than driving time.
The number of stops where PTO is engaged must not exceed the overall stop count.
The weight on axle 1 cannot surpass the weight on axle 3.
Payload must remain below or equal to the load carried by axle 2.
Payload must remain below or equal to the load carried by axle 3.";"```python
def r7(total_operation_time: float, driving_time: float) -> bool:
    return total_operation_time >= driving_time

def r8(pto_engaged_stops: int, overall_stop_count: int) -> bool:
    return pto_engaged_stops <= overall_stop_count

def r9(axle1_weight: float, axle3_weight: float) -> bool:
    return axle1_weight <= axle3_weight

def r10(payload: float, axle2_load: float) -> bool:
    return payload <= axle2_load

def r11(payload: float, axle3_load: float) -> bool:
    return payload <= axle3_load
```"
"System Message:
You are a logician with a background in mathematics that translates natural language
reasoning text to Python3 code so that these natural language reasoning problems can be solved.
During the translation, please pay close attention to defining variables and rules.
Do not add any comments from you.
Be guided by the following example:
Example input text:
Textual context: A vehicle operates over a A param between 20 and 110 in a typical day.
A vehicle operates for a B param between 2 and 10 in a typical day.
A vehicle operates with C param between 0.2 and 5 in a typical day.
A vehicle remains D param between 1 and 5 in a typical day.
A vehicle spends E param between 1 and 5 in a typical day.
A vehicle makes between 20 and 300 F param in a typical day.

Example Python3 code:
# A vehicle operates over a A param between 20 and 110 in a typical day.
def r1(a: float) -> bool:
    return 20 <= a <= 110

# A vehicle operates for a B param between 2 and 10 in a typical day.
def r2(b: float) -> bool:
    return 2 <= b <= 10

# A vehicle operates with C param between 0.2 and 5 in a typical day.
def r3(c: float) -> bool:
    return 0.2 <= c <= 5

# A vehicle remains D param between 1 and 5 in a typical day.
def r4(d: float) -> bool:
    return 1 <= d <= 5

# A vehicle spends E param between 1 and 5 in a typical day.
def r5(e: float) -> bool:
    return 1 <= e <= 5

# A vehicle makes between 20 and 300 F param in a typical day.
def r6(f: float) -> bool:
    return 20 <= f <= 300


Input text:
Textual context: Total operation time shouldn’t be lower than PTO operation time.
PTO-engaged stops cannot exceed the total number of stops.
The load on axle 1 must not surpass the load on axle 2.
The weight on axle 1 cannot surpass the weight on axle 3.
Total operation time should be at least the sum of PTO, idle, and driving times.";"```python
# Total operation time shouldn’t be lower than PTO operation time.
def r7(total_operation_time: float, pto_operation_time: float) -> bool:
    return total_operation_time >= pto_operation_time

# PTO-engaged stops cannot exceed the total number of stops.
def r8(pto_engaged_stops: float, total_stops: float) -> bool:
    return pto_engaged_stops <= total_stops

# The load on axle 1 must not surpass the load on axle 2.
def r9(axle1_load: float, axle2_load: float) -> bool:
    return axle1_load <= axle2_load

# The weight on axle 1 cannot surpass the weight on axle 3.
def r10(axle1_weight: float, axle3_weight: float) -> bool:
    return axle1_weight <= axle3_weight

# Total operation time should be at least the sum of PTO, idle, and driving times.
def r11(total_operation_time: float, pto_time: float, idle_time: float, driving_time: float) -> bool:
    return total_operation_time >= pto_time + idle_time + driving_time
```"
"System Message:
You are a logician with a background in mathematics that translates natural language
reasoning text to Python3 code so that these natural language reasoning problems can be solved.
During the translation, please pay close attention to defining variables and rules.
Do not add any comments from you.
Be guided by the following example:
Example input text:
Textual context: A vehicle operates over a A param between 20 and 110 in a typical day.
A vehicle operates for a B param between 2 and 10 in a typical day.
A vehicle operates with C param between 0.2 and 5 in a typical day.
A vehicle remains D param between 1 and 5 in a typical day.
A vehicle spends E param between 1 and 5 in a typical day.
A vehicle makes between 20 and 300 F param in a typical day.

Example Python3 code:
# A vehicle operates over a A param between 20 and 110 in a typical day.
def r1(a: float) -> bool:
    return 20 <= a <= 110

# A vehicle operates for a B param between 2 and 10 in a typical day.
def r2(b: float) -> bool:
    return 2 <= b <= 10

# A vehicle operates with C param between 0.2 and 5 in a typical day.
def r3(c: float) -> bool:
    return 0.2 <= c <= 5

# A vehicle remains D param between 1 and 5 in a typical day.
def r4(d: float) -> bool:
    return 1 <= d <= 5

# A vehicle spends E param between 1 and 5 in a typical day.
def r5(e: float) -> bool:
    return 1 <= e <= 5

# A vehicle makes between 20 and 300 F param in a typical day.
def r6(f: float) -> bool:
    return 20 <= f <= 300


Input text:
Textual context: PTO operation time must be less than or equal to the total operation time.
Idle time should be less than or equal to the total operation time.
The weight on axle 1 cannot surpass the weight on axle 3.
Axle 2's load must always be equal to or greater than the payload.";"```python
# PTO operation time must be less than or equal to the total operation time.
def r7(pto: float, total: float) -> bool:
    return pto <= total

# Idle time should be less than or equal to the total operation time.
def r8(idle: float, total: float) -> bool:
    return idle <= total

# The weight on axle 1 cannot surpass the weight on axle 3.
def r9(axle1: float, axle3: float) -> bool:
    return axle1 <= axle3

# Axle 2's load must always be equal to or greater than the payload.
def r10(axle2: float, payload: float) -> bool:
    return axle2 >= payload
```"
"System Message:
You are a logician with a background in mathematics that translates natural language
reasoning text to Python3 code so that these natural language reasoning problems can be solved.
During the translation, please pay close attention to defining variables and rules.
Do not add any comments from you.
Be guided by the following example:
Example input text:
Textual context: A vehicle operates over a A param between 20 and 110 in a typical day.
A vehicle operates for a B param between 2 and 10 in a typical day.
A vehicle operates with C param between 0.2 and 5 in a typical day.
A vehicle remains D param between 1 and 5 in a typical day.
A vehicle spends E param between 1 and 5 in a typical day.
A vehicle makes between 20 and 300 F param in a typical day.

Example Python3 code:
# A vehicle operates over a A param between 20 and 110 in a typical day.
def r1(a: float) -> bool:
    return 20 <= a <= 110

# A vehicle operates for a B param between 2 and 10 in a typical day.
def r2(b: float) -> bool:
    return 2 <= b <= 10

# A vehicle operates with C param between 0.2 and 5 in a typical day.
def r3(c: float) -> bool:
    return 0.2 <= c <= 5

# A vehicle remains D param between 1 and 5 in a typical day.
def r4(d: float) -> bool:
    return 1 <= d <= 5

# A vehicle spends E param between 1 and 5 in a typical day.
def r5(e: float) -> bool:
    return 1 <= e <= 5

# A vehicle makes between 20 and 300 F param in a typical day.
def r6(f: float) -> bool:
    return 20 <= f <= 300


Input text:
Textual context: Axle 1's load cannot exceed Axle 3's load.
Payload must remain below or equal to the load carried by axle 2.
The payload must always be smaller than or equal to the load on axle 3.
Total operation time must be greater than or equal to the sum of PTO operation, idle, and driving times.";"```python
# Axle 1's load cannot exceed Axle 3's load.
def r1(a1: float, a3: float) -> bool:
    return a1 <= a3

# Payload must remain below or equal to the load carried by axle 2.
def r2(payload: float, a2: float) -> bool:
    return payload <= a2

# The payload must always be smaller than or equal to the load on axle 3.
def r3(payload: float, a3: float) -> bool:
    return payload <= a3

# Total operation time must be greater than or equal to the sum of PTO operation, idle, and driving times.
def r4(total_time: float, pto_time: float, idle_time: float, driving_time: float) -> bool:
    return total_time >= pto_time + idle_time + driving_time
```"
"System Message:
You are a logician with a background in mathematics that translates natural language
reasoning text to Python3 code so that these natural language reasoning problems can be solved.
During the translation, please pay close attention to defining variables and rules.
Do not add any comments from you.
Be guided by the following example:
Example input text:
Textual context: A vehicle operates over a A param between 20 and 110 in a typical day.
A vehicle operates for a B param between 2 and 10 in a typical day.
A vehicle operates with C param between 0.2 and 5 in a typical day.
A vehicle remains D param between 1 and 5 in a typical day.
A vehicle spends E param between 1 and 5 in a typical day.

Example Python3 code:
# A vehicle operates over a A param between 20 and 110 in a typical day.
def r1(a: float) -> bool:
    return 20 <= a <= 110

# A vehicle operates for a B param between 2 and 10 in a typical day.
def r2(b: float) -> bool:
    return 2 <= b <= 10

# A vehicle operates with C param between 0.2 and 5 in a typical day.
def r3(c: float) -> bool:
    return 0.2 <= c <= 5

# A vehicle remains D param between 1 and 5 in a typical day.
def r4(d: float) -> bool:
    return 1 <= d <= 5

# A vehicle spends E param between 1 and 5 in a typical day.
def r5(e: float) -> bool:
    return 1 <= e <= 5


Input text:
Textual context: PTO operation time should be less than or equal to the total operation time.
Idle time should be less than or equal to the total operation time.
The load carried by axle 1 must be smaller than or equal to the load on axle 2.
The weight on axle 1 cannot surpass the weight on axle 3.
The combined time for PTO operation, idle time, and driving time must not surpass the total operation time.";"def r1(pto_time: float, total_time: float) -> bool:
    return pto_time <= total_time

def r2(idle_time: float, total_time: float) -> bool:
    return idle_time <= total_time

def r3(axle1_load: float, axle2_load: float) -> bool:
    return axle1_load <= axle2_load

def r4(axle1_weight: float, axle3_weight: float) -> bool:
    return axle1_weight <= axle3_weight

def r5(pto_time: float, idle_time: float, driving_time: float, total_time: float) -> bool:
    return pto_time + idle_time + driving_time <= total_time"
"System Message:
You are a logician with a background in mathematics that translates natural language
reasoning text to Python3 code so that these natural language reasoning problems can be solved.
During the translation, please pay close attention to defining variables and rules.
Do not add any comments from you.
Be guided by the following example:
Example input text:
Textual context: A vehicle operates over a A param between 20 and 110 in a typical day.
A vehicle operates for a B param between 2 and 10 in a typical day.
A vehicle operates with C param between 0.2 and 5 in a typical day.
A vehicle remains D param between 1 and 5 in a typical day.
A vehicle spends E param between 1 and 5 in a typical day.

Example Python3 code:
# A vehicle operates over a A param between 20 and 110 in a typical day.
def r1(a: float) -> bool:
    return 20 <= a <= 110

# A vehicle operates for a B param between 2 and 10 in a typical day.
def r2(b: float) -> bool:
    return 2 <= b <= 10

# A vehicle operates with C param between 0.2 and 5 in a typical day.
def r3(c: float) -> bool:
    return 0.2 <= c <= 5

# A vehicle remains D param between 1 and 5 in a typical day.
def r4(d: float) -> bool:
    return 1 <= d <= 5

# A vehicle spends E param between 1 and 5 in a typical day.
def r5(e: float) -> bool:
    return 1 <= e <= 5


Input text:
Textual context: Total operation time shouldn’t be lower than PTO operation time.
The total stop count must not be lower than the count of stops where PTO is engaged.
The load on axle 1 must not surpass the load on axle 3.
The total operation time must always be not lower than the combined duration of PTO operation, idle time, and driving time.";"```python
def r6(total_operation_time: float, pto_operation_time: float) -> bool:
    return total_operation_time >= pto_operation_time

def r7(total_stop_count: float, pto_engaged_stop_count: float) -> bool:
    return total_stop_count >= pto_engaged_stop_count

def r8(axle1_load: float, axle3_load: float) -> bool:
    return axle1_load <= axle3_load

def r9(total_operation_time: float, pto_operation_time: float, idle_time: float, driving_time: float) -> bool:
    return total_operation_time >= (pto_operation_time + idle_time + driving_time)
```"
"System Message:
You are a logician with a background in mathematics that translates natural language
reasoning text to Python3 code so that these natural language reasoning problems can be solved.
During the translation, please pay close attention to defining variables and rules.
Do not add any comments from you.
Be guided by the following example:
Example input text:
Textual context: A vehicle operates over a A param between 20 and 110 in a typical day.
A vehicle operates for a B param between 2 and 10 in a typical day.
A vehicle operates with C param between 0.2 and 5 in a typical day.
A vehicle remains D param between 1 and 5 in a typical day.
A vehicle spends E param between 1 and 5 in a typical day.

Example Python3 code:
# A vehicle operates over a A param between 20 and 110 in a typical day.
def r1(a: float) -> bool:
    return 20 <= a <= 110

# A vehicle operates for a B param between 2 and 10 in a typical day.
def r2(b: float) -> bool:
    return 2 <= b <= 10

# A vehicle operates with C param between 0.2 and 5 in a typical day.
def r3(c: float) -> bool:
    return 0.2 <= c <= 5

# A vehicle remains D param between 1 and 5 in a typical day.
def r4(d: float) -> bool:
    return 1 <= d <= 5

# A vehicle spends E param between 1 and 5 in a typical day.
def r5(e: float) -> bool:
    return 1 <= e <= 5


Input text:
Textual context: Idle time should be less than or equal to the total operation time.
Stops with PTO engaged should never outnumber total stops.
The load supported by axle 1 cannot exceed that of axle 2.
The payload must always be smaller than or equal to the load on axle 3.
Total operation time must be greater than or equal to the sum of PTO operation, idle, and driving times.";"```python
# Idle time should be less than or equal to the total operation time.
def r6(idle_time: float, total_operation_time: float) -> bool:
    return idle_time <= total_operation_time

# Stops with PTO engaged should never outnumber total stops.
def r7(stops_with_pto_engaged: float, total_stops: float) -> bool:
    return stops_with_pto_engaged <= total_stops

# The load supported by axle 1 cannot exceed that of axle 2.
def r8(axle1_load: float, axle2_load: float) -> bool:
    return axle1_load <= axle2_load

# The payload must always be smaller than or equal to the load on axle 3.
def r9(payload: float, axle3_load: float) -> bool:
    return payload <= axle3_load

# Total operation time must be greater than or equal to the sum of PTO operation, idle, and driving times.
def r10(total_operation_time: float, pto_operation_time: float, idle_time: float, driving_time: float) -> bool:
    return total_operation_time >= pto_operation_time + idle_time + driving_time
```"
"System Message:
You are a logician with a background in mathematics that translates natural language
reasoning text to Python3 code so that these natural language reasoning problems can be solved.
During the translation, please pay close attention to defining variables and rules.
Do not add any comments from you.
Be guided by the following example:
Example input text:
Textual context: A vehicle operates over a A param between 20 and 110 in a typical day.
A vehicle operates for a B param between 2 and 10 in a typical day.
A vehicle operates with C param between 0.2 and 5 in a typical day.
A vehicle remains D param between 1 and 5 in a typical day.
A vehicle spends E param between 1 and 5 in a typical day.

Example Python3 code:
# A vehicle operates over a A param between 20 and 110 in a typical day.
def r1(a: float) -> bool:
    return 20 <= a <= 110

# A vehicle operates for a B param between 2 and 10 in a typical day.
def r2(b: float) -> bool:
    return 2 <= b <= 10

# A vehicle operates with C param between 0.2 and 5 in a typical day.
def r3(c: float) -> bool:
    return 0.2 <= c <= 5

# A vehicle remains D param between 1 and 5 in a typical day.
def r4(d: float) -> bool:
    return 1 <= d <= 5

# A vehicle spends E param between 1 and 5 in a typical day.
def r5(e: float) -> bool:
    return 1 <= e <= 5


Input text:
Textual context: PTO operation time should be less than or equal to the total operation time.
Idle time should be less than or equal to the total operation time.
Driving time cannot be greater than the total operation time.
Axle 1's load cannot exceed Axle 2's load.
The load carried by axle 1 must be smaller than or equal to the load on axle 3.";"```python
# PTO operation time should be less than or equal to the total operation time.
def r1(pto_time: float, total_time: float) -> bool:
    return pto_time <= total_time

# Idle time should be less than or equal to the total operation time.
def r2(idle_time: float, total_time: float) -> bool:
    return idle_time <= total_time

# Driving time cannot be greater than the total operation time.
def r3(driving_time: float, total_time: float) -> bool:
    return driving_time <= total_time

# Axle 1's load cannot exceed Axle 2's load.
def r4(axle1_load: float, axle2_load: float) -> bool:
    return axle1_load <= axle2_load

# The load carried by axle 1 must be smaller than or equal to the load on axle 3.
def r5(axle1_load: float, axle3_load: float) -> bool:
    return axle1_load <= axle3_load
```"
"System Message:
You are a logician with a background in mathematics that translates natural language
reasoning text to Python3 code so that these natural language reasoning problems can be solved.
During the translation, please pay close attention to defining variables and rules.
Do not add any comments from you.
Be guided by the following example:
Example input text:
Textual context: A vehicle operates over a A param between 20 and 110 in a typical day.
A vehicle operates for a B param between 2 and 10 in a typical day.
A vehicle operates with C param between 0.2 and 5 in a typical day.
A vehicle remains D param between 1 and 5 in a typical day.
A vehicle spends E param between 1 and 5 in a typical day.

Example Python3 code:
# A vehicle operates over a A param between 20 and 110 in a typical day.
def r1(a: float) -> bool:
    return 20 <= a <= 110

# A vehicle operates for a B param between 2 and 10 in a typical day.
def r2(b: float) -> bool:
    return 2 <= b <= 10

# A vehicle operates with C param between 0.2 and 5 in a typical day.
def r3(c: float) -> bool:
    return 0.2 <= c <= 5

# A vehicle remains D param between 1 and 5 in a typical day.
def r4(d: float) -> bool:
    return 1 <= d <= 5

# A vehicle spends E param between 1 and 5 in a typical day.
def r5(e: float) -> bool:
    return 1 <= e <= 5


Input text:
Textual context: The total operation durationmust not be lower than the driving time.
Stops with PTO engaged cannot outnumber the total stops.
Axle 1's load cannot exceed Axle 3's load.
The payload must always be smaller than or equal to the load on axle 3.
The total operation duration must always be greater than or equal to the combined time for PTO, idle, and driving.";"```python
def r6(total_operation_duration: float, driving_time: float) -> bool:
    return total_operation_duration >= driving_time

def r7(stops_with_pto_engaged: float, total_stops: float) -> bool:
    return stops_with_pto_engaged <= total_stops

def r8(axle1_load: float, axle3_load: float) -> bool:
    return axle1_load <= axle3_load

def r9(payload: float, axle3_load: float) -> bool:
    return payload <= axle3_load

def r10(total_operation_duration: float, pto_time: float, idle_time: float, driving_time: float) -> bool:
    return total_operation_duration >= (pto_time + idle_time + driving_time)
```"
"System Message:
You are a logician with a background in mathematics that translates natural language
reasoning text to Python3 code so that these natural language reasoning problems can be solved.
During the translation, please pay close attention to defining variables and rules.
Do not add any comments from you.
Be guided by the following example:
Example input text:
Textual context: A vehicle operates over a A param between 20 and 110 in a typical day.
A vehicle operates for a B param between 2 and 10 in a typical day.
A vehicle operates with C param between 0.2 and 5 in a typical day.
A vehicle remains D param between 1 and 5 in a typical day.
A vehicle spends E param between 1 and 5 in a typical day.

Example Python3 code:
# A vehicle operates over a A param between 20 and 110 in a typical day.
def r1(a: float) -> bool:
    return 20 <= a <= 110

# A vehicle operates for a B param between 2 and 10 in a typical day.
def r2(b: float) -> bool:
    return 2 <= b <= 10

# A vehicle operates with C param between 0.2 and 5 in a typical day.
def r3(c: float) -> bool:
    return 0.2 <= c <= 5

# A vehicle remains D param between 1 and 5 in a typical day.
def r4(d: float) -> bool:
    return 1 <= d <= 5

# A vehicle spends E param between 1 and 5 in a typical day.
def r5(e: float) -> bool:
    return 1 <= e <= 5


Input text:
Textual context: The total operation duration must not be lower than the PTO operation time.
The total operation durationmust not be lower than the driving time.
Axle 1's load cannot exceed Axle 2's load.
The weight on axle 1 cannot surpass the weight on axle 3.
Axle 3's load must always be equal to or greater than the payload.";"```python
def r6(total_operation_duration: float, pto_operation_time: float) -> bool:
    return total_operation_duration >= pto_operation_time

def r7(total_operation_duration: float, driving_time: float) -> bool:
    return total_operation_duration >= driving_time

def r8(axle1_load: float, axle2_load: float) -> bool:
    return axle1_load <= axle2_load

def r9(axle1_weight: float, axle3_weight: float) -> bool:
    return axle1_weight <= axle3_weight

def r10(axle3_load: float, payload: float) -> bool:
    return axle3_load >= payload
```"
"System Message:
You are a logician with a background in mathematics that translates natural language
reasoning text to Python3 code so that these natural language reasoning problems can be solved.
During the translation, please pay close attention to defining variables and rules.
Do not add any comments from you.
Be guided by the following example:
Example input text:
Textual context: A vehicle operates over a A param between 20 and 110 in a typical day.
A vehicle operates for a B param between 2 and 10 in a typical day.
A vehicle operates with C param between 0.2 and 5 in a typical day.
A vehicle remains D param between 1 and 5 in a typical day.
A vehicle spends E param between 1 and 5 in a typical day.

Example Python3 code:
# A vehicle operates over a A param between 20 and 110 in a typical day.
def r1(a: float) -> bool:
    return 20 <= a <= 110

# A vehicle operates for a B param between 2 and 10 in a typical day.
def r2(b: float) -> bool:
    return 2 <= b <= 10

# A vehicle operates with C param between 0.2 and 5 in a typical day.
def r3(c: float) -> bool:
    return 0.2 <= c <= 5

# A vehicle remains D param between 1 and 5 in a typical day.
def r4(d: float) -> bool:
    return 1 <= d <= 5

# A vehicle spends E param between 1 and 5 in a typical day.
def r5(e: float) -> bool:
    return 1 <= e <= 5


Input text:
Textual context: Idle time cannot be greater than the total operation time.
Driving time must always be less than or equal to the total operation time.
Stops with PTO engaged cannot outnumber the total stops.
Total operation time should be at least the sum of PTO, idle, and driving times.";"```python
def r1(idle_time: float, total_operation_time: float) -> bool:
    return idle_time <= total_operation_time

def r2(driving_time: float, total_operation_time: float) -> bool:
    return driving_time <= total_operation_time

def r3(stops_with_pto_engaged: float, total_stops: float) -> bool:
    return stops_with_pto_engaged <= total_stops

def r4(pto_time: float, idle_time: float, driving_time: float, total_operation_time: float) -> bool:
    return total_operation_time >= pto_time + idle_time + driving_time
```"
"System Message:
You are a logician with a background in mathematics that translates natural language
reasoning text to Python3 code so that these natural language reasoning problems can be solved.
During the translation, please pay close attention to defining variables and rules.
Do not add any comments from you.
Be guided by the following example:
Example input text:
Textual context: A vehicle operates over a A param between 20 and 110 in a typical day.
A vehicle operates for a B param between 2 and 10 in a typical day.
A vehicle operates with C param between 0.2 and 5 in a typical day.
A vehicle remains D param between 1 and 5 in a typical day.
A vehicle spends E param between 1 and 5 in a typical day.

Example Python3 code:
# A vehicle operates over a A param between 20 and 110 in a typical day.
def r1(a: float) -> bool:
    return 20 <= a <= 110

# A vehicle operates for a B param between 2 and 10 in a typical day.
def r2(b: float) -> bool:
    return 2 <= b <= 10

# A vehicle operates with C param between 0.2 and 5 in a typical day.
def r3(c: float) -> bool:
    return 0.2 <= c <= 5

# A vehicle remains D param between 1 and 5 in a typical day.
def r4(d: float) -> bool:
    return 1 <= d <= 5

# A vehicle spends E param between 1 and 5 in a typical day.
def r5(e: float) -> bool:
    return 1 <= e <= 5


Input text:
Textual context: Total operation time shouldn’t be lower than idle time.
The total stop count must not be lower than the count of stops where PTO is engaged.
The weight on axle 1 cannot surpass the weight on axle 2.
The load carried by axle 1 must be smaller than or equal to the load on axle 3.
The payload must always be smaller than or equal to the load on axle 3.";"def r6(total_operation_time: float, idle_time: float) -> bool:
    return total_operation_time >= idle_time

def r7(total_stop_count: float, pto_engaged_stop_count: float) -> bool:
    return total_stop_count >= pto_engaged_stop_count

def r8(axle1_weight: float, axle2_weight: float) -> bool:
    return axle1_weight <= axle2_weight

def r9(axle1_load: float, axle3_load: float) -> bool:
    return axle1_load <= axle3_load

def r10(payload: float, axle3_load: float) -> bool:
    return payload <= axle3_load"
"System Message:
You are a logician with a background in mathematics that translates natural language
reasoning text to Python3 code so that these natural language reasoning problems can be solved.
During the translation, please pay close attention to defining variables and rules.
Do not add any comments from you.
Be guided by the following example:
Example input text:
Textual context: A vehicle operates over a A param between 20 and 110 in a typical day.
A vehicle operates for a B param between 2 and 10 in a typical day.
A vehicle operates with C param between 0.2 and 5 in a typical day.
A vehicle remains D param between 1 and 5 in a typical day.
A vehicle spends E param between 1 and 5 in a typical day.

Example Python3 code:
# A vehicle operates over a A param between 20 and 110 in a typical day.
def r1(a: float) -> bool:
    return 20 <= a <= 110

# A vehicle operates for a B param between 2 and 10 in a typical day.
def r2(b: float) -> bool:
    return 2 <= b <= 10

# A vehicle operates with C param between 0.2 and 5 in a typical day.
def r3(c: float) -> bool:
    return 0.2 <= c <= 5

# A vehicle remains D param between 1 and 5 in a typical day.
def r4(d: float) -> bool:
    return 1 <= d <= 5

# A vehicle spends E param between 1 and 5 in a typical day.
def r5(e: float) -> bool:
    return 1 <= e <= 5


Input text:
Textual context: Total operation time shouldn’t be lower than idle time.
Stops with PTO engaged cannot outnumber the total stops.
Axle 1's load cannot exceed Axle 2's load.
Payload must remain below or equal to the load carried by axle 3.
Total operation time must be greater than or equal to the sum of PTO operation, idle, and driving times.";"```python
def r6(total_operation_time: float, idle_time: float) -> bool:
    return total_operation_time >= idle_time

def r7(stops_with_pto_engaged: float, total_stops: float) -> bool:
    return stops_with_pto_engaged <= total_stops

def r8(axle1_load: float, axle2_load: float) -> bool:
    return axle1_load <= axle2_load

def r9(payload: float, axle3_load: float) -> bool:
    return payload <= axle3_load

def r10(total_operation_time: float, pto_operation: float, idle_time: float, driving_time: float) -> bool:
    return total_operation_time >= (pto_operation + idle_time + driving_time)
```"
"System Message:
You are a logician with a background in mathematics that translates natural language
reasoning text to Python3 code so that these natural language reasoning problems can be solved.
During the translation, please pay close attention to defining variables and rules.
Do not add any comments from you.
Be guided by the following example:
Example input text:
Textual context: A vehicle operates over a A param between 20 and 110 in a typical day.
A vehicle operates for a B param between 2 and 10 in a typical day.
A vehicle operates with C param between 0.2 and 5 in a typical day.
A vehicle remains D param between 1 and 5 in a typical day.
A vehicle spends E param between 1 and 5 in a typical day.

Example Python3 code:
# A vehicle operates over a A param between 20 and 110 in a typical day.
def r1(a: float) -> bool:
    return 20 <= a <= 110

# A vehicle operates for a B param between 2 and 10 in a typical day.
def r2(b: float) -> bool:
    return 2 <= b <= 10

# A vehicle operates with C param between 0.2 and 5 in a typical day.
def r3(c: float) -> bool:
    return 0.2 <= c <= 5

# A vehicle remains D param between 1 and 5 in a typical day.
def r4(d: float) -> bool:
    return 1 <= d <= 5

# A vehicle spends E param between 1 and 5 in a typical day.
def r5(e: float) -> bool:
    return 1 <= e <= 5


Input text:
Textual context: Total operation time shouldn’t be lower than idle time.
PTO-engaged stops cannot exceed the total number of stops.
The load carried by axle 1 must be smaller than or equal to the load on axle 2.
The payload cannot exceed the capacity of axle 2.
Total operation time should be at least the sum of PTO, idle, and driving times.";"```python
def r6(total_operation_time: float, idle_time: float) -> bool:
    return total_operation_time >= idle_time

def r7(pto_engaged_stops: float, total_stops: float) -> bool:
    return pto_engaged_stops <= total_stops

def r8(axle1_load: float, axle2_load: float) -> bool:
    return axle1_load <= axle2_load

def r9(payload: float, axle2_capacity: float) -> bool:
    return payload <= axle2_capacity

def r10(total_operation_time: float, pto_time: float, idle_time: float, driving_time: float) -> bool:
    return total_operation_time >= (pto_time + idle_time + driving_time)
```"
"System Message:
You are a logician with a background in mathematics that translates natural language
reasoning text to Python3 code so that these natural language reasoning problems can be solved.
During the translation, please pay close attention to defining variables and rules.
Do not add any comments from you.
Be guided by the following example:
Example input text:
Textual context: A vehicle operates over a A param between 20 and 110 in a typical day.
A vehicle operates for a B param between 2 and 10 in a typical day.
A vehicle operates with C param between 0.2 and 5 in a typical day.
A vehicle remains D param between 1 and 5 in a typical day.
A vehicle spends E param between 1 and 5 in a typical day.

Example Python3 code:
# A vehicle operates over a A param between 20 and 110 in a typical day.
def r1(a: float) -> bool:
    return 20 <= a <= 110

# A vehicle operates for a B param between 2 and 10 in a typical day.
def r2(b: float) -> bool:
    return 2 <= b <= 10

# A vehicle operates with C param between 0.2 and 5 in a typical day.
def r3(c: float) -> bool:
    return 0.2 <= c <= 5

# A vehicle remains D param between 1 and 5 in a typical day.
def r4(d: float) -> bool:
    return 1 <= d <= 5

# A vehicle spends E param between 1 and 5 in a typical day.
def r5(e: float) -> bool:
    return 1 <= e <= 5


Input text:
Textual context: The total operation durationmust not be lower than the driving time.
The weight on axle 1 cannot surpass the weight on axle 2.
The load supported by axle 1 cannot exceed that of axle 3.
Total operation time should be at least the sum of PTO, idle, and driving times.";"```python
# The total operation durationmust not be lower than the driving time.
def r6(total_operation_duration: float, driving_time: float) -> bool:
    return total_operation_duration >= driving_time

# The weight on axle 1 cannot surpass the weight on axle 2.
def r7(axle1_weight: float, axle2_weight: float) -> bool:
    return axle1_weight <= axle2_weight

# The load supported by axle 1 cannot exceed that of axle 3.
def r8(axle1_load: float, axle3_load: float) -> bool:
    return axle1_load <= axle3_load

# Total operation time should be at least the sum of PTO, idle, and driving times.
def r9(total_operation_time: float, pto_time: float, idle_time: float, driving_time: float) -> bool:
    return total_operation_time >= pto_time + idle_time + driving_time
```"
"System Message:
You are a logician with a background in mathematics that translates natural language
reasoning text to Python3 code so that these natural language reasoning problems can be solved.
During the translation, please pay close attention to defining variables and rules.
Do not add any comments from you.
Be guided by the following example:
Example input text:
Textual context: A vehicle operates over a A param between 20 and 110 in a typical day.
A vehicle operates for a B param between 2 and 10 in a typical day.
A vehicle operates with C param between 0.2 and 5 in a typical day.
A vehicle remains D param between 1 and 5 in a typical day.
A vehicle spends E param between 1 and 5 in a typical day.

Example Python3 code:
# A vehicle operates over a A param between 20 and 110 in a typical day.
def r1(a: float) -> bool:
    return 20 <= a <= 110

# A vehicle operates for a B param between 2 and 10 in a typical day.
def r2(b: float) -> bool:
    return 2 <= b <= 10

# A vehicle operates with C param between 0.2 and 5 in a typical day.
def r3(c: float) -> bool:
    return 0.2 <= c <= 5

# A vehicle remains D param between 1 and 5 in a typical day.
def r4(d: float) -> bool:
    return 1 <= d <= 5

# A vehicle spends E param between 1 and 5 in a typical day.
def r5(e: float) -> bool:
    return 1 <= e <= 5


Input text:
Textual context: The total operation duration must not be lower than the idle time.
PTO-engaged stops cannot exceed the total number of stops.
Axle 2's load must always be equal to or greater than the payload.
The payload cannot exceed the capacity of axle 3.
The total operation duration must always be greater than or equal to the combined time for PTO, idle, and driving.";"```python
def r6(total_operation_duration: float, idle_time: float) -> bool:
    return total_operation_duration >= idle_time

def r7(pto_engaged_stops: float, total_stops: float) -> bool:
    return pto_engaged_stops <= total_stops

def r8(axle2_load: float, payload: float) -> bool:
    return axle2_load >= payload

def r9(payload: float, axle3_capacity: float) -> bool:
    return payload <= axle3_capacity

def r10(total_operation_duration: float, pto_time: float, idle_time: float, driving_time: float) -> bool:
    return total_operation_duration >= (pto_time + idle_time + driving_time)
```"
"System Message:
You are a logician with a background in mathematics that translates natural language
reasoning text to Python3 code so that these natural language reasoning problems can be solved.
During the translation, please pay close attention to defining variables and rules.
Do not add any comments from you.
Be guided by the following example:
Example input text:
Textual context: A vehicle operates over a A param between 20 and 110 in a typical day.
A vehicle operates for a B param between 2 and 10 in a typical day.
A vehicle operates with C param between 0.2 and 5 in a typical day.
A vehicle remains D param between 1 and 5 in a typical day.
A vehicle spends E param between 1 and 5 in a typical day.

Example Python3 code:
# A vehicle operates over a A param between 20 and 110 in a typical day.
def r1(a: float) -> bool:
    return 20 <= a <= 110

# A vehicle operates for a B param between 2 and 10 in a typical day.
def r2(b: float) -> bool:
    return 2 <= b <= 10

# A vehicle operates with C param between 0.2 and 5 in a typical day.
def r3(c: float) -> bool:
    return 0.2 <= c <= 5

# A vehicle remains D param between 1 and 5 in a typical day.
def r4(d: float) -> bool:
    return 1 <= d <= 5

# A vehicle spends E param between 1 and 5 in a typical day.
def r5(e: float) -> bool:
    return 1 <= e <= 5


Input text:
Textual context: Total operation time shouldn’t be lower than PTO operation time.
The load on axle 1 must not surpass the load on axle 3.
Payload must remain below or equal to the load carried by axle 2.
The payload must always be smaller than or equal to the load on axle 3.
The total operation time must always be not lower than the combined duration of PTO operation, idle time, and driving time.";"```python
def r6(total_operation_time: float, pto_operation_time: float) -> bool:
    return total_operation_time >= pto_operation_time

def r7(axle1_load: float, axle3_load: float) -> bool:
    return axle1_load <= axle3_load

def r8(payload: float, axle2_load: float) -> bool:
    return payload <= axle2_load

def r9(payload: float, axle3_load: float) -> bool:
    return payload <= axle3_load

def r10(total_operation_time: float, pto_operation_time: float, idle_time: float, driving_time: float) -> bool:
    return total_operation_time >= (pto_operation_time + idle_time + driving_time)
```"
"System Message:
You are a logician with a background in mathematics that translates natural language
reasoning text to Python3 code so that these natural language reasoning problems can be solved.
During the translation, please pay close attention to defining variables and rules.
Do not add any comments from you.
Be guided by the following example:
Example input text:
Textual context: A vehicle operates over a A param between 20 and 110 in a typical day.
A vehicle operates for a B param between 2 and 10 in a typical day.
A vehicle operates with C param between 0.2 and 5 in a typical day.
A vehicle remains D param between 1 and 5 in a typical day.
A vehicle spends E param between 1 and 5 in a typical day.
A vehicle makes between 20 and 300 F param in a typical day.

Example Python3 code:
# A vehicle operates over a A param between 20 and 110 in a typical day.
def r1(a: float) -> bool:
    return 20 <= a <= 110

# A vehicle operates for a B param between 2 and 10 in a typical day.
def r2(b: float) -> bool:
    return 2 <= b <= 10

# A vehicle operates with C param between 0.2 and 5 in a typical day.
def r3(c: float) -> bool:
    return 0.2 <= c <= 5

# A vehicle remains D param between 1 and 5 in a typical day.
def r4(d: float) -> bool:
    return 1 <= d <= 5

# A vehicle spends E param between 1 and 5 in a typical day.
def r5(e: float) -> bool:
    return 1 <= e <= 5

# A vehicle makes between 20 and 300 F param in a typical day.
def r6(f: float) -> bool:
    return 20 <= f <= 300


Input text:
Textual context: PTO operation time should be less than or equal to the total operation time.
Driving time must always be less than or equal to the total operation time.
The number of stops where PTO is engaged must not exceed the overall stop count.
The load carried by axle 1 must be smaller than or equal to the load on axle 2.
The payload must always be smaller than or equal to the load on axle 3.
The combined time for PTO operation, idle time, and driving time must not surpass the total operation time.";"```python
# PTO operation time should be less than or equal to the total operation time.
def r7(pto_time: float, total_time: float) -> bool:
    return pto_time <= total_time

# Driving time must always be less than or equal to the total operation time.
def r8(driving_time: float, total_time: float) -> bool:
    return driving_time <= total_time

# The number of stops where PTO is engaged must not exceed the overall stop count.
def r9(pto_stops: int, total_stops: int) -> bool:
    return pto_stops <= total_stops

# The load carried by axle 1 must be smaller than or equal to the load on axle 2.
def r10(axle1_load: float, axle2_load: float) -> bool:
    return axle1_load <= axle2_load

# The payload must always be smaller than or equal to the load on axle 3.
def r11(payload: float, axle3_load: float) -> bool:
    return payload <= axle3_load

# The combined time for PTO operation, idle time, and driving time must not surpass the total operation time.
def r12(pto_time: float, idle_time: float, driving_time: float, total_time: float) -> bool:
    return pto_time + idle_time + driving_time <= total_time
```"
"System Message:
You are a logician with a background in mathematics that translates natural language
reasoning text to Python3 code so that these natural language reasoning problems can be solved.
During the translation, please pay close attention to defining variables and rules.
Do not add any comments from you.
Be guided by the following example:
Example input text:
Textual context: A vehicle operates over a A param between 20 and 110 in a typical day.
A vehicle operates for a B param between 2 and 10 in a typical day.
A vehicle operates with C param between 0.2 and 5 in a typical day.
A vehicle remains D param between 1 and 5 in a typical day.
A vehicle spends E param between 1 and 5 in a typical day.
A vehicle makes between 20 and 300 F param in a typical day.

Example Python3 code:
# A vehicle operates over a A param between 20 and 110 in a typical day.
def r1(a: float) -> bool:
    return 20 <= a <= 110

# A vehicle operates for a B param between 2 and 10 in a typical day.
def r2(b: float) -> bool:
    return 2 <= b <= 10

# A vehicle operates with C param between 0.2 and 5 in a typical day.
def r3(c: float) -> bool:
    return 0.2 <= c <= 5

# A vehicle remains D param between 1 and 5 in a typical day.
def r4(d: float) -> bool:
    return 1 <= d <= 5

# A vehicle spends E param between 1 and 5 in a typical day.
def r5(e: float) -> bool:
    return 1 <= e <= 5

# A vehicle makes between 20 and 300 F param in a typical day.
def r6(f: float) -> bool:
    return 20 <= f <= 300


Input text:
Textual context: PTO operation time must be less than or equal to the total operation time.
The total operation durationmust not be lower than the driving time.
The load supported by axle 1 cannot exceed that of axle 2.
Payload must remain below or equal to the load carried by axle 2.
The payload must always be smaller than or equal to the load on axle 3.";"```python
# PTO operation time must be less than or equal to the total operation time.
def r7(pto_time: float, total_time: float) -> bool:
    return pto_time <= total_time

# The total operation durationmust not be lower than the driving time.
def r8(total_time: float, driving_time: float) -> bool:
    return total_time >= driving_time

# The load supported by axle 1 cannot exceed that of axle 2.
def r9(axle1_load: float, axle2_load: float) -> bool:
    return axle1_load <= axle2_load

# Payload must remain below or equal to the load carried by axle 2.
def r10(payload: float, axle2_load: float) -> bool:
    return payload <= axle2_load

# The payload must always be smaller than or equal to the load on axle 3.
def r11(payload: float, axle3_load: float) -> bool:
    return payload <= axle3_load
```"
"System Message:
You are a logician with a background in mathematics that translates natural language
reasoning text to Python3 code so that these natural language reasoning problems can be solved.
During the translation, please pay close attention to defining variables and rules.
Do not add any comments from you.
Be guided by the following example:
Example input text:
Textual context: A vehicle operates over a A param between 20 and 110 in a typical day.
A vehicle operates for a B param between 2 and 10 in a typical day.
A vehicle operates with C param between 0.2 and 5 in a typical day.
A vehicle remains D param between 1 and 5 in a typical day.
A vehicle spends E param between 1 and 5 in a typical day.
A vehicle makes between 20 and 300 F param in a typical day.

Example Python3 code:
# A vehicle operates over a A param between 20 and 110 in a typical day.
def r1(a: float) -> bool:
    return 20 <= a <= 110

# A vehicle operates for a B param between 2 and 10 in a typical day.
def r2(b: float) -> bool:
    return 2 <= b <= 10

# A vehicle operates with C param between 0.2 and 5 in a typical day.
def r3(c: float) -> bool:
    return 0.2 <= c <= 5

# A vehicle remains D param between 1 and 5 in a typical day.
def r4(d: float) -> bool:
    return 1 <= d <= 5

# A vehicle spends E param between 1 and 5 in a typical day.
def r5(e: float) -> bool:
    return 1 <= e <= 5

# A vehicle makes between 20 and 300 F param in a typical day.
def r6(f: float) -> bool:
    return 20 <= f <= 300


Input text:
Textual context: Idle time should be less than or equal to the total operation time.
The total operation durationmust not be lower than the driving time.
The number of stops where PTO is engaged must not exceed the overall stop count.
The weight on axle 1 cannot surpass the weight on axle 3.
Payload must remain below or equal to the load carried by axle 2.
Axle 3's load must always be equal to or greater than the payload.";"```python
# Idle time should be less than or equal to the total operation time.
def r7(idle_time: float, total_operation_time: float) -> bool:
    return idle_time <= total_operation_time

# The total operation durationmust not be lower than the driving time.
def r8(total_operation_duration: float, driving_time: float) -> bool:
    return total_operation_duration >= driving_time

# The number of stops where PTO is engaged must not exceed the overall stop count.
def r9(pto_engaged_stops: int, overall_stops: int) -> bool:
    return pto_engaged_stops <= overall_stops

# The weight on axle 1 cannot surpass the weight on axle 3.
def r10(axle1_weight: float, axle3_weight: float) -> bool:
    return axle1_weight <= axle3_weight

# Payload must remain below or equal to the load carried by axle 2.
def r11(payload: float, axle2_load: float) -> bool:
    return payload <= axle2_load

# Axle 3's load must always be equal to or greater than the payload.
def r12(axle3_load: float, payload: float) -> bool:
    return axle3_load >= payload
```"
"System Message:
You are a logician with a background in mathematics that translates natural language
reasoning text to Python3 code so that these natural language reasoning problems can be solved.
During the translation, please pay close attention to defining variables and rules.
Do not add any comments from you.
Be guided by the following example:
Example input text:
Textual context: A vehicle operates over a A param between 20 and 110 in a typical day.
A vehicle operates for a B param between 2 and 10 in a typical day.
A vehicle operates with C param between 0.2 and 5 in a typical day.
A vehicle remains D param between 1 and 5 in a typical day.
A vehicle spends E param between 1 and 5 in a typical day.
A vehicle makes between 20 and 300 F param in a typical day.

Example Python3 code:
# A vehicle operates over a A param between 20 and 110 in a typical day.
def r1(a: float) -> bool:
    return 20 <= a <= 110

# A vehicle operates for a B param between 2 and 10 in a typical day.
def r2(b: float) -> bool:
    return 2 <= b <= 10

# A vehicle operates with C param between 0.2 and 5 in a typical day.
def r3(c: float) -> bool:
    return 0.2 <= c <= 5

# A vehicle remains D param between 1 and 5 in a typical day.
def r4(d: float) -> bool:
    return 1 <= d <= 5

# A vehicle spends E param between 1 and 5 in a typical day.
def r5(e: float) -> bool:
    return 1 <= e <= 5

# A vehicle makes between 20 and 300 F param in a typical day.
def r6(f: float) -> bool:
    return 20 <= f <= 300


Input text:
Textual context: Driving time cannot be greater than the total operation time.
PTO-engaged stops cannot exceed the total number of stops.
The load supported by axle 1 cannot exceed that of axle 2.
Payload must remain below or equal to the load carried by axle 3.";"```python
# Driving time cannot be greater than the total operation time.
def r7(driving_time: float, total_operation_time: float) -> bool:
    return driving_time <= total_operation_time

# PTO-engaged stops cannot exceed the total number of stops.
def r8(pto_engaged_stops: float, total_stops: float) -> bool:
    return pto_engaged_stops <= total_stops

# The load supported by axle 1 cannot exceed that of axle 2.
def r9(axle1_load: float, axle2_load: float) -> bool:
    return axle1_load <= axle2_load

# Payload must remain below or equal to the load carried by axle 3.
def r10(payload: float, axle3_load: float) -> bool:
    return payload <= axle3_load
```"
"System Message:
You are a logician with a background in mathematics that translates natural language
reasoning text to Python3 code so that these natural language reasoning problems can be solved.
During the translation, please pay close attention to defining variables and rules.
Do not add any comments from you.
Be guided by the following example:
Example input text:
Textual context: A vehicle operates over a A param between 20 and 110 in a typical day.
A vehicle operates for a B param between 2 and 10 in a typical day.
A vehicle operates with C param between 0.2 and 5 in a typical day.
A vehicle remains D param between 1 and 5 in a typical day.
A vehicle spends E param between 1 and 5 in a typical day.
A vehicle makes between 20 and 300 F param in a typical day.

Example Python3 code:
# A vehicle operates over a A param between 20 and 110 in a typical day.
def r1(a: float) -> bool:
    return 20 <= a <= 110

# A vehicle operates for a B param between 2 and 10 in a typical day.
def r2(b: float) -> bool:
    return 2 <= b <= 10

# A vehicle operates with C param between 0.2 and 5 in a typical day.
def r3(c: float) -> bool:
    return 0.2 <= c <= 5

# A vehicle remains D param between 1 and 5 in a typical day.
def r4(d: float) -> bool:
    return 1 <= d <= 5

# A vehicle spends E param between 1 and 5 in a typical day.
def r5(e: float) -> bool:
    return 1 <= e <= 5

# A vehicle makes between 20 and 300 F param in a typical day.
def r6(f: float) -> bool:
    return 20 <= f <= 300


Input text:
Textual context: Driving time must always be less than or equal to the total operation time.
PTO-engaged stops cannot exceed the total number of stops.
The load supported by axle 1 cannot exceed that of axle 2.
The payload must always be smaller than or equal to the load on axle 2.
The payload must not exceed the load carried by axle 3.
Total operation time must be greater than or equal to the sum of PTO operation, idle, and driving times.";"```python
# Driving time must always be less than or equal to the total operation time.
def r7(driving_time: float, total_operation_time: float) -> bool:
    return driving_time <= total_operation_time

# PTO-engaged stops cannot exceed the total number of stops.
def r8(pto_engaged_stops: float, total_stops: float) -> bool:
    return pto_engaged_stops <= total_stops

# The load supported by axle 1 cannot exceed that of axle 2.
def r9(axle1_load: float, axle2_load: float) -> bool:
    return axle1_load <= axle2_load

# The payload must always be smaller than or equal to the load on axle 2.
def r10(payload: float, axle2_load: float) -> bool:
    return payload <= axle2_load

# The payload must not exceed the load carried by axle 3.
def r11(payload: float, axle3_load: float) -> bool:
    return payload <= axle3_load

# Total operation time must be greater than or equal to the sum of PTO operation, idle, and driving times.
def r12(total_operation_time: float, pto_operation_time: float, idle_time: float, driving_time: float) -> bool:
    return total_operation_time >= pto_operation_time + idle_time + driving_time
```"
"System Message:
You are a logician with a background in mathematics that translates natural language
reasoning text to Python3 code so that these natural language reasoning problems can be solved.
During the translation, please pay close attention to defining variables and rules.
Do not add any comments from you.
Be guided by the following example:
Example input text:
Textual context: A vehicle operates over a A param between 20 and 110 in a typical day.
A vehicle operates for a B param between 2 and 10 in a typical day.
A vehicle operates with C param between 0.2 and 5 in a typical day.
A vehicle remains D param between 1 and 5 in a typical day.
A vehicle spends E param between 1 and 5 in a typical day.
A vehicle makes between 20 and 300 F param in a typical day.

Example Python3 code:
# A vehicle operates over a A param between 20 and 110 in a typical day.
def r1(a: float) -> bool:
    return 20 <= a <= 110

# A vehicle operates for a B param between 2 and 10 in a typical day.
def r2(b: float) -> bool:
    return 2 <= b <= 10

# A vehicle operates with C param between 0.2 and 5 in a typical day.
def r3(c: float) -> bool:
    return 0.2 <= c <= 5

# A vehicle remains D param between 1 and 5 in a typical day.
def r4(d: float) -> bool:
    return 1 <= d <= 5

# A vehicle spends E param between 1 and 5 in a typical day.
def r5(e: float) -> bool:
    return 1 <= e <= 5

# A vehicle makes between 20 and 300 F param in a typical day.
def r6(f: float) -> bool:
    return 20 <= f <= 300


Input text:
Textual context: The total operation duration must not be lower than the idle time.
Stops with PTO engaged should never outnumber total stops.
The load on axle 1 must not surpass the load on axle 2.
The payload must not exceed the load carried by axle 3.";"```python
# The total operation duration must not be lower than the idle time.
def r1(operation_duration: float, idle_time: float) -> bool:
    return operation_duration >= idle_time

# Stops with PTO engaged should never outnumber total stops.
def r2(stops_with_pto_engaged: int, total_stops: int) -> bool:
    return stops_with_pto_engaged <= total_stops

# The load on axle 1 must not surpass the load on axle 2.
def r3(load_axle_1: float, load_axle_2: float) -> bool:
    return load_axle_1 <= load_axle_2

# The payload must not exceed the load carried by axle 3.
def r4(payload: float, load_axle_3: float) -> bool:
    return payload <= load_axle_3
```"
"System Message:
You are a logician with a background in mathematics that translates natural language
reasoning text to Python3 code so that these natural language reasoning problems can be solved.
During the translation, please pay close attention to defining variables and rules.
Do not add any comments from you.
Be guided by the following example:
Example input text:
Textual context: A vehicle operates over a A param between 20 and 110 in a typical day.
A vehicle operates for a B param between 2 and 10 in a typical day.
A vehicle operates with C param between 0.2 and 5 in a typical day.
A vehicle remains D param between 1 and 5 in a typical day.
A vehicle spends E param between 1 and 5 in a typical day.
A vehicle makes between 20 and 300 F param in a typical day.

Example Python3 code:
# A vehicle operates over a A param between 20 and 110 in a typical day.
def r1(a: float) -> bool:
    return 20 <= a <= 110

# A vehicle operates for a B param between 2 and 10 in a typical day.
def r2(b: float) -> bool:
    return 2 <= b <= 10

# A vehicle operates with C param between 0.2 and 5 in a typical day.
def r3(c: float) -> bool:
    return 0.2 <= c <= 5

# A vehicle remains D param between 1 and 5 in a typical day.
def r4(d: float) -> bool:
    return 1 <= d <= 5

# A vehicle spends E param between 1 and 5 in a typical day.
def r5(e: float) -> bool:
    return 1 <= e <= 5

# A vehicle makes between 20 and 300 F param in a typical day.
def r6(f: float) -> bool:
    return 20 <= f <= 300


Input text:
Textual context: Axle 1's load cannot exceed Axle 2's load.
The load on axle 1 must not surpass the load on axle 3.
The payload must not exceed the load carried by axle 2.
The payload must not exceed the load carried by axle 3.";"```python
# Axle 1's load cannot exceed Axle 2's load.
def r1(a1: float, a2: float) -> bool:
    return a1 <= a2

# The load on axle 1 must not surpass the load on axle 3.
def r2(a1: float, a3: float) -> bool:
    return a1 <= a3

# The payload must not exceed the load carried by axle 2.
def r3(payload: float, a2: float) -> bool:
    return payload <= a2

# The payload must not exceed the load carried by axle 3.
def r4(payload: float, a3: float) -> bool:
    return payload <= a3
```"
"System Message:
You are a logician with a background in mathematics that translates natural language
reasoning text to Python3 code so that these natural language reasoning problems can be solved.
During the translation, please pay close attention to defining variables and rules.
Do not add any comments from you.
Be guided by the following example:
Example input text:
Textual context: A vehicle operates over a A param between 20 and 110 in a typical day.
A vehicle operates for a B param between 2 and 10 in a typical day.
A vehicle operates with C param between 0.2 and 5 in a typical day.
A vehicle remains D param between 1 and 5 in a typical day.
A vehicle spends E param between 1 and 5 in a typical day.

Example Python3 code:
# A vehicle operates over a A param between 20 and 110 in a typical day.
def r1(a: float) -> bool:
    return 20 <= a <= 110

# A vehicle operates for a B param between 2 and 10 in a typical day.
def r2(b: float) -> bool:
    return 2 <= b <= 10

# A vehicle operates with C param between 0.2 and 5 in a typical day.
def r3(c: float) -> bool:
    return 0.2 <= c <= 5

# A vehicle remains D param between 1 and 5 in a typical day.
def r4(d: float) -> bool:
    return 1 <= d <= 5

# A vehicle spends E param between 1 and 5 in a typical day.
def r5(e: float) -> bool:
    return 1 <= e <= 5


Input text:
Textual context: Total operation time shouldn’t be lower than PTO operation time.
PTO-engaged stops cannot exceed the total number of stops.
The load on axle 1 must not surpass the load on axle 2.
Axle 2's load must always be equal to or greater than the payload.
The payload must always be smaller than or equal to the load on axle 3.";"```python
def r6(total_operation_time: float, pto_operation_time: float) -> bool:
    return total_operation_time >= pto_operation_time

def r7(pto_engaged_stops: float, total_stops: float) -> bool:
    return pto_engaged_stops <= total_stops

def r8(axle1_load: float, axle2_load: float) -> bool:
    return axle1_load <= axle2_load

def r9(axle2_load: float, payload: float) -> bool:
    return axle2_load >= payload

def r10(payload: float, axle3_load: float) -> bool:
    return payload <= axle3_load
```"
"System Message:
You are a logician with a background in mathematics that translates natural language
reasoning text to Python3 code so that these natural language reasoning problems can be solved.
During the translation, please pay close attention to defining variables and rules.
Do not add any comments from you.
Be guided by the following example:
Example input text:
Textual context: A vehicle operates over a A param between 20 and 110 in a typical day.
A vehicle operates for a B param between 2 and 10 in a typical day.
A vehicle operates with C param between 0.2 and 5 in a typical day.
A vehicle remains D param between 1 and 5 in a typical day.
A vehicle spends E param between 1 and 5 in a typical day.

Example Python3 code:
# A vehicle operates over a A param between 20 and 110 in a typical day.
def r1(a: float) -> bool:
    return 20 <= a <= 110

# A vehicle operates for a B param between 2 and 10 in a typical day.
def r2(b: float) -> bool:
    return 2 <= b <= 10

# A vehicle operates with C param between 0.2 and 5 in a typical day.
def r3(c: float) -> bool:
    return 0.2 <= c <= 5

# A vehicle remains D param between 1 and 5 in a typical day.
def r4(d: float) -> bool:
    return 1 <= d <= 5

# A vehicle spends E param between 1 and 5 in a typical day.
def r5(e: float) -> bool:
    return 1 <= e <= 5


Input text:
Textual context: The total operation duration must not be lower than the PTO operation time.
Stops with PTO engaged cannot outnumber the total stops.
The load supported by axle 1 cannot exceed that of axle 3.
Payload must remain below or equal to the load carried by axle 2.
The combined time for PTO operation, idle time, and driving time must not surpass the total operation time.";"```python
def r1(total_operation_duration: float, pto_operation_time: float) -> bool:
    return total_operation_duration >= pto_operation_time

def r2(stops_with_pto_engaged: float, total_stops: float) -> bool:
    return stops_with_pto_engaged <= total_stops

def r3(axle1_load: float, axle3_load: float) -> bool:
    return axle1_load <= axle3_load

def r4(payload: float, axle2_load: float) -> bool:
    return payload <= axle2_load

def r5(pto_operation_time: float, idle_time: float, driving_time: float, total_operation_time: float) -> bool:
    return pto_operation_time + idle_time + driving_time <= total_operation_time
```"
"System Message:
You are a logician with a background in mathematics that translates natural language
reasoning text to Python3 code so that these natural language reasoning problems can be solved.
During the translation, please pay close attention to defining variables and rules.
Do not add any comments from you.
Be guided by the following example:
Example input text:
Textual context: A vehicle operates over a A param between 20 and 110 in a typical day.
A vehicle operates for a B param between 2 and 10 in a typical day.
A vehicle operates with C param between 0.2 and 5 in a typical day.
A vehicle remains D param between 1 and 5 in a typical day.
A vehicle spends E param between 1 and 5 in a typical day.

Example Python3 code:
# A vehicle operates over a A param between 20 and 110 in a typical day.
def r1(a: float) -> bool:
    return 20 <= a <= 110

# A vehicle operates for a B param between 2 and 10 in a typical day.
def r2(b: float) -> bool:
    return 2 <= b <= 10

# A vehicle operates with C param between 0.2 and 5 in a typical day.
def r3(c: float) -> bool:
    return 0.2 <= c <= 5

# A vehicle remains D param between 1 and 5 in a typical day.
def r4(d: float) -> bool:
    return 1 <= d <= 5

# A vehicle spends E param between 1 and 5 in a typical day.
def r5(e: float) -> bool:
    return 1 <= e <= 5


Input text:
Textual context: PTO operation time cannot be greater than the total operation time.
Total operation time shouldn’t be lower than idle time.
Payload must remain below or equal to the load carried by axle 2.
The total operation duration must always be greater than or equal to the combined time for PTO, idle, and driving.";"```python
# PTO operation time cannot be greater than the total operation time.
def r1(pto: float, total: float) -> bool:
    return pto <= total

# Total operation time shouldn’t be lower than idle time.
def r2(total: float, idle: float) -> bool:
    return total >= idle

# Payload must remain below or equal to the load carried by axle 2.
def r3(payload: float, axle2: float) -> bool:
    return payload <= axle2

# The total operation duration must always be greater than or equal to the combined time for PTO, idle, and driving.
def r4(total: float, pto: float, idle: float, driving: float) -> bool:
    return total >= pto + idle + driving
```"
"System Message:
You are a logician with a background in mathematics that translates natural language
reasoning text to Python3 code so that these natural language reasoning problems can be solved.
During the translation, please pay close attention to defining variables and rules.
Do not add any comments from you.
Be guided by the following example:
Example input text:
Textual context: A vehicle operates over a A param between 20 and 110 in a typical day.
A vehicle operates for a B param between 2 and 10 in a typical day.
A vehicle operates with C param between 0.2 and 5 in a typical day.
A vehicle remains D param between 1 and 5 in a typical day.
A vehicle spends E param between 1 and 5 in a typical day.

Example Python3 code:
# A vehicle operates over a A param between 20 and 110 in a typical day.
def r1(a: float) -> bool:
    return 20 <= a <= 110

# A vehicle operates for a B param between 2 and 10 in a typical day.
def r2(b: float) -> bool:
    return 2 <= b <= 10

# A vehicle operates with C param between 0.2 and 5 in a typical day.
def r3(c: float) -> bool:
    return 0.2 <= c <= 5

# A vehicle remains D param between 1 and 5 in a typical day.
def r4(d: float) -> bool:
    return 1 <= d <= 5

# A vehicle spends E param between 1 and 5 in a typical day.
def r5(e: float) -> bool:
    return 1 <= e <= 5


Input text:
Textual context: Total operation time shouldn’t be lower than PTO operation time.
Driving time cannot be greater than the total operation time.
Stops with PTO engaged should never outnumber total stops.
The load on axle 1 must not surpass the load on axle 3.
Payload must remain below or equal to the load carried by axle 2.";"```python
def r6(total_operation_time: float, pto_operation_time: float) -> bool:
    return total_operation_time >= pto_operation_time

def r7(driving_time: float, total_operation_time: float) -> bool:
    return driving_time <= total_operation_time

def r8(stops_with_pto_engaged: float, total_stops: float) -> bool:
    return stops_with_pto_engaged <= total_stops

def r9(load_on_axle_1: float, load_on_axle_3: float) -> bool:
    return load_on_axle_1 <= load_on_axle_3

def r10(payload: float, load_carried_by_axle_2: float) -> bool:
    return payload <= load_carried_by_axle_2
```"
"System Message:
You are a logician with a background in mathematics that translates natural language
reasoning text to Python3 code so that these natural language reasoning problems can be solved.
During the translation, please pay close attention to defining variables and rules.
Do not add any comments from you.
Be guided by the following example:
Example input text:
Textual context: A vehicle operates over a A param between 20 and 110 in a typical day.
A vehicle operates for a B param between 2 and 10 in a typical day.
A vehicle operates with C param between 0.2 and 5 in a typical day.
A vehicle remains D param between 1 and 5 in a typical day.
A vehicle spends E param between 1 and 5 in a typical day.

Example Python3 code:
# A vehicle operates over a A param between 20 and 110 in a typical day.
def r1(a: float) -> bool:
    return 20 <= a <= 110

# A vehicle operates for a B param between 2 and 10 in a typical day.
def r2(b: float) -> bool:
    return 2 <= b <= 10

# A vehicle operates with C param between 0.2 and 5 in a typical day.
def r3(c: float) -> bool:
    return 0.2 <= c <= 5

# A vehicle remains D param between 1 and 5 in a typical day.
def r4(d: float) -> bool:
    return 1 <= d <= 5

# A vehicle spends E param between 1 and 5 in a typical day.
def r5(e: float) -> bool:
    return 1 <= e <= 5


Input text:
Textual context: Total operation time shouldn’t be lower than PTO operation time.
Idle time cannot be greater than the total operation time.
The load supported by axle 1 cannot exceed that of axle 2.
The weight on axle 1 cannot surpass the weight on axle 3.
Payload must remain below or equal to the load carried by axle 2.";"```python
def r6(total_operation_time: float, pto_operation_time: float) -> bool:
    return total_operation_time >= pto_operation_time

def r7(idle_time: float, total_operation_time: float) -> bool:
    return idle_time <= total_operation_time

def r8(axle1_load: float, axle2_load: float) -> bool:
    return axle1_load <= axle2_load

def r9(axle1_weight: float, axle3_weight: float) -> bool:
    return axle1_weight <= axle3_weight

def r10(payload: float, axle2_load: float) -> bool:
    return payload <= axle2_load
```"
"System Message:
You are a logician with a background in mathematics that translates natural language
reasoning text to Python3 code so that these natural language reasoning problems can be solved.
During the translation, please pay close attention to defining variables and rules.
Do not add any comments from you.
Be guided by the following example:
Example input text:
Textual context: A vehicle operates over a A param between 20 and 110 in a typical day.
A vehicle operates for a B param between 2 and 10 in a typical day.
A vehicle operates with C param between 0.2 and 5 in a typical day.
A vehicle remains D param between 1 and 5 in a typical day.
A vehicle spends E param between 1 and 5 in a typical day.
A vehicle makes between 20 and 300 F param in a typical day.

Example Python3 code:
# A vehicle operates over a A param between 20 and 110 in a typical day.
def r1(a: float) -> bool:
    return 20 <= a <= 110

# A vehicle operates for a B param between 2 and 10 in a typical day.
def r2(b: float) -> bool:
    return 2 <= b <= 10

# A vehicle operates with C param between 0.2 and 5 in a typical day.
def r3(c: float) -> bool:
    return 0.2 <= c <= 5

# A vehicle remains D param between 1 and 5 in a typical day.
def r4(d: float) -> bool:
    return 1 <= d <= 5

# A vehicle spends E param between 1 and 5 in a typical day.
def r5(e: float) -> bool:
    return 1 <= e <= 5

# A vehicle makes between 20 and 300 F param in a typical day.
def r6(f: float) -> bool:
    return 20 <= f <= 300


Input text:
Textual context: Total operation time shouldn’t be lower than PTO operation time.
The total operation duration must not be lower than the idle time.
Stops with PTO engaged should never outnumber total stops.
The load supported by axle 1 cannot exceed that of axle 3.
Payload must remain below or equal to the load carried by axle 3.
Total operation time should be at least the sum of PTO, idle, and driving times.";"```python
def r7(total_operation_time: float, pto_operation_time: float) -> bool:
    return total_operation_time >= pto_operation_time

def r8(total_operation_duration: float, idle_time: float) -> bool:
    return total_operation_duration >= idle_time

def r9(stops_with_pto_engaged: float, total_stops: float) -> bool:
    return stops_with_pto_engaged <= total_stops

def r10(axle1_load: float, axle3_load: float) -> bool:
    return axle1_load <= axle3_load

def r11(payload: float, axle3_load: float) -> bool:
    return payload <= axle3_load

def r12(total_operation_time: float, pto_time: float, idle_time: float, driving_time: float) -> bool:
    return total_operation_time >= (pto_time + idle_time + driving_time)
```"
"System Message:
You are a logician with a background in mathematics that translates natural language
reasoning text to Python3 code so that these natural language reasoning problems can be solved.
During the translation, please pay close attention to defining variables and rules.
Do not add any comments from you.
Be guided by the following example:
Example input text:
Textual context: A vehicle operates over a A param between 20 and 110 in a typical day.
A vehicle operates for a B param between 2 and 10 in a typical day.
A vehicle operates with C param between 0.2 and 5 in a typical day.
A vehicle remains D param between 1 and 5 in a typical day.
A vehicle spends E param between 1 and 5 in a typical day.
A vehicle makes between 20 and 300 F param in a typical day.

Example Python3 code:
# A vehicle operates over a A param between 20 and 110 in a typical day.
def r1(a: float) -> bool:
    return 20 <= a <= 110

# A vehicle operates for a B param between 2 and 10 in a typical day.
def r2(b: float) -> bool:
    return 2 <= b <= 10

# A vehicle operates with C param between 0.2 and 5 in a typical day.
def r3(c: float) -> bool:
    return 0.2 <= c <= 5

# A vehicle remains D param between 1 and 5 in a typical day.
def r4(d: float) -> bool:
    return 1 <= d <= 5

# A vehicle spends E param between 1 and 5 in a typical day.
def r5(e: float) -> bool:
    return 1 <= e <= 5

# A vehicle makes between 20 and 300 F param in a typical day.
def r6(f: float) -> bool:
    return 20 <= f <= 300


Input text:
Textual context: PTO operation time must be less than or equal to the total operation time.
Idle time cannot be greater than the total operation time.
Stops with PTO engaged cannot outnumber the total stops.
Axle 1's load cannot exceed Axle 2's load.
Axle 1's load cannot exceed Axle 3's load.
Axle 2's load must always be equal to or greater than the payload.";"```python
# PTO operation time must be less than or equal to the total operation time.
def r7(pto_time: float, total_time: float) -> bool:
    return pto_time <= total_time

# Idle time cannot be greater than the total operation time.
def r8(idle_time: float, total_time: float) -> bool:
    return idle_time <= total_time

# Stops with PTO engaged cannot outnumber the total stops.
def r9(stops_with_pto: float, total_stops: float) -> bool:
    return stops_with_pto <= total_stops

# Axle 1's load cannot exceed Axle 2's load.
def r10(axle1_load: float, axle2_load: float) -> bool:
    return axle1_load <= axle2_load

# Axle 1's load cannot exceed Axle 3's load.
def r11(axle1_load: float, axle3_load: float) -> bool:
    return axle1_load <= axle3_load

# Axle 2's load must always be equal to or greater than the payload.
def r12(axle2_load: float, payload: float) -> bool:
    return axle2_load >= payload
```"
"System Message:
You are a logician with a background in mathematics that translates natural language
reasoning text to Python3 code so that these natural language reasoning problems can be solved.
During the translation, please pay close attention to defining variables and rules.
Do not add any comments from you.
Be guided by the following example:
Example input text:
Textual context: A vehicle operates over a A param between 20 and 110 in a typical day.
A vehicle operates for a B param between 2 and 10 in a typical day.
A vehicle operates with C param between 0.2 and 5 in a typical day.
A vehicle remains D param between 1 and 5 in a typical day.
A vehicle spends E param between 1 and 5 in a typical day.
A vehicle makes between 20 and 300 F param in a typical day.

Example Python3 code:
# A vehicle operates over a A param between 20 and 110 in a typical day.
def r1(a: float) -> bool:
    return 20 <= a <= 110

# A vehicle operates for a B param between 2 and 10 in a typical day.
def r2(b: float) -> bool:
    return 2 <= b <= 10

# A vehicle operates with C param between 0.2 and 5 in a typical day.
def r3(c: float) -> bool:
    return 0.2 <= c <= 5

# A vehicle remains D param between 1 and 5 in a typical day.
def r4(d: float) -> bool:
    return 1 <= d <= 5

# A vehicle spends E param between 1 and 5 in a typical day.
def r5(e: float) -> bool:
    return 1 <= e <= 5

# A vehicle makes between 20 and 300 F param in a typical day.
def r6(f: float) -> bool:
    return 20 <= f <= 300


Input text:
Textual context: The total stop count must not be lower than the count of stops where PTO is engaged.
The load carried by axle 1 must be smaller than or equal to the load on axle 2.
The load carried by axle 1 must be smaller than or equal to the load on axle 3.
The payload cannot exceed the capacity of axle 2.
The payload cannot exceed the capacity of axle 3.
The combined time for PTO operation, idle time, and driving time must not surpass the total operation time.";"```python
# The total stop count must not be lower than the count of stops where PTO is engaged.
def r7(total_stop_count: float, pto_engaged_stop_count: float) -> bool:
    return total_stop_count >= pto_engaged_stop_count

# The load carried by axle 1 must be smaller than or equal to the load on axle 2.
def r8(axle1_load: float, axle2_load: float) -> bool:
    return axle1_load <= axle2_load

# The load carried by axle 1 must be smaller than or equal to the load on axle 3.
def r9(axle1_load: float, axle3_load: float) -> bool:
    return axle1_load <= axle3_load

# The payload cannot exceed the capacity of axle 2.
def r10(payload: float, axle2_capacity: float) -> bool:
    return payload <= axle2_capacity

# The payload cannot exceed the capacity of axle 3.
def r11(payload: float, axle3_capacity: float) -> bool:
    return payload <= axle3_capacity

# The combined time for PTO operation, idle time, and driving time must not surpass the total operation time.
def r12(pto_operation_time: float, idle_time: float, driving_time: float, total_operation_time: float) -> bool:
    return pto_operation_time + idle_time + driving_time <= total_operation_time
```"
"System Message:
You are a logician with a background in mathematics that translates natural language
reasoning text to Python3 code so that these natural language reasoning problems can be solved.
During the translation, please pay close attention to defining variables and rules.
Do not add any comments from you.
Be guided by the following example:
Example input text:
Textual context: A vehicle operates over a A param between 20 and 110 in a typical day.
A vehicle operates for a B param between 2 and 10 in a typical day.
A vehicle operates with C param between 0.2 and 5 in a typical day.
A vehicle remains D param between 1 and 5 in a typical day.
A vehicle spends E param between 1 and 5 in a typical day.
A vehicle makes between 20 and 300 F param in a typical day.

Example Python3 code:
# A vehicle operates over a A param between 20 and 110 in a typical day.
def r1(a: float) -> bool:
    return 20 <= a <= 110

# A vehicle operates for a B param between 2 and 10 in a typical day.
def r2(b: float) -> bool:
    return 2 <= b <= 10

# A vehicle operates with C param between 0.2 and 5 in a typical day.
def r3(c: float) -> bool:
    return 0.2 <= c <= 5

# A vehicle remains D param between 1 and 5 in a typical day.
def r4(d: float) -> bool:
    return 1 <= d <= 5

# A vehicle spends E param between 1 and 5 in a typical day.
def r5(e: float) -> bool:
    return 1 <= e <= 5

# A vehicle makes between 20 and 300 F param in a typical day.
def r6(f: float) -> bool:
    return 20 <= f <= 300


Input text:
Textual context: PTO operation time must be less than or equal to the total operation time.
Idle time should be less than or equal to the total operation time.
Driving time must always be less than or equal to the total operation time.
Axle 1's load cannot exceed Axle 3's load.
Payload must remain below or equal to the load carried by axle 2.";"```python
# PTO operation time must be less than or equal to the total operation time.
def r7(pto: float, total: float) -> bool:
    return pto <= total

# Idle time should be less than or equal to the total operation time.
def r8(idle: float, total: float) -> bool:
    return idle <= total

# Driving time must always be less than or equal to the total operation time.
def r9(driving: float, total: float) -> bool:
    return driving <= total

# Axle 1's load cannot exceed Axle 3's load.
def r10(axle1: float, axle3: float) -> bool:
    return axle1 <= axle3

# Payload must remain below or equal to the load carried by axle 2.
def r11(payload: float, axle2: float) -> bool:
    return payload <= axle2
```"
"System Message:
You are a logician with a background in mathematics that translates natural language
reasoning text to Python3 code so that these natural language reasoning problems can be solved.
During the translation, please pay close attention to defining variables and rules.
Do not add any comments from you.
Be guided by the following example:
Example input text:
Textual context: A vehicle operates over a A param between 20 and 110 in a typical day.
A vehicle operates for a B param between 2 and 10 in a typical day.
A vehicle operates with C param between 0.2 and 5 in a typical day.
A vehicle remains D param between 1 and 5 in a typical day.
A vehicle spends E param between 1 and 5 in a typical day.
A vehicle makes between 20 and 300 F param in a typical day.

Example Python3 code:
# A vehicle operates over a A param between 20 and 110 in a typical day.
def r1(a: float) -> bool:
    return 20 <= a <= 110

# A vehicle operates for a B param between 2 and 10 in a typical day.
def r2(b: float) -> bool:
    return 2 <= b <= 10

# A vehicle operates with C param between 0.2 and 5 in a typical day.
def r3(c: float) -> bool:
    return 0.2 <= c <= 5

# A vehicle remains D param between 1 and 5 in a typical day.
def r4(d: float) -> bool:
    return 1 <= d <= 5

# A vehicle spends E param between 1 and 5 in a typical day.
def r5(e: float) -> bool:
    return 1 <= e <= 5

# A vehicle makes between 20 and 300 F param in a typical day.
def r6(f: float) -> bool:
    return 20 <= f <= 300


Input text:
Textual context: PTO operation time should be less than or equal to the total operation time.
Stops with PTO engaged should never outnumber total stops.
Axle 1's load cannot exceed Axle 3's load.
The payload must not exceed the load carried by axle 3.
Total operation time should be at least the sum of PTO, idle, and driving times.";"```python
# PTO operation time should be less than or equal to the total operation time.
def r7(pto: float, total: float) -> bool:
    return pto <= total

# Stops with PTO engaged should never outnumber total stops.
def r8(pto_stops: float, total_stops: float) -> bool:
    return pto_stops <= total_stops

# Axle 1's load cannot exceed Axle 3's load.
def r9(axle1: float, axle3: float) -> bool:
    return axle1 <= axle3

# The payload must not exceed the load carried by axle 3.
def r10(payload: float, axle3: float) -> bool:
    return payload <= axle3

# Total operation time should be at least the sum of PTO, idle, and driving times.
def r11(total: float, pto: float, idle: float, driving: float) -> bool:
    return total >= pto + idle + driving
```"
"System Message:
You are a logician with a background in mathematics that translates natural language
reasoning text to Python3 code so that these natural language reasoning problems can be solved.
During the translation, please pay close attention to defining variables and rules.
Do not add any comments from you.
Be guided by the following example:
Example input text:
Textual context: A vehicle operates over a A param between 20 and 110 in a typical day.
A vehicle operates for a B param between 2 and 10 in a typical day.
A vehicle operates with C param between 0.2 and 5 in a typical day.
A vehicle remains D param between 1 and 5 in a typical day.
A vehicle spends E param between 1 and 5 in a typical day.
A vehicle makes between 20 and 300 F param in a typical day.

Example Python3 code:
# A vehicle operates over a A param between 20 and 110 in a typical day.
def r1(a: float) -> bool:
    return 20 <= a <= 110

# A vehicle operates for a B param between 2 and 10 in a typical day.
def r2(b: float) -> bool:
    return 2 <= b <= 10

# A vehicle operates with C param between 0.2 and 5 in a typical day.
def r3(c: float) -> bool:
    return 0.2 <= c <= 5

# A vehicle remains D param between 1 and 5 in a typical day.
def r4(d: float) -> bool:
    return 1 <= d <= 5

# A vehicle spends E param between 1 and 5 in a typical day.
def r5(e: float) -> bool:
    return 1 <= e <= 5

# A vehicle makes between 20 and 300 F param in a typical day.
def r6(f: float) -> bool:
    return 20 <= f <= 300


Input text:
Textual context: PTO operation time must be less than or equal to the total operation time.
Stops with PTO engaged should never outnumber total stops.
The weight on axle 1 cannot surpass the weight on axle 2.
The payload must not exceed the load carried by axle 3.
The combined time for PTO operation, idle time, and driving time must not surpass the total operation time.";"```python
# PTO operation time must be less than or equal to the total operation time.
def r7(pto_time: float, total_time: float) -> bool:
    return pto_time <= total_time

# Stops with PTO engaged should never outnumber total stops.
def r8(pto_engaged_stops: float, total_stops: float) -> bool:
    return pto_engaged_stops <= total_stops

# The weight on axle 1 cannot surpass the weight on axle 2.
def r9(axle1_weight: float, axle2_weight: float) -> bool:
    return axle1_weight <= axle2_weight

# The payload must not exceed the load carried by axle 3.
def r10(payload: float, axle3_load: float) -> bool:
    return payload <= axle3_load

# The combined time for PTO operation, idle time, and driving time must not surpass the total operation time.
def r11(pto_time: float, idle_time: float, driving_time: float, total_time: float) -> bool:
    return pto_time + idle_time + driving_time <= total_time
```"
"System Message:
You are a logician with a background in mathematics that translates natural language
reasoning text to Python3 code so that these natural language reasoning problems can be solved.
During the translation, please pay close attention to defining variables and rules.
Do not add any comments from you.
Be guided by the following example:
Example input text:
Textual context: A vehicle operates over a A param between 20 and 110 in a typical day.
A vehicle operates for a B param between 2 and 10 in a typical day.
A vehicle operates with C param between 0.2 and 5 in a typical day.
A vehicle remains D param between 1 and 5 in a typical day.
A vehicle spends E param between 1 and 5 in a typical day.
A vehicle makes between 20 and 300 F param in a typical day.

Example Python3 code:
# A vehicle operates over a A param between 20 and 110 in a typical day.
def r1(a: float) -> bool:
    return 20 <= a <= 110

# A vehicle operates for a B param between 2 and 10 in a typical day.
def r2(b: float) -> bool:
    return 2 <= b <= 10

# A vehicle operates with C param between 0.2 and 5 in a typical day.
def r3(c: float) -> bool:
    return 0.2 <= c <= 5

# A vehicle remains D param between 1 and 5 in a typical day.
def r4(d: float) -> bool:
    return 1 <= d <= 5

# A vehicle spends E param between 1 and 5 in a typical day.
def r5(e: float) -> bool:
    return 1 <= e <= 5

# A vehicle makes between 20 and 300 F param in a typical day.
def r6(f: float) -> bool:
    return 20 <= f <= 300


Input text:
Textual context: The total operation duration must not be lower than the PTO operation time.
Total operation time shouldn’t be lower than idle time.
PTO-engaged stops cannot exceed the total number of stops.
The load carried by axle 1 must be smaller than or equal to the load on axle 3.
The payload must not exceed the load carried by axle 2.
The payload cannot exceed the capacity of axle 3.";"```python
# The total operation duration must not be lower than the PTO operation time.
def r1(total_operation_duration: float, pto_operation_time: float) -> bool:
    return total_operation_duration >= pto_operation_time

# Total operation time shouldn’t be lower than idle time.
def r2(total_operation_time: float, idle_time: float) -> bool:
    return total_operation_time >= idle_time

# PTO-engaged stops cannot exceed the total number of stops.
def r3(pto_engaged_stops: float, total_stops: float) -> bool:
    return pto_engaged_stops <= total_stops

# The load carried by axle 1 must be smaller than or equal to the load on axle 3.
def r4(axle1_load: float, axle3_load: float) -> bool:
    return axle1_load <= axle3_load

# The payload must not exceed the load carried by axle 2.
def r5(payload: float, axle2_load: float) -> bool:
    return payload <= axle2_load

# The payload cannot exceed the capacity of axle 3.
def r6(payload: float, axle3_capacity: float) -> bool:
    return payload <= axle3_capacity
```"
"System Message:
You are a logician with a background in mathematics that translates natural language
reasoning text to Python3 code so that these natural language reasoning problems can be solved.
During the translation, please pay close attention to defining variables and rules.
Do not add any comments from you.
Be guided by the following example:
Example input text:
Textual context: A vehicle operates over a A param between 20 and 110 in a typical day.
A vehicle operates for a B param between 2 and 10 in a typical day.
A vehicle operates with C param between 0.2 and 5 in a typical day.
A vehicle remains D param between 1 and 5 in a typical day.
A vehicle spends E param between 1 and 5 in a typical day.
A vehicle makes between 20 and 300 F param in a typical day.

Example Python3 code:
# A vehicle operates over a A param between 20 and 110 in a typical day.
def r1(a: float) -> bool:
    return 20 <= a <= 110

# A vehicle operates for a B param between 2 and 10 in a typical day.
def r2(b: float) -> bool:
    return 2 <= b <= 10

# A vehicle operates with C param between 0.2 and 5 in a typical day.
def r3(c: float) -> bool:
    return 0.2 <= c <= 5

# A vehicle remains D param between 1 and 5 in a typical day.
def r4(d: float) -> bool:
    return 1 <= d <= 5

# A vehicle spends E param between 1 and 5 in a typical day.
def r5(e: float) -> bool:
    return 1 <= e <= 5

# A vehicle makes between 20 and 300 F param in a typical day.
def r6(f: float) -> bool:
    return 20 <= f <= 300


Input text:
Textual context: Total operation time shouldn’t be lower than idle time.
Driving time should be less than or equal to the total operation time.
The number of stops where PTO is engaged must not exceed the overall stop count.
The weight on axle 1 cannot surpass the weight on axle 2.
The load on axle 1 must not surpass the load on axle 3.
The combined time for PTO operation, idle time, and driving time must not surpass the total operation time.";"```python
# Total operation time shouldn’t be lower than idle time.
def r7(total_operation_time: float, idle_time: float) -> bool:
    return total_operation_time >= idle_time

# Driving time should be less than or equal to the total operation time.
def r8(driving_time: float, total_operation_time: float) -> bool:
    return driving_time <= total_operation_time

# The number of stops where PTO is engaged must not exceed the overall stop count.
def r9(pto_engaged_stops: int, overall_stops: int) -> bool:
    return pto_engaged_stops <= overall_stops

# The weight on axle 1 cannot surpass the weight on axle 2.
def r10(axle1_weight: float, axle2_weight: float) -> bool:
    return axle1_weight <= axle2_weight

# The load on axle 1 must not surpass the load on axle 3.
def r11(axle1_load: float, axle3_load: float) -> bool:
    return axle1_load <= axle3_load

# The combined time for PTO operation, idle time, and driving time must not surpass the total operation time.
def r12(pto_operation_time: float, idle_time: float, driving_time: float, total_operation_time: float) -> bool:
    return pto_operation_time + idle_time + driving_time <= total_operation_time
```"
"System Message:
You are a logician with a background in mathematics that translates natural language
reasoning text to Python3 code so that these natural language reasoning problems can be solved.
During the translation, please pay close attention to defining variables and rules.
Do not add any comments from you.
Be guided by the following example:
Example input text:
Textual context: A vehicle operates over a A param between 20 and 110 in a typical day.
A vehicle operates for a B param between 2 and 10 in a typical day.
A vehicle operates with C param between 0.2 and 5 in a typical day.
A vehicle remains D param between 1 and 5 in a typical day.
A vehicle spends E param between 1 and 5 in a typical day.
A vehicle makes between 20 and 300 F param in a typical day.
A vehicle makes between 20 and 250 G param in a typical day.

Example Python3 code:
# A vehicle operates over a A param between 20 and 110 in a typical day.
def r1(a: float) -> bool:
    return 20 <= a <= 110

# A vehicle operates for a B param between 2 and 10 in a typical day.
def r2(b: float) -> bool:
    return 2 <= b <= 10

# A vehicle operates with C param between 0.2 and 5 in a typical day.
def r3(c: float) -> bool:
    return 0.2 <= c <= 5

# A vehicle remains D param between 1 and 5 in a typical day.
def r4(d: float) -> bool:
    return 1 <= d <= 5

# A vehicle spends E param between 1 and 5 in a typical day.
def r5(e: float) -> bool:
    return 1 <= e <= 5

# A vehicle makes between 20 and 300 F param in a typical day.
def r6(f: float) -> bool:
    return 20 <= f <= 300

# A vehicle makes between 20 and 250 G param in a typical day.
def r7(g: float) -> bool:
    return 20 <= g <= 250


Input text:
Textual context: Total operation time shouldn’t be lower than PTO operation time.
Idle time must always be less than or equal to the total operation time.
The total operation durationmust not be lower than the driving time.
Stops with PTO engaged should never outnumber total stops.
The weight on axle 1 cannot surpass the weight on axle 2.
The payload cannot exceed the capacity of axle 2.
The combined time for PTO operation, idle time, and driving time must not surpass the total operation time.";"```python
def r1(total_operation_time: float, pto_operation_time: float) -> bool:
    return total_operation_time >= pto_operation_time

def r2(idle_time: float, total_operation_time: float) -> bool:
    return idle_time <= total_operation_time

def r3(total_operation_duration: float, driving_time: float) -> bool:
    return total_operation_duration >= driving_time

def r4(stops_with_pto_engaged: float, total_stops: float) -> bool:
    return stops_with_pto_engaged <= total_stops

def r5(axle1_weight: float, axle2_weight: float) -> bool:
    return axle1_weight <= axle2_weight

def r6(payload: float, axle2_capacity: float) -> bool:
    return payload <= axle2_capacity

def r7(pto_operation_time: float, idle_time: float, driving_time: float, total_operation_time: float) -> bool:
    return pto_operation_time + idle_time + driving_time <= total_operation_time
```"
"System Message:
You are a logician with a background in mathematics that translates natural language
reasoning text to Python3 code so that these natural language reasoning problems can be solved.
During the translation, please pay close attention to defining variables and rules.
Do not add any comments from you.
Be guided by the following example:
Example input text:
Textual context: A vehicle operates over a A param between 20 and 110 in a typical day.
A vehicle operates for a B param between 2 and 10 in a typical day.
A vehicle operates with C param between 0.2 and 5 in a typical day.
A vehicle remains D param between 1 and 5 in a typical day.
A vehicle spends E param between 1 and 5 in a typical day.
A vehicle makes between 20 and 300 F param in a typical day.
A vehicle makes between 20 and 250 G param in a typical day.

Example Python3 code:
# A vehicle operates over a A param between 20 and 110 in a typical day.
def r1(a: float) -> bool:
    return 20 <= a <= 110

# A vehicle operates for a B param between 2 and 10 in a typical day.
def r2(b: float) -> bool:
    return 2 <= b <= 10

# A vehicle operates with C param between 0.2 and 5 in a typical day.
def r3(c: float) -> bool:
    return 0.2 <= c <= 5

# A vehicle remains D param between 1 and 5 in a typical day.
def r4(d: float) -> bool:
    return 1 <= d <= 5

# A vehicle spends E param between 1 and 5 in a typical day.
def r5(e: float) -> bool:
    return 1 <= e <= 5

# A vehicle makes between 20 and 300 F param in a typical day.
def r6(f: float) -> bool:
    return 20 <= f <= 300

# A vehicle makes between 20 and 250 G param in a typical day.
def r7(g: float) -> bool:
    return 20 <= g <= 250


Input text:
Textual context: Idle time must always be less than or equal to the total operation time.
Driving time must always be less than or equal to the total operation time.
The total stop count must not be lower than the count of stops where PTO is engaged.
Axle 1's load cannot exceed Axle 2's load.
Axle 1's load cannot exceed Axle 3's load.
Axle 2's load must always be equal to or greater than the payload.
The combined time for PTO operation, idle time, and driving time must not surpass the total operation time.";"```python
def r1(idle_time: float, total_operation_time: float) -> bool:
    return idle_time <= total_operation_time

def r2(driving_time: float, total_operation_time: float) -> bool:
    return driving_time <= total_operation_time

def r3(total_stop_count: float, pto_engaged_stop_count: float) -> bool:
    return total_stop_count >= pto_engaged_stop_count

def r4(axle1_load: float, axle2_load: float) -> bool:
    return axle1_load <= axle2_load

def r5(axle1_load: float, axle3_load: float) -> bool:
    return axle1_load <= axle3_load

def r6(axle2_load: float, payload: float) -> bool:
    return axle2_load >= payload

def r7(pto_operation_time: float, idle_time: float, driving_time: float, total_operation_time: float) -> bool:
    return pto_operation_time + idle_time + driving_time <= total_operation_time
```"
"System Message:
You are a logician with a background in mathematics that translates natural language
reasoning text to Python3 code so that these natural language reasoning problems can be solved.
During the translation, please pay close attention to defining variables and rules.
Do not add any comments from you.
Be guided by the following example:
Example input text:
Textual context: A vehicle operates over a A param between 20 and 110 in a typical day.
A vehicle operates for a B param between 2 and 10 in a typical day.
A vehicle operates with C param between 0.2 and 5 in a typical day.
A vehicle remains D param between 1 and 5 in a typical day.
A vehicle spends E param between 1 and 5 in a typical day.
A vehicle makes between 20 and 300 F param in a typical day.
A vehicle makes between 20 and 250 G param in a typical day.

Example Python3 code:
# A vehicle operates over a A param between 20 and 110 in a typical day.
def r1(a: float) -> bool:
    return 20 <= a <= 110

# A vehicle operates for a B param between 2 and 10 in a typical day.
def r2(b: float) -> bool:
    return 2 <= b <= 10

# A vehicle operates with C param between 0.2 and 5 in a typical day.
def r3(c: float) -> bool:
    return 0.2 <= c <= 5

# A vehicle remains D param between 1 and 5 in a typical day.
def r4(d: float) -> bool:
    return 1 <= d <= 5

# A vehicle spends E param between 1 and 5 in a typical day.
def r5(e: float) -> bool:
    return 1 <= e <= 5

# A vehicle makes between 20 and 300 F param in a typical day.
def r6(f: float) -> bool:
    return 20 <= f <= 300

# A vehicle makes between 20 and 250 G param in a typical day.
def r7(g: float) -> bool:
    return 20 <= g <= 250


Input text:
Textual context: The total operation duration must not be lower than the PTO operation time.
Idle time must always be less than or equal to the total operation time.
Total operation time should shouldn’t be lower than driving time.
The number of stops where PTO is engaged must not exceed the overall stop count.
The load on axle 1 must not surpass the load on axle 3.
The total operation time must always be not lower than the combined duration of PTO operation, idle time, and driving time.";"```python
def r1(total_operation_duration: float, pto_operation_time: float) -> bool:
    return total_operation_duration >= pto_operation_time

def r2(idle_time: float, total_operation_time: float) -> bool:
    return idle_time <= total_operation_time

def r3(total_operation_time: float, driving_time: float) -> bool:
    return total_operation_time >= driving_time

def r4(pto_engaged_stops: int, overall_stops: int) -> bool:
    return pto_engaged_stops <= overall_stops

def r5(axle1_load: float, axle3_load: float) -> bool:
    return axle1_load <= axle3_load

def r6(total_operation_time: float, pto_operation_duration: float, idle_time: float, driving_time: float) -> bool:
    return total_operation_time >= pto_operation_duration + idle_time + driving_time
```"
"System Message:
You are a logician with a background in mathematics that translates natural language
reasoning text to Python3 code so that these natural language reasoning problems can be solved.
During the translation, please pay close attention to defining variables and rules.
Do not add any comments from you.
Be guided by the following example:
Example input text:
Textual context: A vehicle operates over a A param between 20 and 110 in a typical day.
A vehicle operates for a B param between 2 and 10 in a typical day.
A vehicle operates with C param between 0.2 and 5 in a typical day.
A vehicle remains D param between 1 and 5 in a typical day.
A vehicle spends E param between 1 and 5 in a typical day.
A vehicle makes between 20 and 300 F param in a typical day.
A vehicle makes between 20 and 250 G param in a typical day.

Example Python3 code:
# A vehicle operates over a A param between 20 and 110 in a typical day.
def r1(a: float) -> bool:
    return 20 <= a <= 110

# A vehicle operates for a B param between 2 and 10 in a typical day.
def r2(b: float) -> bool:
    return 2 <= b <= 10

# A vehicle operates with C param between 0.2 and 5 in a typical day.
def r3(c: float) -> bool:
    return 0.2 <= c <= 5

# A vehicle remains D param between 1 and 5 in a typical day.
def r4(d: float) -> bool:
    return 1 <= d <= 5

# A vehicle spends E param between 1 and 5 in a typical day.
def r5(e: float) -> bool:
    return 1 <= e <= 5

# A vehicle makes between 20 and 300 F param in a typical day.
def r6(f: float) -> bool:
    return 20 <= f <= 300

# A vehicle makes between 20 and 250 G param in a typical day.
def r7(g: float) -> bool:
    return 20 <= g <= 250


Input text:
Textual context: Idle time should be less than or equal to the total operation time.
The load supported by axle 1 cannot exceed that of axle 2.
The load supported by axle 1 cannot exceed that of axle 3.
The payload must always be smaller than or equal to the load on axle 2.
Axle 3's load must always be equal to or greater than the payload.
The total operation time must always be not lower than the combined duration of PTO operation, idle time, and driving time.";"```python
def r1(idle_time: float, total_operation_time: float) -> bool:
    return idle_time <= total_operation_time

def r2(axle1_load: float, axle2_load: float) -> bool:
    return axle1_load <= axle2_load

def r3(axle1_load: float, axle3_load: float) -> bool:
    return axle1_load <= axle3_load

def r4(payload: float, axle2_load: float) -> bool:
    return payload <= axle2_load

def r5(payload: float, axle3_load: float) -> bool:
    return axle3_load >= payload

def r6(total_operation_time: float, pto_operation_duration: float, idle_time: float, driving_time: float) -> bool:
    return total_operation_time >= pto_operation_duration + idle_time + driving_time
```"
"System Message:
You are a logician with a background in mathematics that translates natural language
reasoning text to Python3 code so that these natural language reasoning problems can be solved.
During the translation, please pay close attention to defining variables and rules.
Do not add any comments from you.
Be guided by the following example:
Example input text:
Textual context: A vehicle operates over a A param between 20 and 110 in a typical day.
A vehicle operates for a B param between 2 and 10 in a typical day.
A vehicle operates with C param between 0.2 and 5 in a typical day.
A vehicle remains D param between 1 and 5 in a typical day.
A vehicle spends E param between 1 and 5 in a typical day.
A vehicle makes between 20 and 300 F param in a typical day.
A vehicle makes between 20 and 250 G param in a typical day.

Example Python3 code:
# A vehicle operates over a A param between 20 and 110 in a typical day.
def r1(a: float) -> bool:
    return 20 <= a <= 110

# A vehicle operates for a B param between 2 and 10 in a typical day.
def r2(b: float) -> bool:
    return 2 <= b <= 10

# A vehicle operates with C param between 0.2 and 5 in a typical day.
def r3(c: float) -> bool:
    return 0.2 <= c <= 5

# A vehicle remains D param between 1 and 5 in a typical day.
def r4(d: float) -> bool:
    return 1 <= d <= 5

# A vehicle spends E param between 1 and 5 in a typical day.
def r5(e: float) -> bool:
    return 1 <= e <= 5

# A vehicle makes between 20 and 300 F param in a typical day.
def r6(f: float) -> bool:
    return 20 <= f <= 300

# A vehicle makes between 20 and 250 G param in a typical day.
def r7(g: float) -> bool:
    return 20 <= g <= 250


Input text:
Textual context: The total operation duration must not be lower than the PTO operation time.
The total operation durationmust not be lower than the driving time.
The number of stops where PTO is engaged must not exceed the overall stop count.
The load on axle 1 must not surpass the load on axle 2.
The load carried by axle 1 must be smaller than or equal to the load on axle 3.
Axle 3's load must always be equal to or greater than the payload.";"```python
def r1(total_operation_duration: float, pto_operation_time: float) -> bool:
    return total_operation_duration >= pto_operation_time

def r2(total_operation_duration: float, driving_time: float) -> bool:
    return total_operation_duration >= driving_time

def r3(pto_stops: int, overall_stops: int) -> bool:
    return pto_stops <= overall_stops

def r4(axle1_load: float, axle2_load: float) -> bool:
    return axle1_load <= axle2_load

def r5(axle1_load: float, axle3_load: float) -> bool:
    return axle1_load <= axle3_load

def r6(axle3_load: float, payload: float) -> bool:
    return axle3_load >= payload
```"
"System Message:
You are a logician with a background in mathematics that translates natural language
reasoning text to Python3 code so that these natural language reasoning problems can be solved.
During the translation, please pay close attention to defining variables and rules.
Do not add any comments from you.
Be guided by the following example:
Example input text:
Textual context: A vehicle operates over a A param between 20 and 110 in a typical day.
A vehicle operates for a B param between 2 and 10 in a typical day.
A vehicle operates with C param between 0.2 and 5 in a typical day.
A vehicle remains D param between 1 and 5 in a typical day.
A vehicle spends E param between 1 and 5 in a typical day.
A vehicle makes between 20 and 300 F param in a typical day.
A vehicle makes between 20 and 250 G param in a typical day.

Example Python3 code:
# A vehicle operates over a A param between 20 and 110 in a typical day.
def r1(a: float) -> bool:
    return 20 <= a <= 110

# A vehicle operates for a B param between 2 and 10 in a typical day.
def r2(b: float) -> bool:
    return 2 <= b <= 10

# A vehicle operates with C param between 0.2 and 5 in a typical day.
def r3(c: float) -> bool:
    return 0.2 <= c <= 5

# A vehicle remains D param between 1 and 5 in a typical day.
def r4(d: float) -> bool:
    return 1 <= d <= 5

# A vehicle spends E param between 1 and 5 in a typical day.
def r5(e: float) -> bool:
    return 1 <= e <= 5

# A vehicle makes between 20 and 300 F param in a typical day.
def r6(f: float) -> bool:
    return 20 <= f <= 300

# A vehicle makes between 20 and 250 G param in a typical day.
def r7(g: float) -> bool:
    return 20 <= g <= 250


Input text:
Textual context: PTO operation time should be less than or equal to the total operation time.
The total operation duration must not be lower than the idle time.
Axle 1's load cannot exceed Axle 2's load.
Axle 1's load cannot exceed Axle 3's load.
The payload cannot exceed the capacity of axle 2.
The payload must always be smaller than or equal to the load on axle 3.
The combined time for PTO operation, idle time, and driving time must not surpass the total operation time.";"```python
# PTO operation time should be less than or equal to the total operation time.
def r1(pto_time: float, total_time: float) -> bool:
    return pto_time <= total_time

# The total operation duration must not be lower than the idle time.
def r2(total_time: float, idle_time: float) -> bool:
    return total_time >= idle_time

# Axle 1's load cannot exceed Axle 2's load.
def r3(axle1_load: float, axle2_load: float) -> bool:
    return axle1_load <= axle2_load

# Axle 1's load cannot exceed Axle 3's load.
def r4(axle1_load: float, axle3_load: float) -> bool:
    return axle1_load <= axle3_load

# The payload cannot exceed the capacity of axle 2.
def r5(payload: float, axle2_capacity: float) -> bool:
    return payload <= axle2_capacity

# The payload must always be smaller than or equal to the load on axle 3.
def r6(payload: float, axle3_load: float) -> bool:
    return payload <= axle3_load

# The combined time for PTO operation, idle time, and driving time must not surpass the total operation time.
def r7(pto_time: float, idle_time: float, driving_time: float, total_time: float) -> bool:
    return pto_time + idle_time + driving_time <= total_time
```"
"System Message:
You are a logician with a background in mathematics that translates natural language
reasoning text to Python3 code so that these natural language reasoning problems can be solved.
During the translation, please pay close attention to defining variables and rules.
Do not add any comments from you.
Be guided by the following example:
Example input text:
Textual context: A vehicle operates over a A param between 20 and 110 in a typical day.
A vehicle operates for a B param between 2 and 10 in a typical day.
A vehicle operates with C param between 0.2 and 5 in a typical day.
A vehicle remains D param between 1 and 5 in a typical day.
A vehicle spends E param between 1 and 5 in a typical day.
A vehicle makes between 20 and 300 F param in a typical day.
A vehicle makes between 20 and 250 G param in a typical day.

Example Python3 code:
# A vehicle operates over a A param between 20 and 110 in a typical day.
def r1(a: float) -> bool:
    return 20 <= a <= 110

# A vehicle operates for a B param between 2 and 10 in a typical day.
def r2(b: float) -> bool:
    return 2 <= b <= 10

# A vehicle operates with C param between 0.2 and 5 in a typical day.
def r3(c: float) -> bool:
    return 0.2 <= c <= 5

# A vehicle remains D param between 1 and 5 in a typical day.
def r4(d: float) -> bool:
    return 1 <= d <= 5

# A vehicle spends E param between 1 and 5 in a typical day.
def r5(e: float) -> bool:
    return 1 <= e <= 5

# A vehicle makes between 20 and 300 F param in a typical day.
def r6(f: float) -> bool:
    return 20 <= f <= 300

# A vehicle makes between 20 and 250 G param in a typical day.
def r7(g: float) -> bool:
    return 20 <= g <= 250


Input text:
Textual context: Stops with PTO engaged cannot outnumber the total stops.
The weight on axle 1 cannot surpass the weight on axle 2.
The payload must always be smaller than or equal to the load on axle 2.
The payload must not exceed the load carried by axle 3.
Total operation time must be greater than or equal to the sum of PTO operation, idle, and driving times.";"```python
# Stops with PTO engaged cannot outnumber the total stops.
def r1(pto_stops: float, total_stops: float) -> bool:
    return pto_stops <= total_stops

# The weight on axle 1 cannot surpass the weight on axle 2.
def r2(axle1_weight: float, axle2_weight: float) -> bool:
    return axle1_weight <= axle2_weight

# The payload must always be smaller than or equal to the load on axle 2.
def r3(payload: float, axle2_load: float) -> bool:
    return payload <= axle2_load

# The payload must not exceed the load carried by axle 3.
def r4(payload: float, axle3_load: float) -> bool:
    return payload <= axle3_load

# Total operation time must be greater than or equal to the sum of PTO operation, idle, and driving times.
def r5(total_operation_time: float, pto_operation_time: float, idle_time: float, driving_time: float) -> bool:
    return total_operation_time >= pto_operation_time + idle_time + driving_time
```"
"System Message:
You are a logician with a background in mathematics that translates natural language
reasoning text to Python3 code so that these natural language reasoning problems can be solved.
During the translation, please pay close attention to defining variables and rules.
Do not add any comments from you.
Be guided by the following example:
Example input text:
Textual context: A vehicle operates over a A param between 20 and 110 in a typical day.
A vehicle operates for a B param between 2 and 10 in a typical day.
A vehicle operates with C param between 0.2 and 5 in a typical day.
A vehicle remains D param between 1 and 5 in a typical day.
A vehicle spends E param between 1 and 5 in a typical day.
A vehicle makes between 20 and 300 F param in a typical day.

Example Python3 code:
# A vehicle operates over a A param between 20 and 110 in a typical day.
def r1(a: float) -> bool:
    return 20 <= a <= 110

# A vehicle operates for a B param between 2 and 10 in a typical day.
def r2(b: float) -> bool:
    return 2 <= b <= 10

# A vehicle operates with C param between 0.2 and 5 in a typical day.
def r3(c: float) -> bool:
    return 0.2 <= c <= 5

# A vehicle remains D param between 1 and 5 in a typical day.
def r4(d: float) -> bool:
    return 1 <= d <= 5

# A vehicle spends E param between 1 and 5 in a typical day.
def r5(e: float) -> bool:
    return 1 <= e <= 5

# A vehicle makes between 20 and 300 F param in a typical day.
def r6(f: float) -> bool:
    return 20 <= f <= 300


Input text:
Textual context: The total operation duration must not be lower than the PTO operation time.
Total operation time shouldn’t be lower than idle time.
Driving time cannot be greater than the total operation time.
Stops with PTO engaged cannot outnumber the total stops.
The load on axle 1 must not surpass the load on axle 2.
The weight on axle 1 cannot surpass the weight on axle 3.";"```python
# The total operation duration must not be lower than the PTO operation time.
def r7(total_operation_duration: float, pto_operation_time: float) -> bool:
    return total_operation_duration >= pto_operation_time

# Total operation time shouldn’t be lower than idle time.
def r8(total_operation_time: float, idle_time: float) -> bool:
    return total_operation_time >= idle_time

# Driving time cannot be greater than the total operation time.
def r9(driving_time: float, total_operation_time: float) -> bool:
    return driving_time <= total_operation_time

# Stops with PTO engaged cannot outnumber the total stops.
def r10(stops_with_pto_engaged: float, total_stops: float) -> bool:
    return stops_with_pto_engaged <= total_stops

# The load on axle 1 must not surpass the load on axle 2.
def r11(load_on_axle_1: float, load_on_axle_2: float) -> bool:
    return load_on_axle_1 <= load_on_axle_2

# The weight on axle 1 cannot surpass the weight on axle 3.
def r12(weight_on_axle_1: float, weight_on_axle_3: float) -> bool:
    return weight_on_axle_1 <= weight_on_axle_3
```"
"System Message:
You are a logician with a background in mathematics that translates natural language
reasoning text to Python3 code so that these natural language reasoning problems can be solved.
During the translation, please pay close attention to defining variables and rules.
Do not add any comments from you.
Be guided by the following example:
Example input text:
Textual context: A vehicle operates over a A param between 20 and 110 in a typical day.
A vehicle operates for a B param between 2 and 10 in a typical day.
A vehicle operates with C param between 0.2 and 5 in a typical day.
A vehicle remains D param between 1 and 5 in a typical day.
A vehicle spends E param between 1 and 5 in a typical day.
A vehicle makes between 20 and 300 F param in a typical day.
A vehicle makes between 20 and 250 G param in a typical day.

Example Python3 code:
# A vehicle operates over a A param between 20 and 110 in a typical day.
def r1(a: float) -> bool:
    return 20 <= a <= 110

# A vehicle operates for a B param between 2 and 10 in a typical day.
def r2(b: float) -> bool:
    return 2 <= b <= 10

# A vehicle operates with C param between 0.2 and 5 in a typical day.
def r3(c: float) -> bool:
    return 0.2 <= c <= 5

# A vehicle remains D param between 1 and 5 in a typical day.
def r4(d: float) -> bool:
    return 1 <= d <= 5

# A vehicle spends E param between 1 and 5 in a typical day.
def r5(e: float) -> bool:
    return 1 <= e <= 5

# A vehicle makes between 20 and 300 F param in a typical day.
def r6(f: float) -> bool:
    return 20 <= f <= 300

# A vehicle makes between 20 and 250 G param in a typical day.
def r7(g: float) -> bool:
    return 20 <= g <= 250


Input text:
Textual context: The total operation duration must not be lower than the PTO operation time.
Idle time should be less than or equal to the total operation time.
PTO-engaged stops cannot exceed the total number of stops.
The load on axle 1 must not surpass the load on axle 2.
The load carried by axle 1 must be smaller than or equal to the load on axle 3.
Payload must remain below or equal to the load carried by axle 2.
The total operation duration must always be greater than or equal to the combined time for PTO, idle, and driving.";"```python
def r1(total_operation_duration: float, pto_operation_time: float) -> bool:
    return total_operation_duration >= pto_operation_time

def r2(idle_time: float, total_operation_time: float) -> bool:
    return idle_time <= total_operation_time

def r3(pto_engaged_stops: float, total_stops: float) -> bool:
    return pto_engaged_stops <= total_stops

def r4(axle1_load: float, axle2_load: float) -> bool:
    return axle1_load <= axle2_load

def r5(axle1_load: float, axle3_load: float) -> bool:
    return axle1_load <= axle3_load

def r6(payload: float, axle2_load: float) -> bool:
    return payload <= axle2_load

def r7(total_operation_duration: float, pto_time: float, idle_time: float, driving_time: float) -> bool:
    return total_operation_duration >= (pto_time + idle_time + driving_time)
```"
"System Message:
You are a logician with a background in mathematics that translates natural language
reasoning text to Python3 code so that these natural language reasoning problems can be solved.
During the translation, please pay close attention to defining variables and rules.
Do not add any comments from you.
Be guided by the following example:
Example input text:
Textual context: A vehicle operates over a A param between 20 and 110 in a typical day.
A vehicle operates for a B param between 2 and 10 in a typical day.
A vehicle operates with C param between 0.2 and 5 in a typical day.
A vehicle remains D param between 1 and 5 in a typical day.
A vehicle spends E param between 1 and 5 in a typical day.
A vehicle makes between 20 and 300 F param in a typical day.
A vehicle makes between 20 and 250 G param in a typical day.

Example Python3 code:
# A vehicle operates over a A param between 20 and 110 in a typical day.
def r1(a: float) -> bool:
    return 20 <= a <= 110

# A vehicle operates for a B param between 2 and 10 in a typical day.
def r2(b: float) -> bool:
    return 2 <= b <= 10

# A vehicle operates with C param between 0.2 and 5 in a typical day.
def r3(c: float) -> bool:
    return 0.2 <= c <= 5

# A vehicle remains D param between 1 and 5 in a typical day.
def r4(d: float) -> bool:
    return 1 <= d <= 5

# A vehicle spends E param between 1 and 5 in a typical day.
def r5(e: float) -> bool:
    return 1 <= e <= 5

# A vehicle makes between 20 and 300 F param in a typical day.
def r6(f: float) -> bool:
    return 20 <= f <= 300

# A vehicle makes between 20 and 250 G param in a typical day.
def r7(g: float) -> bool:
    return 20 <= g <= 250


Input text:
Textual context: PTO operation time cannot be greater than the total operation time.
Total operation time shouldn’t be lower than idle time.
Total operation time should shouldn’t be lower than driving time.
The payload cannot exceed the capacity of axle 2.
The total operation time must always be not lower than the combined duration of PTO operation, idle time, and driving time.";"```python
# PTO operation time cannot be greater than the total operation time.
def r1(pto: float, total: float) -> bool:
    return pto <= total

# Total operation time shouldn’t be lower than idle time.
def r2(total: float, idle: float) -> bool:
    return total >= idle

# Total operation time should shouldn’t be lower than driving time.
def r3(total: float, driving: float) -> bool:
    return total >= driving

# The payload cannot exceed the capacity of axle 2.
def r4(payload: float, axle2_capacity: float) -> bool:
    return payload <= axle2_capacity

# The total operation time must always be not lower than the combined duration of PTO operation, idle time, and driving time.
def r5(total: float, pto: float, idle: float, driving: float) -> bool:
    return total >= pto + idle + driving
```"
"System Message:
You are a logician with a background in mathematics that translates natural language
reasoning text to Python3 code so that these natural language reasoning problems can be solved.
During the translation, please pay close attention to defining variables and rules.
Do not add any comments from you.
Be guided by the following example:
Example input text:
Textual context: A vehicle operates over a A param between 20 and 110 in a typical day.
A vehicle operates for a B param between 2 and 10 in a typical day.
A vehicle operates with C param between 0.2 and 5 in a typical day.
A vehicle remains D param between 1 and 5 in a typical day.
A vehicle spends E param between 1 and 5 in a typical day.
A vehicle makes between 20 and 300 F param in a typical day.
A vehicle makes between 20 and 250 G param in a typical day.

Example Python3 code:
# A vehicle operates over a A param between 20 and 110 in a typical day.
def r1(a: float) -> bool:
    return 20 <= a <= 110

# A vehicle operates for a B param between 2 and 10 in a typical day.
def r2(b: float) -> bool:
    return 2 <= b <= 10

# A vehicle operates with C param between 0.2 and 5 in a typical day.
def r3(c: float) -> bool:
    return 0.2 <= c <= 5

# A vehicle remains D param between 1 and 5 in a typical day.
def r4(d: float) -> bool:
    return 1 <= d <= 5

# A vehicle spends E param between 1 and 5 in a typical day.
def r5(e: float) -> bool:
    return 1 <= e <= 5

# A vehicle makes between 20 and 300 F param in a typical day.
def r6(f: float) -> bool:
    return 20 <= f <= 300

# A vehicle makes between 20 and 250 G param in a typical day.
def r7(g: float) -> bool:
    return 20 <= g <= 250


Input text:
Textual context: Idle time must always be less than or equal to the total operation time.
Driving time cannot be greater than the total operation time.
Stops with PTO engaged cannot outnumber the total stops.
The load carried by axle 1 must be smaller than or equal to the load on axle 2.
The load on axle 1 must not surpass the load on axle 3.";"```python
# Idle time must always be less than or equal to the total operation time.
def r1(idle_time: float, total_operation_time: float) -> bool:
    return idle_time <= total_operation_time

# Driving time cannot be greater than the total operation time.
def r2(driving_time: float, total_operation_time: float) -> bool:
    return driving_time <= total_operation_time

# Stops with PTO engaged cannot outnumber the total stops.
def r3(stops_with_pto_engaged: float, total_stops: float) -> bool:
    return stops_with_pto_engaged <= total_stops

# The load carried by axle 1 must be smaller than or equal to the load on axle 2.
def r4(load_axle1: float, load_axle2: float) -> bool:
    return load_axle1 <= load_axle2

# The load on axle 1 must not surpass the load on axle 3.
def r5(load_axle1: float, load_axle3: float) -> bool:
    return load_axle1 <= load_axle3
```"
"System Message:
You are a logician with a background in mathematics that translates natural language
reasoning text to Python3 code so that these natural language reasoning problems can be solved.
During the translation, please pay close attention to defining variables and rules.
Do not add any comments from you.
Be guided by the following example:
Example input text:
Textual context: A vehicle operates over a A param between 20 and 110 in a typical day.
A vehicle operates for a B param between 2 and 10 in a typical day.
A vehicle operates with C param between 0.2 and 5 in a typical day.
A vehicle remains D param between 1 and 5 in a typical day.
A vehicle spends E param between 1 and 5 in a typical day.
A vehicle makes between 20 and 300 F param in a typical day.

Example Python3 code:
# A vehicle operates over a A param between 20 and 110 in a typical day.
def r1(a: float) -> bool:
    return 20 <= a <= 110

# A vehicle operates for a B param between 2 and 10 in a typical day.
def r2(b: float) -> bool:
    return 2 <= b <= 10

# A vehicle operates with C param between 0.2 and 5 in a typical day.
def r3(c: float) -> bool:
    return 0.2 <= c <= 5

# A vehicle remains D param between 1 and 5 in a typical day.
def r4(d: float) -> bool:
    return 1 <= d <= 5

# A vehicle spends E param between 1 and 5 in a typical day.
def r5(e: float) -> bool:
    return 1 <= e <= 5

# A vehicle makes between 20 and 300 F param in a typical day.
def r6(f: float) -> bool:
    return 20 <= f <= 300


Input text:
Textual context: The total operation duration must not be lower than the PTO operation time.
Idle time should be less than or equal to the total operation time.
The total operation durationmust not be lower than the driving time.
Stops with PTO engaged cannot outnumber the total stops.
The load on axle 1 must not surpass the load on axle 2.
Axle 1's load cannot exceed Axle 3's load.";"```python
def r1(total_operation_duration: float, pto_operation_time: float) -> bool:
    return total_operation_duration >= pto_operation_time

def r2(idle_time: float, total_operation_time: float) -> bool:
    return idle_time <= total_operation_time

def r3(total_operation_duration: float, driving_time: float) -> bool:
    return total_operation_duration >= driving_time

def r4(stops_with_pto_engaged: float, total_stops: float) -> bool:
    return stops_with_pto_engaged <= total_stops

def r5(load_on_axle_1: float, load_on_axle_2: float) -> bool:
    return load_on_axle_1 <= load_on_axle_2

def r6(load_on_axle_1: float, load_on_axle_3: float) -> bool:
    return load_on_axle_1 <= load_on_axle_3
```"
"System Message:
You are a logician with a background in mathematics that translates natural language
reasoning text to Python3 code so that these natural language reasoning problems can be solved.
During the translation, please pay close attention to defining variables and rules.
Do not add any comments from you.
Be guided by the following example:
Example input text:
Textual context: A vehicle operates over a A param between 20 and 110 in a typical day.
A vehicle operates for a B param between 2 and 10 in a typical day.
A vehicle operates with C param between 0.2 and 5 in a typical day.
A vehicle remains D param between 1 and 5 in a typical day.
A vehicle spends E param between 1 and 5 in a typical day.
A vehicle makes between 20 and 300 F param in a typical day.

Example Python3 code:
# A vehicle operates over a A param between 20 and 110 in a typical day.
def r1(a: float) -> bool:
    return 20 <= a <= 110

# A vehicle operates for a B param between 2 and 10 in a typical day.
def r2(b: float) -> bool:
    return 2 <= b <= 10

# A vehicle operates with C param between 0.2 and 5 in a typical day.
def r3(c: float) -> bool:
    return 0.2 <= c <= 5

# A vehicle remains D param between 1 and 5 in a typical day.
def r4(d: float) -> bool:
    return 1 <= d <= 5

# A vehicle spends E param between 1 and 5 in a typical day.
def r5(e: float) -> bool:
    return 1 <= e <= 5

# A vehicle makes between 20 and 300 F param in a typical day.
def r6(f: float) -> bool:
    return 20 <= f <= 300


Input text:
Textual context: PTO operation time should be less than or equal to the total operation time.
Idle time cannot be greater than the total operation time.
Driving time should be less than or equal to the total operation time.
Stops with PTO engaged should never outnumber total stops.
Axle 1's load cannot exceed Axle 2's load.
Payload must remain below or equal to the load carried by axle 2.";"```python
# PTO operation time should be less than or equal to the total operation time.
def r7(pto: float, total: float) -> bool:
    return pto <= total

# Idle time cannot be greater than the total operation time.
def r8(idle: float, total: float) -> bool:
    return idle <= total

# Driving time should be less than or equal to the total operation time.
def r9(driving: float, total: float) -> bool:
    return driving <= total

# Stops with PTO engaged should never outnumber total stops.
def r10(pto_stops: float, total_stops: float) -> bool:
    return pto_stops <= total_stops

# Axle 1's load cannot exceed Axle 2's load.
def r11(axle1: float, axle2: float) -> bool:
    return axle1 <= axle2

# Payload must remain below or equal to the load carried by axle 2.
def r12(payload: float, axle2: float) -> bool:
    return payload <= axle2
```"
"System Message:
You are a logician with a background in mathematics that translates natural language
reasoning text to Python3 code so that these natural language reasoning problems can be solved.
During the translation, please pay close attention to defining variables and rules.
Do not add any comments from you.
Be guided by the following example:
Example input text:
Textual context: A vehicle operates over a A param between 20 and 110 in a typical day.
A vehicle operates for a B param between 2 and 10 in a typical day.
A vehicle operates with C param between 0.2 and 5 in a typical day.
A vehicle remains D param between 1 and 5 in a typical day.
A vehicle spends E param between 1 and 5 in a typical day.
A vehicle makes between 20 and 300 F param in a typical day.

Example Python3 code:
# A vehicle operates over a A param between 20 and 110 in a typical day.
def r1(a: float) -> bool:
    return 20 <= a <= 110

# A vehicle operates for a B param between 2 and 10 in a typical day.
def r2(b: float) -> bool:
    return 2 <= b <= 10

# A vehicle operates with C param between 0.2 and 5 in a typical day.
def r3(c: float) -> bool:
    return 0.2 <= c <= 5

# A vehicle remains D param between 1 and 5 in a typical day.
def r4(d: float) -> bool:
    return 1 <= d <= 5

# A vehicle spends E param between 1 and 5 in a typical day.
def r5(e: float) -> bool:
    return 1 <= e <= 5

# A vehicle makes between 20 and 300 F param in a typical day.
def r6(f: float) -> bool:
    return 20 <= f <= 300


Input text:
Textual context: PTO operation time must be less than or equal to the total operation time.
Idle time cannot be greater than the total operation time.
Driving time must always be less than or equal to the total operation time.
Stops with PTO engaged should never outnumber total stops.
The payload must not exceed the load carried by axle 2.
The payload cannot exceed the capacity of axle 3.";"```python
# PTO operation time must be less than or equal to the total operation time.
def r7(pto: float, total: float) -> bool:
    return pto <= total

# Idle time cannot be greater than the total operation time.
def r8(idle: float, total: float) -> bool:
    return idle <= total

# Driving time must always be less than or equal to the total operation time.
def r9(driving: float, total: float) -> bool:
    return driving <= total

# Stops with PTO engaged should never outnumber total stops.
def r10(pto_stops: float, total_stops: float) -> bool:
    return pto_stops <= total_stops

# The payload must not exceed the load carried by axle 2.
def r11(payload: float, axle2_load: float) -> bool:
    return payload <= axle2_load

# The payload cannot exceed the capacity of axle 3.
def r12(payload: float, axle3_capacity: float) -> bool:
    return payload <= axle3_capacity
```"
"System Message:
You are a logician with a background in mathematics that translates natural language
reasoning text to Python3 code so that these natural language reasoning problems can be solved.
During the translation, please pay close attention to defining variables and rules.
Do not add any comments from you.
Be guided by the following example:
Example input text:
Textual context: A vehicle operates over a A param between 20 and 110 in a typical day.
A vehicle operates for a B param between 2 and 10 in a typical day.
A vehicle operates with C param between 0.2 and 5 in a typical day.
A vehicle remains D param between 1 and 5 in a typical day.
A vehicle spends E param between 1 and 5 in a typical day.
A vehicle makes between 20 and 300 F param in a typical day.
A vehicle makes between 20 and 250 G param in a typical day.

Example Python3 code:
# A vehicle operates over a A param between 20 and 110 in a typical day.
def r1(a: float) -> bool:
    return 20 <= a <= 110

# A vehicle operates for a B param between 2 and 10 in a typical day.
def r2(b: float) -> bool:
    return 2 <= b <= 10

# A vehicle operates with C param between 0.2 and 5 in a typical day.
def r3(c: float) -> bool:
    return 0.2 <= c <= 5

# A vehicle remains D param between 1 and 5 in a typical day.
def r4(d: float) -> bool:
    return 1 <= d <= 5

# A vehicle spends E param between 1 and 5 in a typical day.
def r5(e: float) -> bool:
    return 1 <= e <= 5

# A vehicle makes between 20 and 300 F param in a typical day.
def r6(f: float) -> bool:
    return 20 <= f <= 300

# A vehicle makes between 20 and 250 G param in a typical day.
def r7(g: float) -> bool:
    return 20 <= g <= 250


Input text:
Textual context: Total operation time shouldn’t be lower than idle time.
Driving time must always be less than or equal to the total operation time.
PTO-engaged stops cannot exceed the total number of stops.
The weight on axle 1 cannot surpass the weight on axle 2.
The weight on axle 1 cannot surpass the weight on axle 3.
The payload cannot exceed the capacity of axle 3.
The combined time for PTO operation, idle time, and driving time must not surpass the total operation time.";"```python
def r1(total_operation_time: float, idle_time: float) -> bool:
    return total_operation_time >= idle_time

def r2(driving_time: float, total_operation_time: float) -> bool:
    return driving_time <= total_operation_time

def r3(pto_engaged_stops: float, total_stops: float) -> bool:
    return pto_engaged_stops <= total_stops

def r4(axle1_weight: float, axle2_weight: float) -> bool:
    return axle1_weight <= axle2_weight

def r5(axle1_weight: float, axle3_weight: float) -> bool:
    return axle1_weight <= axle3_weight

def r6(payload: float, axle3_capacity: float) -> bool:
    return payload <= axle3_capacity

def r7(pto_operation_time: float, idle_time: float, driving_time: float, total_operation_time: float) -> bool:
    return pto_operation_time + idle_time + driving_time <= total_operation_time
```"
"System Message:
You are a logician with a background in mathematics that translates natural language
reasoning text to Python3 code so that these natural language reasoning problems can be solved.
During the translation, please pay close attention to defining variables and rules.
Do not add any comments from you.
Be guided by the following example:
Example input text:
Textual context: A vehicle operates over a A param between 20 and 110 in a typical day.
A vehicle operates for a B param between 2 and 10 in a typical day.
A vehicle operates with C param between 0.2 and 5 in a typical day.
A vehicle remains D param between 1 and 5 in a typical day.
A vehicle spends E param between 1 and 5 in a typical day.
A vehicle makes between 20 and 300 F param in a typical day.
A vehicle makes between 20 and 250 G param in a typical day.

Example Python3 code:
# A vehicle operates over a A param between 20 and 110 in a typical day.
def r1(a: float) -> bool:
    return 20 <= a <= 110

# A vehicle operates for a B param between 2 and 10 in a typical day.
def r2(b: float) -> bool:
    return 2 <= b <= 10

# A vehicle operates with C param between 0.2 and 5 in a typical day.
def r3(c: float) -> bool:
    return 0.2 <= c <= 5

# A vehicle remains D param between 1 and 5 in a typical day.
def r4(d: float) -> bool:
    return 1 <= d <= 5

# A vehicle spends E param between 1 and 5 in a typical day.
def r5(e: float) -> bool:
    return 1 <= e <= 5

# A vehicle makes between 20 and 300 F param in a typical day.
def r6(f: float) -> bool:
    return 20 <= f <= 300

# A vehicle makes between 20 and 250 G param in a typical day.
def r7(g: float) -> bool:
    return 20 <= g <= 250


Input text:
Textual context: PTO operation time cannot be greater than the total operation time.
The total operation duration must not be lower than the idle time.
Stops with PTO engaged should never outnumber total stops.
The load carried by axle 1 must be smaller than or equal to the load on axle 2.
Axle 3's load must always be equal to or greater than the payload.
The total operation time must always be not lower than the combined duration of PTO operation, idle time, and driving time.";"```python
# PTO operation time cannot be greater than the total operation time.
def r1(pto_time: float, total_time: float) -> bool:
    return pto_time <= total_time

# The total operation duration must not be lower than the idle time.
def r2(total_time: float, idle_time: float) -> bool:
    return total_time >= idle_time

# Stops with PTO engaged should never outnumber total stops.
def r3(pto_stops: int, total_stops: int) -> bool:
    return pto_stops <= total_stops

# The load carried by axle 1 must be smaller than or equal to the load on axle 2.
def r4(axle1_load: float, axle2_load: float) -> bool:
    return axle1_load <= axle2_load

# Axle 3's load must always be equal to or greater than the payload.
def r5(axle3_load: float, payload: float) -> bool:
    return axle3_load >= payload

# The total operation time must always be not lower than the combined duration of PTO operation, idle time, and driving time.
def r6(total_time: float, pto_time: float, idle_time: float, driving_time: float) -> bool:
    return total_time >= pto_time + idle_time + driving_time
```"
"System Message:
You are a logician with a background in mathematics that translates natural language
reasoning text to Python3 code so that these natural language reasoning problems can be solved.
During the translation, please pay close attention to defining variables and rules.
Do not add any comments from you.
Be guided by the following example:
Example input text:
Textual context: A vehicle operates over a A param between 20 and 110 in a typical day.
A vehicle operates for a B param between 2 and 10 in a typical day.
A vehicle operates with C param between 0.2 and 5 in a typical day.
A vehicle remains D param between 1 and 5 in a typical day.
A vehicle spends E param between 1 and 5 in a typical day.
A vehicle makes between 20 and 300 F param in a typical day.
A vehicle makes between 20 and 250 G param in a typical day.

Example Python3 code:
# A vehicle operates over a A param between 20 and 110 in a typical day.
def r1(a: float) -> bool:
    return 20 <= a <= 110

# A vehicle operates for a B param between 2 and 10 in a typical day.
def r2(b: float) -> bool:
    return 2 <= b <= 10

# A vehicle operates with C param between 0.2 and 5 in a typical day.
def r3(c: float) -> bool:
    return 0.2 <= c <= 5

# A vehicle remains D param between 1 and 5 in a typical day.
def r4(d: float) -> bool:
    return 1 <= d <= 5

# A vehicle spends E param between 1 and 5 in a typical day.
def r5(e: float) -> bool:
    return 1 <= e <= 5

# A vehicle makes between 20 and 300 F param in a typical day.
def r6(f: float) -> bool:
    return 20 <= f <= 300

# A vehicle makes between 20 and 250 G param in a typical day.
def r7(g: float) -> bool:
    return 20 <= g <= 250


Input text:
Textual context: The total operation duration must not be lower than the PTO operation time.
Total operation time should shouldn’t be lower than driving time.
Axle 1's load cannot exceed Axle 2's load.
Axle 1's load cannot exceed Axle 3's load.
Axle 3's load must always be equal to or greater than the payload.
Total operation time should be at least the sum of PTO, idle, and driving times.";"```python
def r1(total_operation_duration: float, pto_operation_time: float) -> bool:
    return total_operation_duration >= pto_operation_time

def r2(total_operation_time: float, driving_time: float) -> bool:
    return total_operation_time >= driving_time

def r3(axle1_load: float, axle2_load: float) -> bool:
    return axle1_load <= axle2_load

def r4(axle1_load: float, axle3_load: float) -> bool:
    return axle1_load <= axle3_load

def r5(axle3_load: float, payload: float) -> bool:
    return axle3_load >= payload

def r6(total_operation_time: float, pto_time: float, idle_time: float, driving_time: float) -> bool:
    return total_operation_time >= (pto_time + idle_time + driving_time)
```"
"System Message:
You are a logician with a background in mathematics that translates natural language
reasoning text to Python3 code so that these natural language reasoning problems can be solved.
During the translation, please pay close attention to defining variables and rules.
Do not add any comments from you.
Be guided by the following example:
Example input text:
Textual context: A vehicle operates over a A param between 20 and 110 in a typical day.
A vehicle operates for a B param between 2 and 10 in a typical day.
A vehicle operates with C param between 0.2 and 5 in a typical day.
A vehicle remains D param between 1 and 5 in a typical day.
A vehicle spends E param between 1 and 5 in a typical day.
A vehicle makes between 20 and 300 F param in a typical day.
A vehicle makes between 20 and 250 G param in a typical day.

Example Python3 code:
# A vehicle operates over a A param between 20 and 110 in a typical day.
def r1(a: float) -> bool:
    return 20 <= a <= 110

# A vehicle operates for a B param between 2 and 10 in a typical day.
def r2(b: float) -> bool:
    return 2 <= b <= 10

# A vehicle operates with C param between 0.2 and 5 in a typical day.
def r3(c: float) -> bool:
    return 0.2 <= c <= 5

# A vehicle remains D param between 1 and 5 in a typical day.
def r4(d: float) -> bool:
    return 1 <= d <= 5

# A vehicle spends E param between 1 and 5 in a typical day.
def r5(e: float) -> bool:
    return 1 <= e <= 5

# A vehicle makes between 20 and 300 F param in a typical day.
def r6(f: float) -> bool:
    return 20 <= f <= 300

# A vehicle makes between 20 and 250 G param in a typical day.
def r7(g: float) -> bool:
    return 20 <= g <= 250


Input text:
Textual context: Total operation time shouldn’t be lower than PTO operation time.
Idle time cannot be greater than the total operation time.
Total operation time should shouldn’t be lower than driving time.
The load supported by axle 1 cannot exceed that of axle 3.
The payload must not exceed the load carried by axle 2.
Axle 3's load must always be equal to or greater than the payload.
The combined time for PTO operation, idle time, and driving time must not surpass the total operation time.";"```python
def r1(pto: float, total: float) -> bool:
    return total >= pto

def r2(idle: float, total: float) -> bool:
    return idle <= total

def r3(total: float, driving: float) -> bool:
    return total >= driving

def r4(axle1: float, axle3: float) -> bool:
    return axle1 <= axle3

def r5(payload: float, axle2: float) -> bool:
    return payload <= axle2

def r6(axle3: float, payload: float) -> bool:
    return axle3 >= payload

def r7(pto: float, idle: float, driving: float, total: float) -> bool:
    return pto + idle + driving <= total
```"
"System Message:
You are a logician with a background in mathematics that translates natural language
reasoning text to Python3 code so that these natural language reasoning problems can be solved.
During the translation, please pay close attention to defining variables and rules.
Do not add any comments from you.
Be guided by the following example:
Example input text:
Textual context: A vehicle operates over a A param between 20 and 110 in a typical day.
A vehicle operates for a B param between 2 and 10 in a typical day.
A vehicle operates with C param between 0.2 and 5 in a typical day.
A vehicle remains D param between 1 and 5 in a typical day.
A vehicle spends E param between 1 and 5 in a typical day.
A vehicle makes between 20 and 300 F param in a typical day.
A vehicle makes between 20 and 250 G param in a typical day.

Example Python3 code:
# A vehicle operates over a A param between 20 and 110 in a typical day.
def r1(a: float) -> bool:
    return 20 <= a <= 110

# A vehicle operates for a B param between 2 and 10 in a typical day.
def r2(b: float) -> bool:
    return 2 <= b <= 10

# A vehicle operates with C param between 0.2 and 5 in a typical day.
def r3(c: float) -> bool:
    return 0.2 <= c <= 5

# A vehicle remains D param between 1 and 5 in a typical day.
def r4(d: float) -> bool:
    return 1 <= d <= 5

# A vehicle spends E param between 1 and 5 in a typical day.
def r5(e: float) -> bool:
    return 1 <= e <= 5

# A vehicle makes between 20 and 300 F param in a typical day.
def r6(f: float) -> bool:
    return 20 <= f <= 300

# A vehicle makes between 20 and 250 G param in a typical day.
def r7(g: float) -> bool:
    return 20 <= g <= 250


Input text:
Textual context: Total operation time should shouldn’t be lower than driving time.
The number of stops where PTO is engaged must not exceed the overall stop count.
The load supported by axle 1 cannot exceed that of axle 2.
The weight on axle 1 cannot surpass the weight on axle 3.
Payload must remain below or equal to the load carried by axle 2.
The combined time for PTO operation, idle time, and driving time must not surpass the total operation time.";"```python
def r1(total_operation_time: float, driving_time: float) -> bool:
    return total_operation_time >= driving_time

def r2(pto_stops: float, overall_stops: float) -> bool:
    return pto_stops <= overall_stops

def r3(axle1_load: float, axle2_load: float) -> bool:
    return axle1_load <= axle2_load

def r4(axle1_weight: float, axle3_weight: float) -> bool:
    return axle1_weight <= axle3_weight

def r5(payload: float, axle2_load: float) -> bool:
    return payload <= axle2_load

def r6(pto_operation_time: float, idle_time: float, driving_time: float, total_operation_time: float) -> bool:
    return pto_operation_time + idle_time + driving_time <= total_operation_time
```"
"System Message:
You are a logician with a background in mathematics that translates natural language
reasoning text to Python3 code so that these natural language reasoning problems can be solved.
During the translation, please pay close attention to defining variables and rules.
Do not add any comments from you.
Be guided by the following example:
Example input text:
Textual context: A vehicle operates over a A param between 20 and 110 in a typical day.
A vehicle operates for a B param between 2 and 10 in a typical day.
A vehicle operates with C param between 0.2 and 5 in a typical day.
A vehicle remains D param between 1 and 5 in a typical day.
A vehicle spends E param between 1 and 5 in a typical day.
A vehicle makes between 20 and 300 F param in a typical day.
A vehicle makes between 20 and 250 G param in a typical day.

Example Python3 code:
# A vehicle operates over a A param between 20 and 110 in a typical day.
def r1(a: float) -> bool:
    return 20 <= a <= 110

# A vehicle operates for a B param between 2 and 10 in a typical day.
def r2(b: float) -> bool:
    return 2 <= b <= 10

# A vehicle operates with C param between 0.2 and 5 in a typical day.
def r3(c: float) -> bool:
    return 0.2 <= c <= 5

# A vehicle remains D param between 1 and 5 in a typical day.
def r4(d: float) -> bool:
    return 1 <= d <= 5

# A vehicle spends E param between 1 and 5 in a typical day.
def r5(e: float) -> bool:
    return 1 <= e <= 5

# A vehicle makes between 20 and 300 F param in a typical day.
def r6(f: float) -> bool:
    return 20 <= f <= 300

# A vehicle makes between 20 and 250 G param in a typical day.
def r7(g: float) -> bool:
    return 20 <= g <= 250


Input text:
Textual context: Total operation time shouldn’t be lower than PTO operation time.
The total operation duration must not be lower than the idle time.
Total operation time should shouldn’t be lower than driving time.
Stops with PTO engaged should never outnumber total stops.
The load carried by axle 1 must be smaller than or equal to the load on axle 2.
Axle 3's load must always be equal to or greater than the payload.
Total operation time should be at least the sum of PTO, idle, and driving times.";"```python
def r1(total_operation_time: float, pto_operation_time: float) -> bool:
    return total_operation_time >= pto_operation_time

def r2(total_operation_duration: float, idle_time: float) -> bool:
    return total_operation_duration >= idle_time

def r3(total_operation_time: float, driving_time: float) -> bool:
    return total_operation_time >= driving_time

def r4(stops_with_pto_engaged: float, total_stops: float) -> bool:
    return stops_with_pto_engaged <= total_stops

def r5(load_axle_1: float, load_axle_2: float) -> bool:
    return load_axle_1 <= load_axle_2

def r6(load_axle_3: float, payload: float) -> bool:
    return load_axle_3 >= payload

def r7(total_operation_time: float, pto_time: float, idle_time: float, driving_time: float) -> bool:
    return total_operation_time >= (pto_time + idle_time + driving_time)
```"
"System Message:
You are a logician with a background in mathematics that translates natural language
reasoning text to Python3 code so that these natural language reasoning problems can be solved.
During the translation, please pay close attention to defining variables and rules.
Do not add any comments from you.
Be guided by the following example:
Example input text:
Textual context: A vehicle operates over a A param between 20 and 110 in a typical day.
A vehicle operates for a B param between 2 and 10 in a typical day.
A vehicle operates with C param between 0.2 and 5 in a typical day.
A vehicle remains D param between 1 and 5 in a typical day.
A vehicle spends E param between 1 and 5 in a typical day.
A vehicle makes between 20 and 300 F param in a typical day.
A vehicle makes between 20 and 250 G param in a typical day.

Example Python3 code:
# A vehicle operates over a A param between 20 and 110 in a typical day.
def r1(a: float) -> bool:
    return 20 <= a <= 110

# A vehicle operates for a B param between 2 and 10 in a typical day.
def r2(b: float) -> bool:
    return 2 <= b <= 10

# A vehicle operates with C param between 0.2 and 5 in a typical day.
def r3(c: float) -> bool:
    return 0.2 <= c <= 5

# A vehicle remains D param between 1 and 5 in a typical day.
def r4(d: float) -> bool:
    return 1 <= d <= 5

# A vehicle spends E param between 1 and 5 in a typical day.
def r5(e: float) -> bool:
    return 1 <= e <= 5

# A vehicle makes between 20 and 300 F param in a typical day.
def r6(f: float) -> bool:
    return 20 <= f <= 300

# A vehicle makes between 20 and 250 G param in a typical day.
def r7(g: float) -> bool:
    return 20 <= g <= 250


Input text:
Textual context: PTO operation time should be less than or equal to the total operation time.
Idle time should be less than or equal to the total operation time.
Driving time cannot be greater than the total operation time.
Axle 1's load cannot exceed Axle 3's load.
The payload must not exceed the load carried by axle 3.
Total operation time must be greater than or equal to the sum of PTO operation, idle, and driving times.";"```python
def r1(pto: float, total: float) -> bool:
    return pto <= total

def r2(idle: float, total: float) -> bool:
    return idle <= total

def r3(driving: float, total: float) -> bool:
    return driving <= total

def r4(axle1: float, axle3: float) -> bool:
    return axle1 <= axle3

def r5(payload: float, axle3_load: float) -> bool:
    return payload <= axle3_load

def r6(pto: float, idle: float, driving: float, total: float) -> bool:
    return total >= pto + idle + driving
```"
"System Message:
You are a logician with a background in mathematics that translates natural language
reasoning text to Python3 code so that these natural language reasoning problems can be solved.
During the translation, please pay close attention to defining variables and rules.
Do not add any comments from you.
Be guided by the following example:
Example input text:
Textual context: A vehicle operates over a A param between 20 and 110 in a typical day.
A vehicle operates for a B param between 2 and 10 in a typical day.
A vehicle operates with C param between 0.2 and 5 in a typical day.
A vehicle remains D param between 1 and 5 in a typical day.
A vehicle spends E param between 1 and 5 in a typical day.
A vehicle makes between 20 and 300 F param in a typical day.
A vehicle makes between 20 and 250 G param in a typical day.

Example Python3 code:
# A vehicle operates over a A param between 20 and 110 in a typical day.
def r1(a: float) -> bool:
    return 20 <= a <= 110

# A vehicle operates for a B param between 2 and 10 in a typical day.
def r2(b: float) -> bool:
    return 2 <= b <= 10

# A vehicle operates with C param between 0.2 and 5 in a typical day.
def r3(c: float) -> bool:
    return 0.2 <= c <= 5

# A vehicle remains D param between 1 and 5 in a typical day.
def r4(d: float) -> bool:
    return 1 <= d <= 5

# A vehicle spends E param between 1 and 5 in a typical day.
def r5(e: float) -> bool:
    return 1 <= e <= 5

# A vehicle makes between 20 and 300 F param in a typical day.
def r6(f: float) -> bool:
    return 20 <= f <= 300

# A vehicle makes between 20 and 250 G param in a typical day.
def r7(g: float) -> bool:
    return 20 <= g <= 250


Input text:
Textual context: The total operation duration must not be lower than the PTO operation time.
The total operation duration must not be lower than the idle time.
Axle 1's load cannot exceed Axle 3's load.
Payload must remain below or equal to the load carried by axle 2.
Total operation time should be at least the sum of PTO, idle, and driving times.";"```python
def r1(total_operation_duration: float, pto_operation_time: float) -> bool:
    return total_operation_duration >= pto_operation_time

def r2(total_operation_duration: float, idle_time: float) -> bool:
    return total_operation_duration >= idle_time

def r3(axle1_load: float, axle3_load: float) -> bool:
    return axle1_load <= axle3_load

def r4(payload: float, axle2_load: float) -> bool:
    return payload <= axle2_load

def r5(total_operation_time: float, pto_time: float, idle_time: float, driving_time: float) -> bool:
    return total_operation_time >= (pto_time + idle_time + driving_time)
```"
"System Message:
You are a logician with a background in mathematics that translates natural language
reasoning text to Python3 code so that these natural language reasoning problems can be solved.
During the translation, please pay close attention to defining variables and rules.
Do not add any comments from you.
Be guided by the following example:
Example input text:
Textual context: A vehicle operates over a A param between 20 and 110 in a typical day.
A vehicle operates for a B param between 2 and 10 in a typical day.
A vehicle operates with C param between 0.2 and 5 in a typical day.
A vehicle remains D param between 1 and 5 in a typical day.
A vehicle spends E param between 1 and 5 in a typical day.
A vehicle makes between 20 and 300 F param in a typical day.
A vehicle makes between 20 and 250 G param in a typical day.

Example Python3 code:
# A vehicle operates over a A param between 20 and 110 in a typical day.
def r1(a: float) -> bool:
    return 20 <= a <= 110

# A vehicle operates for a B param between 2 and 10 in a typical day.
def r2(b: float) -> bool:
    return 2 <= b <= 10

# A vehicle operates with C param between 0.2 and 5 in a typical day.
def r3(c: float) -> bool:
    return 0.2 <= c <= 5

# A vehicle remains D param between 1 and 5 in a typical day.
def r4(d: float) -> bool:
    return 1 <= d <= 5

# A vehicle spends E param between 1 and 5 in a typical day.
def r5(e: float) -> bool:
    return 1 <= e <= 5

# A vehicle makes between 20 and 300 F param in a typical day.
def r6(f: float) -> bool:
    return 20 <= f <= 300

# A vehicle makes between 20 and 250 G param in a typical day.
def r7(g: float) -> bool:
    return 20 <= g <= 250


Input text:
Textual context: Total operation time shouldn’t be lower than idle time.
Total operation time should shouldn’t be lower than driving time.
The number of stops where PTO is engaged must not exceed the overall stop count.
The load carried by axle 1 must be smaller than or equal to the load on axle 2.
The payload must always be smaller than or equal to the load on axle 2.";"```python
# Total operation time shouldn’t be lower than idle time.
def r1(operation_time: float, idle_time: float) -> bool:
    return operation_time >= idle_time

# Total operation time should shouldn’t be lower than driving time.
def r2(operation_time: float, driving_time: float) -> bool:
    return operation_time >= driving_time

# The number of stops where PTO is engaged must not exceed the overall stop count.
def r3(pto_engaged_stops: int, overall_stops: int) -> bool:
    return pto_engaged_stops <= overall_stops

# The load carried by axle 1 must be smaller than or equal to the load on axle 2.
def r4(axle1_load: float, axle2_load: float) -> bool:
    return axle1_load <= axle2_load

# The payload must always be smaller than or equal to the load on axle 2.
def r5(payload: float, axle2_load: float) -> bool:
    return payload <= axle2_load
```"
"System Message:
You are a logician with a background in mathematics that translates natural language
reasoning text to Python3 code so that these natural language reasoning problems can be solved.
During the translation, please pay close attention to defining variables and rules.
Do not add any comments from you.
Be guided by the following example:
Example input text:
Textual context: A vehicle operates over a A param between 20 and 110 in a typical day.
A vehicle operates for a B param between 2 and 10 in a typical day.
A vehicle operates with C param between 0.2 and 5 in a typical day.
A vehicle remains D param between 1 and 5 in a typical day.
A vehicle spends E param between 1 and 5 in a typical day.
A vehicle makes between 20 and 300 F param in a typical day.
A vehicle makes between 20 and 250 G param in a typical day.

Example Python3 code:
# A vehicle operates over a A param between 20 and 110 in a typical day.
def r1(a: float) -> bool:
    return 20 <= a <= 110

# A vehicle operates for a B param between 2 and 10 in a typical day.
def r2(b: float) -> bool:
    return 2 <= b <= 10

# A vehicle operates with C param between 0.2 and 5 in a typical day.
def r3(c: float) -> bool:
    return 0.2 <= c <= 5

# A vehicle remains D param between 1 and 5 in a typical day.
def r4(d: float) -> bool:
    return 1 <= d <= 5

# A vehicle spends E param between 1 and 5 in a typical day.
def r5(e: float) -> bool:
    return 1 <= e <= 5

# A vehicle makes between 20 and 300 F param in a typical day.
def r6(f: float) -> bool:
    return 20 <= f <= 300

# A vehicle makes between 20 and 250 G param in a typical day.
def r7(g: float) -> bool:
    return 20 <= g <= 250


Input text:
Textual context: PTO operation time should be less than or equal to the total operation time.
Idle time cannot be greater than the total operation time.
The total operation durationmust not be lower than the driving time.
The load on axle 1 must not surpass the load on axle 2.
The weight on axle 1 cannot surpass the weight on axle 3.
Payload must remain below or equal to the load carried by axle 2.
Total operation time should be at least the sum of PTO, idle, and driving times.";"```python
def r1(pto: float, total: float) -> bool:
    return pto <= total

def r2(idle: float, total: float) -> bool:
    return idle <= total

def r3(total: float, driving: float) -> bool:
    return total >= driving

def r4(axle1: float, axle2: float) -> bool:
    return axle1 <= axle2

def r5(axle1: float, axle3: float) -> bool:
    return axle1 <= axle3

def r6(payload: float, axle2: float) -> bool:
    return payload <= axle2

def r7(total: float, pto: float, idle: float, driving: float) -> bool:
    return total >= pto + idle + driving
```"
"System Message:
You are a logician with a background in mathematics that translates natural language
reasoning text to Python3 code so that these natural language reasoning problems can be solved.
During the translation, please pay close attention to defining variables and rules.
Do not add any comments from you.
Be guided by the following example:
Example input text:
Textual context: A vehicle operates over a A param between 20 and 110 in a typical day.
A vehicle operates for a B param between 2 and 10 in a typical day.
A vehicle operates with C param between 0.2 and 5 in a typical day.
A vehicle remains D param between 1 and 5 in a typical day.
A vehicle spends E param between 1 and 5 in a typical day.
A vehicle makes between 20 and 300 F param in a typical day.
A vehicle makes between 20 and 250 G param in a typical day.

Example Python3 code:
# A vehicle operates over a A param between 20 and 110 in a typical day.
def r1(a: float) -> bool:
    return 20 <= a <= 110

# A vehicle operates for a B param between 2 and 10 in a typical day.
def r2(b: float) -> bool:
    return 2 <= b <= 10

# A vehicle operates with C param between 0.2 and 5 in a typical day.
def r3(c: float) -> bool:
    return 0.2 <= c <= 5

# A vehicle remains D param between 1 and 5 in a typical day.
def r4(d: float) -> bool:
    return 1 <= d <= 5

# A vehicle spends E param between 1 and 5 in a typical day.
def r5(e: float) -> bool:
    return 1 <= e <= 5

# A vehicle makes between 20 and 300 F param in a typical day.
def r6(f: float) -> bool:
    return 20 <= f <= 300

# A vehicle makes between 20 and 250 G param in a typical day.
def r7(g: float) -> bool:
    return 20 <= g <= 250


Input text:
Textual context: Idle time should be less than or equal to the total operation time.
Axle 1's load cannot exceed Axle 2's load.
The load supported by axle 1 cannot exceed that of axle 3.
The payload cannot exceed the capacity of axle 2.
The payload must always be smaller than or equal to the load on axle 3.
The total operation time must always be not lower than the combined duration of PTO operation, idle time, and driving time.";"```python
def r1(idle_time: float, total_operation_time: float) -> bool:
    return idle_time <= total_operation_time

def r2(axle1_load: float, axle2_load: float) -> bool:
    return axle1_load <= axle2_load

def r3(axle1_load: float, axle3_load: float) -> bool:
    return axle1_load <= axle3_load

def r4(payload: float, axle2_capacity: float) -> bool:
    return payload <= axle2_capacity

def r5(payload: float, axle3_load: float) -> bool:
    return payload <= axle3_load

def r6(total_operation_time: float, pto_operation_duration: float, idle_time: float, driving_time: float) -> bool:
    return total_operation_time >= pto_operation_duration + idle_time + driving_time
```"
"System Message:
You are a logician with a background in mathematics that translates natural language
reasoning text to Python3 code so that these natural language reasoning problems can be solved.
During the translation, please pay close attention to defining variables and rules.
Do not add any comments from you.
Be guided by the following example:
Example input text:
Textual context: A vehicle operates over a A param between 20 and 110 in a typical day.
A vehicle operates for a B param between 2 and 10 in a typical day.
A vehicle operates with C param between 0.2 and 5 in a typical day.
A vehicle remains D param between 1 and 5 in a typical day.
A vehicle spends E param between 1 and 5 in a typical day.
A vehicle makes between 20 and 300 F param in a typical day.
A vehicle makes between 20 and 250 G param in a typical day.

Example Python3 code:
# A vehicle operates over a A param between 20 and 110 in a typical day.
def r1(a: float) -> bool:
    return 20 <= a <= 110

# A vehicle operates for a B param between 2 and 10 in a typical day.
def r2(b: float) -> bool:
    return 2 <= b <= 10

# A vehicle operates with C param between 0.2 and 5 in a typical day.
def r3(c: float) -> bool:
    return 0.2 <= c <= 5

# A vehicle remains D param between 1 and 5 in a typical day.
def r4(d: float) -> bool:
    return 1 <= d <= 5

# A vehicle spends E param between 1 and 5 in a typical day.
def r5(e: float) -> bool:
    return 1 <= e <= 5

# A vehicle makes between 20 and 300 F param in a typical day.
def r6(f: float) -> bool:
    return 20 <= f <= 300

# A vehicle makes between 20 and 250 G param in a typical day.
def r7(g: float) -> bool:
    return 20 <= g <= 250


Input text:
Textual context: PTO operation time should be less than or equal to the total operation time.
Driving time cannot be greater than the total operation time.
Stops with PTO engaged should never outnumber total stops.
Axle 1's load cannot exceed Axle 3's load.
Axle 3's load must always be equal to or greater than the payload.
Total operation time should be at least the sum of PTO, idle, and driving times.";"```python
def r1(pto: float, total: float) -> bool:
    return pto <= total

def r2(driving: float, total: float) -> bool:
    return driving <= total

def r3(pto_stops: float, total_stops: float) -> bool:
    return pto_stops <= total_stops

def r4(axle1: float, axle3: float) -> bool:
    return axle1 <= axle3

def r5(axle3: float, payload: float) -> bool:
    return axle3 >= payload

def r6(total: float, pto: float, idle: float, driving: float) -> bool:
    return total >= pto + idle + driving
```"
"System Message:
You are a logician with a background in mathematics that translates natural language
reasoning text to Python3 code so that these natural language reasoning problems can be solved.
During the translation, please pay close attention to defining variables and rules.
Do not add any comments from you.
Be guided by the following example:
Example input text:
Textual context: A vehicle operates over a A param between 20 and 110 in a typical day.
A vehicle operates for a B param between 2 and 10 in a typical day.
A vehicle operates with C param between 0.2 and 5 in a typical day.
A vehicle remains D param between 1 and 5 in a typical day.
A vehicle spends E param between 1 and 5 in a typical day.
A vehicle makes between 20 and 300 F param in a typical day.
A vehicle makes between 20 and 250 G param in a typical day.

Example Python3 code:
# A vehicle operates over a A param between 20 and 110 in a typical day.
def r1(a: float) -> bool:
    return 20 <= a <= 110

# A vehicle operates for a B param between 2 and 10 in a typical day.
def r2(b: float) -> bool:
    return 2 <= b <= 10

# A vehicle operates with C param between 0.2 and 5 in a typical day.
def r3(c: float) -> bool:
    return 0.2 <= c <= 5

# A vehicle remains D param between 1 and 5 in a typical day.
def r4(d: float) -> bool:
    return 1 <= d <= 5

# A vehicle spends E param between 1 and 5 in a typical day.
def r5(e: float) -> bool:
    return 1 <= e <= 5

# A vehicle makes between 20 and 300 F param in a typical day.
def r6(f: float) -> bool:
    return 20 <= f <= 300

# A vehicle makes between 20 and 250 G param in a typical day.
def r7(g: float) -> bool:
    return 20 <= g <= 250


Input text:
Textual context: PTO operation time cannot be greater than the total operation time.
Idle time should be less than or equal to the total operation time.
Driving time cannot be greater than the total operation time.
Stops with PTO engaged cannot outnumber the total stops.
The load supported by axle 1 cannot exceed that of axle 3.";"```python
# PTO operation time cannot be greater than the total operation time.
def r1(pto_time: float, total_time: float) -> bool:
    return pto_time <= total_time

# Idle time should be less than or equal to the total operation time.
def r2(idle_time: float, total_time: float) -> bool:
    return idle_time <= total_time

# Driving time cannot be greater than the total operation time.
def r3(driving_time: float, total_time: float) -> bool:
    return driving_time <= total_time

# Stops with PTO engaged cannot outnumber the total stops.
def r4(pto_engaged_stops: int, total_stops: int) -> bool:
    return pto_engaged_stops <= total_stops

# The load supported by axle 1 cannot exceed that of axle 3.
def r5(axle1_load: float, axle3_load: float) -> bool:
    return axle1_load <= axle3_load
```"
"System Message:
You are a logician with a background in mathematics that translates natural language
reasoning text to Python3 code so that these natural language reasoning problems can be solved.
During the translation, please pay close attention to defining variables and rules.
Do not add any comments from you.
Be guided by the following example:
Example input text:
Textual context: A vehicle operates over a A param between 20 and 110 in a typical day.
A vehicle operates for a B param between 2 and 10 in a typical day.
A vehicle operates with C param between 0.2 and 5 in a typical day.
A vehicle remains D param between 1 and 5 in a typical day.
A vehicle spends E param between 1 and 5 in a typical day.
A vehicle makes between 20 and 300 F param in a typical day.
A vehicle makes between 20 and 250 G param in a typical day.

Example Python3 code:
# A vehicle operates over a A param between 20 and 110 in a typical day.
def r1(a: float) -> bool:
    return 20 <= a <= 110

# A vehicle operates for a B param between 2 and 10 in a typical day.
def r2(b: float) -> bool:
    return 2 <= b <= 10

# A vehicle operates with C param between 0.2 and 5 in a typical day.
def r3(c: float) -> bool:
    return 0.2 <= c <= 5

# A vehicle remains D param between 1 and 5 in a typical day.
def r4(d: float) -> bool:
    return 1 <= d <= 5

# A vehicle spends E param between 1 and 5 in a typical day.
def r5(e: float) -> bool:
    return 1 <= e <= 5

# A vehicle makes between 20 and 300 F param in a typical day.
def r6(f: float) -> bool:
    return 20 <= f <= 300

# A vehicle makes between 20 and 250 G param in a typical day.
def r7(g: float) -> bool:
    return 20 <= g <= 250


Input text:
Textual context: The total operation duration must not be lower than the PTO operation time.
Driving time cannot be greater than the total operation time.
Axle 1's load cannot exceed Axle 2's load.
The weight on axle 1 cannot surpass the weight on axle 3.
The payload must always be smaller than or equal to the load on axle 2.";"```python
def r1(total_operation_duration: float, pto_operation_time: float) -> bool:
    return total_operation_duration >= pto_operation_time

def r2(driving_time: float, total_operation_time: float) -> bool:
    return driving_time <= total_operation_time

def r3(axle1_load: float, axle2_load: float) -> bool:
    return axle1_load <= axle2_load

def r4(axle1_weight: float, axle3_weight: float) -> bool:
    return axle1_weight <= axle3_weight

def r5(payload: float, axle2_load: float) -> bool:
    return payload <= axle2_load
```"
"System Message:
You are a logician with a background in mathematics that translates natural language
reasoning text to Python3 code so that these natural language reasoning problems can be solved.
During the translation, please pay close attention to defining variables and rules.
Do not add any comments from you.
Be guided by the following example:
Example input text:
Textual context: A vehicle operates over a A param between 20 and 110 in a typical day.
A vehicle operates for a B param between 2 and 10 in a typical day.
A vehicle operates with C param between 0.2 and 5 in a typical day.
A vehicle remains D param between 1 and 5 in a typical day.
A vehicle spends E param between 1 and 5 in a typical day.
A vehicle makes between 20 and 300 F param in a typical day.

Example Python3 code:
# A vehicle operates over a A param between 20 and 110 in a typical day.
def r1(a: float) -> bool:
    return 20 <= a <= 110

# A vehicle operates for a B param between 2 and 10 in a typical day.
def r2(b: float) -> bool:
    return 2 <= b <= 10

# A vehicle operates with C param between 0.2 and 5 in a typical day.
def r3(c: float) -> bool:
    return 0.2 <= c <= 5

# A vehicle remains D param between 1 and 5 in a typical day.
def r4(d: float) -> bool:
    return 1 <= d <= 5

# A vehicle spends E param between 1 and 5 in a typical day.
def r5(e: float) -> bool:
    return 1 <= e <= 5

# A vehicle makes between 20 and 300 F param in a typical day.
def r6(f: float) -> bool:
    return 20 <= f <= 300


Input text:
Textual context: Idle time cannot be greater than the total operation time.
Driving time should be less than or equal to the total operation time.
The number of stops where PTO is engaged must not exceed the overall stop count.
Axle 1's load cannot exceed Axle 3's load.
The payload must not exceed the load carried by axle 3.
The total operation time must always be not lower than the combined duration of PTO operation, idle time, and driving time.";"```python
# Idle time cannot be greater than the total operation time.
def r7(idle_time: float, total_operation_time: float) -> bool:
    return idle_time <= total_operation_time

# Driving time should be less than or equal to the total operation time.
def r8(driving_time: float, total_operation_time: float) -> bool:
    return driving_time <= total_operation_time

# The number of stops where PTO is engaged must not exceed the overall stop count.
def r9(pto_engaged_stops: int, overall_stops: int) -> bool:
    return pto_engaged_stops <= overall_stops

# Axle 1's load cannot exceed Axle 3's load.
def r10(axle1_load: float, axle3_load: float) -> bool:
    return axle1_load <= axle3_load

# The payload must not exceed the load carried by axle 3.
def r11(payload: float, axle3_load: float) -> bool:
    return payload <= axle3_load

# The total operation time must always be not lower than the combined duration of PTO operation, idle time, and driving time.
def r12(total_operation_time: float, pto_operation_time: float, idle_time: float, driving_time: float) -> bool:
    return total_operation_time >= pto_operation_time + idle_time + driving_time
```"
"System Message:
You are a logician with a background in mathematics that translates natural language
reasoning text to Python3 code so that these natural language reasoning problems can be solved.
During the translation, please pay close attention to defining variables and rules.
Do not add any comments from you.
Be guided by the following example:
Example input text:
Textual context: A vehicle operates over a A param between 20 and 110 in a typical day.
A vehicle operates for a B param between 2 and 10 in a typical day.
A vehicle operates with C param between 0.2 and 5 in a typical day.
A vehicle remains D param between 1 and 5 in a typical day.
A vehicle spends E param between 1 and 5 in a typical day.
A vehicle makes between 20 and 300 F param in a typical day.

Example Python3 code:
# A vehicle operates over a A param between 20 and 110 in a typical day.
def r1(a: float) -> bool:
    return 20 <= a <= 110

# A vehicle operates for a B param between 2 and 10 in a typical day.
def r2(b: float) -> bool:
    return 2 <= b <= 10

# A vehicle operates with C param between 0.2 and 5 in a typical day.
def r3(c: float) -> bool:
    return 0.2 <= c <= 5

# A vehicle remains D param between 1 and 5 in a typical day.
def r4(d: float) -> bool:
    return 1 <= d <= 5

# A vehicle spends E param between 1 and 5 in a typical day.
def r5(e: float) -> bool:
    return 1 <= e <= 5

# A vehicle makes between 20 and 300 F param in a typical day.
def r6(f: float) -> bool:
    return 20 <= f <= 300


Input text:
Textual context: PTO operation time cannot be greater than the total operation time.
The total stop count must not be lower than the count of stops where PTO is engaged.
The load carried by axle 1 must be smaller than or equal to the load on axle 2.
The load supported by axle 1 cannot exceed that of axle 3.
The combined time for PTO operation, idle time, and driving time must not surpass the total operation time.";"```python
# PTO operation time cannot be greater than the total operation time.
def r7(pto_time: float, total_time: float) -> bool:
    return pto_time <= total_time

# The total stop count must not be lower than the count of stops where PTO is engaged.
def r8(total_stop_count: float, pto_engaged_stop_count: float) -> bool:
    return total_stop_count >= pto_engaged_stop_count

# The load carried by axle 1 must be smaller than or equal to the load on axle 2.
def r9(axle1_load: float, axle2_load: float) -> bool:
    return axle1_load <= axle2_load

# The load supported by axle 1 cannot exceed that of axle 3.
def r10(axle1_load: float, axle3_load: float) -> bool:
    return axle1_load <= axle3_load

# The combined time for PTO operation, idle time, and driving time must not surpass the total operation time.
def r11(pto_time: float, idle_time: float, driving_time: float, total_time: float) -> bool:
    return pto_time + idle_time + driving_time <= total_time
```"
"System Message:
You are a logician with a background in mathematics that translates natural language
reasoning text to Python3 code so that these natural language reasoning problems can be solved.
During the translation, please pay close attention to defining variables and rules.
Do not add any comments from you.
Be guided by the following example:
Example input text:
Textual context: A vehicle operates over a A param between 20 and 110 in a typical day.
A vehicle operates for a B param between 2 and 10 in a typical day.
A vehicle operates with C param between 0.2 and 5 in a typical day.
A vehicle remains D param between 1 and 5 in a typical day.
A vehicle spends E param between 1 and 5 in a typical day.
A vehicle makes between 20 and 300 F param in a typical day.

Example Python3 code:
# A vehicle operates over a A param between 20 and 110 in a typical day.
def r1(a: float) -> bool:
    return 20 <= a <= 110

# A vehicle operates for a B param between 2 and 10 in a typical day.
def r2(b: float) -> bool:
    return 2 <= b <= 10

# A vehicle operates with C param between 0.2 and 5 in a typical day.
def r3(c: float) -> bool:
    return 0.2 <= c <= 5

# A vehicle remains D param between 1 and 5 in a typical day.
def r4(d: float) -> bool:
    return 1 <= d <= 5

# A vehicle spends E param between 1 and 5 in a typical day.
def r5(e: float) -> bool:
    return 1 <= e <= 5

# A vehicle makes between 20 and 300 F param in a typical day.
def r6(f: float) -> bool:
    return 20 <= f <= 300


Input text:
Textual context: The total operation duration must not be lower than the PTO operation time.
The total stop count must not be lower than the count of stops where PTO is engaged.
Axle 1's load cannot exceed Axle 3's load.
The payload must not exceed the load carried by axle 2.
The payload must not exceed the load carried by axle 3.
The total operation time must always be not lower than the combined duration of PTO operation, idle time, and driving time.";"```python
# The total operation duration must not be lower than the PTO operation time.
def r7(total_operation_duration: float, pto_operation_time: float) -> bool:
    return total_operation_duration >= pto_operation_time

# The total stop count must not be lower than the count of stops where PTO is engaged.
def r8(total_stop_count: float, pto_engaged_stop_count: float) -> bool:
    return total_stop_count >= pto_engaged_stop_count

# Axle 1's load cannot exceed Axle 3's load.
def r9(axle1_load: float, axle3_load: float) -> bool:
    return axle1_load <= axle3_load

# The payload must not exceed the load carried by axle 2.
def r10(payload: float, axle2_load: float) -> bool:
    return payload <= axle2_load

# The payload must not exceed the load carried by axle 3.
def r11(payload: float, axle3_load: float) -> bool:
    return payload <= axle3_load

# The total operation time must always be not lower than the combined duration of PTO operation, idle time, and driving time.
def r12(total_operation_time: float, pto_operation: float, idle_time: float, driving_time: float) -> bool:
    return total_operation_time >= pto_operation + idle_time + driving_time
```"
"System Message:
You are a logician with a background in mathematics that translates natural language
reasoning text to Python3 code so that these natural language reasoning problems can be solved.
During the translation, please pay close attention to defining variables and rules.
Do not add any comments from you.
Be guided by the following example:
Example input text:
Textual context: A vehicle operates over a A param between 20 and 110 in a typical day.
A vehicle operates for a B param between 2 and 10 in a typical day.
A vehicle operates with C param between 0.2 and 5 in a typical day.
A vehicle remains D param between 1 and 5 in a typical day.
A vehicle spends E param between 1 and 5 in a typical day.
A vehicle makes between 20 and 300 F param in a typical day.

Example Python3 code:
# A vehicle operates over a A param between 20 and 110 in a typical day.
def r1(a: float) -> bool:
    return 20 <= a <= 110

# A vehicle operates for a B param between 2 and 10 in a typical day.
def r2(b: float) -> bool:
    return 2 <= b <= 10

# A vehicle operates with C param between 0.2 and 5 in a typical day.
def r3(c: float) -> bool:
    return 0.2 <= c <= 5

# A vehicle remains D param between 1 and 5 in a typical day.
def r4(d: float) -> bool:
    return 1 <= d <= 5

# A vehicle spends E param between 1 and 5 in a typical day.
def r5(e: float) -> bool:
    return 1 <= e <= 5

# A vehicle makes between 20 and 300 F param in a typical day.
def r6(f: float) -> bool:
    return 20 <= f <= 300


Input text:
Textual context: Idle time must always be less than or equal to the total operation time.
Stops with PTO engaged cannot outnumber the total stops.
The load on axle 1 must not surpass the load on axle 2.
The weight on axle 1 cannot surpass the weight on axle 3.
Total operation time should be at least the sum of PTO, idle, and driving times.";"```python
# Idle time must always be less than or equal to the total operation time.
def r7(idle: float, total_operation: float) -> bool:
    return idle <= total_operation

# Stops with PTO engaged cannot outnumber the total stops.
def r8(pto_engaged: float, total_stops: float) -> bool:
    return pto_engaged <= total_stops

# The load on axle 1 must not surpass the load on axle 2.
def r9(axle1_load: float, axle2_load: float) -> bool:
    return axle1_load <= axle2_load

# The weight on axle 1 cannot surpass the weight on axle 3.
def r10(axle1_weight: float, axle3_weight: float) -> bool:
    return axle1_weight <= axle3_weight

# Total operation time should be at least the sum of PTO, idle, and driving times.
def r11(total_operation: float, pto: float, idle: float, driving: float) -> bool:
    return total_operation >= pto + idle + driving
```"
"System Message:
You are a logician with a background in mathematics that translates natural language
reasoning text to Python3 code so that these natural language reasoning problems can be solved.
During the translation, please pay close attention to defining variables and rules.
Do not add any comments from you.
Be guided by the following example:
Example input text:
Textual context: A vehicle operates over a A param between 20 and 110 in a typical day.
A vehicle operates for a B param between 2 and 10 in a typical day.
A vehicle operates with C param between 0.2 and 5 in a typical day.
A vehicle remains D param between 1 and 5 in a typical day.
A vehicle spends E param between 1 and 5 in a typical day.
A vehicle makes between 20 and 300 F param in a typical day.

Example Python3 code:
# A vehicle operates over a A param between 20 and 110 in a typical day.
def r1(a: float) -> bool:
    return 20 <= a <= 110

# A vehicle operates for a B param between 2 and 10 in a typical day.
def r2(b: float) -> bool:
    return 2 <= b <= 10

# A vehicle operates with C param between 0.2 and 5 in a typical day.
def r3(c: float) -> bool:
    return 0.2 <= c <= 5

# A vehicle remains D param between 1 and 5 in a typical day.
def r4(d: float) -> bool:
    return 1 <= d <= 5

# A vehicle spends E param between 1 and 5 in a typical day.
def r5(e: float) -> bool:
    return 1 <= e <= 5

# A vehicle makes between 20 and 300 F param in a typical day.
def r6(f: float) -> bool:
    return 20 <= f <= 300


Input text:
Textual context: Total operation time shouldn’t be lower than idle time.
Stops with PTO engaged cannot outnumber the total stops.
The load on axle 1 must not surpass the load on axle 2.
Axle 1's load cannot exceed Axle 3's load.
The payload cannot exceed the capacity of axle 3.
The combined time for PTO operation, idle time, and driving time must not surpass the total operation time.";"```python
# Total operation time shouldn’t be lower than idle time.
def r7(total_operation_time: float, idle_time: float) -> bool:
    return total_operation_time >= idle_time

# Stops with PTO engaged cannot outnumber the total stops.
def r8(stops_with_pto_engaged: float, total_stops: float) -> bool:
    return stops_with_pto_engaged <= total_stops

# The load on axle 1 must not surpass the load on axle 2.
def r9(axle1_load: float, axle2_load: float) -> bool:
    return axle1_load <= axle2_load

# Axle 1's load cannot exceed Axle 3's load.
def r10(axle1_load: float, axle3_load: float) -> bool:
    return axle1_load <= axle3_load

# The payload cannot exceed the capacity of axle 3.
def r11(payload: float, axle3_capacity: float) -> bool:
    return payload <= axle3_capacity

# The combined time for PTO operation, idle time, and driving time must not surpass the total operation time.
def r12(pto_operation_time: float, idle_time: float, driving_time: float, total_operation_time: float) -> bool:
    return pto_operation_time + idle_time + driving_time <= total_operation_time
```"
"System Message:
You are a logician with a background in mathematics that translates natural language
reasoning text to Python3 code so that these natural language reasoning problems can be solved.
During the translation, please pay close attention to defining variables and rules.
Do not add any comments from you.
Be guided by the following example:
Example input text:
Textual context: A vehicle operates over a A param between 20 and 110 in a typical day.
A vehicle operates for a B param between 2 and 10 in a typical day.
A vehicle operates with C param between 0.2 and 5 in a typical day.
A vehicle remains D param between 1 and 5 in a typical day.
A vehicle spends E param between 1 and 5 in a typical day.
A vehicle makes between 20 and 300 F param in a typical day.

Example Python3 code:
# A vehicle operates over a A param between 20 and 110 in a typical day.
def r1(a: float) -> bool:
    return 20 <= a <= 110

# A vehicle operates for a B param between 2 and 10 in a typical day.
def r2(b: float) -> bool:
    return 2 <= b <= 10

# A vehicle operates with C param between 0.2 and 5 in a typical day.
def r3(c: float) -> bool:
    return 0.2 <= c <= 5

# A vehicle remains D param between 1 and 5 in a typical day.
def r4(d: float) -> bool:
    return 1 <= d <= 5

# A vehicle spends E param between 1 and 5 in a typical day.
def r5(e: float) -> bool:
    return 1 <= e <= 5

# A vehicle makes between 20 and 300 F param in a typical day.
def r6(f: float) -> bool:
    return 20 <= f <= 300


Input text:
Textual context: Total operation time shouldn’t be lower than PTO operation time.
Idle time should be less than or equal to the total operation time.
The total stop count must not be lower than the count of stops where PTO is engaged.
The load supported by axle 1 cannot exceed that of axle 2.
The payload must always be smaller than or equal to the load on axle 2.
Axle 3's load must always be equal to or greater than the payload.";"```python
# Total operation time shouldn’t be lower than PTO operation time.
def r7(total_operation_time: float, pto_operation_time: float) -> bool:
    return total_operation_time >= pto_operation_time

# Idle time should be less than or equal to the total operation time.
def r8(idle_time: float, total_operation_time: float) -> bool:
    return idle_time <= total_operation_time

# The total stop count must not be lower than the count of stops where PTO is engaged.
def r9(total_stop_count: int, pto_engaged_stop_count: int) -> bool:
    return total_stop_count >= pto_engaged_stop_count

# The load supported by axle 1 cannot exceed that of axle 2.
def r10(axle1_load: float, axle2_load: float) -> bool:
    return axle1_load <= axle2_load

# The payload must always be smaller than or equal to the load on axle 2.
def r11(payload: float, axle2_load: float) -> bool:
    return payload <= axle2_load

# Axle 3's load must always be equal to or greater than the payload.
def r12(axle3_load: float, payload: float) -> bool:
    return axle3_load >= payload
```"
"System Message:
You are a logician with a background in mathematics that translates natural language
reasoning text to Python3 code so that these natural language reasoning problems can be solved.
During the translation, please pay close attention to defining variables and rules.
Do not add any comments from you.
Be guided by the following example:
Example input text:
Textual context: A vehicle operates over a A param between 20 and 110 in a typical day.
A vehicle operates for a B param between 2 and 10 in a typical day.
A vehicle operates with C param between 0.2 and 5 in a typical day.
A vehicle remains D param between 1 and 5 in a typical day.
A vehicle spends E param between 1 and 5 in a typical day.
A vehicle makes between 20 and 300 F param in a typical day.

Example Python3 code:
# A vehicle operates over a A param between 20 and 110 in a typical day.
def r1(a: float) -> bool:
    return 20 <= a <= 110

# A vehicle operates for a B param between 2 and 10 in a typical day.
def r2(b: float) -> bool:
    return 2 <= b <= 10

# A vehicle operates with C param between 0.2 and 5 in a typical day.
def r3(c: float) -> bool:
    return 0.2 <= c <= 5

# A vehicle remains D param between 1 and 5 in a typical day.
def r4(d: float) -> bool:
    return 1 <= d <= 5

# A vehicle spends E param between 1 and 5 in a typical day.
def r5(e: float) -> bool:
    return 1 <= e <= 5

# A vehicle makes between 20 and 300 F param in a typical day.
def r6(f: float) -> bool:
    return 20 <= f <= 300


Input text:
Textual context: PTO operation time should be less than or equal to the total operation time.
Total operation time shouldn’t be lower than idle time.
The load on axle 1 must not surpass the load on axle 2.
Axle 2's load must always be equal to or greater than the payload.
Payload must remain below or equal to the load carried by axle 3.
The total operation duration must always be greater than or equal to the combined time for PTO, idle, and driving.";"```python
# PTO operation time should be less than or equal to the total operation time.
def r7(pto: float, total: float) -> bool:
    return pto <= total

# Total operation time shouldn’t be lower than idle time.
def r8(total: float, idle: float) -> bool:
    return total >= idle

# The load on axle 1 must not surpass the load on axle 2.
def r9(axle1: float, axle2: float) -> bool:
    return axle1 <= axle2

# Axle 2's load must always be equal to or greater than the payload.
def r10(axle2: float, payload: float) -> bool:
    return axle2 >= payload

# Payload must remain below or equal to the load carried by axle 3.
def r11(payload: float, axle3: float) -> bool:
    return payload <= axle3

# The total operation duration must always be greater than or equal to the combined time for PTO, idle, and driving.
def r12(total: float, pto: float, idle: float, driving: float) -> bool:
    return total >= pto + idle + driving
```"
"System Message:
You are a logician with a background in mathematics that translates natural language
reasoning text to Python3 code so that these natural language reasoning problems can be solved.
During the translation, please pay close attention to defining variables and rules.
Do not add any comments from you.
Be guided by the following example:
Example input text:
Textual context: A vehicle operates over a A param between 20 and 110 in a typical day.
A vehicle operates for a B param between 2 and 10 in a typical day.
A vehicle operates with C param between 0.2 and 5 in a typical day.
A vehicle remains D param between 1 and 5 in a typical day.
A vehicle spends E param between 1 and 5 in a typical day.
A vehicle makes between 20 and 300 F param in a typical day.

Example Python3 code:
# A vehicle operates over a A param between 20 and 110 in a typical day.
def r1(a: float) -> bool:
    return 20 <= a <= 110

# A vehicle operates for a B param between 2 and 10 in a typical day.
def r2(b: float) -> bool:
    return 2 <= b <= 10

# A vehicle operates with C param between 0.2 and 5 in a typical day.
def r3(c: float) -> bool:
    return 0.2 <= c <= 5

# A vehicle remains D param between 1 and 5 in a typical day.
def r4(d: float) -> bool:
    return 1 <= d <= 5

# A vehicle spends E param between 1 and 5 in a typical day.
def r5(e: float) -> bool:
    return 1 <= e <= 5

# A vehicle makes between 20 and 300 F param in a typical day.
def r6(f: float) -> bool:
    return 20 <= f <= 300


Input text:
Textual context: The total operation duration must not be lower than the PTO operation time.
Total operation time should shouldn’t be lower than driving time.
The total stop count must not be lower than the count of stops where PTO is engaged.
The payload must not exceed the load carried by axle 3.
The combined time for PTO operation, idle time, and driving time must not surpass the total operation time.";"```python
# The total operation duration must not be lower than the PTO operation time.
def r1(total_operation_duration: float, pto_operation_time: float) -> bool:
    return total_operation_duration >= pto_operation_time

# Total operation time should shouldn’t be lower than driving time.
def r2(total_operation_time: float, driving_time: float) -> bool:
    return total_operation_time >= driving_time

# The total stop count must not be lower than the count of stops where PTO is engaged.
def r3(total_stop_count: float, pto_engaged_stop_count: float) -> bool:
    return total_stop_count >= pto_engaged_stop_count

# The payload must not exceed the load carried by axle 3.
def r4(payload: float, axle3_load: float) -> bool:
    return payload <= axle3_load

# The combined time for PTO operation, idle time, and driving time must not surpass the total operation time.
def r5(pto_operation_time: float, idle_time: float, driving_time: float, total_operation_time: float) -> bool:
    return pto_operation_time + idle_time + driving_time <= total_operation_time
```"
"System Message:
You are a logician with a background in mathematics that translates natural language
reasoning text to Python3 code so that these natural language reasoning problems can be solved.
During the translation, please pay close attention to defining variables and rules.
Do not add any comments from you.
Be guided by the following example:
Example input text:
Textual context: A vehicle operates over a A param between 20 and 110 in a typical day.
A vehicle operates for a B param between 2 and 10 in a typical day.
A vehicle operates with C param between 0.2 and 5 in a typical day.
A vehicle remains D param between 1 and 5 in a typical day.
A vehicle spends E param between 1 and 5 in a typical day.
A vehicle makes between 20 and 300 F param in a typical day.

Example Python3 code:
# A vehicle operates over a A param between 20 and 110 in a typical day.
def r1(a: float) -> bool:
    return 20 <= a <= 110

# A vehicle operates for a B param between 2 and 10 in a typical day.
def r2(b: float) -> bool:
    return 2 <= b <= 10

# A vehicle operates with C param between 0.2 and 5 in a typical day.
def r3(c: float) -> bool:
    return 0.2 <= c <= 5

# A vehicle remains D param between 1 and 5 in a typical day.
def r4(d: float) -> bool:
    return 1 <= d <= 5

# A vehicle spends E param between 1 and 5 in a typical day.
def r5(e: float) -> bool:
    return 1 <= e <= 5

# A vehicle makes between 20 and 300 F param in a typical day.
def r6(f: float) -> bool:
    return 20 <= f <= 300


Input text:
Textual context: The total operation durationmust not be lower than the driving time.
Stops with PTO engaged should never outnumber total stops.
The load on axle 1 must not surpass the load on axle 3.
The payload cannot exceed the capacity of axle 2.
The payload must not exceed the load carried by axle 3.";"```python
# The total operation durationmust not be lower than the driving time.
def r7(total_operation_duration: float, driving_time: float) -> bool:
    return total_operation_duration >= driving_time

# Stops with PTO engaged should never outnumber total stops.
def r8(stops_with_pto_engaged: int, total_stops: int) -> bool:
    return stops_with_pto_engaged <= total_stops

# The load on axle 1 must not surpass the load on axle 3.
def r9(load_on_axle_1: float, load_on_axle_3: float) -> bool:
    return load_on_axle_1 <= load_on_axle_3

# The payload cannot exceed the capacity of axle 2.
def r10(payload: float, capacity_of_axle_2: float) -> bool:
    return payload <= capacity_of_axle_2

# The payload must not exceed the load carried by axle 3.
def r11(payload: float, load_carried_by_axle_3: float) -> bool:
    return payload <= load_carried_by_axle_3
```"
"System Message:
You are a logician with a background in mathematics that translates natural language
reasoning text to Python3 code so that these natural language reasoning problems can be solved.
During the translation, please pay close attention to defining variables and rules.
Do not add any comments from you.
Be guided by the following example:
Example input text:
Textual context: A vehicle operates over a A param between 20 and 110 in a typical day.
A vehicle operates for a B param between 2 and 10 in a typical day.
A vehicle operates with C param between 0.2 and 5 in a typical day.
A vehicle remains D param between 1 and 5 in a typical day.
A vehicle spends E param between 1 and 5 in a typical day.
A vehicle makes between 20 and 300 F param in a typical day.

Example Python3 code:
# A vehicle operates over a A param between 20 and 110 in a typical day.
def r1(a: float) -> bool:
    return 20 <= a <= 110

# A vehicle operates for a B param between 2 and 10 in a typical day.
def r2(b: float) -> bool:
    return 2 <= b <= 10

# A vehicle operates with C param between 0.2 and 5 in a typical day.
def r3(c: float) -> bool:
    return 0.2 <= c <= 5

# A vehicle remains D param between 1 and 5 in a typical day.
def r4(d: float) -> bool:
    return 1 <= d <= 5

# A vehicle spends E param between 1 and 5 in a typical day.
def r5(e: float) -> bool:
    return 1 <= e <= 5

# A vehicle makes between 20 and 300 F param in a typical day.
def r6(f: float) -> bool:
    return 20 <= f <= 300


Input text:
Textual context: PTO operation time must be less than or equal to the total operation time.
The total operation durationmust not be lower than the driving time.
The number of stops where PTO is engaged must not exceed the overall stop count.
The load supported by axle 1 cannot exceed that of axle 2.
The load carried by axle 1 must be smaller than or equal to the load on axle 3.
Axle 2's load must always be equal to or greater than the payload.";"```python
# PTO operation time must be less than or equal to the total operation time.
def r7(pto_time: float, total_time: float) -> bool:
    return pto_time <= total_time

# The total operation durationmust not be lower than the driving time.
def r8(total_duration: float, driving_time: float) -> bool:
    return total_duration >= driving_time

# The number of stops where PTO is engaged must not exceed the overall stop count.
def r9(pto_stops: int, total_stops: int) -> bool:
    return pto_stops <= total_stops

# The load supported by axle 1 cannot exceed that of axle 2.
def r10(axle1_load: float, axle2_load: float) -> bool:
    return axle1_load <= axle2_load

# The load carried by axle 1 must be smaller than or equal to the load on axle 3.
def r11(axle1_load: float, axle3_load: float) -> bool:
    return axle1_load <= axle3_load

# Axle 2's load must always be equal to or greater than the payload.
def r12(axle2_load: float, payload: float) -> bool:
    return axle2_load >= payload
```"
"System Message:
You are a logician with a background in mathematics that translates natural language
reasoning text to Python3 code so that these natural language reasoning problems can be solved.
During the translation, please pay close attention to defining variables and rules.
Do not add any comments from you.
Be guided by the following example:
Example input text:
Textual context: A vehicle operates over a A param between 20 and 110 in a typical day.
A vehicle operates for a B param between 2 and 10 in a typical day.
A vehicle operates with C param between 0.2 and 5 in a typical day.
A vehicle remains D param between 1 and 5 in a typical day.
A vehicle spends E param between 1 and 5 in a typical day.
A vehicle makes between 20 and 300 F param in a typical day.

Example Python3 code:
# A vehicle operates over a A param between 20 and 110 in a typical day.
def r1(a: float) -> bool:
    return 20 <= a <= 110

# A vehicle operates for a B param between 2 and 10 in a typical day.
def r2(b: float) -> bool:
    return 2 <= b <= 10

# A vehicle operates with C param between 0.2 and 5 in a typical day.
def r3(c: float) -> bool:
    return 0.2 <= c <= 5

# A vehicle remains D param between 1 and 5 in a typical day.
def r4(d: float) -> bool:
    return 1 <= d <= 5

# A vehicle spends E param between 1 and 5 in a typical day.
def r5(e: float) -> bool:
    return 1 <= e <= 5

# A vehicle makes between 20 and 300 F param in a typical day.
def r6(f: float) -> bool:
    return 20 <= f <= 300


Input text:
Textual context: The total operation duration must not be lower than the idle time.
Stops with PTO engaged should never outnumber total stops.
The load supported by axle 1 cannot exceed that of axle 2.
The load carried by axle 1 must be smaller than or equal to the load on axle 3.
The payload cannot exceed the capacity of axle 2.
The payload cannot exceed the capacity of axle 3.";"```python
# The total operation duration must not be lower than the idle time.
def r7(operation_duration: float, idle_time: float) -> bool:
    return operation_duration >= idle_time

# Stops with PTO engaged should never outnumber total stops.
def r8(stops_with_pto_engaged: int, total_stops: int) -> bool:
    return stops_with_pto_engaged <= total_stops

# The load supported by axle 1 cannot exceed that of axle 2.
def r9(axle1_load: float, axle2_load: float) -> bool:
    return axle1_load <= axle2_load

# The load carried by axle 1 must be smaller than or equal to the load on axle 3.
def r10(axle1_load: float, axle3_load: float) -> bool:
    return axle1_load <= axle3_load

# The payload cannot exceed the capacity of axle 2.
def r11(payload: float, axle2_capacity: float) -> bool:
    return payload <= axle2_capacity

# The payload cannot exceed the capacity of axle 3.
def r12(payload: float, axle3_capacity: float) -> bool:
    return payload <= axle3_capacity
```"
"System Message:
You are a logician with a background in mathematics that translates natural language
reasoning text to Python3 code so that these natural language reasoning problems can be solved.
During the translation, please pay close attention to defining variables and rules.
Do not add any comments from you.
Be guided by the following example:
Example input text:
Textual context: A vehicle operates over a A param between 20 and 110 in a typical day.
A vehicle operates for a B param between 2 and 10 in a typical day.
A vehicle operates with C param between 0.2 and 5 in a typical day.
A vehicle remains D param between 1 and 5 in a typical day.
A vehicle spends E param between 1 and 5 in a typical day.
A vehicle makes between 20 and 300 F param in a typical day.

Example Python3 code:
# A vehicle operates over a A param between 20 and 110 in a typical day.
def r1(a: float) -> bool:
    return 20 <= a <= 110

# A vehicle operates for a B param between 2 and 10 in a typical day.
def r2(b: float) -> bool:
    return 2 <= b <= 10

# A vehicle operates with C param between 0.2 and 5 in a typical day.
def r3(c: float) -> bool:
    return 0.2 <= c <= 5

# A vehicle remains D param between 1 and 5 in a typical day.
def r4(d: float) -> bool:
    return 1 <= d <= 5

# A vehicle spends E param between 1 and 5 in a typical day.
def r5(e: float) -> bool:
    return 1 <= e <= 5

# A vehicle makes between 20 and 300 F param in a typical day.
def r6(f: float) -> bool:
    return 20 <= f <= 300


Input text:
Textual context: The total operation duration must not be lower than the idle time.
Stops with PTO engaged cannot outnumber the total stops.
Axle 1's load cannot exceed Axle 3's load.
The payload must always be smaller than or equal to the load on axle 2.
The payload must not exceed the load carried by axle 3.
The total operation duration must always be greater than or equal to the combined time for PTO, idle, and driving.";"```python
# The total operation duration must not be lower than the idle time.
def r7(total_duration: float, idle_time: float) -> bool:
    return total_duration >= idle_time

# Stops with PTO engaged cannot outnumber the total stops.
def r8(pto_engaged_stops: int, total_stops: int) -> bool:
    return pto_engaged_stops <= total_stops

# Axle 1's load cannot exceed Axle 3's load.
def r9(axle1_load: float, axle3_load: float) -> bool:
    return axle1_load <= axle3_load

# The payload must always be smaller than or equal to the load on axle 2.
def r10(payload: float, axle2_load: float) -> bool:
    return payload <= axle2_load

# The payload must not exceed the load carried by axle 3.
def r11(payload: float, axle3_load: float) -> bool:
    return payload <= axle3_load

# The total operation duration must always be greater than or equal to the combined time for PTO, idle, and driving.
def r12(total_duration: float, pto_time: float, idle_time: float, driving_time: float) -> bool:
    return total_duration >= pto_time + idle_time + driving_time
```"
"System Message:
You are a logician with a background in mathematics that translates natural language
reasoning text to Python3 code so that these natural language reasoning problems can be solved.
During the translation, please pay close attention to defining variables and rules.
Do not add any comments from you.
Be guided by the following example:
Example input text:
Textual context: A vehicle operates over a A param between 20 and 110 in a typical day.
A vehicle operates for a B param between 2 and 10 in a typical day.
A vehicle operates with C param between 0.2 and 5 in a typical day.
A vehicle remains D param between 1 and 5 in a typical day.
A vehicle spends E param between 1 and 5 in a typical day.
A vehicle makes between 20 and 300 F param in a typical day.

Example Python3 code:
# A vehicle operates over a A param between 20 and 110 in a typical day.
def r1(a: float) -> bool:
    return 20 <= a <= 110

# A vehicle operates for a B param between 2 and 10 in a typical day.
def r2(b: float) -> bool:
    return 2 <= b <= 10

# A vehicle operates with C param between 0.2 and 5 in a typical day.
def r3(c: float) -> bool:
    return 0.2 <= c <= 5

# A vehicle remains D param between 1 and 5 in a typical day.
def r4(d: float) -> bool:
    return 1 <= d <= 5

# A vehicle spends E param between 1 and 5 in a typical day.
def r5(e: float) -> bool:
    return 1 <= e <= 5

# A vehicle makes between 20 and 300 F param in a typical day.
def r6(f: float) -> bool:
    return 20 <= f <= 300


Input text:
Textual context: PTO operation time should be less than or equal to the total operation time.
Driving time should be less than or equal to the total operation time.
The load carried by axle 1 must be smaller than or equal to the load on axle 2.
The payload cannot exceed the capacity of axle 2.
The payload cannot exceed the capacity of axle 3.
Total operation time should be at least the sum of PTO, idle, and driving times.";"```python
# PTO operation time should be less than or equal to the total operation time.
def r7(pto: float, total: float) -> bool:
    return pto <= total

# Driving time should be less than or equal to the total operation time.
def r8(driving: float, total: float) -> bool:
    return driving <= total

# The load carried by axle 1 must be smaller than or equal to the load on axle 2.
def r9(axle1: float, axle2: float) -> bool:
    return axle1 <= axle2

# The payload cannot exceed the capacity of axle 2.
def r10(payload: float, axle2_capacity: float) -> bool:
    return payload <= axle2_capacity

# The payload cannot exceed the capacity of axle 3.
def r11(payload: float, axle3_capacity: float) -> bool:
    return payload <= axle3_capacity

# Total operation time should be at least the sum of PTO, idle, and driving times.
def r12(total: float, pto: float, idle: float, driving: float) -> bool:
    return total >= pto + idle + driving
```"
"System Message:
You are a logician with a background in mathematics that translates natural language
reasoning text to Python3 code so that these natural language reasoning problems can be solved.
During the translation, please pay close attention to defining variables and rules.
Do not add any comments from you.
Be guided by the following example:
Example input text:
Textual context: A vehicle operates over a A param between 20 and 110 in a typical day.
A vehicle operates for a B param between 2 and 10 in a typical day.
A vehicle operates with C param between 0.2 and 5 in a typical day.
A vehicle remains D param between 1 and 5 in a typical day.
A vehicle spends E param between 1 and 5 in a typical day.
A vehicle makes between 20 and 300 F param in a typical day.

Example Python3 code:
# A vehicle operates over a A param between 20 and 110 in a typical day.
def r1(a: float) -> bool:
    return 20 <= a <= 110

# A vehicle operates for a B param between 2 and 10 in a typical day.
def r2(b: float) -> bool:
    return 2 <= b <= 10

# A vehicle operates with C param between 0.2 and 5 in a typical day.
def r3(c: float) -> bool:
    return 0.2 <= c <= 5

# A vehicle remains D param between 1 and 5 in a typical day.
def r4(d: float) -> bool:
    return 1 <= d <= 5

# A vehicle spends E param between 1 and 5 in a typical day.
def r5(e: float) -> bool:
    return 1 <= e <= 5

# A vehicle makes between 20 and 300 F param in a typical day.
def r6(f: float) -> bool:
    return 20 <= f <= 300


Input text:
Textual context: Total operation time shouldn’t be lower than idle time.
Stops with PTO engaged cannot outnumber the total stops.
The weight on axle 1 cannot surpass the weight on axle 2.
The weight on axle 1 cannot surpass the weight on axle 3.
Axle 2's load must always be equal to or greater than the payload.
Total operation time should be at least the sum of PTO, idle, and driving times.";"```python
def r7(total_operation_time: float, idle_time: float) -> bool:
    return total_operation_time >= idle_time

def r8(stops_with_pto_engaged: float, total_stops: float) -> bool:
    return stops_with_pto_engaged <= total_stops

def r9(weight_on_axle_1: float, weight_on_axle_2: float) -> bool:
    return weight_on_axle_1 <= weight_on_axle_2

def r10(weight_on_axle_1: float, weight_on_axle_3: float) -> bool:
    return weight_on_axle_1 <= weight_on_axle_3

def r11(weight_on_axle_2: float, payload: float) -> bool:
    return weight_on_axle_2 >= payload

def r12(total_operation_time: float, pto_time: float, idle_time: float, driving_time: float) -> bool:
    return total_operation_time >= (pto_time + idle_time + driving_time)
```"
"System Message:
You are a logician with a background in mathematics that translates natural language
reasoning text to Python3 code so that these natural language reasoning problems can be solved.
During the translation, please pay close attention to defining variables and rules.
Do not add any comments from you.
Be guided by the following example:
Example input text:
Textual context: A vehicle operates over a A param between 20 and 110 in a typical day.
A vehicle operates for a B param between 2 and 10 in a typical day.
A vehicle operates with C param between 0.2 and 5 in a typical day.
A vehicle remains D param between 1 and 5 in a typical day.
A vehicle spends E param between 1 and 5 in a typical day.
A vehicle makes between 20 and 300 F param in a typical day.

Example Python3 code:
# A vehicle operates over a A param between 20 and 110 in a typical day.
def r1(a: float) -> bool:
    return 20 <= a <= 110

# A vehicle operates for a B param between 2 and 10 in a typical day.
def r2(b: float) -> bool:
    return 2 <= b <= 10

# A vehicle operates with C param between 0.2 and 5 in a typical day.
def r3(c: float) -> bool:
    return 0.2 <= c <= 5

# A vehicle remains D param between 1 and 5 in a typical day.
def r4(d: float) -> bool:
    return 1 <= d <= 5

# A vehicle spends E param between 1 and 5 in a typical day.
def r5(e: float) -> bool:
    return 1 <= e <= 5

# A vehicle makes between 20 and 300 F param in a typical day.
def r6(f: float) -> bool:
    return 20 <= f <= 300


Input text:
Textual context: PTO operation time cannot be greater than the total operation time.
Idle time cannot be greater than the total operation time.
The number of stops where PTO is engaged must not exceed the overall stop count.
The load carried by axle 1 must be smaller than or equal to the load on axle 2.
Payload must remain below or equal to the load carried by axle 3.
The combined time for PTO operation, idle time, and driving time must not surpass the total operation time.";"```python
# PTO operation time cannot be greater than the total operation time.
def r7(pto: float, total: float) -> bool:
    return pto <= total

# Idle time cannot be greater than the total operation time.
def r8(idle: float, total: float) -> bool:
    return idle <= total

# The number of stops where PTO is engaged must not exceed the overall stop count.
def r9(pto_stops: int, total_stops: int) -> bool:
    return pto_stops <= total_stops

# The load carried by axle 1 must be smaller than or equal to the load on axle 2.
def r10(axle1: float, axle2: float) -> bool:
    return axle1 <= axle2

# Payload must remain below or equal to the load carried by axle 3.
def r11(payload: float, axle3: float) -> bool:
    return payload <= axle3

# The combined time for PTO operation, idle time, and driving time must not surpass the total operation time.
def r12(pto: float, idle: float, driving: float, total: float) -> bool:
    return pto + idle + driving <= total
```"
"System Message:
You are a logician with a background in mathematics that translates natural language
reasoning text to Python3 code so that these natural language reasoning problems can be solved.
During the translation, please pay close attention to defining variables and rules.
Do not add any comments from you.
Be guided by the following example:
Example input text:
Textual context: A vehicle operates over a A param between 20 and 110 in a typical day.
A vehicle operates for a B param between 2 and 10 in a typical day.
A vehicle operates with C param between 0.2 and 5 in a typical day.
A vehicle remains D param between 1 and 5 in a typical day.
A vehicle spends E param between 1 and 5 in a typical day.
A vehicle makes between 20 and 300 F param in a typical day.
A vehicle makes between 20 and 250 G param in a typical day.

Example Python3 code:
# A vehicle operates over a A param between 20 and 110 in a typical day.
def r1(a: float) -> bool:
    return 20 <= a <= 110

# A vehicle operates for a B param between 2 and 10 in a typical day.
def r2(b: float) -> bool:
    return 2 <= b <= 10

# A vehicle operates with C param between 0.2 and 5 in a typical day.
def r3(c: float) -> bool:
    return 0.2 <= c <= 5

# A vehicle remains D param between 1 and 5 in a typical day.
def r4(d: float) -> bool:
    return 1 <= d <= 5

# A vehicle spends E param between 1 and 5 in a typical day.
def r5(e: float) -> bool:
    return 1 <= e <= 5

# A vehicle makes between 20 and 300 F param in a typical day.
def r6(f: float) -> bool:
    return 20 <= f <= 300

# A vehicle makes between 20 and 250 G param in a typical day.
def r7(g: float) -> bool:
    return 20 <= g <= 250


Input text:
Textual context: PTO operation time must be less than or equal to the total operation time.
Idle time should be less than or equal to the total operation time.
Driving time must always be less than or equal to the total operation time.
The total stop count must not be lower than the count of stops where PTO is engaged.
The load supported by axle 1 cannot exceed that of axle 2.
The payload must not exceed the load carried by axle 2.
The total operation duration must always be greater than or equal to the combined time for PTO, idle, and driving.";"```python
def r1(pto_time: float, total_time: float) -> bool:
    return pto_time <= total_time

def r2(idle_time: float, total_time: float) -> bool:
    return idle_time <= total_time

def r3(driving_time: float, total_time: float) -> bool:
    return driving_time <= total_time

def r4(total_stop_count: float, pto_engaged_stop_count: float) -> bool:
    return total_stop_count >= pto_engaged_stop_count

def r5(axle1_load: float, axle2_load: float) -> bool:
    return axle1_load <= axle2_load

def r6(payload: float, axle2_load: float) -> bool:
    return payload <= axle2_load

def r7(total_operation_duration: float, pto_time: float, idle_time: float, driving_time: float) -> bool:
    return total_operation_duration >= (pto_time + idle_time + driving_time)
```"
"System Message:
You are a logician with a background in mathematics that translates natural language
reasoning text to Python3 code so that these natural language reasoning problems can be solved.
During the translation, please pay close attention to defining variables and rules.
Do not add any comments from you.
Be guided by the following example:
Example input text:
Textual context: A vehicle operates over a A param between 20 and 110 in a typical day.
A vehicle operates for a B param between 2 and 10 in a typical day.
A vehicle operates with C param between 0.2 and 5 in a typical day.
A vehicle remains D param between 1 and 5 in a typical day.
A vehicle spends E param between 1 and 5 in a typical day.
A vehicle makes between 20 and 300 F param in a typical day.
A vehicle makes between 20 and 250 G param in a typical day.

Example Python3 code:
# A vehicle operates over a A param between 20 and 110 in a typical day.
def r1(a: float) -> bool:
    return 20 <= a <= 110

# A vehicle operates for a B param between 2 and 10 in a typical day.
def r2(b: float) -> bool:
    return 2 <= b <= 10

# A vehicle operates with C param between 0.2 and 5 in a typical day.
def r3(c: float) -> bool:
    return 0.2 <= c <= 5

# A vehicle remains D param between 1 and 5 in a typical day.
def r4(d: float) -> bool:
    return 1 <= d <= 5

# A vehicle spends E param between 1 and 5 in a typical day.
def r5(e: float) -> bool:
    return 1 <= e <= 5

# A vehicle makes between 20 and 300 F param in a typical day.
def r6(f: float) -> bool:
    return 20 <= f <= 300

# A vehicle makes between 20 and 250 G param in a typical day.
def r7(g: float) -> bool:
    return 20 <= g <= 250


Input text:
Textual context: PTO operation time cannot be greater than the total operation time.
Total operation time shouldn’t be lower than idle time.
PTO-engaged stops cannot exceed the total number of stops.
The load supported by axle 1 cannot exceed that of axle 2.
The load on axle 1 must not surpass the load on axle 3.
The payload cannot exceed the capacity of axle 3.
Total operation time must be greater than or equal to the sum of PTO operation, idle, and driving times.";"```python
def r1(pto_operation_time: float, total_operation_time: float) -> bool:
    return pto_operation_time <= total_operation_time

def r2(total_operation_time: float, idle_time: float) -> bool:
    return total_operation_time >= idle_time

def r3(pto_engaged_stops: float, total_stops: float) -> bool:
    return pto_engaged_stops <= total_stops

def r4(axle1_load: float, axle2_load: float) -> bool:
    return axle1_load <= axle2_load

def r5(axle1_load: float, axle3_load: float) -> bool:
    return axle1_load <= axle3_load

def r6(payload: float, axle3_capacity: float) -> bool:
    return payload <= axle3_capacity

def r7(total_operation_time: float, pto_operation_time: float, idle_time: float, driving_time: float) -> bool:
    return total_operation_time >= pto_operation_time + idle_time + driving_time
```"
"System Message:
You are a logician with a background in mathematics that translates natural language
reasoning text to Python3 code so that these natural language reasoning problems can be solved.
During the translation, please pay close attention to defining variables and rules.
Do not add any comments from you.
Be guided by the following example:
Example input text:
Textual context: A vehicle operates over a A param between 20 and 110 in a typical day.
A vehicle operates for a B param between 2 and 10 in a typical day.
A vehicle operates with C param between 0.2 and 5 in a typical day.
A vehicle remains D param between 1 and 5 in a typical day.
A vehicle spends E param between 1 and 5 in a typical day.
A vehicle makes between 20 and 300 F param in a typical day.
A vehicle makes between 20 and 250 G param in a typical day.

Example Python3 code:
# A vehicle operates over a A param between 20 and 110 in a typical day.
def r1(a: float) -> bool:
    return 20 <= a <= 110

# A vehicle operates for a B param between 2 and 10 in a typical day.
def r2(b: float) -> bool:
    return 2 <= b <= 10

# A vehicle operates with C param between 0.2 and 5 in a typical day.
def r3(c: float) -> bool:
    return 0.2 <= c <= 5

# A vehicle remains D param between 1 and 5 in a typical day.
def r4(d: float) -> bool:
    return 1 <= d <= 5

# A vehicle spends E param between 1 and 5 in a typical day.
def r5(e: float) -> bool:
    return 1 <= e <= 5

# A vehicle makes between 20 and 300 F param in a typical day.
def r6(f: float) -> bool:
    return 20 <= f <= 300

# A vehicle makes between 20 and 250 G param in a typical day.
def r7(g: float) -> bool:
    return 20 <= g <= 250


Input text:
Textual context: The total operation duration must not be lower than the idle time.
Driving time must always be less than or equal to the total operation time.
The total stop count must not be lower than the count of stops where PTO is engaged.
The load on axle 1 must not surpass the load on axle 2.
The weight on axle 1 cannot surpass the weight on axle 3.
Axle 2's load must always be equal to or greater than the payload.";"```python
def r1(total_operation_duration: float, idle_time: float) -> bool:
    return total_operation_duration >= idle_time

def r2(driving_time: float, total_operation_time: float) -> bool:
    return driving_time <= total_operation_time

def r3(total_stop_count: float, pto_engaged_stop_count: float) -> bool:
    return total_stop_count >= pto_engaged_stop_count

def r4(axle1_load: float, axle2_load: float) -> bool:
    return axle1_load <= axle2_load

def r5(axle1_weight: float, axle3_weight: float) -> bool:
    return axle1_weight <= axle3_weight

def r6(axle2_load: float, payload: float) -> bool:
    return axle2_load >= payload
```"
"System Message:
You are a logician with a background in mathematics that translates natural language
reasoning text to Python3 code so that these natural language reasoning problems can be solved.
During the translation, please pay close attention to defining variables and rules.
Do not add any comments from you.
Be guided by the following example:
Example input text:
Textual context: A vehicle operates over a A param between 20 and 110 in a typical day.
A vehicle operates for a B param between 2 and 10 in a typical day.
A vehicle operates with C param between 0.2 and 5 in a typical day.
A vehicle remains D param between 1 and 5 in a typical day.
A vehicle spends E param between 1 and 5 in a typical day.
A vehicle makes between 20 and 300 F param in a typical day.
A vehicle makes between 20 and 250 G param in a typical day.

Example Python3 code:
# A vehicle operates over a A param between 20 and 110 in a typical day.
def r1(a: float) -> bool:
    return 20 <= a <= 110

# A vehicle operates for a B param between 2 and 10 in a typical day.
def r2(b: float) -> bool:
    return 2 <= b <= 10

# A vehicle operates with C param between 0.2 and 5 in a typical day.
def r3(c: float) -> bool:
    return 0.2 <= c <= 5

# A vehicle remains D param between 1 and 5 in a typical day.
def r4(d: float) -> bool:
    return 1 <= d <= 5

# A vehicle spends E param between 1 and 5 in a typical day.
def r5(e: float) -> bool:
    return 1 <= e <= 5

# A vehicle makes between 20 and 300 F param in a typical day.
def r6(f: float) -> bool:
    return 20 <= f <= 300

# A vehicle makes between 20 and 250 G param in a typical day.
def r7(g: float) -> bool:
    return 20 <= g <= 250


Input text:
Textual context: Total operation time shouldn’t be lower than PTO operation time.
Idle time must always be less than or equal to the total operation time.
The total operation durationmust not be lower than the driving time.
The payload must not exceed the load carried by axle 2.
The payload must always be smaller than or equal to the load on axle 3.
Total operation time must be greater than or equal to the sum of PTO operation, idle, and driving times.";"```python
def r1(total_operation_time: float, pto_operation_time: float) -> bool:
    return total_operation_time >= pto_operation_time

def r2(idle_time: float, total_operation_time: float) -> bool:
    return idle_time <= total_operation_time

def r3(total_operation_duration: float, driving_time: float) -> bool:
    return total_operation_duration >= driving_time

def r4(payload: float, load_axle2: float) -> bool:
    return payload <= load_axle2

def r5(payload: float, load_axle3: float) -> bool:
    return payload <= load_axle3

def r6(total_operation_time: float, pto_operation: float, idle: float, driving: float) -> bool:
    return total_operation_time >= pto_operation + idle + driving
```"
"System Message:
You are a logician with a background in mathematics that translates natural language
reasoning text to Python3 code so that these natural language reasoning problems can be solved.
During the translation, please pay close attention to defining variables and rules.
Do not add any comments from you.
Be guided by the following example:
Example input text:
Textual context: A vehicle operates over a A param between 20 and 110 in a typical day.
A vehicle operates for a B param between 2 and 10 in a typical day.
A vehicle operates with C param between 0.2 and 5 in a typical day.
A vehicle remains D param between 1 and 5 in a typical day.
A vehicle spends E param between 1 and 5 in a typical day.
A vehicle makes between 20 and 300 F param in a typical day.
A vehicle makes between 20 and 250 G param in a typical day.

Example Python3 code:
# A vehicle operates over a A param between 20 and 110 in a typical day.
def r1(a: float) -> bool:
    return 20 <= a <= 110

# A vehicle operates for a B param between 2 and 10 in a typical day.
def r2(b: float) -> bool:
    return 2 <= b <= 10

# A vehicle operates with C param between 0.2 and 5 in a typical day.
def r3(c: float) -> bool:
    return 0.2 <= c <= 5

# A vehicle remains D param between 1 and 5 in a typical day.
def r4(d: float) -> bool:
    return 1 <= d <= 5

# A vehicle spends E param between 1 and 5 in a typical day.
def r5(e: float) -> bool:
    return 1 <= e <= 5

# A vehicle makes between 20 and 300 F param in a typical day.
def r6(f: float) -> bool:
    return 20 <= f <= 300

# A vehicle makes between 20 and 250 G param in a typical day.
def r7(g: float) -> bool:
    return 20 <= g <= 250


Input text:
Textual context: PTO operation time cannot be greater than the total operation time.
The total operation duration must not be lower than the idle time.
Stops with PTO engaged cannot outnumber the total stops.
The weight on axle 1 cannot surpass the weight on axle 3.
Axle 2's load must always be equal to or greater than the payload.
Payload must remain below or equal to the load carried by axle 3.
The combined time for PTO operation, idle time, and driving time must not surpass the total operation time.";"```python
# PTO operation time cannot be greater than the total operation time.
def r1(pto_time: float, total_time: float) -> bool:
    return pto_time <= total_time

# The total operation duration must not be lower than the idle time.
def r2(total_time: float, idle_time: float) -> bool:
    return total_time >= idle_time

# Stops with PTO engaged cannot outnumber the total stops.
def r3(pto_engaged_stops: int, total_stops: int) -> bool:
    return pto_engaged_stops <= total_stops

# The weight on axle 1 cannot surpass the weight on axle 3.
def r4(axle1_weight: float, axle3_weight: float) -> bool:
    return axle1_weight <= axle3_weight

# Axle 2's load must always be equal to or greater than the payload.
def r5(axle2_load: float, payload: float) -> bool:
    return axle2_load >= payload

# Payload must remain below or equal to the load carried by axle 3.
def r6(payload: float, axle3_load: float) -> bool:
    return payload <= axle3_load

# The combined time for PTO operation, idle time, and driving time must not surpass the total operation time.
def r7(pto_time: float, idle_time: float, driving_time: float, total_time: float) -> bool:
    return pto_time + idle_time + driving_time <= total_time
```"
"System Message:
You are a logician with a background in mathematics that translates natural language
reasoning text to Python3 code so that these natural language reasoning problems can be solved.
During the translation, please pay close attention to defining variables and rules.
Do not add any comments from you.
Be guided by the following example:
Example input text:
Textual context: A vehicle operates over a A param between 20 and 110 in a typical day.
A vehicle operates for a B param between 2 and 10 in a typical day.
A vehicle operates with C param between 0.2 and 5 in a typical day.
A vehicle remains D param between 1 and 5 in a typical day.
A vehicle spends E param between 1 and 5 in a typical day.
A vehicle makes between 20 and 300 F param in a typical day.
A vehicle makes between 20 and 250 G param in a typical day.

Example Python3 code:
# A vehicle operates over a A param between 20 and 110 in a typical day.
def r1(a: float) -> bool:
    return 20 <= a <= 110

# A vehicle operates for a B param between 2 and 10 in a typical day.
def r2(b: float) -> bool:
    return 2 <= b <= 10

# A vehicle operates with C param between 0.2 and 5 in a typical day.
def r3(c: float) -> bool:
    return 0.2 <= c <= 5

# A vehicle remains D param between 1 and 5 in a typical day.
def r4(d: float) -> bool:
    return 1 <= d <= 5

# A vehicle spends E param between 1 and 5 in a typical day.
def r5(e: float) -> bool:
    return 1 <= e <= 5

# A vehicle makes between 20 and 300 F param in a typical day.
def r6(f: float) -> bool:
    return 20 <= f <= 300

# A vehicle makes between 20 and 250 G param in a typical day.
def r7(g: float) -> bool:
    return 20 <= g <= 250


Input text:
Textual context: PTO operation time should be less than or equal to the total operation time.
Idle time should be less than or equal to the total operation time.
The total operation durationmust not be lower than the driving time.
The number of stops where PTO is engaged must not exceed the overall stop count.
The load supported by axle 1 cannot exceed that of axle 3.
The payload must not exceed the load carried by axle 3.
Total operation time must be greater than or equal to the sum of PTO operation, idle, and driving times.";"```python
def r1(pto_time: float, total_time: float) -> bool:
    return pto_time <= total_time

def r2(idle_time: float, total_time: float) -> bool:
    return idle_time <= total_time

def r3(total_duration: float, driving_time: float) -> bool:
    return total_duration >= driving_time

def r4(pto_engaged_stops: int, overall_stops: int) -> bool:
    return pto_engaged_stops <= overall_stops

def r5(axle1_load: float, axle3_load: float) -> bool:
    return axle1_load <= axle3_load

def r6(payload: float, axle3_load: float) -> bool:
    return payload <= axle3_load

def r7(total_time: float, pto_time: float, idle_time: float, driving_time: float) -> bool:
    return total_time >= pto_time + idle_time + driving_time
```"
"System Message:
You are a logician with a background in mathematics that translates natural language
reasoning text to Python3 code so that these natural language reasoning problems can be solved.
During the translation, please pay close attention to defining variables and rules.
Do not add any comments from you.
Be guided by the following example:
Example input text:
Textual context: A vehicle operates over a A param between 20 and 110 in a typical day.
A vehicle operates for a B param between 2 and 10 in a typical day.
A vehicle operates with C param between 0.2 and 5 in a typical day.
A vehicle remains D param between 1 and 5 in a typical day.
A vehicle spends E param between 1 and 5 in a typical day.
A vehicle makes between 20 and 300 F param in a typical day.
A vehicle makes between 20 and 250 G param in a typical day.

Example Python3 code:
# A vehicle operates over a A param between 20 and 110 in a typical day.
def r1(a: float) -> bool:
    return 20 <= a <= 110

# A vehicle operates for a B param between 2 and 10 in a typical day.
def r2(b: float) -> bool:
    return 2 <= b <= 10

# A vehicle operates with C param between 0.2 and 5 in a typical day.
def r3(c: float) -> bool:
    return 0.2 <= c <= 5

# A vehicle remains D param between 1 and 5 in a typical day.
def r4(d: float) -> bool:
    return 1 <= d <= 5

# A vehicle spends E param between 1 and 5 in a typical day.
def r5(e: float) -> bool:
    return 1 <= e <= 5

# A vehicle makes between 20 and 300 F param in a typical day.
def r6(f: float) -> bool:
    return 20 <= f <= 300

# A vehicle makes between 20 and 250 G param in a typical day.
def r7(g: float) -> bool:
    return 20 <= g <= 250


Input text:
Textual context: PTO operation time should be less than or equal to the total operation time.
Total operation time should shouldn’t be lower than driving time.
The total stop count must not be lower than the count of stops where PTO is engaged.
The load carried by axle 1 must be smaller than or equal to the load on axle 3.
Payload must remain below or equal to the load carried by axle 2.
The payload cannot exceed the capacity of axle 3.
Total operation time must be greater than or equal to the sum of PTO operation, idle, and driving times.";"```python
def r1(pto_time: float, total_time: float) -> bool:
    return pto_time <= total_time

def r2(total_time: float, driving_time: float) -> bool:
    return total_time >= driving_time

def r3(total_stop_count: float, pto_engaged_stop_count: float) -> bool:
    return total_stop_count >= pto_engaged_stop_count

def r4(axle1_load: float, axle3_load: float) -> bool:
    return axle1_load <= axle3_load

def r5(payload: float, axle2_load: float) -> bool:
    return payload <= axle2_load

def r6(payload: float, axle3_capacity: float) -> bool:
    return payload <= axle3_capacity

def r7(total_operation_time: float, pto_operation: float, idle_time: float, driving_time: float) -> bool:
    return total_operation_time >= pto_operation + idle_time + driving_time
```"
"System Message:
You are a logician with a background in mathematics that translates natural language
reasoning text to Python3 code so that these natural language reasoning problems can be solved.
During the translation, please pay close attention to defining variables and rules.
Do not add any comments from you.
Be guided by the following example:
Example input text:
Textual context: A vehicle operates over a A param between 20 and 110 in a typical day.
A vehicle operates for a B param between 2 and 10 in a typical day.
A vehicle operates with C param between 0.2 and 5 in a typical day.
A vehicle remains D param between 1 and 5 in a typical day.
A vehicle spends E param between 1 and 5 in a typical day.
A vehicle makes between 20 and 300 F param in a typical day.
A vehicle makes between 20 and 250 G param in a typical day.

Example Python3 code:
# A vehicle operates over a A param between 20 and 110 in a typical day.
def r1(a: float) -> bool:
    return 20 <= a <= 110

# A vehicle operates for a B param between 2 and 10 in a typical day.
def r2(b: float) -> bool:
    return 2 <= b <= 10

# A vehicle operates with C param between 0.2 and 5 in a typical day.
def r3(c: float) -> bool:
    return 0.2 <= c <= 5

# A vehicle remains D param between 1 and 5 in a typical day.
def r4(d: float) -> bool:
    return 1 <= d <= 5

# A vehicle spends E param between 1 and 5 in a typical day.
def r5(e: float) -> bool:
    return 1 <= e <= 5

# A vehicle makes between 20 and 300 F param in a typical day.
def r6(f: float) -> bool:
    return 20 <= f <= 300

# A vehicle makes between 20 and 250 G param in a typical day.
def r7(g: float) -> bool:
    return 20 <= g <= 250


Input text:
Textual context: PTO operation time must be less than or equal to the total operation time.
Idle time should be less than or equal to the total operation time.
Driving time should be less than or equal to the total operation time.
Stops with PTO engaged cannot outnumber the total stops.
The load supported by axle 1 cannot exceed that of axle 2.
Payload must remain below or equal to the load carried by axle 3.
Total operation time must be greater than or equal to the sum of PTO operation, idle, and driving times.";"```python
def r1(pto: float, total: float) -> bool:
    return pto <= total

def r2(idle: float, total: float) -> bool:
    return idle <= total

def r3(driving: float, total: float) -> bool:
    return driving <= total

def r4(pto_stops: int, total_stops: int) -> bool:
    return pto_stops <= total_stops

def r5(axle1: float, axle2: float) -> bool:
    return axle1 <= axle2

def r6(payload: float, axle3: float) -> bool:
    return payload <= axle3

def r7(total: float, pto: float, idle: float, driving: float) -> bool:
    return total >= pto + idle + driving
```"
"System Message:
You are a logician with a background in mathematics that translates natural language
reasoning text to Python3 code so that these natural language reasoning problems can be solved.
During the translation, please pay close attention to defining variables and rules.
Do not add any comments from you.
Be guided by the following example:
Example input text:
Textual context: A vehicle operates over a A param between 20 and 110 in a typical day.
A vehicle operates for a B param between 2 and 10 in a typical day.
A vehicle operates with C param between 0.2 and 5 in a typical day.
A vehicle remains D param between 1 and 5 in a typical day.
A vehicle spends E param between 1 and 5 in a typical day.
A vehicle makes between 20 and 300 F param in a typical day.
A vehicle makes between 20 and 250 G param in a typical day.

Example Python3 code:
# A vehicle operates over a A param between 20 and 110 in a typical day.
def r1(a: float) -> bool:
    return 20 <= a <= 110

# A vehicle operates for a B param between 2 and 10 in a typical day.
def r2(b: float) -> bool:
    return 2 <= b <= 10

# A vehicle operates with C param between 0.2 and 5 in a typical day.
def r3(c: float) -> bool:
    return 0.2 <= c <= 5

# A vehicle remains D param between 1 and 5 in a typical day.
def r4(d: float) -> bool:
    return 1 <= d <= 5

# A vehicle spends E param between 1 and 5 in a typical day.
def r5(e: float) -> bool:
    return 1 <= e <= 5

# A vehicle makes between 20 and 300 F param in a typical day.
def r6(f: float) -> bool:
    return 20 <= f <= 300

# A vehicle makes between 20 and 250 G param in a typical day.
def r7(g: float) -> bool:
    return 20 <= g <= 250


Input text:
Textual context: Idle time should be less than or equal to the total operation time.
Driving time should be less than or equal to the total operation time.
The number of stops where PTO is engaged must not exceed the overall stop count.
The load on axle 1 must not surpass the load on axle 2.
Payload must remain below or equal to the load carried by axle 2.
Payload must remain below or equal to the load carried by axle 3.
The combined time for PTO operation, idle time, and driving time must not surpass the total operation time.";"```python
def r1(idle_time: float, total_operation_time: float) -> bool:
    return idle_time <= total_operation_time

def r2(driving_time: float, total_operation_time: float) -> bool:
    return driving_time <= total_operation_time

def r3(pto_engaged_stops: int, overall_stops: int) -> bool:
    return pto_engaged_stops <= overall_stops

def r4(axle1_load: float, axle2_load: float) -> bool:
    return axle1_load <= axle2_load

def r5(payload: float, axle2_load: float) -> bool:
    return payload <= axle2_load

def r6(payload: float, axle3_load: float) -> bool:
    return payload <= axle3_load

def r7(pto_operation_time: float, idle_time: float, driving_time: float, total_operation_time: float) -> bool:
    return pto_operation_time + idle_time + driving_time <= total_operation_time
```"
"System Message:
You are a logician with a background in mathematics that translates natural language
reasoning text to Python3 code so that these natural language reasoning problems can be solved.
During the translation, please pay close attention to defining variables and rules.
Do not add any comments from you.
Be guided by the following example:
Example input text:
Textual context: A vehicle operates over a A param between 20 and 110 in a typical day.
A vehicle operates for a B param between 2 and 10 in a typical day.
A vehicle operates with C param between 0.2 and 5 in a typical day.
A vehicle remains D param between 1 and 5 in a typical day.
A vehicle spends E param between 1 and 5 in a typical day.
A vehicle makes between 20 and 300 F param in a typical day.
A vehicle makes between 20 and 250 G param in a typical day.

Example Python3 code:
# A vehicle operates over a A param between 20 and 110 in a typical day.
def r1(a: float) -> bool:
    return 20 <= a <= 110

# A vehicle operates for a B param between 2 and 10 in a typical day.
def r2(b: float) -> bool:
    return 2 <= b <= 10

# A vehicle operates with C param between 0.2 and 5 in a typical day.
def r3(c: float) -> bool:
    return 0.2 <= c <= 5

# A vehicle remains D param between 1 and 5 in a typical day.
def r4(d: float) -> bool:
    return 1 <= d <= 5

# A vehicle spends E param between 1 and 5 in a typical day.
def r5(e: float) -> bool:
    return 1 <= e <= 5

# A vehicle makes between 20 and 300 F param in a typical day.
def r6(f: float) -> bool:
    return 20 <= f <= 300

# A vehicle makes between 20 and 250 G param in a typical day.
def r7(g: float) -> bool:
    return 20 <= g <= 250


Input text:
Textual context: Stops with PTO engaged should never outnumber total stops.
The load supported by axle 1 cannot exceed that of axle 2.
The load carried by axle 1 must be smaller than or equal to the load on axle 3.
The payload must not exceed the load carried by axle 2.
Payload must remain below or equal to the load carried by axle 3.
The total operation duration must always be greater than or equal to the combined time for PTO, idle, and driving.";"```python
def r1(stops_pto_engaged: float, total_stops: float) -> bool:
    return stops_pto_engaged <= total_stops

def r2(axle1_load: float, axle2_load: float) -> bool:
    return axle1_load <= axle2_load

def r3(axle1_load: float, axle3_load: float) -> bool:
    return axle1_load <= axle3_load

def r4(payload: float, axle2_load: float) -> bool:
    return payload <= axle2_load

def r5(payload: float, axle3_load: float) -> bool:
    return payload <= axle3_load

def r6(total_operation_duration: float, pto_time: float, idle_time: float, driving_time: float) -> bool:
    return total_operation_duration >= (pto_time + idle_time + driving_time)
```"
"System Message:
You are a logician with a background in mathematics that translates natural language
reasoning text to Python3 code so that these natural language reasoning problems can be solved.
During the translation, please pay close attention to defining variables and rules.
Do not add any comments from you.
Be guided by the following example:
Example input text:
Textual context: A vehicle operates over a A param between 20 and 110 in a typical day.
A vehicle operates for a B param between 2 and 10 in a typical day.
A vehicle operates with C param between 0.2 and 5 in a typical day.
A vehicle remains D param between 1 and 5 in a typical day.
A vehicle spends E param between 1 and 5 in a typical day.
A vehicle makes between 20 and 300 F param in a typical day.
A vehicle makes between 20 and 250 G param in a typical day.

Example Python3 code:
# A vehicle operates over a A param between 20 and 110 in a typical day.
def r1(a: float) -> bool:
    return 20 <= a <= 110

# A vehicle operates for a B param between 2 and 10 in a typical day.
def r2(b: float) -> bool:
    return 2 <= b <= 10

# A vehicle operates with C param between 0.2 and 5 in a typical day.
def r3(c: float) -> bool:
    return 0.2 <= c <= 5

# A vehicle remains D param between 1 and 5 in a typical day.
def r4(d: float) -> bool:
    return 1 <= d <= 5

# A vehicle spends E param between 1 and 5 in a typical day.
def r5(e: float) -> bool:
    return 1 <= e <= 5

# A vehicle makes between 20 and 300 F param in a typical day.
def r6(f: float) -> bool:
    return 20 <= f <= 300

# A vehicle makes between 20 and 250 G param in a typical day.
def r7(g: float) -> bool:
    return 20 <= g <= 250


Input text:
Textual context: PTO operation time must be less than or equal to the total operation time.
The total stop count must not be lower than the count of stops where PTO is engaged.
The load supported by axle 1 cannot exceed that of axle 2.
Axle 1's load cannot exceed Axle 3's load.
The payload must always be smaller than or equal to the load on axle 2.
Axle 3's load must always be equal to or greater than the payload.
The total operation duration must always be greater than or equal to the combined time for PTO, idle, and driving.";"```python
def r1(pto_time: float, total_time: float) -> bool:
    return pto_time <= total_time

def r2(total_stop_count: float, pto_engaged_stop_count: float) -> bool:
    return total_stop_count >= pto_engaged_stop_count

def r3(axle1_load: float, axle2_load: float) -> bool:
    return axle1_load <= axle2_load

def r4(axle1_load: float, axle3_load: float) -> bool:
    return axle1_load <= axle3_load

def r5(payload: float, axle2_load: float) -> bool:
    return payload <= axle2_load

def r6(payload: float, axle3_load: float) -> bool:
    return axle3_load >= payload

def r7(total_operation_duration: float, pto_time: float, idle_time: float, driving_time: float) -> bool:
    return total_operation_duration >= (pto_time + idle_time + driving_time)
```"
"System Message:
You are a logician with a background in mathematics that translates natural language
reasoning text to Python3 code so that these natural language reasoning problems can be solved.
During the translation, please pay close attention to defining variables and rules.
Do not add any comments from you.
Be guided by the following example:
Example input text:
Textual context: A vehicle operates over a A param between 20 and 110 in a typical day.
A vehicle operates for a B param between 2 and 10 in a typical day.
A vehicle operates with C param between 0.2 and 5 in a typical day.
A vehicle remains D param between 1 and 5 in a typical day.
A vehicle spends E param between 1 and 5 in a typical day.
A vehicle makes between 20 and 300 F param in a typical day.
A vehicle makes between 20 and 250 G param in a typical day.

Example Python3 code:
# A vehicle operates over a A param between 20 and 110 in a typical day.
def r1(a: float) -> bool:
    return 20 <= a <= 110

# A vehicle operates for a B param between 2 and 10 in a typical day.
def r2(b: float) -> bool:
    return 2 <= b <= 10

# A vehicle operates with C param between 0.2 and 5 in a typical day.
def r3(c: float) -> bool:
    return 0.2 <= c <= 5

# A vehicle remains D param between 1 and 5 in a typical day.
def r4(d: float) -> bool:
    return 1 <= d <= 5

# A vehicle spends E param between 1 and 5 in a typical day.
def r5(e: float) -> bool:
    return 1 <= e <= 5

# A vehicle makes between 20 and 300 F param in a typical day.
def r6(f: float) -> bool:
    return 20 <= f <= 300

# A vehicle makes between 20 and 250 G param in a typical day.
def r7(g: float) -> bool:
    return 20 <= g <= 250


Input text:
Textual context: PTO operation time should be less than or equal to the total operation time.
Idle time cannot be greater than the total operation time.
The total operation durationmust not be lower than the driving time.
The total stop count must not be lower than the count of stops where PTO is engaged.
The load supported by axle 1 cannot exceed that of axle 3.
Payload must remain below or equal to the load carried by axle 3.
The total operation duration must always be greater than or equal to the combined time for PTO, idle, and driving.";"```python
def r1(pto_time: float, total_time: float) -> bool:
    return pto_time <= total_time

def r2(idle_time: float, total_time: float) -> bool:
    return idle_time <= total_time

def r3(total_duration: float, driving_time: float) -> bool:
    return total_duration >= driving_time

def r4(total_stop_count: float, pto_engaged_stop_count: float) -> bool:
    return total_stop_count >= pto_engaged_stop_count

def r5(axle1_load: float, axle3_load: float) -> bool:
    return axle1_load <= axle3_load

def r6(payload: float, axle3_load: float) -> bool:
    return payload <= axle3_load

def r7(total_duration: float, pto_time: float, idle_time: float, driving_time: float) -> bool:
    return total_duration >= pto_time + idle_time + driving_time
```"
"System Message:
You are a logician with a background in mathematics that translates natural language
reasoning text to Python3 code so that these natural language reasoning problems can be solved.
During the translation, please pay close attention to defining variables and rules.
Do not add any comments from you.
Be guided by the following example:
Example input text:
Textual context: A vehicle operates over a A param between 20 and 110 in a typical day.
A vehicle operates for a B param between 2 and 10 in a typical day.
A vehicle operates with C param between 0.2 and 5 in a typical day.
A vehicle remains D param between 1 and 5 in a typical day.
A vehicle spends E param between 1 and 5 in a typical day.
A vehicle makes between 20 and 300 F param in a typical day.
A vehicle makes between 20 and 250 G param in a typical day.

Example Python3 code:
# A vehicle operates over a A param between 20 and 110 in a typical day.
def r1(a: float) -> bool:
    return 20 <= a <= 110

# A vehicle operates for a B param between 2 and 10 in a typical day.
def r2(b: float) -> bool:
    return 2 <= b <= 10

# A vehicle operates with C param between 0.2 and 5 in a typical day.
def r3(c: float) -> bool:
    return 0.2 <= c <= 5

# A vehicle remains D param between 1 and 5 in a typical day.
def r4(d: float) -> bool:
    return 1 <= d <= 5

# A vehicle spends E param between 1 and 5 in a typical day.
def r5(e: float) -> bool:
    return 1 <= e <= 5

# A vehicle makes between 20 and 300 F param in a typical day.
def r6(f: float) -> bool:
    return 20 <= f <= 300

# A vehicle makes between 20 and 250 G param in a typical day.
def r7(g: float) -> bool:
    return 20 <= g <= 250


Input text:
Textual context: PTO operation time must be less than or equal to the total operation time.
The total operation duration must not be lower than the idle time.
PTO-engaged stops cannot exceed the total number of stops.
The load on axle 1 must not surpass the load on axle 2.
The load carried by axle 1 must be smaller than or equal to the load on axle 3.
The payload must not exceed the load carried by axle 3.";"```python
def r1(pto_operation_time: float, total_operation_time: float) -> bool:
    return pto_operation_time <= total_operation_time

def r2(total_operation_duration: float, idle_time: float) -> bool:
    return total_operation_duration >= idle_time

def r3(pto_engaged_stops: float, total_stops: float) -> bool:
    return pto_engaged_stops <= total_stops

def r4(axle1_load: float, axle2_load: float) -> bool:
    return axle1_load <= axle2_load

def r5(axle1_load: float, axle3_load: float) -> bool:
    return axle1_load <= axle3_load

def r6(payload: float, axle3_load: float) -> bool:
    return payload <= axle3_load
```"
"System Message:
You are a logician with a background in mathematics that translates natural language
reasoning text to Python3 code so that these natural language reasoning problems can be solved.
During the translation, please pay close attention to defining variables and rules.
Do not add any comments from you.
Be guided by the following example:
Example input text:
Textual context: A vehicle operates over a A param between 20 and 110 in a typical day.
A vehicle operates for a B param between 2 and 10 in a typical day.
A vehicle operates with C param between 0.2 and 5 in a typical day.
A vehicle remains D param between 1 and 5 in a typical day.
A vehicle spends E param between 1 and 5 in a typical day.
A vehicle makes between 20 and 300 F param in a typical day.
A vehicle makes between 20 and 250 G param in a typical day.

Example Python3 code:
# A vehicle operates over a A param between 20 and 110 in a typical day.
def r1(a: float) -> bool:
    return 20 <= a <= 110

# A vehicle operates for a B param between 2 and 10 in a typical day.
def r2(b: float) -> bool:
    return 2 <= b <= 10

# A vehicle operates with C param between 0.2 and 5 in a typical day.
def r3(c: float) -> bool:
    return 0.2 <= c <= 5

# A vehicle remains D param between 1 and 5 in a typical day.
def r4(d: float) -> bool:
    return 1 <= d <= 5

# A vehicle spends E param between 1 and 5 in a typical day.
def r5(e: float) -> bool:
    return 1 <= e <= 5

# A vehicle makes between 20 and 300 F param in a typical day.
def r6(f: float) -> bool:
    return 20 <= f <= 300

# A vehicle makes between 20 and 250 G param in a typical day.
def r7(g: float) -> bool:
    return 20 <= g <= 250


Input text:
Textual context: Total operation time should shouldn’t be lower than driving time.
Stops with PTO engaged cannot outnumber the total stops.
The load carried by axle 1 must be smaller than or equal to the load on axle 2.
The payload must not exceed the load carried by axle 2.
Payload must remain below or equal to the load carried by axle 3.
Total operation time must be greater than or equal to the sum of PTO operation, idle, and driving times.";"```python
def r1(total_operation_time: float, driving_time: float) -> bool:
    return total_operation_time >= driving_time

def r2(stops_with_pto_engaged: float, total_stops: float) -> bool:
    return stops_with_pto_engaged <= total_stops

def r3(load_axle1: float, load_axle2: float) -> bool:
    return load_axle1 <= load_axle2

def r4(payload: float, load_axle2: float) -> bool:
    return payload <= load_axle2

def r5(payload: float, load_axle3: float) -> bool:
    return payload <= load_axle3

def r6(total_operation_time: float, pto_operation: float, idle: float, driving_time: float) -> bool:
    return total_operation_time >= (pto_operation + idle + driving_time)
```"
"System Message:
You are a logician with a background in mathematics that translates natural language
reasoning text to Python3 code so that these natural language reasoning problems can be solved.
During the translation, please pay close attention to defining variables and rules.
Do not add any comments from you.
Be guided by the following example:
Example input text:
Textual context: A vehicle operates over a A param between 20 and 110 in a typical day.
A vehicle operates for a B param between 2 and 10 in a typical day.
A vehicle operates with C param between 0.2 and 5 in a typical day.
A vehicle remains D param between 1 and 5 in a typical day.
A vehicle spends E param between 1 and 5 in a typical day.
A vehicle makes between 20 and 300 F param in a typical day.
A vehicle makes between 20 and 250 G param in a typical day.

Example Python3 code:
# A vehicle operates over a A param between 20 and 110 in a typical day.
def r1(a: float) -> bool:
    return 20 <= a <= 110

# A vehicle operates for a B param between 2 and 10 in a typical day.
def r2(b: float) -> bool:
    return 2 <= b <= 10

# A vehicle operates with C param between 0.2 and 5 in a typical day.
def r3(c: float) -> bool:
    return 0.2 <= c <= 5

# A vehicle remains D param between 1 and 5 in a typical day.
def r4(d: float) -> bool:
    return 1 <= d <= 5

# A vehicle spends E param between 1 and 5 in a typical day.
def r5(e: float) -> bool:
    return 1 <= e <= 5

# A vehicle makes between 20 and 300 F param in a typical day.
def r6(f: float) -> bool:
    return 20 <= f <= 300

# A vehicle makes between 20 and 250 G param in a typical day.
def r7(g: float) -> bool:
    return 20 <= g <= 250


Input text:
Textual context: Total operation time shouldn’t be lower than PTO operation time.
Idle time cannot be greater than the total operation time.
The total operation durationmust not be lower than the driving time.
PTO-engaged stops cannot exceed the total number of stops.
Axle 2's load must always be equal to or greater than the payload.
Axle 3's load must always be equal to or greater than the payload.";"```python
def r1(total_operation_time: float, pto_operation_time: float) -> bool:
    return total_operation_time >= pto_operation_time

def r2(idle_time: float, total_operation_time: float) -> bool:
    return idle_time <= total_operation_time

def r3(total_operation_duration: float, driving_time: float) -> bool:
    return total_operation_duration >= driving_time

def r4(pto_engaged_stops: float, total_number_of_stops: float) -> bool:
    return pto_engaged_stops <= total_number_of_stops

def r5(axle2_load: float, payload: float) -> bool:
    return axle2_load >= payload

def r6(axle3_load: float, payload: float) -> bool:
    return axle3_load >= payload
```"
"System Message:
You are a logician with a background in mathematics that translates natural language
reasoning text to Python3 code so that these natural language reasoning problems can be solved.
During the translation, please pay close attention to defining variables and rules.
Do not add any comments from you.
Be guided by the following example:
Example input text:
Textual context: A vehicle operates over a A param between 20 and 110 in a typical day.
A vehicle operates for a B param between 2 and 10 in a typical day.
A vehicle operates with C param between 0.2 and 5 in a typical day.
A vehicle remains D param between 1 and 5 in a typical day.
A vehicle spends E param between 1 and 5 in a typical day.
A vehicle makes between 20 and 300 F param in a typical day.
A vehicle makes between 20 and 250 G param in a typical day.

Example Python3 code:
# A vehicle operates over a A param between 20 and 110 in a typical day.
def r1(a: float) -> bool:
    return 20 <= a <= 110

# A vehicle operates for a B param between 2 and 10 in a typical day.
def r2(b: float) -> bool:
    return 2 <= b <= 10

# A vehicle operates with C param between 0.2 and 5 in a typical day.
def r3(c: float) -> bool:
    return 0.2 <= c <= 5

# A vehicle remains D param between 1 and 5 in a typical day.
def r4(d: float) -> bool:
    return 1 <= d <= 5

# A vehicle spends E param between 1 and 5 in a typical day.
def r5(e: float) -> bool:
    return 1 <= e <= 5

# A vehicle makes between 20 and 300 F param in a typical day.
def r6(f: float) -> bool:
    return 20 <= f <= 300

# A vehicle makes between 20 and 250 G param in a typical day.
def r7(g: float) -> bool:
    return 20 <= g <= 250


Input text:
Textual context: PTO operation time must be less than or equal to the total operation time.
Idle time must always be less than or equal to the total operation time.
Total operation time should shouldn’t be lower than driving time.
The total stop count must not be lower than the count of stops where PTO is engaged.
The load supported by axle 1 cannot exceed that of axle 2.
The weight on axle 1 cannot surpass the weight on axle 3.
The payload must not exceed the load carried by axle 3.";"```python
# PTO operation time must be less than or equal to the total operation time.
def r1(pto_time: float, total_time: float) -> bool:
    return pto_time <= total_time

# Idle time must always be less than or equal to the total operation time.
def r2(idle_time: float, total_time: float) -> bool:
    return idle_time <= total_time

# Total operation time should shouldn’t be lower than driving time.
def r3(total_time: float, driving_time: float) -> bool:
    return total_time >= driving_time

# The total stop count must not be lower than the count of stops where PTO is engaged.
def r4(total_stop_count: int, pto_engaged_stop_count: int) -> bool:
    return total_stop_count >= pto_engaged_stop_count

# The load supported by axle 1 cannot exceed that of axle 2.
def r5(axle1_load: float, axle2_load: float) -> bool:
    return axle1_load <= axle2_load

# The weight on axle 1 cannot surpass the weight on axle 3.
def r6(axle1_weight: float, axle3_weight: float) -> bool:
    return axle1_weight <= axle3_weight

# The payload must not exceed the load carried by axle 3.
def r7(payload: float, axle3_load: float) -> bool:
    return payload <= axle3_load
```"
"System Message:
You are a logician with a background in mathematics that translates natural language
reasoning text to Python3 code so that these natural language reasoning problems can be solved.
During the translation, please pay close attention to defining variables and rules.
Do not add any comments from you.
Be guided by the following example:
Example input text:
Textual context: A vehicle operates over a A param between 20 and 110 in a typical day.
A vehicle operates for a B param between 2 and 10 in a typical day.
A vehicle operates with C param between 0.2 and 5 in a typical day.
A vehicle remains D param between 1 and 5 in a typical day.
A vehicle spends E param between 1 and 5 in a typical day.
A vehicle makes between 20 and 300 F param in a typical day.
A vehicle makes between 20 and 250 G param in a typical day.

Example Python3 code:
# A vehicle operates over a A param between 20 and 110 in a typical day.
def r1(a: float) -> bool:
    return 20 <= a <= 110

# A vehicle operates for a B param between 2 and 10 in a typical day.
def r2(b: float) -> bool:
    return 2 <= b <= 10

# A vehicle operates with C param between 0.2 and 5 in a typical day.
def r3(c: float) -> bool:
    return 0.2 <= c <= 5

# A vehicle remains D param between 1 and 5 in a typical day.
def r4(d: float) -> bool:
    return 1 <= d <= 5

# A vehicle spends E param between 1 and 5 in a typical day.
def r5(e: float) -> bool:
    return 1 <= e <= 5

# A vehicle makes between 20 and 300 F param in a typical day.
def r6(f: float) -> bool:
    return 20 <= f <= 300

# A vehicle makes between 20 and 250 G param in a typical day.
def r7(g: float) -> bool:
    return 20 <= g <= 250


Input text:
Textual context: PTO operation time cannot be greater than the total operation time.
Total operation time should shouldn’t be lower than driving time.
The total stop count must not be lower than the count of stops where PTO is engaged.
The load supported by axle 1 cannot exceed that of axle 2.
The payload must always be smaller than or equal to the load on axle 2.
The payload must always be smaller than or equal to the load on axle 3.";"```python
def r1(pto_time: float, total_time: float) -> bool:
    return pto_time <= total_time

def r2(total_time: float, driving_time: float) -> bool:
    return total_time >= driving_time

def r3(total_stop_count: float, pto_engaged_stop_count: float) -> bool:
    return total_stop_count >= pto_engaged_stop_count

def r4(axle1_load: float, axle2_load: float) -> bool:
    return axle1_load <= axle2_load

def r5(payload: float, axle2_load: float) -> bool:
    return payload <= axle2_load

def r6(payload: float, axle3_load: float) -> bool:
    return payload <= axle3_load
```"
"System Message:
You are a logician with a background in mathematics that translates natural language
reasoning text to Python3 code so that these natural language reasoning problems can be solved.
During the translation, please pay close attention to defining variables and rules.
Do not add any comments from you.
Be guided by the following example:
Example input text:
Textual context: A vehicle operates over a A param between 20 and 110 in a typical day.
A vehicle operates for a B param between 2 and 10 in a typical day.
A vehicle operates with C param between 0.2 and 5 in a typical day.
A vehicle remains D param between 1 and 5 in a typical day.
A vehicle spends E param between 1 and 5 in a typical day.
A vehicle makes between 20 and 300 F param in a typical day.
A vehicle makes between 20 and 250 G param in a typical day.

Example Python3 code:
# A vehicle operates over a A param between 20 and 110 in a typical day.
def r1(a: float) -> bool:
    return 20 <= a <= 110

# A vehicle operates for a B param between 2 and 10 in a typical day.
def r2(b: float) -> bool:
    return 2 <= b <= 10

# A vehicle operates with C param between 0.2 and 5 in a typical day.
def r3(c: float) -> bool:
    return 0.2 <= c <= 5

# A vehicle remains D param between 1 and 5 in a typical day.
def r4(d: float) -> bool:
    return 1 <= d <= 5

# A vehicle spends E param between 1 and 5 in a typical day.
def r5(e: float) -> bool:
    return 1 <= e <= 5

# A vehicle makes between 20 and 300 F param in a typical day.
def r6(f: float) -> bool:
    return 20 <= f <= 300

# A vehicle makes between 20 and 250 G param in a typical day.
def r7(g: float) -> bool:
    return 20 <= g <= 250


Input text:
Textual context: Total operation time shouldn’t be lower than PTO operation time.
Idle time must always be less than or equal to the total operation time.
Driving time should be less than or equal to the total operation time.
The weight on axle 1 cannot surpass the weight on axle 2.
Axle 2's load must always be equal to or greater than the payload.
Total operation time should be at least the sum of PTO, idle, and driving times.";"```python
def r1(pto: float, total: float) -> bool:
    return total >= pto

def r2(idle: float, total: float) -> bool:
    return idle <= total

def r3(driving: float, total: float) -> bool:
    return driving <= total

def r4(axle1: float, axle2: float) -> bool:
    return axle1 <= axle2

def r5(axle2: float, payload: float) -> bool:
    return axle2 >= payload

def r6(pto: float, idle: float, driving: float, total: float) -> bool:
    return total >= pto + idle + driving
```"
"System Message:
You are a logician with a background in mathematics that translates natural language
reasoning text to Python3 code so that these natural language reasoning problems can be solved.
During the translation, please pay close attention to defining variables and rules.
Do not add any comments from you.
Be guided by the following example:
Example input text:
Textual context: A vehicle operates over a A param between 20 and 110 in a typical day.
A vehicle operates for a B param between 2 and 10 in a typical day.
A vehicle operates with C param between 0.2 and 5 in a typical day.
A vehicle remains D param between 1 and 5 in a typical day.
A vehicle spends E param between 1 and 5 in a typical day.
A vehicle makes between 20 and 300 F param in a typical day.
A vehicle makes between 20 and 250 G param in a typical day.

Example Python3 code:
# A vehicle operates over a A param between 20 and 110 in a typical day.
def r1(a: float) -> bool:
    return 20 <= a <= 110

# A vehicle operates for a B param between 2 and 10 in a typical day.
def r2(b: float) -> bool:
    return 2 <= b <= 10

# A vehicle operates with C param between 0.2 and 5 in a typical day.
def r3(c: float) -> bool:
    return 0.2 <= c <= 5

# A vehicle remains D param between 1 and 5 in a typical day.
def r4(d: float) -> bool:
    return 1 <= d <= 5

# A vehicle spends E param between 1 and 5 in a typical day.
def r5(e: float) -> bool:
    return 1 <= e <= 5

# A vehicle makes between 20 and 300 F param in a typical day.
def r6(f: float) -> bool:
    return 20 <= f <= 300

# A vehicle makes between 20 and 250 G param in a typical day.
def r7(g: float) -> bool:
    return 20 <= g <= 250


Input text:
Textual context: Total operation time shouldn’t be lower than PTO operation time.
Idle time must always be less than or equal to the total operation time.
Stops with PTO engaged should never outnumber total stops.
The weight on axle 1 cannot surpass the weight on axle 2.
Axle 1's load cannot exceed Axle 3's load.
Axle 2's load must always be equal to or greater than the payload.
The payload cannot exceed the capacity of axle 3.";"```python
def r1(total_operation_time: float, pto_operation_time: float) -> bool:
    return total_operation_time >= pto_operation_time

def r2(idle_time: float, total_operation_time: float) -> bool:
    return idle_time <= total_operation_time

def r3(stops_with_pto: float, total_stops: float) -> bool:
    return stops_with_pto <= total_stops

def r4(axle1_weight: float, axle2_weight: float) -> bool:
    return axle1_weight <= axle2_weight

def r5(axle1_load: float, axle3_load: float) -> bool:
    return axle1_load <= axle3_load

def r6(axle2_load: float, payload: float) -> bool:
    return axle2_load >= payload

def r7(payload: float, axle3_capacity: float) -> bool:
    return payload <= axle3_capacity
```"
"System Message:
You are a logician with a background in mathematics that translates natural language
reasoning text to Python3 code so that these natural language reasoning problems can be solved.
During the translation, please pay close attention to defining variables and rules.
Do not add any comments from you.
Be guided by the following example:
Example input text:
Textual context: A vehicle operates over a A param between 20 and 110 in a typical day.
A vehicle operates for a B param between 2 and 10 in a typical day.
A vehicle operates with C param between 0.2 and 5 in a typical day.
A vehicle remains D param between 1 and 5 in a typical day.
A vehicle spends E param between 1 and 5 in a typical day.
A vehicle makes between 20 and 300 F param in a typical day.
A vehicle makes between 20 and 250 G param in a typical day.

Example Python3 code:
# A vehicle operates over a A param between 20 and 110 in a typical day.
def r1(a: float) -> bool:
    return 20 <= a <= 110

# A vehicle operates for a B param between 2 and 10 in a typical day.
def r2(b: float) -> bool:
    return 2 <= b <= 10

# A vehicle operates with C param between 0.2 and 5 in a typical day.
def r3(c: float) -> bool:
    return 0.2 <= c <= 5

# A vehicle remains D param between 1 and 5 in a typical day.
def r4(d: float) -> bool:
    return 1 <= d <= 5

# A vehicle spends E param between 1 and 5 in a typical day.
def r5(e: float) -> bool:
    return 1 <= e <= 5

# A vehicle makes between 20 and 300 F param in a typical day.
def r6(f: float) -> bool:
    return 20 <= f <= 300

# A vehicle makes between 20 and 250 G param in a typical day.
def r7(g: float) -> bool:
    return 20 <= g <= 250


Input text:
Textual context: The total operation duration must not be lower than the idle time.
Driving time should be less than or equal to the total operation time.
The total stop count must not be lower than the count of stops where PTO is engaged.
Axle 2's load must always be equal to or greater than the payload.
The payload cannot exceed the capacity of axle 3.
The total operation duration must always be greater than or equal to the combined time for PTO, idle, and driving.";"```python
def r1(total_operation_duration: float, idle_time: float) -> bool:
    return total_operation_duration >= idle_time

def r2(driving_time: float, total_operation_time: float) -> bool:
    return driving_time <= total_operation_time

def r3(total_stop_count: float, pto_engaged_stop_count: float) -> bool:
    return total_stop_count >= pto_engaged_stop_count

def r4(axle2_load: float, payload: float) -> bool:
    return axle2_load >= payload

def r5(payload: float, axle3_capacity: float) -> bool:
    return payload <= axle3_capacity

def r6(total_operation_duration: float, pto_time: float, idle_time: float, driving_time: float) -> bool:
    return total_operation_duration >= (pto_time + idle_time + driving_time)
```"
"System Message:
You are a logician with a background in mathematics that translates natural language
reasoning text to Python3 code so that these natural language reasoning problems can be solved.
During the translation, please pay close attention to defining variables and rules.
Do not add any comments from you.
Be guided by the following example:
Example input text:
Textual context: A vehicle operates over a A param between 20 and 110 in a typical day.
A vehicle operates for a B param between 2 and 10 in a typical day.
A vehicle operates with C param between 0.2 and 5 in a typical day.
A vehicle remains D param between 1 and 5 in a typical day.
A vehicle spends E param between 1 and 5 in a typical day.
A vehicle makes between 20 and 300 F param in a typical day.
A vehicle makes between 20 and 250 G param in a typical day.

Example Python3 code:
# A vehicle operates over a A param between 20 and 110 in a typical day.
def r1(a: float) -> bool:
    return 20 <= a <= 110

# A vehicle operates for a B param between 2 and 10 in a typical day.
def r2(b: float) -> bool:
    return 2 <= b <= 10

# A vehicle operates with C param between 0.2 and 5 in a typical day.
def r3(c: float) -> bool:
    return 0.2 <= c <= 5

# A vehicle remains D param between 1 and 5 in a typical day.
def r4(d: float) -> bool:
    return 1 <= d <= 5

# A vehicle spends E param between 1 and 5 in a typical day.
def r5(e: float) -> bool:
    return 1 <= e <= 5

# A vehicle makes between 20 and 300 F param in a typical day.
def r6(f: float) -> bool:
    return 20 <= f <= 300

# A vehicle makes between 20 and 250 G param in a typical day.
def r7(g: float) -> bool:
    return 20 <= g <= 250


Input text:
Textual context: PTO operation time cannot be greater than the total operation time.
The total operation duration must not be lower than the idle time.
Stops with PTO engaged should never outnumber total stops.
The load on axle 1 must not surpass the load on axle 3.
The payload cannot exceed the capacity of axle 2.
The total operation duration must always be greater than or equal to the combined time for PTO, idle, and driving.";"```python
def r1(pto_time: float, total_time: float) -> bool:
    return pto_time <= total_time

def r2(total_duration: float, idle_time: float) -> bool:
    return total_duration >= idle_time

def r3(pto_engaged_stops: float, total_stops: float) -> bool:
    return pto_engaged_stops <= total_stops

def r4(axle1_load: float, axle3_load: float) -> bool:
    return axle1_load <= axle3_load

def r5(payload: float, axle2_capacity: float) -> bool:
    return payload <= axle2_capacity

def r6(total_duration: float, pto_time: float, idle_time: float, driving_time: float) -> bool:
    return total_duration >= pto_time + idle_time + driving_time
```"
"System Message:
You are a logician with a background in mathematics that translates natural language
reasoning text to Python3 code so that these natural language reasoning problems can be solved.
During the translation, please pay close attention to defining variables and rules.
Do not add any comments from you.
Be guided by the following example:
Example input text:
Textual context: A vehicle operates over a A param between 20 and 110 in a typical day.
A vehicle operates for a B param between 2 and 10 in a typical day.
A vehicle operates with C param between 0.2 and 5 in a typical day.
A vehicle remains D param between 1 and 5 in a typical day.
A vehicle spends E param between 1 and 5 in a typical day.
A vehicle makes between 20 and 300 F param in a typical day.
A vehicle makes between 20 and 250 G param in a typical day.

Example Python3 code:
# A vehicle operates over a A param between 20 and 110 in a typical day.
def r1(a: float) -> bool:
    return 20 <= a <= 110

# A vehicle operates for a B param between 2 and 10 in a typical day.
def r2(b: float) -> bool:
    return 2 <= b <= 10

# A vehicle operates with C param between 0.2 and 5 in a typical day.
def r3(c: float) -> bool:
    return 0.2 <= c <= 5

# A vehicle remains D param between 1 and 5 in a typical day.
def r4(d: float) -> bool:
    return 1 <= d <= 5

# A vehicle spends E param between 1 and 5 in a typical day.
def r5(e: float) -> bool:
    return 1 <= e <= 5

# A vehicle makes between 20 and 300 F param in a typical day.
def r6(f: float) -> bool:
    return 20 <= f <= 300

# A vehicle makes between 20 and 250 G param in a typical day.
def r7(g: float) -> bool:
    return 20 <= g <= 250


Input text:
Textual context: PTO operation time cannot be greater than the total operation time.
Total operation time should shouldn’t be lower than driving time.
PTO-engaged stops cannot exceed the total number of stops.
The weight on axle 1 cannot surpass the weight on axle 2.
The load supported by axle 1 cannot exceed that of axle 3.
The payload must always be smaller than or equal to the load on axle 3.
Total operation time must be greater than or equal to the sum of PTO operation, idle, and driving times.";"```python
def r1(pto_time: float, total_time: float) -> bool:
    return pto_time <= total_time

def r2(total_time: float, driving_time: float) -> bool:
    return total_time >= driving_time

def r3(pto_stops: float, total_stops: float) -> bool:
    return pto_stops <= total_stops

def r4(axle1_weight: float, axle2_weight: float) -> bool:
    return axle1_weight <= axle2_weight

def r5(axle1_load: float, axle3_load: float) -> bool:
    return axle1_load <= axle3_load

def r6(payload: float, axle3_load: float) -> bool:
    return payload <= axle3_load

def r7(total_time: float, pto_time: float, idle_time: float, driving_time: float) -> bool:
    return total_time >= pto_time + idle_time + driving_time
```"
"System Message:
You are a logician with a background in mathematics that translates natural language
reasoning text to Python3 code so that these natural language reasoning problems can be solved.
During the translation, please pay close attention to defining variables and rules.
Do not add any comments from you.
Be guided by the following example:
Example input text:
Textual context: A vehicle operates over a A param between 20 and 110 in a typical day.
A vehicle operates for a B param between 2 and 10 in a typical day.
A vehicle operates with C param between 0.2 and 5 in a typical day.
A vehicle remains D param between 1 and 5 in a typical day.
A vehicle spends E param between 1 and 5 in a typical day.
A vehicle makes between 20 and 300 F param in a typical day.
A vehicle makes between 20 and 250 G param in a typical day.

Example Python3 code:
# A vehicle operates over a A param between 20 and 110 in a typical day.
def r1(a: float) -> bool:
    return 20 <= a <= 110

# A vehicle operates for a B param between 2 and 10 in a typical day.
def r2(b: float) -> bool:
    return 2 <= b <= 10

# A vehicle operates with C param between 0.2 and 5 in a typical day.
def r3(c: float) -> bool:
    return 0.2 <= c <= 5

# A vehicle remains D param between 1 and 5 in a typical day.
def r4(d: float) -> bool:
    return 1 <= d <= 5

# A vehicle spends E param between 1 and 5 in a typical day.
def r5(e: float) -> bool:
    return 1 <= e <= 5

# A vehicle makes between 20 and 300 F param in a typical day.
def r6(f: float) -> bool:
    return 20 <= f <= 300

# A vehicle makes between 20 and 250 G param in a typical day.
def r7(g: float) -> bool:
    return 20 <= g <= 250


Input text:
Textual context: PTO operation time should be less than or equal to the total operation time.
Total operation time shouldn’t be lower than idle time.
Driving time must always be less than or equal to the total operation time.
Stops with PTO engaged cannot outnumber the total stops.
The payload must always be smaller than or equal to the load on axle 2.
The payload must not exceed the load carried by axle 3.
The combined time for PTO operation, idle time, and driving time must not surpass the total operation time.";"```python
def r1(pto_time: float, total_time: float) -> bool:
    return pto_time <= total_time

def r2(total_time: float, idle_time: float) -> bool:
    return total_time >= idle_time

def r3(driving_time: float, total_time: float) -> bool:
    return driving_time <= total_time

def r4(pto_engaged_stops: float, total_stops: float) -> bool:
    return pto_engaged_stops <= total_stops

def r5(payload: float, axle2_load: float) -> bool:
    return payload <= axle2_load

def r6(payload: float, axle3_load: float) -> bool:
    return payload <= axle3_load

def r7(pto_time: float, idle_time: float, driving_time: float, total_time: float) -> bool:
    return pto_time + idle_time + driving_time <= total_time
```"
"System Message:
You are a logician with a background in mathematics that translates natural language
reasoning text to Python3 code so that these natural language reasoning problems can be solved.
During the translation, please pay close attention to defining variables and rules.
Do not add any comments from you.
Be guided by the following example:
Example input text:
Textual context: A vehicle operates over a A param between 20 and 110 in a typical day.
A vehicle operates for a B param between 2 and 10 in a typical day.
A vehicle operates with C param between 0.2 and 5 in a typical day.
A vehicle remains D param between 1 and 5 in a typical day.
A vehicle spends E param between 1 and 5 in a typical day.
A vehicle makes between 20 and 300 F param in a typical day.
A vehicle makes between 20 and 250 G param in a typical day.

Example Python3 code:
# A vehicle operates over a A param between 20 and 110 in a typical day.
def r1(a: float) -> bool:
    return 20 <= a <= 110

# A vehicle operates for a B param between 2 and 10 in a typical day.
def r2(b: float) -> bool:
    return 2 <= b <= 10

# A vehicle operates with C param between 0.2 and 5 in a typical day.
def r3(c: float) -> bool:
    return 0.2 <= c <= 5

# A vehicle remains D param between 1 and 5 in a typical day.
def r4(d: float) -> bool:
    return 1 <= d <= 5

# A vehicle spends E param between 1 and 5 in a typical day.
def r5(e: float) -> bool:
    return 1 <= e <= 5

# A vehicle makes between 20 and 300 F param in a typical day.
def r6(f: float) -> bool:
    return 20 <= f <= 300

# A vehicle makes between 20 and 250 G param in a typical day.
def r7(g: float) -> bool:
    return 20 <= g <= 250


Input text:
Textual context: PTO operation time should be less than or equal to the total operation time.
Idle time must always be less than or equal to the total operation time.
Driving time should be less than or equal to the total operation time.
PTO-engaged stops cannot exceed the total number of stops.
The weight on axle 1 cannot surpass the weight on axle 2.
Payload must remain below or equal to the load carried by axle 2.
The payload cannot exceed the capacity of axle 3.";"```python
# PTO operation time should be less than or equal to the total operation time.
def r1(pto_time: float, total_time: float) -> bool:
    return pto_time <= total_time

# Idle time must always be less than or equal to the total operation time.
def r2(idle_time: float, total_time: float) -> bool:
    return idle_time <= total_time

# Driving time should be less than or equal to the total operation time.
def r3(driving_time: float, total_time: float) -> bool:
    return driving_time <= total_time

# PTO-engaged stops cannot exceed the total number of stops.
def r4(pto_engaged_stops: int, total_stops: int) -> bool:
    return pto_engaged_stops <= total_stops

# The weight on axle 1 cannot surpass the weight on axle 2.
def r5(axle1_weight: float, axle2_weight: float) -> bool:
    return axle1_weight <= axle2_weight

# Payload must remain below or equal to the load carried by axle 2.
def r6(payload: float, axle2_load: float) -> bool:
    return payload <= axle2_load

# The payload cannot exceed the capacity of axle 3.
def r7(payload: float, axle3_capacity: float) -> bool:
    return payload <= axle3_capacity
```"
"System Message:
You are a logician with a background in mathematics that translates natural language
reasoning text to Python3 code so that these natural language reasoning problems can be solved.
During the translation, please pay close attention to defining variables and rules.
Do not add any comments from you.
Be guided by the following example:
Example input text:
Textual context: A vehicle operates over a A param between 20 and 110 in a typical day.
A vehicle operates for a B param between 2 and 10 in a typical day.
A vehicle operates with C param between 0.2 and 5 in a typical day.
A vehicle remains D param between 1 and 5 in a typical day.
A vehicle spends E param between 1 and 5 in a typical day.
A vehicle makes between 20 and 300 F param in a typical day.
A vehicle makes between 20 and 250 G param in a typical day.

Example Python3 code:
# A vehicle operates over a A param between 20 and 110 in a typical day.
def r1(a: float) -> bool:
    return 20 <= a <= 110

# A vehicle operates for a B param between 2 and 10 in a typical day.
def r2(b: float) -> bool:
    return 2 <= b <= 10

# A vehicle operates with C param between 0.2 and 5 in a typical day.
def r3(c: float) -> bool:
    return 0.2 <= c <= 5

# A vehicle remains D param between 1 and 5 in a typical day.
def r4(d: float) -> bool:
    return 1 <= d <= 5

# A vehicle spends E param between 1 and 5 in a typical day.
def r5(e: float) -> bool:
    return 1 <= e <= 5

# A vehicle makes between 20 and 300 F param in a typical day.
def r6(f: float) -> bool:
    return 20 <= f <= 300

# A vehicle makes between 20 and 250 G param in a typical day.
def r7(g: float) -> bool:
    return 20 <= g <= 250


Input text:
Textual context: Total operation time shouldn’t be lower than PTO operation time.
Driving time cannot be greater than the total operation time.
The total stop count must not be lower than the count of stops where PTO is engaged.
Axle 1's load cannot exceed Axle 2's load.
Payload must remain below or equal to the load carried by axle 2.
The payload must always be smaller than or equal to the load on axle 3.
The total operation duration must always be greater than or equal to the combined time for PTO, idle, and driving.";"```python
def r1(pto: float, total: float) -> bool:
    return total >= pto

def r2(driving: float, total: float) -> bool:
    return driving <= total

def r3(total_stops: float, pto_stops: float) -> bool:
    return total_stops >= pto_stops

def r4(axle1: float, axle2: float) -> bool:
    return axle1 <= axle2

def r5(payload: float, axle2_load: float) -> bool:
    return payload <= axle2_load

def r6(payload: float, axle3_load: float) -> bool:
    return payload <= axle3_load

def r7(total_duration: float, pto_time: float, idle_time: float, driving_time: float) -> bool:
    return total_duration >= (pto_time + idle_time + driving_time)
```"
"System Message:
You are a logician with a background in mathematics that translates natural language
reasoning text to Python3 code so that these natural language reasoning problems can be solved.
During the translation, please pay close attention to defining variables and rules.
Do not add any comments from you.
Be guided by the following example:
Example input text:
Textual context: A vehicle operates over a A param between 20 and 110 in a typical day.
A vehicle operates for a B param between 2 and 10 in a typical day.
A vehicle operates with C param between 0.2 and 5 in a typical day.
A vehicle remains D param between 1 and 5 in a typical day.
A vehicle spends E param between 1 and 5 in a typical day.
A vehicle makes between 20 and 300 F param in a typical day.
A vehicle makes between 20 and 250 G param in a typical day.
A vehicle operates at H param between 0 and 80 in a typical day.

Example Python3 code:
# A vehicle operates over a A param between 20 and 110 in a typical day.
def r1(a: float) -> bool:
    return 20 <= a <= 110

# A vehicle operates for a B param between 2 and 10 in a typical day.
def r2(b: float) -> bool:
    return 2 <= b <= 10

# A vehicle operates with C param between 0.2 and 5 in a typical day.
def r3(c: float) -> bool:
    return 0.2 <= c <= 5

# A vehicle remains D param between 1 and 5 in a typical day.
def r4(d: float) -> bool:
    return 1 <= d <= 5

# A vehicle spends E param between 1 and 5 in a typical day.
def r5(e: float) -> bool:
    return 1 <= e <= 5

# A vehicle makes between 20 and 300 F param in a typical day.
def r6(f: float) -> bool:
    return 20 <= f <= 300

# A vehicle makes between 20 and 250 G param in a typical day.
def r7(g: float) -> bool:
    return 20 <= g <= 250

# A vehicle operates at H param between 0 and 80 in a typical day.
def r8(h: float) -> bool:
    return 0 <= h <= 80


Input text:
Textual context: Total operation time shouldn’t be lower than idle time.
Driving time must always be less than or equal to the total operation time.
Stops with PTO engaged cannot outnumber the total stops.
The weight on axle 1 cannot surpass the weight on axle 2.
The load carried by axle 1 must be smaller than or equal to the load on axle 3.
Axle 2's load must always be equal to or greater than the payload.
The payload must not exceed the load carried by axle 3.
Total operation time must be greater than or equal to the sum of PTO operation, idle, and driving times.";"```python
def r1(total_operation_time: float, idle_time: float) -> bool:
    return total_operation_time >= idle_time

def r2(driving_time: float, total_operation_time: float) -> bool:
    return driving_time <= total_operation_time

def r3(stops_with_pto_engaged: float, total_stops: float) -> bool:
    return stops_with_pto_engaged <= total_stops

def r4(axle1_weight: float, axle2_weight: float) -> bool:
    return axle1_weight <= axle2_weight

def r5(axle1_load: float, axle3_load: float) -> bool:
    return axle1_load <= axle3_load

def r6(axle2_load: float, payload: float) -> bool:
    return axle2_load >= payload

def r7(payload: float, axle3_load: float) -> bool:
    return payload <= axle3_load

def r8(total_operation_time: float, pto_operation: float, idle: float, driving_time: float) -> bool:
    return total_operation_time >= (pto_operation + idle + driving_time)
```"
"System Message:
You are a logician with a background in mathematics that translates natural language
reasoning text to Python3 code so that these natural language reasoning problems can be solved.
During the translation, please pay close attention to defining variables and rules.
Do not add any comments from you.
Be guided by the following example:
Example input text:
Textual context: A vehicle operates over a A param between 20 and 110 in a typical day.
A vehicle operates for a B param between 2 and 10 in a typical day.
A vehicle operates with C param between 0.2 and 5 in a typical day.
A vehicle remains D param between 1 and 5 in a typical day.
A vehicle spends E param between 1 and 5 in a typical day.
A vehicle makes between 20 and 300 F param in a typical day.
A vehicle makes between 20 and 250 G param in a typical day.
A vehicle operates at H param between 0 and 80 in a typical day.

Example Python3 code:
# A vehicle operates over a A param between 20 and 110 in a typical day.
def r1(a: float) -> bool:
    return 20 <= a <= 110

# A vehicle operates for a B param between 2 and 10 in a typical day.
def r2(b: float) -> bool:
    return 2 <= b <= 10

# A vehicle operates with C param between 0.2 and 5 in a typical day.
def r3(c: float) -> bool:
    return 0.2 <= c <= 5

# A vehicle remains D param between 1 and 5 in a typical day.
def r4(d: float) -> bool:
    return 1 <= d <= 5

# A vehicle spends E param between 1 and 5 in a typical day.
def r5(e: float) -> bool:
    return 1 <= e <= 5

# A vehicle makes between 20 and 300 F param in a typical day.
def r6(f: float) -> bool:
    return 20 <= f <= 300

# A vehicle makes between 20 and 250 G param in a typical day.
def r7(g: float) -> bool:
    return 20 <= g <= 250

# A vehicle operates at H param between 0 and 80 in a typical day.
def r8(h: float) -> bool:
    return 0 <= h <= 80


Input text:
Textual context: Total operation time shouldn’t be lower than PTO operation time.
The weight on axle 1 cannot surpass the weight on axle 2.
The weight on axle 1 cannot surpass the weight on axle 3.
Axle 2's load must always be equal to or greater than the payload.
The payload must always be smaller than or equal to the load on axle 3.
Total operation time must be greater than or equal to the sum of PTO operation, idle, and driving times.";"```python
def r9(total_operation_time: float, pto_operation_time: float) -> bool:
    return total_operation_time >= pto_operation_time

def r10(axle1_weight: float, axle2_weight: float) -> bool:
    return axle1_weight <= axle2_weight

def r11(axle1_weight: float, axle3_weight: float) -> bool:
    return axle1_weight <= axle3_weight

def r12(axle2_load: float, payload: float) -> bool:
    return axle2_load >= payload

def r13(payload: float, axle3_load: float) -> bool:
    return payload <= axle3_load

def r14(total_operation_time: float, pto_operation_time: float, idle_time: float, driving_time: float) -> bool:
    return total_operation_time >= pto_operation_time + idle_time + driving_time
```"
"System Message:
You are a logician with a background in mathematics that translates natural language
reasoning text to Python3 code so that these natural language reasoning problems can be solved.
During the translation, please pay close attention to defining variables and rules.
Do not add any comments from you.
Be guided by the following example:
Example input text:
Textual context: A vehicle operates over a A param between 20 and 110 in a typical day.
A vehicle operates for a B param between 2 and 10 in a typical day.
A vehicle operates with C param between 0.2 and 5 in a typical day.
A vehicle remains D param between 1 and 5 in a typical day.
A vehicle spends E param between 1 and 5 in a typical day.
A vehicle makes between 20 and 300 F param in a typical day.
A vehicle makes between 20 and 250 G param in a typical day.

Example Python3 code:
# A vehicle operates over a A param between 20 and 110 in a typical day.
def r1(a: float) -> bool:
    return 20 <= a <= 110

# A vehicle operates for a B param between 2 and 10 in a typical day.
def r2(b: float) -> bool:
    return 2 <= b <= 10

# A vehicle operates with C param between 0.2 and 5 in a typical day.
def r3(c: float) -> bool:
    return 0.2 <= c <= 5

# A vehicle remains D param between 1 and 5 in a typical day.
def r4(d: float) -> bool:
    return 1 <= d <= 5

# A vehicle spends E param between 1 and 5 in a typical day.
def r5(e: float) -> bool:
    return 1 <= e <= 5

# A vehicle makes between 20 and 300 F param in a typical day.
def r6(f: float) -> bool:
    return 20 <= f <= 300

# A vehicle makes between 20 and 250 G param in a typical day.
def r7(g: float) -> bool:
    return 20 <= g <= 250


Input text:
Textual context: PTO operation time should be less than or equal to the total operation time.
Idle time should be less than or equal to the total operation time.
Driving time must always be less than or equal to the total operation time.
The total stop count must not be lower than the count of stops where PTO is engaged.
Axle 1's load cannot exceed Axle 2's load.
Payload must remain below or equal to the load carried by axle 2.
The combined time for PTO operation, idle time, and driving time must not surpass the total operation time.";"```python
def r1(pto_time: float, total_time: float) -> bool:
    return pto_time <= total_time

def r2(idle_time: float, total_time: float) -> bool:
    return idle_time <= total_time

def r3(driving_time: float, total_time: float) -> bool:
    return driving_time <= total_time

def r4(total_stop_count: float, pto_engaged_stop_count: float) -> bool:
    return total_stop_count >= pto_engaged_stop_count

def r5(axle1_load: float, axle2_load: float) -> bool:
    return axle1_load <= axle2_load

def r6(payload: float, axle2_load: float) -> bool:
    return payload <= axle2_load

def r7(pto_time: float, idle_time: float, driving_time: float, total_time: float) -> bool:
    return pto_time + idle_time + driving_time <= total_time
```"
"System Message:
You are a logician with a background in mathematics that translates natural language
reasoning text to Python3 code so that these natural language reasoning problems can be solved.
During the translation, please pay close attention to defining variables and rules.
Do not add any comments from you.
Be guided by the following example:
Example input text:
Textual context: A vehicle operates over a A param between 20 and 110 in a typical day.
A vehicle operates for a B param between 2 and 10 in a typical day.
A vehicle operates with C param between 0.2 and 5 in a typical day.
A vehicle remains D param between 1 and 5 in a typical day.
A vehicle spends E param between 1 and 5 in a typical day.
A vehicle makes between 20 and 300 F param in a typical day.
A vehicle makes between 20 and 250 G param in a typical day.

Example Python3 code:
# A vehicle operates over a A param between 20 and 110 in a typical day.
def r1(a: float) -> bool:
    return 20 <= a <= 110

# A vehicle operates for a B param between 2 and 10 in a typical day.
def r2(b: float) -> bool:
    return 2 <= b <= 10

# A vehicle operates with C param between 0.2 and 5 in a typical day.
def r3(c: float) -> bool:
    return 0.2 <= c <= 5

# A vehicle remains D param between 1 and 5 in a typical day.
def r4(d: float) -> bool:
    return 1 <= d <= 5

# A vehicle spends E param between 1 and 5 in a typical day.
def r5(e: float) -> bool:
    return 1 <= e <= 5

# A vehicle makes between 20 and 300 F param in a typical day.
def r6(f: float) -> bool:
    return 20 <= f <= 300

# A vehicle makes between 20 and 250 G param in a typical day.
def r7(g: float) -> bool:
    return 20 <= g <= 250


Input text:
Textual context: Driving time must always be less than or equal to the total operation time.
The total stop count must not be lower than the count of stops where PTO is engaged.
The weight on axle 1 cannot surpass the weight on axle 3.
The payload cannot exceed the capacity of axle 2.
The payload must not exceed the load carried by axle 3.
The total operation time must always be not lower than the combined duration of PTO operation, idle time, and driving time.";"```python
def r1(driving_time: float, total_operation_time: float) -> bool:
    return driving_time <= total_operation_time

def r2(total_stop_count: float, pto_engaged_stop_count: float) -> bool:
    return total_stop_count >= pto_engaged_stop_count

def r3(axle1_weight: float, axle3_weight: float) -> bool:
    return axle1_weight <= axle3_weight

def r4(payload: float, axle2_capacity: float) -> bool:
    return payload <= axle2_capacity

def r5(payload: float, axle3_load: float) -> bool:
    return payload <= axle3_load

def r6(total_operation_time: float, pto_operation_duration: float, idle_time: float, driving_time: float) -> bool:
    return total_operation_time >= (pto_operation_duration + idle_time + driving_time)
```"
"System Message:
You are a logician with a background in mathematics that translates natural language
reasoning text to Python3 code so that these natural language reasoning problems can be solved.
During the translation, please pay close attention to defining variables and rules.
Do not add any comments from you.
Be guided by the following example:
Example input text:
Textual context: A vehicle operates over a A param between 20 and 110 in a typical day.
A vehicle operates for a B param between 2 and 10 in a typical day.
A vehicle operates with C param between 0.2 and 5 in a typical day.
A vehicle remains D param between 1 and 5 in a typical day.
A vehicle spends E param between 1 and 5 in a typical day.
A vehicle makes between 20 and 300 F param in a typical day.
A vehicle makes between 20 and 250 G param in a typical day.

Example Python3 code:
# A vehicle operates over a A param between 20 and 110 in a typical day.
def r1(a: float) -> bool:
    return 20 <= a <= 110

# A vehicle operates for a B param between 2 and 10 in a typical day.
def r2(b: float) -> bool:
    return 2 <= b <= 10

# A vehicle operates with C param between 0.2 and 5 in a typical day.
def r3(c: float) -> bool:
    return 0.2 <= c <= 5

# A vehicle remains D param between 1 and 5 in a typical day.
def r4(d: float) -> bool:
    return 1 <= d <= 5

# A vehicle spends E param between 1 and 5 in a typical day.
def r5(e: float) -> bool:
    return 1 <= e <= 5

# A vehicle makes between 20 and 300 F param in a typical day.
def r6(f: float) -> bool:
    return 20 <= f <= 300

# A vehicle makes between 20 and 250 G param in a typical day.
def r7(g: float) -> bool:
    return 20 <= g <= 250


Input text:
Textual context: The total operation duration must not be lower than the PTO operation time.
PTO-engaged stops cannot exceed the total number of stops.
The load carried by axle 1 must be smaller than or equal to the load on axle 2.
Axle 1's load cannot exceed Axle 3's load.
The payload cannot exceed the capacity of axle 3.
The total operation duration must always be greater than or equal to the combined time for PTO, idle, and driving.";"```python
def r1(total_operation_duration: float, pto_operation_time: float) -> bool:
    return total_operation_duration >= pto_operation_time

def r2(pto_engaged_stops: float, total_stops: float) -> bool:
    return pto_engaged_stops <= total_stops

def r3(axle1_load: float, axle2_load: float) -> bool:
    return axle1_load <= axle2_load

def r4(axle1_load: float, axle3_load: float) -> bool:
    return axle1_load <= axle3_load

def r5(payload: float, axle3_capacity: float) -> bool:
    return payload <= axle3_capacity

def r6(total_operation_duration: float, pto_time: float, idle_time: float, driving_time: float) -> bool:
    return total_operation_duration >= (pto_time + idle_time + driving_time)
```"
"System Message:
You are a logician with a background in mathematics that translates natural language
reasoning text to Python3 code so that these natural language reasoning problems can be solved.
During the translation, please pay close attention to defining variables and rules.
Do not add any comments from you.
Be guided by the following example:
Example input text:
Textual context: A vehicle operates over a A param between 20 and 110 in a typical day.
A vehicle operates for a B param between 2 and 10 in a typical day.
A vehicle operates with C param between 0.2 and 5 in a typical day.
A vehicle remains D param between 1 and 5 in a typical day.
A vehicle spends E param between 1 and 5 in a typical day.
A vehicle makes between 20 and 300 F param in a typical day.
A vehicle makes between 20 and 250 G param in a typical day.

Example Python3 code:
# A vehicle operates over a A param between 20 and 110 in a typical day.
def r1(a: float) -> bool:
    return 20 <= a <= 110

# A vehicle operates for a B param between 2 and 10 in a typical day.
def r2(b: float) -> bool:
    return 2 <= b <= 10

# A vehicle operates with C param between 0.2 and 5 in a typical day.
def r3(c: float) -> bool:
    return 0.2 <= c <= 5

# A vehicle remains D param between 1 and 5 in a typical day.
def r4(d: float) -> bool:
    return 1 <= d <= 5

# A vehicle spends E param between 1 and 5 in a typical day.
def r5(e: float) -> bool:
    return 1 <= e <= 5

# A vehicle makes between 20 and 300 F param in a typical day.
def r6(f: float) -> bool:
    return 20 <= f <= 300

# A vehicle makes between 20 and 250 G param in a typical day.
def r7(g: float) -> bool:
    return 20 <= g <= 250


Input text:
Textual context: The total operation duration must not be lower than the PTO operation time.
The total operation duration must not be lower than the idle time.
The total stop count must not be lower than the count of stops where PTO is engaged.
Payload must remain below or equal to the load carried by axle 2.
The payload cannot exceed the capacity of axle 3.
The total operation duration must always be greater than or equal to the combined time for PTO, idle, and driving.";"```python
def r1(total_operation_duration: float, pto_operation_time: float) -> bool:
    return total_operation_duration >= pto_operation_time

def r2(total_operation_duration: float, idle_time: float) -> bool:
    return total_operation_duration >= idle_time

def r3(total_stop_count: float, pto_engaged_stop_count: float) -> bool:
    return total_stop_count >= pto_engaged_stop_count

def r4(payload: float, axle2_load: float) -> bool:
    return payload <= axle2_load

def r5(payload: float, axle3_capacity: float) -> bool:
    return payload <= axle3_capacity

def r6(total_operation_duration: float, pto_time: float, idle_time: float, driving_time: float) -> bool:
    return total_operation_duration >= (pto_time + idle_time + driving_time)
```"
"System Message:
You are a logician with a background in mathematics that translates natural language
reasoning text to Python3 code so that these natural language reasoning problems can be solved.
During the translation, please pay close attention to defining variables and rules.
Do not add any comments from you.
Be guided by the following example:
Example input text:
Textual context: A vehicle operates over a A param between 20 and 110 in a typical day.
A vehicle operates for a B param between 2 and 10 in a typical day.
A vehicle operates with C param between 0.2 and 5 in a typical day.
A vehicle remains D param between 1 and 5 in a typical day.
A vehicle spends E param between 1 and 5 in a typical day.
A vehicle makes between 20 and 300 F param in a typical day.
A vehicle makes between 20 and 250 G param in a typical day.
A vehicle operates at H param between 0 and 80 in a typical day.

Example Python3 code:
# A vehicle operates over a A param between 20 and 110 in a typical day.
def r1(a: float) -> bool:
    return 20 <= a <= 110

# A vehicle operates for a B param between 2 and 10 in a typical day.
def r2(b: float) -> bool:
    return 2 <= b <= 10

# A vehicle operates with C param between 0.2 and 5 in a typical day.
def r3(c: float) -> bool:
    return 0.2 <= c <= 5

# A vehicle remains D param between 1 and 5 in a typical day.
def r4(d: float) -> bool:
    return 1 <= d <= 5

# A vehicle spends E param between 1 and 5 in a typical day.
def r5(e: float) -> bool:
    return 1 <= e <= 5

# A vehicle makes between 20 and 300 F param in a typical day.
def r6(f: float) -> bool:
    return 20 <= f <= 300

# A vehicle makes between 20 and 250 G param in a typical day.
def r7(g: float) -> bool:
    return 20 <= g <= 250

# A vehicle operates at H param between 0 and 80 in a typical day.
def r8(h: float) -> bool:
    return 0 <= h <= 80


Input text:
Textual context: PTO operation time should be less than or equal to the total operation time.
Idle time must always be less than or equal to the total operation time.
PTO-engaged stops cannot exceed the total number of stops.
Axle 1's load cannot exceed Axle 2's load.
The load carried by axle 1 must be smaller than or equal to the load on axle 3.
The payload must not exceed the load carried by axle 2.
Axle 3's load must always be equal to or greater than the payload.
Total operation time should be at least the sum of PTO, idle, and driving times.";"```python
# PTO operation time should be less than or equal to the total operation time.
def r1(pto: float, total: float) -> bool:
    return pto <= total

# Idle time must always be less than or equal to the total operation time.
def r2(idle: float, total: float) -> bool:
    return idle <= total

# PTO-engaged stops cannot exceed the total number of stops.
def r3(pto_stops: float, total_stops: float) -> bool:
    return pto_stops <= total_stops

# Axle 1's load cannot exceed Axle 2's load.
def r4(axle1: float, axle2: float) -> bool:
    return axle1 <= axle2

# The load carried by axle 1 must be smaller than or equal to the load on axle 3.
def r5(axle1: float, axle3: float) -> bool:
    return axle1 <= axle3

# The payload must not exceed the load carried by axle 2.
def r6(payload: float, axle2: float) -> bool:
    return payload <= axle2

# Axle 3's load must always be equal to or greater than the payload.
def r7(axle3: float, payload: float) -> bool:
    return axle3 >= payload

# Total operation time should be at least the sum of PTO, idle, and driving times.
def r8(total: float, pto: float, idle: float, driving: float) -> bool:
    return total >= pto + idle + driving
```"
"System Message:
You are a logician with a background in mathematics that translates natural language
reasoning text to Python3 code so that these natural language reasoning problems can be solved.
During the translation, please pay close attention to defining variables and rules.
Do not add any comments from you.
Be guided by the following example:
Example input text:
Textual context: A vehicle operates over a A param between 20 and 110 in a typical day.
A vehicle operates for a B param between 2 and 10 in a typical day.
A vehicle operates with C param between 0.2 and 5 in a typical day.
A vehicle remains D param between 1 and 5 in a typical day.
A vehicle spends E param between 1 and 5 in a typical day.
A vehicle makes between 20 and 300 F param in a typical day.
A vehicle makes between 20 and 250 G param in a typical day.
A vehicle operates at H param between 0 and 80 in a typical day.

Example Python3 code:
# A vehicle operates over a A param between 20 and 110 in a typical day.
def r1(a: float) -> bool:
    return 20 <= a <= 110

# A vehicle operates for a B param between 2 and 10 in a typical day.
def r2(b: float) -> bool:
    return 2 <= b <= 10

# A vehicle operates with C param between 0.2 and 5 in a typical day.
def r3(c: float) -> bool:
    return 0.2 <= c <= 5

# A vehicle remains D param between 1 and 5 in a typical day.
def r4(d: float) -> bool:
    return 1 <= d <= 5

# A vehicle spends E param between 1 and 5 in a typical day.
def r5(e: float) -> bool:
    return 1 <= e <= 5

# A vehicle makes between 20 and 300 F param in a typical day.
def r6(f: float) -> bool:
    return 20 <= f <= 300

# A vehicle makes between 20 and 250 G param in a typical day.
def r7(g: float) -> bool:
    return 20 <= g <= 250

# A vehicle operates at H param between 0 and 80 in a typical day.
def r8(h: float) -> bool:
    return 0 <= h <= 80


Input text:
Textual context: The total operation duration must not be lower than the PTO operation time.
Total operation time shouldn’t be lower than idle time.
The number of stops where PTO is engaged must not exceed the overall stop count.
The weight on axle 1 cannot surpass the weight on axle 2.
The load supported by axle 1 cannot exceed that of axle 3.
The payload cannot exceed the capacity of axle 2.
The payload cannot exceed the capacity of axle 3.";"```python
def r1(total_operation_duration: float, pto_operation_time: float) -> bool:
    return total_operation_duration >= pto_operation_time

def r2(total_operation_time: float, idle_time: float) -> bool:
    return total_operation_time >= idle_time

def r3(pto_engaged_stops: int, overall_stops: int) -> bool:
    return pto_engaged_stops <= overall_stops

def r4(axle1_weight: float, axle2_weight: float) -> bool:
    return axle1_weight <= axle2_weight

def r5(axle1_load: float, axle3_load: float) -> bool:
    return axle1_load <= axle3_load

def r6(payload: float, axle2_capacity: float) -> bool:
    return payload <= axle2_capacity

def r7(payload: float, axle3_capacity: float) -> bool:
    return payload <= axle3_capacity
```"
"System Message:
You are a logician with a background in mathematics that translates natural language
reasoning text to Python3 code so that these natural language reasoning problems can be solved.
During the translation, please pay close attention to defining variables and rules.
Do not add any comments from you.
Be guided by the following example:
Example input text:
Textual context: A vehicle operates over a A param between 20 and 110 in a typical day.
A vehicle operates for a B param between 2 and 10 in a typical day.
A vehicle operates with C param between 0.2 and 5 in a typical day.
A vehicle remains D param between 1 and 5 in a typical day.
A vehicle spends E param between 1 and 5 in a typical day.
A vehicle makes between 20 and 300 F param in a typical day.
A vehicle makes between 20 and 250 G param in a typical day.
A vehicle operates at H param between 0 and 80 in a typical day.

Example Python3 code:
# A vehicle operates over a A param between 20 and 110 in a typical day.
def r1(a: float) -> bool:
    return 20 <= a <= 110

# A vehicle operates for a B param between 2 and 10 in a typical day.
def r2(b: float) -> bool:
    return 2 <= b <= 10

# A vehicle operates with C param between 0.2 and 5 in a typical day.
def r3(c: float) -> bool:
    return 0.2 <= c <= 5

# A vehicle remains D param between 1 and 5 in a typical day.
def r4(d: float) -> bool:
    return 1 <= d <= 5

# A vehicle spends E param between 1 and 5 in a typical day.
def r5(e: float) -> bool:
    return 1 <= e <= 5

# A vehicle makes between 20 and 300 F param in a typical day.
def r6(f: float) -> bool:
    return 20 <= f <= 300

# A vehicle makes between 20 and 250 G param in a typical day.
def r7(g: float) -> bool:
    return 20 <= g <= 250

# A vehicle operates at H param between 0 and 80 in a typical day.
def r8(h: float) -> bool:
    return 0 <= h <= 80


Input text:
Textual context: Total operation time shouldn’t be lower than idle time.
Driving time should be less than or equal to the total operation time.
The load supported by axle 1 cannot exceed that of axle 3.
The payload must not exceed the load carried by axle 2.
The payload must not exceed the load carried by axle 3.
Total operation time must be greater than or equal to the sum of PTO operation, idle, and driving times.";"```python
def r1(total_operation_time: float, idle_time: float) -> bool:
    return total_operation_time >= idle_time

def r2(driving_time: float, total_operation_time: float) -> bool:
    return driving_time <= total_operation_time

def r3(axle1_load: float, axle3_load: float) -> bool:
    return axle1_load <= axle3_load

def r4(payload: float, axle2_load: float) -> bool:
    return payload <= axle2_load

def r5(payload: float, axle3_load: float) -> bool:
    return payload <= axle3_load

def r6(total_operation_time: float, pto_operation: float, idle: float, driving_time: float) -> bool:
    return total_operation_time >= pto_operation + idle + driving_time
```"
"System Message:
You are a logician with a background in mathematics that translates natural language
reasoning text to Python3 code so that these natural language reasoning problems can be solved.
During the translation, please pay close attention to defining variables and rules.
Do not add any comments from you.
Be guided by the following example:
Example input text:
Textual context: A vehicle operates over a A param between 20 and 110 in a typical day.
A vehicle operates for a B param between 2 and 10 in a typical day.
A vehicle operates with C param between 0.2 and 5 in a typical day.
A vehicle remains D param between 1 and 5 in a typical day.
A vehicle spends E param between 1 and 5 in a typical day.
A vehicle makes between 20 and 300 F param in a typical day.
A vehicle makes between 20 and 250 G param in a typical day.
A vehicle operates at H param between 0 and 80 in a typical day.

Example Python3 code:
# A vehicle operates over a A param between 20 and 110 in a typical day.
def r1(a: float) -> bool:
    return 20 <= a <= 110

# A vehicle operates for a B param between 2 and 10 in a typical day.
def r2(b: float) -> bool:
    return 2 <= b <= 10

# A vehicle operates with C param between 0.2 and 5 in a typical day.
def r3(c: float) -> bool:
    return 0.2 <= c <= 5

# A vehicle remains D param between 1 and 5 in a typical day.
def r4(d: float) -> bool:
    return 1 <= d <= 5

# A vehicle spends E param between 1 and 5 in a typical day.
def r5(e: float) -> bool:
    return 1 <= e <= 5

# A vehicle makes between 20 and 300 F param in a typical day.
def r6(f: float) -> bool:
    return 20 <= f <= 300

# A vehicle makes between 20 and 250 G param in a typical day.
def r7(g: float) -> bool:
    return 20 <= g <= 250

# A vehicle operates at H param between 0 and 80 in a typical day.
def r8(h: float) -> bool:
    return 0 <= h <= 80


Input text:
Textual context: Total operation time shouldn’t be lower than PTO operation time.
Idle time cannot be greater than the total operation time.
Driving time should be less than or equal to the total operation time.
The load carried by axle 1 must be smaller than or equal to the load on axle 3.
Payload must remain below or equal to the load carried by axle 2.
Total operation time should be at least the sum of PTO, idle, and driving times.";"```python
def r1(pto: float, total_operation_time: float) -> bool:
    return total_operation_time >= pto

def r2(idle_time: float, total_operation_time: float) -> bool:
    return idle_time <= total_operation_time

def r3(driving_time: float, total_operation_time: float) -> bool:
    return driving_time <= total_operation_time

def r4(load_axle1: float, load_axle3: float) -> bool:
    return load_axle1 <= load_axle3

def r5(payload: float, load_axle2: float) -> bool:
    return payload <= load_axle2

def r6(pto: float, idle_time: float, driving_time: float, total_operation_time: float) -> bool:
    return total_operation_time >= pto + idle_time + driving_time
```"
"System Message:
You are a logician with a background in mathematics that translates natural language
reasoning text to Python3 code so that these natural language reasoning problems can be solved.
During the translation, please pay close attention to defining variables and rules.
Do not add any comments from you.
Be guided by the following example:
Example input text:
Textual context: A vehicle operates over a A param between 20 and 110 in a typical day.
A vehicle operates for a B param between 2 and 10 in a typical day.
A vehicle operates with C param between 0.2 and 5 in a typical day.
A vehicle remains D param between 1 and 5 in a typical day.
A vehicle spends E param between 1 and 5 in a typical day.
A vehicle makes between 20 and 300 F param in a typical day.
A vehicle makes between 20 and 250 G param in a typical day.

Example Python3 code:
# A vehicle operates over a A param between 20 and 110 in a typical day.
def r1(a: float) -> bool:
    return 20 <= a <= 110

# A vehicle operates for a B param between 2 and 10 in a typical day.
def r2(b: float) -> bool:
    return 2 <= b <= 10

# A vehicle operates with C param between 0.2 and 5 in a typical day.
def r3(c: float) -> bool:
    return 0.2 <= c <= 5

# A vehicle remains D param between 1 and 5 in a typical day.
def r4(d: float) -> bool:
    return 1 <= d <= 5

# A vehicle spends E param between 1 and 5 in a typical day.
def r5(e: float) -> bool:
    return 1 <= e <= 5

# A vehicle makes between 20 and 300 F param in a typical day.
def r6(f: float) -> bool:
    return 20 <= f <= 300

# A vehicle makes between 20 and 250 G param in a typical day.
def r7(g: float) -> bool:
    return 20 <= g <= 250


Input text:
Textual context: PTO operation time must be less than or equal to the total operation time.
Idle time should be less than or equal to the total operation time.
The total stop count must not be lower than the count of stops where PTO is engaged.
The weight on axle 1 cannot surpass the weight on axle 2.
Axle 2's load must always be equal to or greater than the payload.
Payload must remain below or equal to the load carried by axle 3.
Total operation time should be at least the sum of PTO, idle, and driving times.";"```python
def r1(pto: float, total: float) -> bool:
    return pto <= total

def r2(idle: float, total: float) -> bool:
    return idle <= total

def r3(total_stop_count: int, pto_engaged_stop_count: int) -> bool:
    return total_stop_count >= pto_engaged_stop_count

def r4(axle1_weight: float, axle2_weight: float) -> bool:
    return axle1_weight <= axle2_weight

def r5(axle2_load: float, payload: float) -> bool:
    return axle2_load >= payload

def r6(payload: float, axle3_load: float) -> bool:
    return payload <= axle3_load

def r7(total_operation_time: float, pto: float, idle: float, driving_time: float) -> bool:
    return total_operation_time >= pto + idle + driving_time
```"
"System Message:
You are a logician with a background in mathematics that translates natural language
reasoning text to Python3 code so that these natural language reasoning problems can be solved.
During the translation, please pay close attention to defining variables and rules.
Do not add any comments from you.
Be guided by the following example:
Example input text:
Textual context: A vehicle operates over a A param between 20 and 110 in a typical day.
A vehicle operates for a B param between 2 and 10 in a typical day.
A vehicle operates with C param between 0.2 and 5 in a typical day.
A vehicle remains D param between 1 and 5 in a typical day.
A vehicle spends E param between 1 and 5 in a typical day.
A vehicle makes between 20 and 300 F param in a typical day.
A vehicle makes between 20 and 250 G param in a typical day.

Example Python3 code:
# A vehicle operates over a A param between 20 and 110 in a typical day.
def r1(a: float) -> bool:
    return 20 <= a <= 110

# A vehicle operates for a B param between 2 and 10 in a typical day.
def r2(b: float) -> bool:
    return 2 <= b <= 10

# A vehicle operates with C param between 0.2 and 5 in a typical day.
def r3(c: float) -> bool:
    return 0.2 <= c <= 5

# A vehicle remains D param between 1 and 5 in a typical day.
def r4(d: float) -> bool:
    return 1 <= d <= 5

# A vehicle spends E param between 1 and 5 in a typical day.
def r5(e: float) -> bool:
    return 1 <= e <= 5

# A vehicle makes between 20 and 300 F param in a typical day.
def r6(f: float) -> bool:
    return 20 <= f <= 300

# A vehicle makes between 20 and 250 G param in a typical day.
def r7(g: float) -> bool:
    return 20 <= g <= 250


Input text:
Textual context: Idle time should be less than or equal to the total operation time.
Driving time must always be less than or equal to the total operation time.
The total stop count must not be lower than the count of stops where PTO is engaged.
The weight on axle 1 cannot surpass the weight on axle 3.
The payload must not exceed the load carried by axle 2.
The payload must always be smaller than or equal to the load on axle 3.
The combined time for PTO operation, idle time, and driving time must not surpass the total operation time.";"```python
# Idle time should be less than or equal to the total operation time.
def r1(idle_time: float, total_operation_time: float) -> bool:
    return idle_time <= total_operation_time

# Driving time must always be less than or equal to the total operation time.
def r2(driving_time: float, total_operation_time: float) -> bool:
    return driving_time <= total_operation_time

# The total stop count must not be lower than the count of stops where PTO is engaged.
def r3(total_stop_count: int, pto_engaged_stop_count: int) -> bool:
    return total_stop_count >= pto_engaged_stop_count

# The weight on axle 1 cannot surpass the weight on axle 3.
def r4(axle1_weight: float, axle3_weight: float) -> bool:
    return axle1_weight <= axle3_weight

# The payload must not exceed the load carried by axle 2.
def r5(payload: float, axle2_load: float) -> bool:
    return payload <= axle2_load

# The payload must always be smaller than or equal to the load on axle 3.
def r6(payload: float, axle3_load: float) -> bool:
    return payload <= axle3_load

# The combined time for PTO operation, idle time, and driving time must not surpass the total operation time.
def r7(pto_operation_time: float, idle_time: float, driving_time: float, total_operation_time: float) -> bool:
    return pto_operation_time + idle_time + driving_time <= total_operation_time
```"
"System Message:
You are a logician with a background in mathematics that translates natural language
reasoning text to Python3 code so that these natural language reasoning problems can be solved.
During the translation, please pay close attention to defining variables and rules.
Do not add any comments from you.
Be guided by the following example:
Example input text:
Textual context: A vehicle operates over a A param between 20 and 110 in a typical day.
A vehicle operates for a B param between 2 and 10 in a typical day.
A vehicle operates with C param between 0.2 and 5 in a typical day.
A vehicle remains D param between 1 and 5 in a typical day.
A vehicle spends E param between 1 and 5 in a typical day.
A vehicle makes between 20 and 300 F param in a typical day.
A vehicle makes between 20 and 250 G param in a typical day.

Example Python3 code:
# A vehicle operates over a A param between 20 and 110 in a typical day.
def r1(a: float) -> bool:
    return 20 <= a <= 110

# A vehicle operates for a B param between 2 and 10 in a typical day.
def r2(b: float) -> bool:
    return 2 <= b <= 10

# A vehicle operates with C param between 0.2 and 5 in a typical day.
def r3(c: float) -> bool:
    return 0.2 <= c <= 5

# A vehicle remains D param between 1 and 5 in a typical day.
def r4(d: float) -> bool:
    return 1 <= d <= 5

# A vehicle spends E param between 1 and 5 in a typical day.
def r5(e: float) -> bool:
    return 1 <= e <= 5

# A vehicle makes between 20 and 300 F param in a typical day.
def r6(f: float) -> bool:
    return 20 <= f <= 300

# A vehicle makes between 20 and 250 G param in a typical day.
def r7(g: float) -> bool:
    return 20 <= g <= 250


Input text:
Textual context: PTO operation time should be less than or equal to the total operation time.
Total operation time shouldn’t be lower than idle time.
Total operation time should shouldn’t be lower than driving time.
The load carried by axle 1 must be smaller than or equal to the load on axle 2.
The load supported by axle 1 cannot exceed that of axle 3.
Axle 3's load must always be equal to or greater than the payload.";"```python
def r1(pto_time: float, total_time: float) -> bool:
    return pto_time <= total_time

def r2(total_time: float, idle_time: float) -> bool:
    return total_time >= idle_time

def r3(total_time: float, driving_time: float) -> bool:
    return total_time >= driving_time

def r4(axle1_load: float, axle2_load: float) -> bool:
    return axle1_load <= axle2_load

def r5(axle1_load: float, axle3_load: float) -> bool:
    return axle1_load <= axle3_load

def r6(axle3_load: float, payload: float) -> bool:
    return axle3_load >= payload
```"
"System Message:
You are a logician with a background in mathematics that translates natural language
reasoning text to Python3 code so that these natural language reasoning problems can be solved.
During the translation, please pay close attention to defining variables and rules.
Do not add any comments from you.
Be guided by the following example:
Example input text:
Textual context: A vehicle operates over a A param between 20 and 110 in a typical day.
A vehicle operates for a B param between 2 and 10 in a typical day.
A vehicle operates with C param between 0.2 and 5 in a typical day.
A vehicle remains D param between 1 and 5 in a typical day.
A vehicle spends E param between 1 and 5 in a typical day.
A vehicle makes between 20 and 300 F param in a typical day.
A vehicle makes between 20 and 250 G param in a typical day.

Example Python3 code:
# A vehicle operates over a A param between 20 and 110 in a typical day.
def r1(a: float) -> bool:
    return 20 <= a <= 110

# A vehicle operates for a B param between 2 and 10 in a typical day.
def r2(b: float) -> bool:
    return 2 <= b <= 10

# A vehicle operates with C param between 0.2 and 5 in a typical day.
def r3(c: float) -> bool:
    return 0.2 <= c <= 5

# A vehicle remains D param between 1 and 5 in a typical day.
def r4(d: float) -> bool:
    return 1 <= d <= 5

# A vehicle spends E param between 1 and 5 in a typical day.
def r5(e: float) -> bool:
    return 1 <= e <= 5

# A vehicle makes between 20 and 300 F param in a typical day.
def r6(f: float) -> bool:
    return 20 <= f <= 300

# A vehicle makes between 20 and 250 G param in a typical day.
def r7(g: float) -> bool:
    return 20 <= g <= 250


Input text:
Textual context: Total operation time shouldn’t be lower than PTO operation time.
Idle time cannot be greater than the total operation time.
Total operation time should shouldn’t be lower than driving time.
PTO-engaged stops cannot exceed the total number of stops.
The payload must always be smaller than or equal to the load on axle 3.
The combined time for PTO operation, idle time, and driving time must not surpass the total operation time.";"```python
def r1(total_operation_time: float, pto_operation_time: float) -> bool:
    return total_operation_time >= pto_operation_time

def r2(idle_time: float, total_operation_time: float) -> bool:
    return idle_time <= total_operation_time

def r3(total_operation_time: float, driving_time: float) -> bool:
    return total_operation_time >= driving_time

def r4(pto_engaged_stops: float, total_stops: float) -> bool:
    return pto_engaged_stops <= total_stops

def r5(payload: float, load_on_axle_3: float) -> bool:
    return payload <= load_on_axle_3

def r6(pto_operation_time: float, idle_time: float, driving_time: float, total_operation_time: float) -> bool:
    return pto_operation_time + idle_time + driving_time <= total_operation_time
```"
"System Message:
You are a logician with a background in mathematics that translates natural language
reasoning text to Python3 code so that these natural language reasoning problems can be solved.
During the translation, please pay close attention to defining variables and rules.
Do not add any comments from you.
Be guided by the following example:
Example input text:
Textual context: A vehicle operates over a A param between 20 and 110 in a typical day.
A vehicle operates for a B param between 2 and 10 in a typical day.
A vehicle operates with C param between 0.2 and 5 in a typical day.
A vehicle remains D param between 1 and 5 in a typical day.
A vehicle spends E param between 1 and 5 in a typical day.
A vehicle makes between 20 and 300 F param in a typical day.
A vehicle makes between 20 and 250 G param in a typical day.

Example Python3 code:
# A vehicle operates over a A param between 20 and 110 in a typical day.
def r1(a: float) -> bool:
    return 20 <= a <= 110

# A vehicle operates for a B param between 2 and 10 in a typical day.
def r2(b: float) -> bool:
    return 2 <= b <= 10

# A vehicle operates with C param between 0.2 and 5 in a typical day.
def r3(c: float) -> bool:
    return 0.2 <= c <= 5

# A vehicle remains D param between 1 and 5 in a typical day.
def r4(d: float) -> bool:
    return 1 <= d <= 5

# A vehicle spends E param between 1 and 5 in a typical day.
def r5(e: float) -> bool:
    return 1 <= e <= 5

# A vehicle makes between 20 and 300 F param in a typical day.
def r6(f: float) -> bool:
    return 20 <= f <= 300

# A vehicle makes between 20 and 250 G param in a typical day.
def r7(g: float) -> bool:
    return 20 <= g <= 250


Input text:
Textual context: PTO operation time must be less than or equal to the total operation time.
Idle time must always be less than or equal to the total operation time.
Driving time should be less than or equal to the total operation time.
Stops with PTO engaged should never outnumber total stops.
Axle 2's load must always be equal to or greater than the payload.
The total operation duration must always be greater than or equal to the combined time for PTO, idle, and driving.";"```python
def r1(pto: float, total: float) -> bool:
    return pto <= total

def r2(idle: float, total: float) -> bool:
    return idle <= total

def r3(driving: float, total: float) -> bool:
    return driving <= total

def r4(pto_stops: float, total_stops: float) -> bool:
    return pto_stops <= total_stops

def r5(axle2_load: float, payload: float) -> bool:
    return axle2_load >= payload

def r6(total_duration: float, pto: float, idle: float, driving: float) -> bool:
    return total_duration >= (pto + idle + driving)
```"
"System Message:
You are a logician with a background in mathematics that translates natural language
reasoning text to Python3 code so that these natural language reasoning problems can be solved.
During the translation, please pay close attention to defining variables and rules.
Do not add any comments from you.
Be guided by the following example:
Example input text:
Textual context: A vehicle operates over a A param between 20 and 110 in a typical day.
A vehicle operates for a B param between 2 and 10 in a typical day.
A vehicle operates with C param between 0.2 and 5 in a typical day.
A vehicle remains D param between 1 and 5 in a typical day.
A vehicle spends E param between 1 and 5 in a typical day.
A vehicle makes between 20 and 300 F param in a typical day.
A vehicle makes between 20 and 250 G param in a typical day.
A vehicle operates at H param between 0 and 80 in a typical day.

Example Python3 code:
# A vehicle operates over a A param between 20 and 110 in a typical day.
def r1(a: float) -> bool:
    return 20 <= a <= 110

# A vehicle operates for a B param between 2 and 10 in a typical day.
def r2(b: float) -> bool:
    return 2 <= b <= 10

# A vehicle operates with C param between 0.2 and 5 in a typical day.
def r3(c: float) -> bool:
    return 0.2 <= c <= 5

# A vehicle remains D param between 1 and 5 in a typical day.
def r4(d: float) -> bool:
    return 1 <= d <= 5

# A vehicle spends E param between 1 and 5 in a typical day.
def r5(e: float) -> bool:
    return 1 <= e <= 5

# A vehicle makes between 20 and 300 F param in a typical day.
def r6(f: float) -> bool:
    return 20 <= f <= 300

# A vehicle makes between 20 and 250 G param in a typical day.
def r7(g: float) -> bool:
    return 20 <= g <= 250

# A vehicle operates at H param between 0 and 80 in a typical day.
def r8(h: float) -> bool:
    return 0 <= h <= 80


Input text:
Textual context: PTO operation time cannot be greater than the total operation time.
Idle time should be less than or equal to the total operation time.
Driving time cannot be greater than the total operation time.
PTO-engaged stops cannot exceed the total number of stops.
The weight on axle 1 cannot surpass the weight on axle 2.
The load on axle 1 must not surpass the load on axle 3.
The payload cannot exceed the capacity of axle 3.
The combined time for PTO operation, idle time, and driving time must not surpass the total operation time.";"```python
def r1(pto_time: float, total_time: float) -> bool:
    return pto_time <= total_time

def r2(idle_time: float, total_time: float) -> bool:
    return idle_time <= total_time

def r3(driving_time: float, total_time: float) -> bool:
    return driving_time <= total_time

def r4(pto_stops: float, total_stops: float) -> bool:
    return pto_stops <= total_stops

def r5(axle1_weight: float, axle2_weight: float) -> bool:
    return axle1_weight <= axle2_weight

def r6(axle1_load: float, axle3_load: float) -> bool:
    return axle1_load <= axle3_load

def r7(payload: float, axle3_capacity: float) -> bool:
    return payload <= axle3_capacity

def r8(pto_time: float, idle_time: float, driving_time: float, total_time: float) -> bool:
    return pto_time + idle_time + driving_time <= total_time
```"
"System Message:
You are a logician with a background in mathematics that translates natural language
reasoning text to Python3 code so that these natural language reasoning problems can be solved.
During the translation, please pay close attention to defining variables and rules.
Do not add any comments from you.
Be guided by the following example:
Example input text:
Textual context: A vehicle operates over a A param between 20 and 110 in a typical day.
A vehicle operates for a B param between 2 and 10 in a typical day.
A vehicle operates with C param between 0.2 and 5 in a typical day.
A vehicle remains D param between 1 and 5 in a typical day.
A vehicle spends E param between 1 and 5 in a typical day.
A vehicle makes between 20 and 300 F param in a typical day.
A vehicle makes between 20 and 250 G param in a typical day.
A vehicle operates at H param between 0 and 80 in a typical day.

Example Python3 code:
# A vehicle operates over a A param between 20 and 110 in a typical day.
def r1(a: float) -> bool:
    return 20 <= a <= 110

# A vehicle operates for a B param between 2 and 10 in a typical day.
def r2(b: float) -> bool:
    return 2 <= b <= 10

# A vehicle operates with C param between 0.2 and 5 in a typical day.
def r3(c: float) -> bool:
    return 0.2 <= c <= 5

# A vehicle remains D param between 1 and 5 in a typical day.
def r4(d: float) -> bool:
    return 1 <= d <= 5

# A vehicle spends E param between 1 and 5 in a typical day.
def r5(e: float) -> bool:
    return 1 <= e <= 5

# A vehicle makes between 20 and 300 F param in a typical day.
def r6(f: float) -> bool:
    return 20 <= f <= 300

# A vehicle makes between 20 and 250 G param in a typical day.
def r7(g: float) -> bool:
    return 20 <= g <= 250

# A vehicle operates at H param between 0 and 80 in a typical day.
def r8(h: float) -> bool:
    return 0 <= h <= 80


Input text:
Textual context: Idle time cannot be greater than the total operation time.
Driving time must always be less than or equal to the total operation time.
The load supported by axle 1 cannot exceed that of axle 2.
The load supported by axle 1 cannot exceed that of axle 3.
The payload must not exceed the load carried by axle 2.
The payload must not exceed the load carried by axle 3.
The total operation duration must always be greater than or equal to the combined time for PTO, idle, and driving.";"```python
def r1(idle_time: float, total_operation_time: float) -> bool:
    return idle_time <= total_operation_time

def r2(driving_time: float, total_operation_time: float) -> bool:
    return driving_time <= total_operation_time

def r3(axle1_load: float, axle2_load: float) -> bool:
    return axle1_load <= axle2_load

def r4(axle1_load: float, axle3_load: float) -> bool:
    return axle1_load <= axle3_load

def r5(payload: float, axle2_load: float) -> bool:
    return payload <= axle2_load

def r6(payload: float, axle3_load: float) -> bool:
    return payload <= axle3_load

def r7(total_operation_duration: float, pto_time: float, idle_time: float, driving_time: float) -> bool:
    return total_operation_duration >= (pto_time + idle_time + driving_time)
```"
"System Message:
You are a logician with a background in mathematics that translates natural language
reasoning text to Python3 code so that these natural language reasoning problems can be solved.
During the translation, please pay close attention to defining variables and rules.
Do not add any comments from you.
Be guided by the following example:
Example input text:
Textual context: A vehicle operates over a A param between 20 and 110 in a typical day.
A vehicle operates for a B param between 2 and 10 in a typical day.
A vehicle operates with C param between 0.2 and 5 in a typical day.
A vehicle remains D param between 1 and 5 in a typical day.
A vehicle spends E param between 1 and 5 in a typical day.
A vehicle makes between 20 and 300 F param in a typical day.
A vehicle makes between 20 and 250 G param in a typical day.
A vehicle operates at H param between 0 and 80 in a typical day.

Example Python3 code:
# A vehicle operates over a A param between 20 and 110 in a typical day.
def r1(a: float) -> bool:
    return 20 <= a <= 110

# A vehicle operates for a B param between 2 and 10 in a typical day.
def r2(b: float) -> bool:
    return 2 <= b <= 10

# A vehicle operates with C param between 0.2 and 5 in a typical day.
def r3(c: float) -> bool:
    return 0.2 <= c <= 5

# A vehicle remains D param between 1 and 5 in a typical day.
def r4(d: float) -> bool:
    return 1 <= d <= 5

# A vehicle spends E param between 1 and 5 in a typical day.
def r5(e: float) -> bool:
    return 1 <= e <= 5

# A vehicle makes between 20 and 300 F param in a typical day.
def r6(f: float) -> bool:
    return 20 <= f <= 300

# A vehicle makes between 20 and 250 G param in a typical day.
def r7(g: float) -> bool:
    return 20 <= g <= 250

# A vehicle operates at H param between 0 and 80 in a typical day.
def r8(h: float) -> bool:
    return 0 <= h <= 80


Input text:
Textual context: Driving time must always be less than or equal to the total operation time.
Stops with PTO engaged cannot outnumber the total stops.
The weight on axle 1 cannot surpass the weight on axle 2.
The load on axle 1 must not surpass the load on axle 3.
Axle 2's load must always be equal to or greater than the payload.
The combined time for PTO operation, idle time, and driving time must not surpass the total operation time.";"```python
def r1(driving_time: float, total_operation_time: float) -> bool:
    return driving_time <= total_operation_time

def r2(stops_with_pto_engaged: float, total_stops: float) -> bool:
    return stops_with_pto_engaged <= total_stops

def r3(weight_on_axle_1: float, weight_on_axle_2: float) -> bool:
    return weight_on_axle_1 <= weight_on_axle_2

def r4(load_on_axle_1: float, load_on_axle_3: float) -> bool:
    return load_on_axle_1 <= load_on_axle_3

def r5(load_on_axle_2: float, payload: float) -> bool:
    return load_on_axle_2 >= payload

def r6(pto_operation_time: float, idle_time: float, driving_time: float, total_operation_time: float) -> bool:
    return pto_operation_time + idle_time + driving_time <= total_operation_time
```"
"System Message:
You are a logician with a background in mathematics that translates natural language
reasoning text to Python3 code so that these natural language reasoning problems can be solved.
During the translation, please pay close attention to defining variables and rules.
Do not add any comments from you.
Be guided by the following example:
Example input text:
Textual context: A vehicle operates over a A param between 20 and 110 in a typical day.
A vehicle operates for a B param between 2 and 10 in a typical day.
A vehicle operates with C param between 0.2 and 5 in a typical day.
A vehicle remains D param between 1 and 5 in a typical day.
A vehicle spends E param between 1 and 5 in a typical day.
A vehicle makes between 20 and 300 F param in a typical day.
A vehicle makes between 20 and 250 G param in a typical day.
A vehicle operates at H param between 0 and 80 in a typical day.

Example Python3 code:
# A vehicle operates over a A param between 20 and 110 in a typical day.
def r1(a: float) -> bool:
    return 20 <= a <= 110

# A vehicle operates for a B param between 2 and 10 in a typical day.
def r2(b: float) -> bool:
    return 2 <= b <= 10

# A vehicle operates with C param between 0.2 and 5 in a typical day.
def r3(c: float) -> bool:
    return 0.2 <= c <= 5

# A vehicle remains D param between 1 and 5 in a typical day.
def r4(d: float) -> bool:
    return 1 <= d <= 5

# A vehicle spends E param between 1 and 5 in a typical day.
def r5(e: float) -> bool:
    return 1 <= e <= 5

# A vehicle makes between 20 and 300 F param in a typical day.
def r6(f: float) -> bool:
    return 20 <= f <= 300

# A vehicle makes between 20 and 250 G param in a typical day.
def r7(g: float) -> bool:
    return 20 <= g <= 250

# A vehicle operates at H param between 0 and 80 in a typical day.
def r8(h: float) -> bool:
    return 0 <= h <= 80


Input text:
Textual context: The total operation duration must not be lower than the PTO operation time.
Idle time must always be less than or equal to the total operation time.
PTO-engaged stops cannot exceed the total number of stops.
The load supported by axle 1 cannot exceed that of axle 3.
The payload must always be smaller than or equal to the load on axle 2.
Axle 3's load must always be equal to or greater than the payload.";"```python
def r1(total_operation_duration: float, pto_operation_time: float) -> bool:
    return total_operation_duration >= pto_operation_time

def r2(idle_time: float, total_operation_time: float) -> bool:
    return idle_time <= total_operation_time

def r3(pto_engaged_stops: float, total_stops: float) -> bool:
    return pto_engaged_stops <= total_stops

def r4(axle1_load: float, axle3_load: float) -> bool:
    return axle1_load <= axle3_load

def r5(payload: float, axle2_load: float) -> bool:
    return payload <= axle2_load

def r6(axle3_load: float, payload: float) -> bool:
    return axle3_load >= payload
```"
"System Message:
You are a logician with a background in mathematics that translates natural language
reasoning text to Python3 code so that these natural language reasoning problems can be solved.
During the translation, please pay close attention to defining variables and rules.
Do not add any comments from you.
Be guided by the following example:
Example input text:
Textual context: A vehicle operates over a A param between 20 and 110 in a typical day.
A vehicle operates for a B param between 2 and 10 in a typical day.
A vehicle operates with C param between 0.2 and 5 in a typical day.
A vehicle remains D param between 1 and 5 in a typical day.
A vehicle spends E param between 1 and 5 in a typical day.
A vehicle makes between 20 and 300 F param in a typical day.
A vehicle makes between 20 and 250 G param in a typical day.

Example Python3 code:
# A vehicle operates over a A param between 20 and 110 in a typical day.
def r1(a: float) -> bool:
    return 20 <= a <= 110

# A vehicle operates for a B param between 2 and 10 in a typical day.
def r2(b: float) -> bool:
    return 2 <= b <= 10

# A vehicle operates with C param between 0.2 and 5 in a typical day.
def r3(c: float) -> bool:
    return 0.2 <= c <= 5

# A vehicle remains D param between 1 and 5 in a typical day.
def r4(d: float) -> bool:
    return 1 <= d <= 5

# A vehicle spends E param between 1 and 5 in a typical day.
def r5(e: float) -> bool:
    return 1 <= e <= 5

# A vehicle makes between 20 and 300 F param in a typical day.
def r6(f: float) -> bool:
    return 20 <= f <= 300

# A vehicle makes between 20 and 250 G param in a typical day.
def r7(g: float) -> bool:
    return 20 <= g <= 250


Input text:
Textual context: PTO operation time must be less than or equal to the total operation time.
Idle time should be less than or equal to the total operation time.
Driving time should be less than or equal to the total operation time.
PTO-engaged stops cannot exceed the total number of stops.
The weight on axle 1 cannot surpass the weight on axle 2.
The load carried by axle 1 must be smaller than or equal to the load on axle 3.
The payload must not exceed the load carried by axle 2.";"```python
# PTO operation time must be less than or equal to the total operation time.
def r1(pto_time: float, total_time: float) -> bool:
    return pto_time <= total_time

# Idle time should be less than or equal to the total operation time.
def r2(idle_time: float, total_time: float) -> bool:
    return idle_time <= total_time

# Driving time should be less than or equal to the total operation time.
def r3(driving_time: float, total_time: float) -> bool:
    return driving_time <= total_time

# PTO-engaged stops cannot exceed the total number of stops.
def r4(pto_engaged_stops: int, total_stops: int) -> bool:
    return pto_engaged_stops <= total_stops

# The weight on axle 1 cannot surpass the weight on axle 2.
def r5(axle1_weight: float, axle2_weight: float) -> bool:
    return axle1_weight <= axle2_weight

# The load carried by axle 1 must be smaller than or equal to the load on axle 3.
def r6(axle1_load: float, axle3_load: float) -> bool:
    return axle1_load <= axle3_load

# The payload must not exceed the load carried by axle 2.
def r7(payload: float, axle2_load: float) -> bool:
    return payload <= axle2_load
```"
"System Message:
You are a logician with a background in mathematics that translates natural language
reasoning text to Python3 code so that these natural language reasoning problems can be solved.
During the translation, please pay close attention to defining variables and rules.
Do not add any comments from you.
Be guided by the following example:
Example input text:
Textual context: A vehicle operates over a A param between 20 and 110 in a typical day.
A vehicle operates for a B param between 2 and 10 in a typical day.
A vehicle operates with C param between 0.2 and 5 in a typical day.
A vehicle remains D param between 1 and 5 in a typical day.
A vehicle spends E param between 1 and 5 in a typical day.
A vehicle makes between 20 and 300 F param in a typical day.
A vehicle makes between 20 and 250 G param in a typical day.

Example Python3 code:
# A vehicle operates over a A param between 20 and 110 in a typical day.
def r1(a: float) -> bool:
    return 20 <= a <= 110

# A vehicle operates for a B param between 2 and 10 in a typical day.
def r2(b: float) -> bool:
    return 2 <= b <= 10

# A vehicle operates with C param between 0.2 and 5 in a typical day.
def r3(c: float) -> bool:
    return 0.2 <= c <= 5

# A vehicle remains D param between 1 and 5 in a typical day.
def r4(d: float) -> bool:
    return 1 <= d <= 5

# A vehicle spends E param between 1 and 5 in a typical day.
def r5(e: float) -> bool:
    return 1 <= e <= 5

# A vehicle makes between 20 and 300 F param in a typical day.
def r6(f: float) -> bool:
    return 20 <= f <= 300

# A vehicle makes between 20 and 250 G param in a typical day.
def r7(g: float) -> bool:
    return 20 <= g <= 250


Input text:
Textual context: PTO operation time must be less than or equal to the total operation time.
Idle time cannot be greater than the total operation time.
The total operation durationmust not be lower than the driving time.
The load on axle 1 must not surpass the load on axle 2.
The load on axle 1 must not surpass the load on axle 3.
Payload must remain below or equal to the load carried by axle 2.";"```python
def r1(pto_time: float, total_time: float) -> bool:
    return pto_time <= total_time

def r2(idle_time: float, total_time: float) -> bool:
    return idle_time <= total_time

def r3(total_duration: float, driving_time: float) -> bool:
    return total_duration >= driving_time

def r4(axle1_load: float, axle2_load: float) -> bool:
    return axle1_load <= axle2_load

def r5(axle1_load: float, axle3_load: float) -> bool:
    return axle1_load <= axle3_load

def r6(payload: float, axle2_load: float) -> bool:
    return payload <= axle2_load
```"
"System Message:
You are a logician with a background in mathematics that translates natural language
reasoning text to Python3 code so that these natural language reasoning problems can be solved.
During the translation, please pay close attention to defining variables and rules.
Do not add any comments from you.
Be guided by the following example:
Example input text:
Textual context: A vehicle operates over a A param between 20 and 110 in a typical day.
A vehicle operates for a B param between 2 and 10 in a typical day.
A vehicle operates with C param between 0.2 and 5 in a typical day.
A vehicle remains D param between 1 and 5 in a typical day.
A vehicle spends E param between 1 and 5 in a typical day.
A vehicle makes between 20 and 300 F param in a typical day.
A vehicle makes between 20 and 250 G param in a typical day.

Example Python3 code:
# A vehicle operates over a A param between 20 and 110 in a typical day.
def r1(a: float) -> bool:
    return 20 <= a <= 110

# A vehicle operates for a B param between 2 and 10 in a typical day.
def r2(b: float) -> bool:
    return 2 <= b <= 10

# A vehicle operates with C param between 0.2 and 5 in a typical day.
def r3(c: float) -> bool:
    return 0.2 <= c <= 5

# A vehicle remains D param between 1 and 5 in a typical day.
def r4(d: float) -> bool:
    return 1 <= d <= 5

# A vehicle spends E param between 1 and 5 in a typical day.
def r5(e: float) -> bool:
    return 1 <= e <= 5

# A vehicle makes between 20 and 300 F param in a typical day.
def r6(f: float) -> bool:
    return 20 <= f <= 300

# A vehicle makes between 20 and 250 G param in a typical day.
def r7(g: float) -> bool:
    return 20 <= g <= 250


Input text:
Textual context: PTO operation time cannot be greater than the total operation time.
Total operation time shouldn’t be lower than idle time.
Total operation time should shouldn’t be lower than driving time.
Stops with PTO engaged should never outnumber total stops.
Axle 1's load cannot exceed Axle 2's load.
The payload must always be smaller than or equal to the load on axle 2.
The payload must always be smaller than or equal to the load on axle 3.";"```python
def r1(pto_operation_time: float, total_operation_time: float) -> bool:
    return pto_operation_time <= total_operation_time

def r2(total_operation_time: float, idle_time: float) -> bool:
    return total_operation_time >= idle_time

def r3(total_operation_time: float, driving_time: float) -> bool:
    return total_operation_time >= driving_time

def r4(stops_with_pto_engaged: float, total_stops: float) -> bool:
    return stops_with_pto_engaged <= total_stops

def r5(axle1_load: float, axle2_load: float) -> bool:
    return axle1_load <= axle2_load

def r6(payload: float, axle2_load: float) -> bool:
    return payload <= axle2_load

def r7(payload: float, axle3_load: float) -> bool:
    return payload <= axle3_load
```"
"System Message:
You are a logician with a background in mathematics that translates natural language
reasoning text to Python3 code so that these natural language reasoning problems can be solved.
During the translation, please pay close attention to defining variables and rules.
Do not add any comments from you.
Be guided by the following example:
Example input text:
Textual context: A vehicle operates over a A param between 20 and 110 in a typical day.
A vehicle operates for a B param between 2 and 10 in a typical day.
A vehicle operates with C param between 0.2 and 5 in a typical day.
A vehicle remains D param between 1 and 5 in a typical day.
A vehicle spends E param between 1 and 5 in a typical day.
A vehicle makes between 20 and 300 F param in a typical day.
A vehicle makes between 20 and 250 G param in a typical day.

Example Python3 code:
# A vehicle operates over a A param between 20 and 110 in a typical day.
def r1(a: float) -> bool:
    return 20 <= a <= 110

# A vehicle operates for a B param between 2 and 10 in a typical day.
def r2(b: float) -> bool:
    return 2 <= b <= 10

# A vehicle operates with C param between 0.2 and 5 in a typical day.
def r3(c: float) -> bool:
    return 0.2 <= c <= 5

# A vehicle remains D param between 1 and 5 in a typical day.
def r4(d: float) -> bool:
    return 1 <= d <= 5

# A vehicle spends E param between 1 and 5 in a typical day.
def r5(e: float) -> bool:
    return 1 <= e <= 5

# A vehicle makes between 20 and 300 F param in a typical day.
def r6(f: float) -> bool:
    return 20 <= f <= 300

# A vehicle makes between 20 and 250 G param in a typical day.
def r7(g: float) -> bool:
    return 20 <= g <= 250


Input text:
Textual context: The total operation duration must not be lower than the idle time.
Driving time must always be less than or equal to the total operation time.
PTO-engaged stops cannot exceed the total number of stops.
Axle 1's load cannot exceed Axle 3's load.
Payload must remain below or equal to the load carried by axle 2.
Payload must remain below or equal to the load carried by axle 3.
Total operation time should be at least the sum of PTO, idle, and driving times.";"```python
def r1(total_operation_duration: float, idle_time: float) -> bool:
    return total_operation_duration >= idle_time

def r2(driving_time: float, total_operation_time: float) -> bool:
    return driving_time <= total_operation_time

def r3(pto_engaged_stops: float, total_stops: float) -> bool:
    return pto_engaged_stops <= total_stops

def r4(axle1_load: float, axle3_load: float) -> bool:
    return axle1_load <= axle3_load

def r5(payload: float, axle2_load: float) -> bool:
    return payload <= axle2_load

def r6(payload: float, axle3_load: float) -> bool:
    return payload <= axle3_load

def r7(total_operation_time: float, pto_time: float, idle_time: float, driving_time: float) -> bool:
    return total_operation_time >= (pto_time + idle_time + driving_time)
```"
"System Message:
You are a logician with a background in mathematics that translates natural language
reasoning text to Python3 code so that these natural language reasoning problems can be solved.
During the translation, please pay close attention to defining variables and rules.
Do not add any comments from you.
Be guided by the following example:
Example input text:
Textual context: A vehicle operates over a A param between 20 and 110 in a typical day.
A vehicle operates for a B param between 2 and 10 in a typical day.
A vehicle operates with C param between 0.2 and 5 in a typical day.
A vehicle remains D param between 1 and 5 in a typical day.
A vehicle spends E param between 1 and 5 in a typical day.
A vehicle makes between 20 and 300 F param in a typical day.
A vehicle makes between 20 and 250 G param in a typical day.

Example Python3 code:
# A vehicle operates over a A param between 20 and 110 in a typical day.
def r1(a: float) -> bool:
    return 20 <= a <= 110

# A vehicle operates for a B param between 2 and 10 in a typical day.
def r2(b: float) -> bool:
    return 2 <= b <= 10

# A vehicle operates with C param between 0.2 and 5 in a typical day.
def r3(c: float) -> bool:
    return 0.2 <= c <= 5

# A vehicle remains D param between 1 and 5 in a typical day.
def r4(d: float) -> bool:
    return 1 <= d <= 5

# A vehicle spends E param between 1 and 5 in a typical day.
def r5(e: float) -> bool:
    return 1 <= e <= 5

# A vehicle makes between 20 and 300 F param in a typical day.
def r6(f: float) -> bool:
    return 20 <= f <= 300

# A vehicle makes between 20 and 250 G param in a typical day.
def r7(g: float) -> bool:
    return 20 <= g <= 250


Input text:
Textual context: Idle time cannot be greater than the total operation time.
Total operation time should shouldn’t be lower than driving time.
Stops with PTO engaged cannot outnumber the total stops.
The weight on axle 1 cannot surpass the weight on axle 2.
Axle 1's load cannot exceed Axle 3's load.
Axle 3's load must always be equal to or greater than the payload.
Total operation time should be at least the sum of PTO, idle, and driving times.";"```python
def r1(idle_time: float, total_operation_time: float) -> bool:
    return idle_time <= total_operation_time

def r2(total_operation_time: float, driving_time: float) -> bool:
    return total_operation_time >= driving_time

def r3(stops_with_pto_engaged: float, total_stops: float) -> bool:
    return stops_with_pto_engaged <= total_stops

def r4(axle1_weight: float, axle2_weight: float) -> bool:
    return axle1_weight <= axle2_weight

def r5(axle1_load: float, axle3_load: float) -> bool:
    return axle1_load <= axle3_load

def r6(axle3_load: float, payload: float) -> bool:
    return axle3_load >= payload

def r7(total_operation_time: float, pto_time: float, idle_time: float, driving_time: float) -> bool:
    return total_operation_time >= pto_time + idle_time + driving_time
```"
"System Message:
You are a logician with a background in mathematics that translates natural language
reasoning text to Python3 code so that these natural language reasoning problems can be solved.
During the translation, please pay close attention to defining variables and rules.
Do not add any comments from you.
Be guided by the following example:
Example input text:
Textual context: A vehicle operates over a A param between 20 and 110 in a typical day.
A vehicle operates for a B param between 2 and 10 in a typical day.
A vehicle operates with C param between 0.2 and 5 in a typical day.
A vehicle remains D param between 1 and 5 in a typical day.
A vehicle spends E param between 1 and 5 in a typical day.
A vehicle makes between 20 and 300 F param in a typical day.
A vehicle makes between 20 and 250 G param in a typical day.

Example Python3 code:
# A vehicle operates over a A param between 20 and 110 in a typical day.
def r1(a: float) -> bool:
    return 20 <= a <= 110

# A vehicle operates for a B param between 2 and 10 in a typical day.
def r2(b: float) -> bool:
    return 2 <= b <= 10

# A vehicle operates with C param between 0.2 and 5 in a typical day.
def r3(c: float) -> bool:
    return 0.2 <= c <= 5

# A vehicle remains D param between 1 and 5 in a typical day.
def r4(d: float) -> bool:
    return 1 <= d <= 5

# A vehicle spends E param between 1 and 5 in a typical day.
def r5(e: float) -> bool:
    return 1 <= e <= 5

# A vehicle makes between 20 and 300 F param in a typical day.
def r6(f: float) -> bool:
    return 20 <= f <= 300

# A vehicle makes between 20 and 250 G param in a typical day.
def r7(g: float) -> bool:
    return 20 <= g <= 250


Input text:
Textual context: Total operation time shouldn’t be lower than PTO operation time.
The total operation duration must not be lower than the idle time.
Driving time must always be less than or equal to the total operation time.
The load on axle 1 must not surpass the load on axle 3.
The payload must not exceed the load carried by axle 2.
The payload must always be smaller than or equal to the load on axle 3.
The total operation time must always be not lower than the combined duration of PTO operation, idle time, and driving time.";"```python
def r1(total_operation_time: float, pto_operation_time: float) -> bool:
    return total_operation_time >= pto_operation_time

def r2(total_operation_duration: float, idle_time: float) -> bool:
    return total_operation_duration >= idle_time

def r3(driving_time: float, total_operation_time: float) -> bool:
    return driving_time <= total_operation_time

def r4(axle1_load: float, axle3_load: float) -> bool:
    return axle1_load <= axle3_load

def r5(payload: float, axle2_load: float) -> bool:
    return payload <= axle2_load

def r6(payload: float, axle3_load: float) -> bool:
    return payload <= axle3_load

def r7(total_operation_time: float, pto_operation_time: float, idle_time: float, driving_time: float) -> bool:
    return total_operation_time >= pto_operation_time + idle_time + driving_time
```"
"System Message:
You are a logician with a background in mathematics that translates natural language
reasoning text to Python3 code so that these natural language reasoning problems can be solved.
During the translation, please pay close attention to defining variables and rules.
Do not add any comments from you.
Be guided by the following example:
Example input text:
Textual context: A vehicle operates over a A param between 20 and 110 in a typical day.
A vehicle operates for a B param between 2 and 10 in a typical day.
A vehicle operates with C param between 0.2 and 5 in a typical day.
A vehicle remains D param between 1 and 5 in a typical day.
A vehicle spends E param between 1 and 5 in a typical day.
A vehicle makes between 20 and 300 F param in a typical day.
A vehicle makes between 20 and 250 G param in a typical day.
A vehicle operates at H param between 0 and 80 in a typical day.

Example Python3 code:
# A vehicle operates over a A param between 20 and 110 in a typical day.
def r1(a: float) -> bool:
    return 20 <= a <= 110

# A vehicle operates for a B param between 2 and 10 in a typical day.
def r2(b: float) -> bool:
    return 2 <= b <= 10

# A vehicle operates with C param between 0.2 and 5 in a typical day.
def r3(c: float) -> bool:
    return 0.2 <= c <= 5

# A vehicle remains D param between 1 and 5 in a typical day.
def r4(d: float) -> bool:
    return 1 <= d <= 5

# A vehicle spends E param between 1 and 5 in a typical day.
def r5(e: float) -> bool:
    return 1 <= e <= 5

# A vehicle makes between 20 and 300 F param in a typical day.
def r6(f: float) -> bool:
    return 20 <= f <= 300

# A vehicle makes between 20 and 250 G param in a typical day.
def r7(g: float) -> bool:
    return 20 <= g <= 250

# A vehicle operates at H param between 0 and 80 in a typical day.
def r8(h: float) -> bool:
    return 0 <= h <= 80


Input text:
Textual context: PTO operation time cannot be greater than the total operation time.
The total operation duration must not be lower than the idle time.
Driving time cannot be greater than the total operation time.
The load supported by axle 1 cannot exceed that of axle 2.
The load on axle 1 must not surpass the load on axle 3.
Axle 2's load must always be equal to or greater than the payload.
Payload must remain below or equal to the load carried by axle 3.
The total operation duration must always be greater than or equal to the combined time for PTO, idle, and driving.";"```python
def r1(pto_time: float, total_time: float) -> bool:
    return pto_time <= total_time

def r2(total_time: float, idle_time: float) -> bool:
    return total_time >= idle_time

def r3(driving_time: float, total_time: float) -> bool:
    return driving_time <= total_time

def r4(axle1_load: float, axle2_load: float) -> bool:
    return axle1_load <= axle2_load

def r5(axle1_load: float, axle3_load: float) -> bool:
    return axle1_load <= axle3_load

def r6(axle2_load: float, payload: float) -> bool:
    return axle2_load >= payload

def r7(payload: float, axle3_load: float) -> bool:
    return payload <= axle3_load

def r8(total_time: float, pto_time: float, idle_time: float, driving_time: float) -> bool:
    return total_time >= pto_time + idle_time + driving_time
```"
"System Message:
You are a logician with a background in mathematics that translates natural language
reasoning text to Python3 code so that these natural language reasoning problems can be solved.
During the translation, please pay close attention to defining variables and rules.
Do not add any comments from you.
Be guided by the following example:
Example input text:
Textual context: A vehicle operates over a A param between 20 and 110 in a typical day.
A vehicle operates for a B param between 2 and 10 in a typical day.
A vehicle operates with C param between 0.2 and 5 in a typical day.
A vehicle remains D param between 1 and 5 in a typical day.
A vehicle spends E param between 1 and 5 in a typical day.
A vehicle makes between 20 and 300 F param in a typical day.
A vehicle makes between 20 and 250 G param in a typical day.
A vehicle operates at H param between 0 and 80 in a typical day.

Example Python3 code:
# A vehicle operates over a A param between 20 and 110 in a typical day.
def r1(a: float) -> bool:
    return 20 <= a <= 110

# A vehicle operates for a B param between 2 and 10 in a typical day.
def r2(b: float) -> bool:
    return 2 <= b <= 10

# A vehicle operates with C param between 0.2 and 5 in a typical day.
def r3(c: float) -> bool:
    return 0.2 <= c <= 5

# A vehicle remains D param between 1 and 5 in a typical day.
def r4(d: float) -> bool:
    return 1 <= d <= 5

# A vehicle spends E param between 1 and 5 in a typical day.
def r5(e: float) -> bool:
    return 1 <= e <= 5

# A vehicle makes between 20 and 300 F param in a typical day.
def r6(f: float) -> bool:
    return 20 <= f <= 300

# A vehicle makes between 20 and 250 G param in a typical day.
def r7(g: float) -> bool:
    return 20 <= g <= 250

# A vehicle operates at H param between 0 and 80 in a typical day.
def r8(h: float) -> bool:
    return 0 <= h <= 80


Input text:
Textual context: The total operation duration must not be lower than the PTO operation time.
Idle time should be less than or equal to the total operation time.
The number of stops where PTO is engaged must not exceed the overall stop count.
The weight on axle 1 cannot surpass the weight on axle 2.
Axle 1's load cannot exceed Axle 3's load.
Payload must remain below or equal to the load carried by axle 3.
The total operation duration must always be greater than or equal to the combined time for PTO, idle, and driving.";"```python
def r1(total_operation_duration: float, pto_operation_time: float) -> bool:
    return total_operation_duration >= pto_operation_time

def r2(idle_time: float, total_operation_time: float) -> bool:
    return idle_time <= total_operation_time

def r3(pto_engaged_stops: float, overall_stops: float) -> bool:
    return pto_engaged_stops <= overall_stops

def r4(axle1_weight: float, axle2_weight: float) -> bool:
    return axle1_weight <= axle2_weight

def r5(axle1_load: float, axle3_load: float) -> bool:
    return axle1_load <= axle3_load

def r6(payload: float, axle3_load: float) -> bool:
    return payload <= axle3_load

def r7(total_operation_duration: float, pto_time: float, idle_time: float, driving_time: float) -> bool:
    return total_operation_duration >= (pto_time + idle_time + driving_time)
```"
"System Message:
You are a logician with a background in mathematics that translates natural language
reasoning text to Python3 code so that these natural language reasoning problems can be solved.
During the translation, please pay close attention to defining variables and rules.
Do not add any comments from you.
Be guided by the following example:
Example input text:
Textual context: A vehicle operates over a A param between 20 and 110 in a typical day.
A vehicle operates for a B param between 2 and 10 in a typical day.
A vehicle operates with C param between 0.2 and 5 in a typical day.
A vehicle remains D param between 1 and 5 in a typical day.
A vehicle spends E param between 1 and 5 in a typical day.
A vehicle makes between 20 and 300 F param in a typical day.
A vehicle makes between 20 and 250 G param in a typical day.
A vehicle operates at H param between 0 and 80 in a typical day.

Example Python3 code:
# A vehicle operates over a A param between 20 and 110 in a typical day.
def r1(a: float) -> bool:
    return 20 <= a <= 110

# A vehicle operates for a B param between 2 and 10 in a typical day.
def r2(b: float) -> bool:
    return 2 <= b <= 10

# A vehicle operates with C param between 0.2 and 5 in a typical day.
def r3(c: float) -> bool:
    return 0.2 <= c <= 5

# A vehicle remains D param between 1 and 5 in a typical day.
def r4(d: float) -> bool:
    return 1 <= d <= 5

# A vehicle spends E param between 1 and 5 in a typical day.
def r5(e: float) -> bool:
    return 1 <= e <= 5

# A vehicle makes between 20 and 300 F param in a typical day.
def r6(f: float) -> bool:
    return 20 <= f <= 300

# A vehicle makes between 20 and 250 G param in a typical day.
def r7(g: float) -> bool:
    return 20 <= g <= 250

# A vehicle operates at H param between 0 and 80 in a typical day.
def r8(h: float) -> bool:
    return 0 <= h <= 80


Input text:
Textual context: PTO operation time must be less than or equal to the total operation time.
Idle time should be less than or equal to the total operation time.
Driving time cannot be greater than the total operation time.
The number of stops where PTO is engaged must not exceed the overall stop count.
The load on axle 1 must not surpass the load on axle 2.
The payload must always be smaller than or equal to the load on axle 2.
The payload cannot exceed the capacity of axle 3.";"```python
def r1(pto_time: float, total_time: float) -> bool:
    return pto_time <= total_time

def r2(idle_time: float, total_time: float) -> bool:
    return idle_time <= total_time

def r3(driving_time: float, total_time: float) -> bool:
    return driving_time <= total_time

def r4(pto_engaged_stops: int, overall_stops: int) -> bool:
    return pto_engaged_stops <= overall_stops

def r5(axle1_load: float, axle2_load: float) -> bool:
    return axle1_load <= axle2_load

def r6(payload: float, axle2_load: float) -> bool:
    return payload <= axle2_load

def r7(payload: float, axle3_capacity: float) -> bool:
    return payload <= axle3_capacity
```"
"System Message:
You are a logician with a background in mathematics that translates natural language
reasoning text to Python3 code so that these natural language reasoning problems can be solved.
During the translation, please pay close attention to defining variables and rules.
Do not add any comments from you.
Be guided by the following example:
Example input text:
Textual context: A vehicle operates over a A param between 20 and 110 in a typical day.
A vehicle operates for a B param between 2 and 10 in a typical day.
A vehicle operates with C param between 0.2 and 5 in a typical day.
A vehicle remains D param between 1 and 5 in a typical day.
A vehicle spends E param between 1 and 5 in a typical day.
A vehicle makes between 20 and 300 F param in a typical day.
A vehicle makes between 20 and 250 G param in a typical day.
A vehicle operates at H param between 0 and 80 in a typical day.

Example Python3 code:
# A vehicle operates over a A param between 20 and 110 in a typical day.
def r1(a: float) -> bool:
    return 20 <= a <= 110

# A vehicle operates for a B param between 2 and 10 in a typical day.
def r2(b: float) -> bool:
    return 2 <= b <= 10

# A vehicle operates with C param between 0.2 and 5 in a typical day.
def r3(c: float) -> bool:
    return 0.2 <= c <= 5

# A vehicle remains D param between 1 and 5 in a typical day.
def r4(d: float) -> bool:
    return 1 <= d <= 5

# A vehicle spends E param between 1 and 5 in a typical day.
def r5(e: float) -> bool:
    return 1 <= e <= 5

# A vehicle makes between 20 and 300 F param in a typical day.
def r6(f: float) -> bool:
    return 20 <= f <= 300

# A vehicle makes between 20 and 250 G param in a typical day.
def r7(g: float) -> bool:
    return 20 <= g <= 250

# A vehicle operates at H param between 0 and 80 in a typical day.
def r8(h: float) -> bool:
    return 0 <= h <= 80


Input text:
Textual context: PTO operation time should be less than or equal to the total operation time.
Idle time must always be less than or equal to the total operation time.
Driving time must always be less than or equal to the total operation time.
PTO-engaged stops cannot exceed the total number of stops.
Axle 1's load cannot exceed Axle 2's load.
The weight on axle 1 cannot surpass the weight on axle 3.
Payload must remain below or equal to the load carried by axle 2.
Total operation time should be at least the sum of PTO, idle, and driving times.";"```python
def r1(pto: float, total: float) -> bool:
    return pto <= total

def r2(idle: float, total: float) -> bool:
    return idle <= total

def r3(driving: float, total: float) -> bool:
    return driving <= total

def r4(pto_stops: float, total_stops: float) -> bool:
    return pto_stops <= total_stops

def r5(axle1: float, axle2: float) -> bool:
    return axle1 <= axle2

def r6(axle1: float, axle3: float) -> bool:
    return axle1 <= axle3

def r7(payload: float, axle2_load: float) -> bool:
    return payload <= axle2_load

def r8(total: float, pto: float, idle: float, driving: float) -> bool:
    return total >= pto + idle + driving
```"
"System Message:
You are a logician with a background in mathematics that translates natural language
reasoning text to Python3 code so that these natural language reasoning problems can be solved.
During the translation, please pay close attention to defining variables and rules.
Do not add any comments from you.
Be guided by the following example:
Example input text:
Textual context: A vehicle operates over a A param between 20 and 110 in a typical day.
A vehicle operates for a B param between 2 and 10 in a typical day.
A vehicle operates with C param between 0.2 and 5 in a typical day.
A vehicle remains D param between 1 and 5 in a typical day.
A vehicle spends E param between 1 and 5 in a typical day.
A vehicle makes between 20 and 300 F param in a typical day.
A vehicle makes between 20 and 250 G param in a typical day.
A vehicle operates at H param between 0 and 80 in a typical day.

Example Python3 code:
# A vehicle operates over a A param between 20 and 110 in a typical day.
def r1(a: float) -> bool:
    return 20 <= a <= 110

# A vehicle operates for a B param between 2 and 10 in a typical day.
def r2(b: float) -> bool:
    return 2 <= b <= 10

# A vehicle operates with C param between 0.2 and 5 in a typical day.
def r3(c: float) -> bool:
    return 0.2 <= c <= 5

# A vehicle remains D param between 1 and 5 in a typical day.
def r4(d: float) -> bool:
    return 1 <= d <= 5

# A vehicle spends E param between 1 and 5 in a typical day.
def r5(e: float) -> bool:
    return 1 <= e <= 5

# A vehicle makes between 20 and 300 F param in a typical day.
def r6(f: float) -> bool:
    return 20 <= f <= 300

# A vehicle makes between 20 and 250 G param in a typical day.
def r7(g: float) -> bool:
    return 20 <= g <= 250

# A vehicle operates at H param between 0 and 80 in a typical day.
def r8(h: float) -> bool:
    return 0 <= h <= 80


Input text:
Textual context: PTO operation time should be less than or equal to the total operation time.
Driving time cannot be greater than the total operation time.
Stops with PTO engaged cannot outnumber the total stops.
The load supported by axle 1 cannot exceed that of axle 2.
The weight on axle 1 cannot surpass the weight on axle 3.
The payload must not exceed the load carried by axle 2.
Axle 3's load must always be equal to or greater than the payload.";"```python
def r1(pto_time: float, total_time: float) -> bool:
    return pto_time <= total_time

def r2(driving_time: float, total_time: float) -> bool:
    return driving_time <= total_time

def r3(pto_stops: float, total_stops: float) -> bool:
    return pto_stops <= total_stops

def r4(axle1_load: float, axle2_load: float) -> bool:
    return axle1_load <= axle2_load

def r5(axle1_weight: float, axle3_weight: float) -> bool:
    return axle1_weight <= axle3_weight

def r6(payload: float, axle2_load: float) -> bool:
    return payload <= axle2_load

def r7(axle3_load: float, payload: float) -> bool:
    return axle3_load >= payload
```"
"System Message:
You are a logician with a background in mathematics that translates natural language
reasoning text to Python3 code so that these natural language reasoning problems can be solved.
During the translation, please pay close attention to defining variables and rules.
Do not add any comments from you.
Be guided by the following example:
Example input text:
Textual context: A vehicle operates over a A param between 20 and 110 in a typical day.
A vehicle operates for a B param between 2 and 10 in a typical day.
A vehicle operates with C param between 0.2 and 5 in a typical day.
A vehicle remains D param between 1 and 5 in a typical day.
A vehicle spends E param between 1 and 5 in a typical day.
A vehicle makes between 20 and 300 F param in a typical day.
A vehicle makes between 20 and 250 G param in a typical day.
A vehicle operates at H param between 0 and 80 in a typical day.

Example Python3 code:
# A vehicle operates over a A param between 20 and 110 in a typical day.
def r1(a: float) -> bool:
    return 20 <= a <= 110

# A vehicle operates for a B param between 2 and 10 in a typical day.
def r2(b: float) -> bool:
    return 2 <= b <= 10

# A vehicle operates with C param between 0.2 and 5 in a typical day.
def r3(c: float) -> bool:
    return 0.2 <= c <= 5

# A vehicle remains D param between 1 and 5 in a typical day.
def r4(d: float) -> bool:
    return 1 <= d <= 5

# A vehicle spends E param between 1 and 5 in a typical day.
def r5(e: float) -> bool:
    return 1 <= e <= 5

# A vehicle makes between 20 and 300 F param in a typical day.
def r6(f: float) -> bool:
    return 20 <= f <= 300

# A vehicle makes between 20 and 250 G param in a typical day.
def r7(g: float) -> bool:
    return 20 <= g <= 250

# A vehicle operates at H param between 0 and 80 in a typical day.
def r8(h: float) -> bool:
    return 0 <= h <= 80


Input text:
Textual context: Idle time cannot be greater than the total operation time.
Driving time should be less than or equal to the total operation time.
The total stop count must not be lower than the count of stops where PTO is engaged.
The load carried by axle 1 must be smaller than or equal to the load on axle 2.
The load supported by axle 1 cannot exceed that of axle 3.
The payload must not exceed the load carried by axle 2.
The payload must not exceed the load carried by axle 3.
The combined time for PTO operation, idle time, and driving time must not surpass the total operation time.";"```python
# Idle time cannot be greater than the total operation time.
def r9(idle_time: float, total_operation_time: float) -> bool:
    return idle_time <= total_operation_time

# Driving time should be less than or equal to the total operation time.
def r10(driving_time: float, total_operation_time: float) -> bool:
    return driving_time <= total_operation_time

# The total stop count must not be lower than the count of stops where PTO is engaged.
def r11(total_stop_count: int, pto_engaged_stop_count: int) -> bool:
    return total_stop_count >= pto_engaged_stop_count

# The load carried by axle 1 must be smaller than or equal to the load on axle 2.
def r12(axle1_load: float, axle2_load: float) -> bool:
    return axle1_load <= axle2_load

# The load supported by axle 1 cannot exceed that of axle 3.
def r13(axle1_load: float, axle3_load: float) -> bool:
    return axle1_load <= axle3_load

# The payload must not exceed the load carried by axle 2.
def r14(payload: float, axle2_load: float) -> bool:
    return payload <= axle2_load

# The payload must not exceed the load carried by axle 3.
def r15(payload: float, axle3_load: float) -> bool:
    return payload <= axle3_load

# The combined time for PTO operation, idle time, and driving time must not surpass the total operation time.
def r16(pto_operation_time: float, idle_time: float, driving_time: float, total_operation_time: float) -> bool:
    return pto_operation_time + idle_time + driving_time <= total_operation_time
```"
"System Message:
You are a logician with a background in mathematics that translates natural language
reasoning text to Python3 code so that these natural language reasoning problems can be solved.
During the translation, please pay close attention to defining variables and rules.
Do not add any comments from you.
Be guided by the following example:
Example input text:
Textual context: A vehicle operates over a A param between 20 and 110 in a typical day.
A vehicle operates for a B param between 2 and 10 in a typical day.
A vehicle operates with C param between 0.2 and 5 in a typical day.
A vehicle remains D param between 1 and 5 in a typical day.
A vehicle spends E param between 1 and 5 in a typical day.
A vehicle makes between 20 and 300 F param in a typical day.
A vehicle makes between 20 and 250 G param in a typical day.
A vehicle operates at H param between 0 and 80 in a typical day.

Example Python3 code:
# A vehicle operates over a A param between 20 and 110 in a typical day.
def r1(a: float) -> bool:
    return 20 <= a <= 110

# A vehicle operates for a B param between 2 and 10 in a typical day.
def r2(b: float) -> bool:
    return 2 <= b <= 10

# A vehicle operates with C param between 0.2 and 5 in a typical day.
def r3(c: float) -> bool:
    return 0.2 <= c <= 5

# A vehicle remains D param between 1 and 5 in a typical day.
def r4(d: float) -> bool:
    return 1 <= d <= 5

# A vehicle spends E param between 1 and 5 in a typical day.
def r5(e: float) -> bool:
    return 1 <= e <= 5

# A vehicle makes between 20 and 300 F param in a typical day.
def r6(f: float) -> bool:
    return 20 <= f <= 300

# A vehicle makes between 20 and 250 G param in a typical day.
def r7(g: float) -> bool:
    return 20 <= g <= 250

# A vehicle operates at H param between 0 and 80 in a typical day.
def r8(h: float) -> bool:
    return 0 <= h <= 80


Input text:
Textual context: PTO operation time should be less than or equal to the total operation time.
Idle time should be less than or equal to the total operation time.
Driving time cannot be greater than the total operation time.
The total stop count must not be lower than the count of stops where PTO is engaged.
Axle 1's load cannot exceed Axle 2's load.
The load carried by axle 1 must be smaller than or equal to the load on axle 3.
The payload cannot exceed the capacity of axle 3.
The combined time for PTO operation, idle time, and driving time must not surpass the total operation time.";"```python
# PTO operation time should be less than or equal to the total operation time.
def r9(pto: float, total: float) -> bool:
    return pto <= total

# Idle time should be less than or equal to the total operation time.
def r10(idle: float, total: float) -> bool:
    return idle <= total

# Driving time cannot be greater than the total operation time.
def r11(driving: float, total: float) -> bool:
    return driving <= total

# The total stop count must not be lower than the count of stops where PTO is engaged.
def r12(total_stops: int, pto_stops: int) -> bool:
    return total_stops >= pto_stops

# Axle 1's load cannot exceed Axle 2's load.
def r13(axle1: float, axle2: float) -> bool:
    return axle1 <= axle2

# The load carried by axle 1 must be smaller than or equal to the load on axle 3.
def r14(axle1: float, axle3: float) -> bool:
    return axle1 <= axle3

# The payload cannot exceed the capacity of axle 3.
def r15(payload: float, axle3_capacity: float) -> bool:
    return payload <= axle3_capacity

# The combined time for PTO operation, idle time, and driving time must not surpass the total operation time.
def r16(pto: float, idle: float, driving: float, total: float) -> bool:
    return pto + idle + driving <= total
```"
"System Message:
You are a logician with a background in mathematics that translates natural language
reasoning text to Python3 code so that these natural language reasoning problems can be solved.
During the translation, please pay close attention to defining variables and rules.
Do not add any comments from you.
Be guided by the following example:
Example input text:
Textual context: A vehicle operates over a A param between 20 and 110 in a typical day.
A vehicle operates for a B param between 2 and 10 in a typical day.
A vehicle operates with C param between 0.2 and 5 in a typical day.
A vehicle remains D param between 1 and 5 in a typical day.
A vehicle spends E param between 1 and 5 in a typical day.
A vehicle makes between 20 and 300 F param in a typical day.
A vehicle makes between 20 and 250 G param in a typical day.
A vehicle operates at H param between 0 and 80 in a typical day.

Example Python3 code:
# A vehicle operates over a A param between 20 and 110 in a typical day.
def r1(a: float) -> bool:
    return 20 <= a <= 110

# A vehicle operates for a B param between 2 and 10 in a typical day.
def r2(b: float) -> bool:
    return 2 <= b <= 10

# A vehicle operates with C param between 0.2 and 5 in a typical day.
def r3(c: float) -> bool:
    return 0.2 <= c <= 5

# A vehicle remains D param between 1 and 5 in a typical day.
def r4(d: float) -> bool:
    return 1 <= d <= 5

# A vehicle spends E param between 1 and 5 in a typical day.
def r5(e: float) -> bool:
    return 1 <= e <= 5

# A vehicle makes between 20 and 300 F param in a typical day.
def r6(f: float) -> bool:
    return 20 <= f <= 300

# A vehicle makes between 20 and 250 G param in a typical day.
def r7(g: float) -> bool:
    return 20 <= g <= 250

# A vehicle operates at H param between 0 and 80 in a typical day.
def r8(h: float) -> bool:
    return 0 <= h <= 80


Input text:
Textual context: PTO operation time should be less than or equal to the total operation time.
The total operation duration must not be lower than the idle time.
The total operation durationmust not be lower than the driving time.
Stops with PTO engaged cannot outnumber the total stops.
The load on axle 1 must not surpass the load on axle 2.
Axle 2's load must always be equal to or greater than the payload.
Axle 3's load must always be equal to or greater than the payload.
Total operation time must be greater than or equal to the sum of PTO operation, idle, and driving times.";"```python
# PTO operation time should be less than or equal to the total operation time.
def r9(pto: float, total: float) -> bool:
    return pto <= total

# The total operation duration must not be lower than the idle time.
def r10(total: float, idle: float) -> bool:
    return total >= idle

# The total operation durationmust not be lower than the driving time.
def r11(total: float, driving: float) -> bool:
    return total >= driving

# Stops with PTO engaged cannot outnumber the total stops.
def r12(pto_stops: float, total_stops: float) -> bool:
    return pto_stops <= total_stops

# The load on axle 1 must not surpass the load on axle 2.
def r13(axle1: float, axle2: float) -> bool:
    return axle1 <= axle2

# Axle 2's load must always be equal to or greater than the payload.
def r14(axle2: float, payload: float) -> bool:
    return axle2 >= payload

# Axle 3's load must always be equal to or greater than the payload.
def r15(axle3: float, payload: float) -> bool:
    return axle3 >= payload

# Total operation time must be greater than or equal to the sum of PTO operation, idle, and driving times.
def r16(total: float, pto: float, idle: float, driving: float) -> bool:
    return total >= pto + idle + driving
```"
"System Message:
You are a logician with a background in mathematics that translates natural language
reasoning text to Python3 code so that these natural language reasoning problems can be solved.
During the translation, please pay close attention to defining variables and rules.
Do not add any comments from you.
Be guided by the following example:
Example input text:
Textual context: A vehicle operates over a A param between 20 and 110 in a typical day.
A vehicle operates for a B param between 2 and 10 in a typical day.
A vehicle operates with C param between 0.2 and 5 in a typical day.
A vehicle remains D param between 1 and 5 in a typical day.
A vehicle spends E param between 1 and 5 in a typical day.
A vehicle makes between 20 and 300 F param in a typical day.
A vehicle makes between 20 and 250 G param in a typical day.
A vehicle operates at H param between 0 and 80 in a typical day.

Example Python3 code:
# A vehicle operates over a A param between 20 and 110 in a typical day.
def r1(a: float) -> bool:
    return 20 <= a <= 110

# A vehicle operates for a B param between 2 and 10 in a typical day.
def r2(b: float) -> bool:
    return 2 <= b <= 10

# A vehicle operates with C param between 0.2 and 5 in a typical day.
def r3(c: float) -> bool:
    return 0.2 <= c <= 5

# A vehicle remains D param between 1 and 5 in a typical day.
def r4(d: float) -> bool:
    return 1 <= d <= 5

# A vehicle spends E param between 1 and 5 in a typical day.
def r5(e: float) -> bool:
    return 1 <= e <= 5

# A vehicle makes between 20 and 300 F param in a typical day.
def r6(f: float) -> bool:
    return 20 <= f <= 300

# A vehicle makes between 20 and 250 G param in a typical day.
def r7(g: float) -> bool:
    return 20 <= g <= 250

# A vehicle operates at H param between 0 and 80 in a typical day.
def r8(h: float) -> bool:
    return 0 <= h <= 80


Input text:
Textual context: PTO operation time must be less than or equal to the total operation time.
Idle time cannot be greater than the total operation time.
Driving time should be less than or equal to the total operation time.
PTO-engaged stops cannot exceed the total number of stops.
The load carried by axle 1 must be smaller than or equal to the load on axle 2.
The load on axle 1 must not surpass the load on axle 3.
Axle 2's load must always be equal to or greater than the payload.";"```python
def r1(pto_operation_time: float, total_operation_time: float) -> bool:
    return pto_operation_time <= total_operation_time

def r2(idle_time: float, total_operation_time: float) -> bool:
    return idle_time <= total_operation_time

def r3(driving_time: float, total_operation_time: float) -> bool:
    return driving_time <= total_operation_time

def r4(pto_engaged_stops: float, total_stops: float) -> bool:
    return pto_engaged_stops <= total_stops

def r5(axle1_load: float, axle2_load: float) -> bool:
    return axle1_load <= axle2_load

def r6(axle1_load: float, axle3_load: float) -> bool:
    return axle1_load <= axle3_load

def r7(axle2_load: float, payload: float) -> bool:
    return axle2_load >= payload
```"
"System Message:
You are a logician with a background in mathematics that translates natural language
reasoning text to Python3 code so that these natural language reasoning problems can be solved.
During the translation, please pay close attention to defining variables and rules.
Do not add any comments from you.
Be guided by the following example:
Example input text:
Textual context: A vehicle operates over a A param between 20 and 110 in a typical day.
A vehicle operates for a B param between 2 and 10 in a typical day.
A vehicle operates with C param between 0.2 and 5 in a typical day.
A vehicle remains D param between 1 and 5 in a typical day.
A vehicle spends E param between 1 and 5 in a typical day.
A vehicle makes between 20 and 300 F param in a typical day.
A vehicle makes between 20 and 250 G param in a typical day.
A vehicle operates at H param between 0 and 80 in a typical day.

Example Python3 code:
# A vehicle operates over a A param between 20 and 110 in a typical day.
def r1(a: float) -> bool:
    return 20 <= a <= 110

# A vehicle operates for a B param between 2 and 10 in a typical day.
def r2(b: float) -> bool:
    return 2 <= b <= 10

# A vehicle operates with C param between 0.2 and 5 in a typical day.
def r3(c: float) -> bool:
    return 0.2 <= c <= 5

# A vehicle remains D param between 1 and 5 in a typical day.
def r4(d: float) -> bool:
    return 1 <= d <= 5

# A vehicle spends E param between 1 and 5 in a typical day.
def r5(e: float) -> bool:
    return 1 <= e <= 5

# A vehicle makes between 20 and 300 F param in a typical day.
def r6(f: float) -> bool:
    return 20 <= f <= 300

# A vehicle makes between 20 and 250 G param in a typical day.
def r7(g: float) -> bool:
    return 20 <= g <= 250

# A vehicle operates at H param between 0 and 80 in a typical day.
def r8(h: float) -> bool:
    return 0 <= h <= 80


Input text:
Textual context: The total operation duration must not be lower than the idle time.
The total operation durationmust not be lower than the driving time.
Stops with PTO engaged cannot outnumber the total stops.
The load supported by axle 1 cannot exceed that of axle 2.
The load on axle 1 must not surpass the load on axle 3.
Axle 3's load must always be equal to or greater than the payload.
The total operation duration must always be greater than or equal to the combined time for PTO, idle, and driving.";"```python
def r1(total_operation_duration: float, idle_time: float) -> bool:
    return total_operation_duration >= idle_time

def r2(total_operation_duration: float, driving_time: float) -> bool:
    return total_operation_duration >= driving_time

def r3(stops_with_pto_engaged: int, total_stops: int) -> bool:
    return stops_with_pto_engaged <= total_stops

def r4(axle1_load: float, axle2_load: float) -> bool:
    return axle1_load <= axle2_load

def r5(axle1_load: float, axle3_load: float) -> bool:
    return axle1_load <= axle3_load

def r6(axle3_load: float, payload: float) -> bool:
    return axle3_load >= payload

def r7(total_operation_duration: float, pto_time: float, idle_time: float, driving_time: float) -> bool:
    return total_operation_duration >= (pto_time + idle_time + driving_time)
```"
"System Message:
You are a logician with a background in mathematics that translates natural language
reasoning text to Python3 code so that these natural language reasoning problems can be solved.
During the translation, please pay close attention to defining variables and rules.
Do not add any comments from you.
Be guided by the following example:
Example input text:
Textual context: A vehicle operates over a A param between 20 and 110 in a typical day.
A vehicle operates for a B param between 2 and 10 in a typical day.
A vehicle operates with C param between 0.2 and 5 in a typical day.
A vehicle remains D param between 1 and 5 in a typical day.
A vehicle spends E param between 1 and 5 in a typical day.
A vehicle makes between 20 and 300 F param in a typical day.
A vehicle makes between 20 and 250 G param in a typical day.
A vehicle operates at H param between 0 and 80 in a typical day.

Example Python3 code:
# A vehicle operates over a A param between 20 and 110 in a typical day.
def r1(a: float) -> bool:
    return 20 <= a <= 110

# A vehicle operates for a B param between 2 and 10 in a typical day.
def r2(b: float) -> bool:
    return 2 <= b <= 10

# A vehicle operates with C param between 0.2 and 5 in a typical day.
def r3(c: float) -> bool:
    return 0.2 <= c <= 5

# A vehicle remains D param between 1 and 5 in a typical day.
def r4(d: float) -> bool:
    return 1 <= d <= 5

# A vehicle spends E param between 1 and 5 in a typical day.
def r5(e: float) -> bool:
    return 1 <= e <= 5

# A vehicle makes between 20 and 300 F param in a typical day.
def r6(f: float) -> bool:
    return 20 <= f <= 300

# A vehicle makes between 20 and 250 G param in a typical day.
def r7(g: float) -> bool:
    return 20 <= g <= 250

# A vehicle operates at H param between 0 and 80 in a typical day.
def r8(h: float) -> bool:
    return 0 <= h <= 80


Input text:
Textual context: The total operation duration must not be lower than the PTO operation time.
Idle time must always be less than or equal to the total operation time.
Stops with PTO engaged should never outnumber total stops.
The load supported by axle 1 cannot exceed that of axle 2.
Axle 1's load cannot exceed Axle 3's load.
Axle 2's load must always be equal to or greater than the payload.
The payload must not exceed the load carried by axle 3.
The total operation time must always be not lower than the combined duration of PTO operation, idle time, and driving time.";"```python
def r1(total_operation_duration: float, pto_operation_time: float) -> bool:
    return total_operation_duration >= pto_operation_time

def r2(idle_time: float, total_operation_time: float) -> bool:
    return idle_time <= total_operation_time

def r3(stops_with_pto_engaged: int, total_stops: int) -> bool:
    return stops_with_pto_engaged <= total_stops

def r4(axle1_load: float, axle2_load: float) -> bool:
    return axle1_load <= axle2_load

def r5(axle1_load: float, axle3_load: float) -> bool:
    return axle1_load <= axle3_load

def r6(axle2_load: float, payload: float) -> bool:
    return axle2_load >= payload

def r7(payload: float, axle3_load: float) -> bool:
    return payload <= axle3_load

def r8(total_operation_time: float, pto_operation_duration: float, idle_time: float, driving_time: float) -> bool:
    return total_operation_time >= (pto_operation_duration + idle_time + driving_time)
```"
"System Message:
You are a logician with a background in mathematics that translates natural language
reasoning text to Python3 code so that these natural language reasoning problems can be solved.
During the translation, please pay close attention to defining variables and rules.
Do not add any comments from you.
Be guided by the following example:
Example input text:
Textual context: A vehicle operates over a A param between 20 and 110 in a typical day.
A vehicle operates for a B param between 2 and 10 in a typical day.
A vehicle operates with C param between 0.2 and 5 in a typical day.
A vehicle remains D param between 1 and 5 in a typical day.
A vehicle spends E param between 1 and 5 in a typical day.
A vehicle makes between 20 and 300 F param in a typical day.
A vehicle makes between 20 and 250 G param in a typical day.
A vehicle operates at H param between 0 and 80 in a typical day.

Example Python3 code:
# A vehicle operates over a A param between 20 and 110 in a typical day.
def r1(a: float) -> bool:
    return 20 <= a <= 110

# A vehicle operates for a B param between 2 and 10 in a typical day.
def r2(b: float) -> bool:
    return 2 <= b <= 10

# A vehicle operates with C param between 0.2 and 5 in a typical day.
def r3(c: float) -> bool:
    return 0.2 <= c <= 5

# A vehicle remains D param between 1 and 5 in a typical day.
def r4(d: float) -> bool:
    return 1 <= d <= 5

# A vehicle spends E param between 1 and 5 in a typical day.
def r5(e: float) -> bool:
    return 1 <= e <= 5

# A vehicle makes between 20 and 300 F param in a typical day.
def r6(f: float) -> bool:
    return 20 <= f <= 300

# A vehicle makes between 20 and 250 G param in a typical day.
def r7(g: float) -> bool:
    return 20 <= g <= 250

# A vehicle operates at H param between 0 and 80 in a typical day.
def r8(h: float) -> bool:
    return 0 <= h <= 80


Input text:
Textual context: PTO operation time should be less than or equal to the total operation time.
Idle time must always be less than or equal to the total operation time.
Driving time should be less than or equal to the total operation time.
PTO-engaged stops cannot exceed the total number of stops.
The load supported by axle 1 cannot exceed that of axle 2.
The payload must always be smaller than or equal to the load on axle 2.
Payload must remain below or equal to the load carried by axle 3.
Total operation time should be at least the sum of PTO, idle, and driving times.";"```python
def r1(pto: float, total: float) -> bool:
    return pto <= total

def r2(idle: float, total: float) -> bool:
    return idle <= total

def r3(driving: float, total: float) -> bool:
    return driving <= total

def r4(pto_stops: float, total_stops: float) -> bool:
    return pto_stops <= total_stops

def r5(axle1: float, axle2: float) -> bool:
    return axle1 <= axle2

def r6(payload: float, axle2_load: float) -> bool:
    return payload <= axle2_load

def r7(payload: float, axle3_load: float) -> bool:
    return payload <= axle3_load

def r8(total: float, pto: float, idle: float, driving: float) -> bool:
    return total >= pto + idle + driving
```"
"System Message:
You are a logician with a background in mathematics that translates natural language
reasoning text to Python3 code so that these natural language reasoning problems can be solved.
During the translation, please pay close attention to defining variables and rules.
Do not add any comments from you.
Be guided by the following example:
Example input text:
Textual context: A vehicle operates over a A param between 20 and 110 in a typical day.
A vehicle operates for a B param between 2 and 10 in a typical day.
A vehicle operates with C param between 0.2 and 5 in a typical day.
A vehicle remains D param between 1 and 5 in a typical day.
A vehicle spends E param between 1 and 5 in a typical day.
A vehicle makes between 20 and 300 F param in a typical day.
A vehicle makes between 20 and 250 G param in a typical day.
A vehicle operates at H param between 0 and 80 in a typical day.

Example Python3 code:
# A vehicle operates over a A param between 20 and 110 in a typical day.
def r1(a: float) -> bool:
    return 20 <= a <= 110

# A vehicle operates for a B param between 2 and 10 in a typical day.
def r2(b: float) -> bool:
    return 2 <= b <= 10

# A vehicle operates with C param between 0.2 and 5 in a typical day.
def r3(c: float) -> bool:
    return 0.2 <= c <= 5

# A vehicle remains D param between 1 and 5 in a typical day.
def r4(d: float) -> bool:
    return 1 <= d <= 5

# A vehicle spends E param between 1 and 5 in a typical day.
def r5(e: float) -> bool:
    return 1 <= e <= 5

# A vehicle makes between 20 and 300 F param in a typical day.
def r6(f: float) -> bool:
    return 20 <= f <= 300

# A vehicle makes between 20 and 250 G param in a typical day.
def r7(g: float) -> bool:
    return 20 <= g <= 250

# A vehicle operates at H param between 0 and 80 in a typical day.
def r8(h: float) -> bool:
    return 0 <= h <= 80


Input text:
Textual context: PTO operation time must be less than or equal to the total operation time.
The total operation durationmust not be lower than the driving time.
The load supported by axle 1 cannot exceed that of axle 2.
The load supported by axle 1 cannot exceed that of axle 3.
The payload cannot exceed the capacity of axle 2.
The payload must not exceed the load carried by axle 3.
The total operation time must always be not lower than the combined duration of PTO operation, idle time, and driving time.";"```python
def r1(pto_time: float, total_time: float) -> bool:
    return pto_time <= total_time

def r2(total_duration: float, driving_time: float) -> bool:
    return total_duration >= driving_time

def r3(axle1_load: float, axle2_load: float) -> bool:
    return axle1_load <= axle2_load

def r4(axle1_load: float, axle3_load: float) -> bool:
    return axle1_load <= axle3_load

def r5(payload: float, axle2_capacity: float) -> bool:
    return payload <= axle2_capacity

def r6(payload: float, axle3_load: float) -> bool:
    return payload <= axle3_load

def r7(total_time: float, pto_time: float, idle_time: float, driving_time: float) -> bool:
    return total_time >= pto_time + idle_time + driving_time
```"
"System Message:
You are a logician with a background in mathematics that translates natural language
reasoning text to Python3 code so that these natural language reasoning problems can be solved.
During the translation, please pay close attention to defining variables and rules.
Do not add any comments from you.
Be guided by the following example:
Example input text:
Textual context: A vehicle operates over a A param between 20 and 110 in a typical day.
A vehicle operates for a B param between 2 and 10 in a typical day.
A vehicle operates with C param between 0.2 and 5 in a typical day.
A vehicle remains D param between 1 and 5 in a typical day.
A vehicle spends E param between 1 and 5 in a typical day.
A vehicle makes between 20 and 300 F param in a typical day.
A vehicle makes between 20 and 250 G param in a typical day.
A vehicle operates at H param between 0 and 80 in a typical day.

Example Python3 code:
# A vehicle operates over a A param between 20 and 110 in a typical day.
def r1(a: float) -> bool:
    return 20 <= a <= 110

# A vehicle operates for a B param between 2 and 10 in a typical day.
def r2(b: float) -> bool:
    return 2 <= b <= 10

# A vehicle operates with C param between 0.2 and 5 in a typical day.
def r3(c: float) -> bool:
    return 0.2 <= c <= 5

# A vehicle remains D param between 1 and 5 in a typical day.
def r4(d: float) -> bool:
    return 1 <= d <= 5

# A vehicle spends E param between 1 and 5 in a typical day.
def r5(e: float) -> bool:
    return 1 <= e <= 5

# A vehicle makes between 20 and 300 F param in a typical day.
def r6(f: float) -> bool:
    return 20 <= f <= 300

# A vehicle makes between 20 and 250 G param in a typical day.
def r7(g: float) -> bool:
    return 20 <= g <= 250

# A vehicle operates at H param between 0 and 80 in a typical day.
def r8(h: float) -> bool:
    return 0 <= h <= 80


Input text:
Textual context: Idle time must always be less than or equal to the total operation time.
Driving time cannot be greater than the total operation time.
PTO-engaged stops cannot exceed the total number of stops.
The load supported by axle 1 cannot exceed that of axle 2.
Axle 1's load cannot exceed Axle 3's load.
The payload cannot exceed the capacity of axle 2.
Axle 3's load must always be equal to or greater than the payload.";"```python
def r1(idle_time: float, total_operation_time: float) -> bool:
    return idle_time <= total_operation_time

def r2(driving_time: float, total_operation_time: float) -> bool:
    return driving_time <= total_operation_time

def r3(pto_engaged_stops: float, total_stops: float) -> bool:
    return pto_engaged_stops <= total_stops

def r4(axle1_load: float, axle2_load: float) -> bool:
    return axle1_load <= axle2_load

def r5(axle1_load: float, axle3_load: float) -> bool:
    return axle1_load <= axle3_load

def r6(payload: float, axle2_capacity: float) -> bool:
    return payload <= axle2_capacity

def r7(axle3_load: float, payload: float) -> bool:
    return axle3_load >= payload
```"
"System Message:
You are a logician with a background in mathematics that translates natural language
reasoning text to Python3 code so that these natural language reasoning problems can be solved.
During the translation, please pay close attention to defining variables and rules.
Do not add any comments from you.
Be guided by the following example:
Example input text:
Textual context: A vehicle operates over a A param between 20 and 110 in a typical day.
A vehicle operates for a B param between 2 and 10 in a typical day.
A vehicle operates with C param between 0.2 and 5 in a typical day.
A vehicle remains D param between 1 and 5 in a typical day.
A vehicle spends E param between 1 and 5 in a typical day.
A vehicle makes between 20 and 300 F param in a typical day.
A vehicle makes between 20 and 250 G param in a typical day.
A vehicle operates at H param between 0 and 80 in a typical day.

Example Python3 code:
# A vehicle operates over a A param between 20 and 110 in a typical day.
def r1(a: float) -> bool:
    return 20 <= a <= 110

# A vehicle operates for a B param between 2 and 10 in a typical day.
def r2(b: float) -> bool:
    return 2 <= b <= 10

# A vehicle operates with C param between 0.2 and 5 in a typical day.
def r3(c: float) -> bool:
    return 0.2 <= c <= 5

# A vehicle remains D param between 1 and 5 in a typical day.
def r4(d: float) -> bool:
    return 1 <= d <= 5

# A vehicle spends E param between 1 and 5 in a typical day.
def r5(e: float) -> bool:
    return 1 <= e <= 5

# A vehicle makes between 20 and 300 F param in a typical day.
def r6(f: float) -> bool:
    return 20 <= f <= 300

# A vehicle makes between 20 and 250 G param in a typical day.
def r7(g: float) -> bool:
    return 20 <= g <= 250

# A vehicle operates at H param between 0 and 80 in a typical day.
def r8(h: float) -> bool:
    return 0 <= h <= 80


Input text:
Textual context: PTO operation time cannot be greater than the total operation time.
PTO-engaged stops cannot exceed the total number of stops.
The weight on axle 1 cannot surpass the weight on axle 2.
The weight on axle 1 cannot surpass the weight on axle 3.
The payload cannot exceed the capacity of axle 2.
Payload must remain below or equal to the load carried by axle 3.
The total operation duration must always be greater than or equal to the combined time for PTO, idle, and driving.";"```python
def r1(pto_time: float, total_time: float) -> bool:
    return pto_time <= total_time

def r2(pto_engaged_stops: float, total_stops: float) -> bool:
    return pto_engaged_stops <= total_stops

def r3(axle1_weight: float, axle2_weight: float) -> bool:
    return axle1_weight <= axle2_weight

def r4(axle1_weight: float, axle3_weight: float) -> bool:
    return axle1_weight <= axle3_weight

def r5(payload: float, axle2_capacity: float) -> bool:
    return payload <= axle2_capacity

def r6(payload: float, axle3_load: float) -> bool:
    return payload <= axle3_load

def r7(total_operation_duration: float, pto_time: float, idle_time: float, driving_time: float) -> bool:
    return total_operation_duration >= (pto_time + idle_time + driving_time)
```"
"System Message:
You are a logician with a background in mathematics that translates natural language
reasoning text to Python3 code so that these natural language reasoning problems can be solved.
During the translation, please pay close attention to defining variables and rules.
Do not add any comments from you.
Be guided by the following example:
Example input text:
Textual context: A vehicle operates over a A param between 20 and 110 in a typical day.
A vehicle operates for a B param between 2 and 10 in a typical day.
A vehicle operates with C param between 0.2 and 5 in a typical day.
A vehicle remains D param between 1 and 5 in a typical day.
A vehicle spends E param between 1 and 5 in a typical day.
A vehicle makes between 20 and 300 F param in a typical day.
A vehicle makes between 20 and 250 G param in a typical day.
A vehicle operates at H param between 0 and 80 in a typical day.

Example Python3 code:
# A vehicle operates over a A param between 20 and 110 in a typical day.
def r1(a: float) -> bool:
    return 20 <= a <= 110

# A vehicle operates for a B param between 2 and 10 in a typical day.
def r2(b: float) -> bool:
    return 2 <= b <= 10

# A vehicle operates with C param between 0.2 and 5 in a typical day.
def r3(c: float) -> bool:
    return 0.2 <= c <= 5

# A vehicle remains D param between 1 and 5 in a typical day.
def r4(d: float) -> bool:
    return 1 <= d <= 5

# A vehicle spends E param between 1 and 5 in a typical day.
def r5(e: float) -> bool:
    return 1 <= e <= 5

# A vehicle makes between 20 and 300 F param in a typical day.
def r6(f: float) -> bool:
    return 20 <= f <= 300

# A vehicle makes between 20 and 250 G param in a typical day.
def r7(g: float) -> bool:
    return 20 <= g <= 250

# A vehicle operates at H param between 0 and 80 in a typical day.
def r8(h: float) -> bool:
    return 0 <= h <= 80


Input text:
Textual context: The total operation duration must not be lower than the PTO operation time.
Total operation time should shouldn’t be lower than driving time.
Stops with PTO engaged cannot outnumber the total stops.
Axle 1's load cannot exceed Axle 2's load.
The load on axle 1 must not surpass the load on axle 3.
The payload cannot exceed the capacity of axle 2.
The payload cannot exceed the capacity of axle 3.
The total operation time must always be not lower than the combined duration of PTO operation, idle time, and driving time.";"```python
def r1(pto_operation_time: float, total_operation_duration: float) -> bool:
    return total_operation_duration >= pto_operation_time

def r2(driving_time: float, total_operation_time: float) -> bool:
    return total_operation_time >= driving_time

def r3(total_stops: int, stops_with_pto_engaged: int) -> bool:
    return stops_with_pto_engaged <= total_stops

def r4(axle1_load: float, axle2_load: float) -> bool:
    return axle1_load <= axle2_load

def r5(axle1_load: float, axle3_load: float) -> bool:
    return axle1_load <= axle3_load

def r6(payload: float, axle2_capacity: float) -> bool:
    return payload <= axle2_capacity

def r7(payload: float, axle3_capacity: float) -> bool:
    return payload <= axle3_capacity

def r8(total_operation_time: float, pto_operation_time: float, idle_time: float, driving_time: float) -> bool:
    return total_operation_time >= (pto_operation_time + idle_time + driving_time)
```"
"System Message:
You are a logician with a background in mathematics that translates natural language
reasoning text to Python3 code so that these natural language reasoning problems can be solved.
During the translation, please pay close attention to defining variables and rules.
Do not add any comments from you.
Be guided by the following example:
Example input text:
Textual context: A vehicle operates over a A param between 20 and 110 in a typical day.
A vehicle operates for a B param between 2 and 10 in a typical day.
A vehicle operates with C param between 0.2 and 5 in a typical day.
A vehicle remains D param between 1 and 5 in a typical day.
A vehicle spends E param between 1 and 5 in a typical day.
A vehicle makes between 20 and 300 F param in a typical day.
A vehicle makes between 20 and 250 G param in a typical day.
A vehicle operates at H param between 0 and 80 in a typical day.

Example Python3 code:
# A vehicle operates over a A param between 20 and 110 in a typical day.
def r1(a: float) -> bool:
    return 20 <= a <= 110

# A vehicle operates for a B param between 2 and 10 in a typical day.
def r2(b: float) -> bool:
    return 2 <= b <= 10

# A vehicle operates with C param between 0.2 and 5 in a typical day.
def r3(c: float) -> bool:
    return 0.2 <= c <= 5

# A vehicle remains D param between 1 and 5 in a typical day.
def r4(d: float) -> bool:
    return 1 <= d <= 5

# A vehicle spends E param between 1 and 5 in a typical day.
def r5(e: float) -> bool:
    return 1 <= e <= 5

# A vehicle makes between 20 and 300 F param in a typical day.
def r6(f: float) -> bool:
    return 20 <= f <= 300

# A vehicle makes between 20 and 250 G param in a typical day.
def r7(g: float) -> bool:
    return 20 <= g <= 250

# A vehicle operates at H param between 0 and 80 in a typical day.
def r8(h: float) -> bool:
    return 0 <= h <= 80


Input text:
Textual context: Idle time must always be less than or equal to the total operation time.
The total operation durationmust not be lower than the driving time.
Stops with PTO engaged cannot outnumber the total stops.
The load carried by axle 1 must be smaller than or equal to the load on axle 2.
Axle 1's load cannot exceed Axle 3's load.
The payload cannot exceed the capacity of axle 2.
The combined time for PTO operation, idle time, and driving time must not surpass the total operation time.";"```python
def r1(idle_time: float, total_operation_time: float) -> bool:
    return idle_time <= total_operation_time

def r2(total_operation_duration: float, driving_time: float) -> bool:
    return total_operation_duration >= driving_time

def r3(stops_with_pto_engaged: float, total_stops: float) -> bool:
    return stops_with_pto_engaged <= total_stops

def r4(load_axle_1: float, load_axle_2: float) -> bool:
    return load_axle_1 <= load_axle_2

def r5(load_axle_1: float, load_axle_3: float) -> bool:
    return load_axle_1 <= load_axle_3

def r6(payload: float, capacity_axle_2: float) -> bool:
    return payload <= capacity_axle_2

def r7(pto_operation_time: float, idle_time: float, driving_time: float, total_operation_time: float) -> bool:
    return pto_operation_time + idle_time + driving_time <= total_operation_time
```"
"System Message:
You are a logician with a background in mathematics that translates natural language
reasoning text to Python3 code so that these natural language reasoning problems can be solved.
During the translation, please pay close attention to defining variables and rules.
Do not add any comments from you.
Be guided by the following example:
Example input text:
Textual context: A vehicle operates over a A param between 20 and 110 in a typical day.
A vehicle operates for a B param between 2 and 10 in a typical day.
A vehicle operates with C param between 0.2 and 5 in a typical day.
A vehicle remains D param between 1 and 5 in a typical day.
A vehicle spends E param between 1 and 5 in a typical day.
A vehicle makes between 20 and 300 F param in a typical day.
A vehicle makes between 20 and 250 G param in a typical day.
A vehicle operates at H param between 0 and 80 in a typical day.

Example Python3 code:
# A vehicle operates over a A param between 20 and 110 in a typical day.
def r1(a: float) -> bool:
    return 20 <= a <= 110

# A vehicle operates for a B param between 2 and 10 in a typical day.
def r2(b: float) -> bool:
    return 2 <= b <= 10

# A vehicle operates with C param between 0.2 and 5 in a typical day.
def r3(c: float) -> bool:
    return 0.2 <= c <= 5

# A vehicle remains D param between 1 and 5 in a typical day.
def r4(d: float) -> bool:
    return 1 <= d <= 5

# A vehicle spends E param between 1 and 5 in a typical day.
def r5(e: float) -> bool:
    return 1 <= e <= 5

# A vehicle makes between 20 and 300 F param in a typical day.
def r6(f: float) -> bool:
    return 20 <= f <= 300

# A vehicle makes between 20 and 250 G param in a typical day.
def r7(g: float) -> bool:
    return 20 <= g <= 250

# A vehicle operates at H param between 0 and 80 in a typical day.
def r8(h: float) -> bool:
    return 0 <= h <= 80


Input text:
Textual context: PTO operation time cannot be greater than the total operation time.
The total operation duration must not be lower than the idle time.
Driving time cannot be greater than the total operation time.
Stops with PTO engaged should never outnumber total stops.
The weight on axle 1 cannot surpass the weight on axle 2.
The weight on axle 1 cannot surpass the weight on axle 3.
Axle 2's load must always be equal to or greater than the payload.
The total operation duration must always be greater than or equal to the combined time for PTO, idle, and driving.";"```python
# PTO operation time cannot be greater than the total operation time.
def r1(pto: float, total: float) -> bool:
    return pto <= total

# The total operation duration must not be lower than the idle time.
def r2(total: float, idle: float) -> bool:
    return total >= idle

# Driving time cannot be greater than the total operation time.
def r3(driving: float, total: float) -> bool:
    return driving <= total

# Stops with PTO engaged should never outnumber total stops.
def r4(pto_stops: float, total_stops: float) -> bool:
    return pto_stops <= total_stops

# The weight on axle 1 cannot surpass the weight on axle 2.
def r5(axle1: float, axle2: float) -> bool:
    return axle1 <= axle2

# The weight on axle 1 cannot surpass the weight on axle 3.
def r6(axle1: float, axle3: float) -> bool:
    return axle1 <= axle3

# Axle 2's load must always be equal to or greater than the payload.
def r7(axle2: float, payload: float) -> bool:
    return axle2 >= payload

# The total operation duration must always be greater than or equal to the combined time for PTO, idle, and driving.
def r8(total: float, pto: float, idle: float, driving: float) -> bool:
    return total >= (pto + idle + driving)
```"
"System Message:
You are a logician with a background in mathematics that translates natural language
reasoning text to Python3 code so that these natural language reasoning problems can be solved.
During the translation, please pay close attention to defining variables and rules.
Do not add any comments from you.
Be guided by the following example:
Example input text:
Textual context: A vehicle operates over a A param between 20 and 110 in a typical day.
A vehicle operates for a B param between 2 and 10 in a typical day.
A vehicle operates with C param between 0.2 and 5 in a typical day.
A vehicle remains D param between 1 and 5 in a typical day.
A vehicle spends E param between 1 and 5 in a typical day.
A vehicle makes between 20 and 300 F param in a typical day.
A vehicle makes between 20 and 250 G param in a typical day.
A vehicle operates at H param between 0 and 80 in a typical day.

Example Python3 code:
# A vehicle operates over a A param between 20 and 110 in a typical day.
def r1(a: float) -> bool:
    return 20 <= a <= 110

# A vehicle operates for a B param between 2 and 10 in a typical day.
def r2(b: float) -> bool:
    return 2 <= b <= 10

# A vehicle operates with C param between 0.2 and 5 in a typical day.
def r3(c: float) -> bool:
    return 0.2 <= c <= 5

# A vehicle remains D param between 1 and 5 in a typical day.
def r4(d: float) -> bool:
    return 1 <= d <= 5

# A vehicle spends E param between 1 and 5 in a typical day.
def r5(e: float) -> bool:
    return 1 <= e <= 5

# A vehicle makes between 20 and 300 F param in a typical day.
def r6(f: float) -> bool:
    return 20 <= f <= 300

# A vehicle makes between 20 and 250 G param in a typical day.
def r7(g: float) -> bool:
    return 20 <= g <= 250

# A vehicle operates at H param between 0 and 80 in a typical day.
def r8(h: float) -> bool:
    return 0 <= h <= 80


Input text:
Textual context: PTO operation time cannot be greater than the total operation time.
Idle time must always be less than or equal to the total operation time.
The total operation durationmust not be lower than the driving time.
The load carried by axle 1 must be smaller than or equal to the load on axle 2.
The weight on axle 1 cannot surpass the weight on axle 3.
The payload cannot exceed the capacity of axle 2.
The combined time for PTO operation, idle time, and driving time must not surpass the total operation time.";"```python
def r1(pto_time: float, total_time: float) -> bool:
    return pto_time <= total_time

def r2(idle_time: float, total_time: float) -> bool:
    return idle_time <= total_time

def r3(total_duration: float, driving_time: float) -> bool:
    return total_duration >= driving_time

def r4(axle1_load: float, axle2_load: float) -> bool:
    return axle1_load <= axle2_load

def r5(axle1_weight: float, axle3_weight: float) -> bool:
    return axle1_weight <= axle3_weight

def r6(payload: float, axle2_capacity: float) -> bool:
    return payload <= axle2_capacity

def r7(pto_time: float, idle_time: float, driving_time: float, total_time: float) -> bool:
    return pto_time + idle_time + driving_time <= total_time
```"
"System Message:
You are a logician with a background in mathematics that translates natural language
reasoning text to Python3 code so that these natural language reasoning problems can be solved.
During the translation, please pay close attention to defining variables and rules.
Do not add any comments from you.
Be guided by the following example:
Example input text:
Textual context: A vehicle operates over a A param between 20 and 110 in a typical day.
A vehicle operates for a B param between 2 and 10 in a typical day.
A vehicle operates with C param between 0.2 and 5 in a typical day.
A vehicle remains D param between 1 and 5 in a typical day.
A vehicle spends E param between 1 and 5 in a typical day.
A vehicle makes between 20 and 300 F param in a typical day.
A vehicle makes between 20 and 250 G param in a typical day.
A vehicle operates at H param between 0 and 80 in a typical day.

Example Python3 code:
# A vehicle operates over a A param between 20 and 110 in a typical day.
def r1(a: float) -> bool:
    return 20 <= a <= 110

# A vehicle operates for a B param between 2 and 10 in a typical day.
def r2(b: float) -> bool:
    return 2 <= b <= 10

# A vehicle operates with C param between 0.2 and 5 in a typical day.
def r3(c: float) -> bool:
    return 0.2 <= c <= 5

# A vehicle remains D param between 1 and 5 in a typical day.
def r4(d: float) -> bool:
    return 1 <= d <= 5

# A vehicle spends E param between 1 and 5 in a typical day.
def r5(e: float) -> bool:
    return 1 <= e <= 5

# A vehicle makes between 20 and 300 F param in a typical day.
def r6(f: float) -> bool:
    return 20 <= f <= 300

# A vehicle makes between 20 and 250 G param in a typical day.
def r7(g: float) -> bool:
    return 20 <= g <= 250

# A vehicle operates at H param between 0 and 80 in a typical day.
def r8(h: float) -> bool:
    return 0 <= h <= 80


Input text:
Textual context: PTO operation time should be less than or equal to the total operation time.
Driving time must always be less than or equal to the total operation time.
Stops with PTO engaged should never outnumber total stops.
The load carried by axle 1 must be smaller than or equal to the load on axle 2.
Axle 1's load cannot exceed Axle 3's load.
Axle 2's load must always be equal to or greater than the payload.
The combined time for PTO operation, idle time, and driving time must not surpass the total operation time.";"```python
# PTO operation time should be less than or equal to the total operation time.
def r1(pto_time: float, total_time: float) -> bool:
    return pto_time <= total_time

# Driving time must always be less than or equal to the total operation time.
def r2(driving_time: float, total_time: float) -> bool:
    return driving_time <= total_time

# Stops with PTO engaged should never outnumber total stops.
def r3(pto_stops: int, total_stops: int) -> bool:
    return pto_stops <= total_stops

# The load carried by axle 1 must be smaller than or equal to the load on axle 2.
def r4(axle1_load: float, axle2_load: float) -> bool:
    return axle1_load <= axle2_load

# Axle 1's load cannot exceed Axle 3's load.
def r5(axle1_load: float, axle3_load: float) -> bool:
    return axle1_load <= axle3_load

# Axle 2's load must always be equal to or greater than the payload.
def r6(axle2_load: float, payload: float) -> bool:
    return axle2_load >= payload

# The combined time for PTO operation, idle time, and driving time must not surpass the total operation time.
def r7(pto_time: float, idle_time: float, driving_time: float, total_time: float) -> bool:
    return pto_time + idle_time + driving_time <= total_time
```"
"System Message:
You are a logician with a background in mathematics that translates natural language
reasoning text to Python3 code so that these natural language reasoning problems can be solved.
During the translation, please pay close attention to defining variables and rules.
Do not add any comments from you.
Be guided by the following example:
Example input text:
Textual context: A vehicle operates over a A param between 20 and 110 in a typical day.
A vehicle operates for a B param between 2 and 10 in a typical day.
A vehicle operates with C param between 0.2 and 5 in a typical day.
A vehicle remains D param between 1 and 5 in a typical day.
A vehicle spends E param between 1 and 5 in a typical day.
A vehicle makes between 20 and 300 F param in a typical day.
A vehicle makes between 20 and 250 G param in a typical day.
A vehicle operates at H param between 0 and 80 in a typical day.

Example Python3 code:
# A vehicle operates over a A param between 20 and 110 in a typical day.
def r1(a: float) -> bool:
    return 20 <= a <= 110

# A vehicle operates for a B param between 2 and 10 in a typical day.
def r2(b: float) -> bool:
    return 2 <= b <= 10

# A vehicle operates with C param between 0.2 and 5 in a typical day.
def r3(c: float) -> bool:
    return 0.2 <= c <= 5

# A vehicle remains D param between 1 and 5 in a typical day.
def r4(d: float) -> bool:
    return 1 <= d <= 5

# A vehicle spends E param between 1 and 5 in a typical day.
def r5(e: float) -> bool:
    return 1 <= e <= 5

# A vehicle makes between 20 and 300 F param in a typical day.
def r6(f: float) -> bool:
    return 20 <= f <= 300

# A vehicle makes between 20 and 250 G param in a typical day.
def r7(g: float) -> bool:
    return 20 <= g <= 250

# A vehicle operates at H param between 0 and 80 in a typical day.
def r8(h: float) -> bool:
    return 0 <= h <= 80


Input text:
Textual context: The total operation duration must not be lower than the PTO operation time.
The total operation durationmust not be lower than the driving time.
Stops with PTO engaged cannot outnumber the total stops.
Axle 1's load cannot exceed Axle 2's load.
The payload must not exceed the load carried by axle 2.
The payload must not exceed the load carried by axle 3.
Total operation time should be at least the sum of PTO, idle, and driving times.";"```python
def r1(total_operation_duration: float, pto_operation_time: float) -> bool:
    return total_operation_duration >= pto_operation_time

def r2(total_operation_duration: float, driving_time: float) -> bool:
    return total_operation_duration >= driving_time

def r3(stops_with_pto_engaged: int, total_stops: int) -> bool:
    return stops_with_pto_engaged <= total_stops

def r4(axle1_load: float, axle2_load: float) -> bool:
    return axle1_load <= axle2_load

def r5(payload: float, axle2_load: float) -> bool:
    return payload <= axle2_load

def r6(payload: float, axle3_load: float) -> bool:
    return payload <= axle3_load

def r7(total_operation_time: float, pto_time: float, idle_time: float, driving_time: float) -> bool:
    return total_operation_time >= (pto_time + idle_time + driving_time)
```"
"System Message:
You are a logician with a background in mathematics that translates natural language
reasoning text to Python3 code so that these natural language reasoning problems can be solved.
During the translation, please pay close attention to defining variables and rules.
Do not add any comments from you.
Be guided by the following example:
Example input text:
Textual context: A vehicle operates over a A param between 20 and 110 in a typical day.
A vehicle operates for a B param between 2 and 10 in a typical day.
A vehicle operates with C param between 0.2 and 5 in a typical day.
A vehicle remains D param between 1 and 5 in a typical day.
A vehicle spends E param between 1 and 5 in a typical day.
A vehicle makes between 20 and 300 F param in a typical day.
A vehicle makes between 20 and 250 G param in a typical day.
A vehicle operates at H param between 0 and 80 in a typical day.

Example Python3 code:
# A vehicle operates over a A param between 20 and 110 in a typical day.
def r1(a: float) -> bool:
    return 20 <= a <= 110

# A vehicle operates for a B param between 2 and 10 in a typical day.
def r2(b: float) -> bool:
    return 2 <= b <= 10

# A vehicle operates with C param between 0.2 and 5 in a typical day.
def r3(c: float) -> bool:
    return 0.2 <= c <= 5

# A vehicle remains D param between 1 and 5 in a typical day.
def r4(d: float) -> bool:
    return 1 <= d <= 5

# A vehicle spends E param between 1 and 5 in a typical day.
def r5(e: float) -> bool:
    return 1 <= e <= 5

# A vehicle makes between 20 and 300 F param in a typical day.
def r6(f: float) -> bool:
    return 20 <= f <= 300

# A vehicle makes between 20 and 250 G param in a typical day.
def r7(g: float) -> bool:
    return 20 <= g <= 250

# A vehicle operates at H param between 0 and 80 in a typical day.
def r8(h: float) -> bool:
    return 0 <= h <= 80


Input text:
Textual context: PTO operation time must be less than or equal to the total operation time.
Idle time must always be less than or equal to the total operation time.
Total operation time should shouldn’t be lower than driving time.
The weight on axle 1 cannot surpass the weight on axle 2.
The load carried by axle 1 must be smaller than or equal to the load on axle 3.
Axle 3's load must always be equal to or greater than the payload.
The combined time for PTO operation, idle time, and driving time must not surpass the total operation time.";"```python
def r1(pto_time: float, total_time: float) -> bool:
    return pto_time <= total_time

def r2(idle_time: float, total_time: float) -> bool:
    return idle_time <= total_time

def r3(total_time: float, driving_time: float) -> bool:
    return total_time >= driving_time

def r4(axle1_weight: float, axle2_weight: float) -> bool:
    return axle1_weight <= axle2_weight

def r5(axle1_load: float, axle3_load: float) -> bool:
    return axle1_load <= axle3_load

def r6(axle3_load: float, payload: float) -> bool:
    return axle3_load >= payload

def r7(pto_time: float, idle_time: float, driving_time: float, total_time: float) -> bool:
    return pto_time + idle_time + driving_time <= total_time
```"
"System Message:
You are a logician with a background in mathematics that translates natural language
reasoning text to Python3 code so that these natural language reasoning problems can be solved.
During the translation, please pay close attention to defining variables and rules.
Do not add any comments from you.
Be guided by the following example:
Example input text:
Textual context: A vehicle operates over a A param between 20 and 110 in a typical day.
A vehicle operates for a B param between 2 and 10 in a typical day.
A vehicle operates with C param between 0.2 and 5 in a typical day.
A vehicle remains D param between 1 and 5 in a typical day.
A vehicle spends E param between 1 and 5 in a typical day.
A vehicle makes between 20 and 300 F param in a typical day.
A vehicle makes between 20 and 250 G param in a typical day.
A vehicle operates at H param between 0 and 80 in a typical day.

Example Python3 code:
# A vehicle operates over a A param between 20 and 110 in a typical day.
def r1(a: float) -> bool:
    return 20 <= a <= 110

# A vehicle operates for a B param between 2 and 10 in a typical day.
def r2(b: float) -> bool:
    return 2 <= b <= 10

# A vehicle operates with C param between 0.2 and 5 in a typical day.
def r3(c: float) -> bool:
    return 0.2 <= c <= 5

# A vehicle remains D param between 1 and 5 in a typical day.
def r4(d: float) -> bool:
    return 1 <= d <= 5

# A vehicle spends E param between 1 and 5 in a typical day.
def r5(e: float) -> bool:
    return 1 <= e <= 5

# A vehicle makes between 20 and 300 F param in a typical day.
def r6(f: float) -> bool:
    return 20 <= f <= 300

# A vehicle makes between 20 and 250 G param in a typical day.
def r7(g: float) -> bool:
    return 20 <= g <= 250

# A vehicle operates at H param between 0 and 80 in a typical day.
def r8(h: float) -> bool:
    return 0 <= h <= 80


Input text:
Textual context: PTO operation time should be less than or equal to the total operation time.
Total operation time should shouldn’t be lower than driving time.
PTO-engaged stops cannot exceed the total number of stops.
The load carried by axle 1 must be smaller than or equal to the load on axle 2.
The load supported by axle 1 cannot exceed that of axle 3.
Payload must remain below or equal to the load carried by axle 2.
Axle 3's load must always be equal to or greater than the payload.
The total operation duration must always be greater than or equal to the combined time for PTO, idle, and driving.";"```python
def r1(pto_time: float, total_time: float) -> bool:
    return pto_time <= total_time

def r2(total_time: float, driving_time: float) -> bool:
    return total_time >= driving_time

def r3(pto_stops: float, total_stops: float) -> bool:
    return pto_stops <= total_stops

def r4(axle1_load: float, axle2_load: float) -> bool:
    return axle1_load <= axle2_load

def r5(axle1_load: float, axle3_load: float) -> bool:
    return axle1_load <= axle3_load

def r6(payload: float, axle2_load: float) -> bool:
    return payload <= axle2_load

def r7(axle3_load: float, payload: float) -> bool:
    return axle3_load >= payload

def r8(total_duration: float, pto_time: float, idle_time: float, driving_time: float) -> bool:
    return total_duration >= (pto_time + idle_time + driving_time)
```"
"System Message:
You are a logician with a background in mathematics that translates natural language
reasoning text to Python3 code so that these natural language reasoning problems can be solved.
During the translation, please pay close attention to defining variables and rules.
Do not add any comments from you.
Be guided by the following example:
Example input text:
Textual context: A vehicle operates over a A param between 20 and 110 in a typical day.
A vehicle operates for a B param between 2 and 10 in a typical day.
A vehicle operates with C param between 0.2 and 5 in a typical day.
A vehicle remains D param between 1 and 5 in a typical day.
A vehicle spends E param between 1 and 5 in a typical day.
A vehicle makes between 20 and 300 F param in a typical day.
A vehicle makes between 20 and 250 G param in a typical day.
A vehicle operates at H param between 0 and 80 in a typical day.

Example Python3 code:
# A vehicle operates over a A param between 20 and 110 in a typical day.
def r1(a: float) -> bool:
    return 20 <= a <= 110

# A vehicle operates for a B param between 2 and 10 in a typical day.
def r2(b: float) -> bool:
    return 2 <= b <= 10

# A vehicle operates with C param between 0.2 and 5 in a typical day.
def r3(c: float) -> bool:
    return 0.2 <= c <= 5

# A vehicle remains D param between 1 and 5 in a typical day.
def r4(d: float) -> bool:
    return 1 <= d <= 5

# A vehicle spends E param between 1 and 5 in a typical day.
def r5(e: float) -> bool:
    return 1 <= e <= 5

# A vehicle makes between 20 and 300 F param in a typical day.
def r6(f: float) -> bool:
    return 20 <= f <= 300

# A vehicle makes between 20 and 250 G param in a typical day.
def r7(g: float) -> bool:
    return 20 <= g <= 250

# A vehicle operates at H param between 0 and 80 in a typical day.
def r8(h: float) -> bool:
    return 0 <= h <= 80


Input text:
Textual context: Idle time should be less than or equal to the total operation time.
The total operation durationmust not be lower than the driving time.
PTO-engaged stops cannot exceed the total number of stops.
The load on axle 1 must not surpass the load on axle 2.
Axle 2's load must always be equal to or greater than the payload.
The payload must always be smaller than or equal to the load on axle 3.
The total operation duration must always be greater than or equal to the combined time for PTO, idle, and driving.";"```python
def r1(idle_time: float, total_operation_time: float) -> bool:
    return idle_time <= total_operation_time

def r2(total_operation_duration: float, driving_time: float) -> bool:
    return total_operation_duration >= driving_time

def r3(pto_engaged_stops: float, total_stops: float) -> bool:
    return pto_engaged_stops <= total_stops

def r4(axle1_load: float, axle2_load: float) -> bool:
    return axle1_load <= axle2_load

def r5(axle2_load: float, payload: float) -> bool:
    return axle2_load >= payload

def r6(payload: float, axle3_load: float) -> bool:
    return payload <= axle3_load

def r7(total_operation_duration: float, pto_time: float, idle_time: float, driving_time: float) -> bool:
    return total_operation_duration >= pto_time + idle_time + driving_time
```"
"System Message:
You are a logician with a background in mathematics that translates natural language
reasoning text to Python3 code so that these natural language reasoning problems can be solved.
During the translation, please pay close attention to defining variables and rules.
Do not add any comments from you.
Be guided by the following example:
Example input text:
Textual context: A vehicle operates over a A param between 20 and 110 in a typical day.
A vehicle operates for a B param between 2 and 10 in a typical day.
A vehicle operates with C param between 0.2 and 5 in a typical day.
A vehicle remains D param between 1 and 5 in a typical day.
A vehicle spends E param between 1 and 5 in a typical day.
A vehicle makes between 20 and 300 F param in a typical day.
A vehicle makes between 20 and 250 G param in a typical day.
A vehicle operates at H param between 0 and 80 in a typical day.

Example Python3 code:
# A vehicle operates over a A param between 20 and 110 in a typical day.
def r1(a: float) -> bool:
    return 20 <= a <= 110

# A vehicle operates for a B param between 2 and 10 in a typical day.
def r2(b: float) -> bool:
    return 2 <= b <= 10

# A vehicle operates with C param between 0.2 and 5 in a typical day.
def r3(c: float) -> bool:
    return 0.2 <= c <= 5

# A vehicle remains D param between 1 and 5 in a typical day.
def r4(d: float) -> bool:
    return 1 <= d <= 5

# A vehicle spends E param between 1 and 5 in a typical day.
def r5(e: float) -> bool:
    return 1 <= e <= 5

# A vehicle makes between 20 and 300 F param in a typical day.
def r6(f: float) -> bool:
    return 20 <= f <= 300

# A vehicle makes between 20 and 250 G param in a typical day.
def r7(g: float) -> bool:
    return 20 <= g <= 250

# A vehicle operates at H param between 0 and 80 in a typical day.
def r8(h: float) -> bool:
    return 0 <= h <= 80


Input text:
Textual context: PTO operation time should be less than or equal to the total operation time.
Idle time must always be less than or equal to the total operation time.
The load on axle 1 must not surpass the load on axle 2.
The load carried by axle 1 must be smaller than or equal to the load on axle 3.
Payload must remain below or equal to the load carried by axle 2.
The payload must not exceed the load carried by axle 3.
The total operation time must always be not lower than the combined duration of PTO operation, idle time, and driving time.";"```python
def r1(pto_time: float, total_time: float) -> bool:
    return pto_time <= total_time

def r2(idle_time: float, total_time: float) -> bool:
    return idle_time <= total_time

def r3(axle1_load: float, axle2_load: float) -> bool:
    return axle1_load <= axle2_load

def r4(axle1_load: float, axle3_load: float) -> bool:
    return axle1_load <= axle3_load

def r5(payload: float, axle2_load: float) -> bool:
    return payload <= axle2_load

def r6(payload: float, axle3_load: float) -> bool:
    return payload <= axle3_load

def r7(total_time: float, pto_time: float, idle_time: float, driving_time: float) -> bool:
    return total_time >= pto_time + idle_time + driving_time
```"
"System Message:
You are a logician with a background in mathematics that translates natural language
reasoning text to Python3 code so that these natural language reasoning problems can be solved.
During the translation, please pay close attention to defining variables and rules.
Do not add any comments from you.
Be guided by the following example:
Example input text:
Textual context: A vehicle operates over a A param between 20 and 110 in a typical day.
A vehicle operates for a B param between 2 and 10 in a typical day.
A vehicle operates with C param between 0.2 and 5 in a typical day.
A vehicle remains D param between 1 and 5 in a typical day.
A vehicle spends E param between 1 and 5 in a typical day.
A vehicle makes between 20 and 300 F param in a typical day.
A vehicle makes between 20 and 250 G param in a typical day.
A vehicle operates at H param between 0 and 80 in a typical day.

Example Python3 code:
# A vehicle operates over a A param between 20 and 110 in a typical day.
def r1(a: float) -> bool:
    return 20 <= a <= 110

# A vehicle operates for a B param between 2 and 10 in a typical day.
def r2(b: float) -> bool:
    return 2 <= b <= 10

# A vehicle operates with C param between 0.2 and 5 in a typical day.
def r3(c: float) -> bool:
    return 0.2 <= c <= 5

# A vehicle remains D param between 1 and 5 in a typical day.
def r4(d: float) -> bool:
    return 1 <= d <= 5

# A vehicle spends E param between 1 and 5 in a typical day.
def r5(e: float) -> bool:
    return 1 <= e <= 5

# A vehicle makes between 20 and 300 F param in a typical day.
def r6(f: float) -> bool:
    return 20 <= f <= 300

# A vehicle makes between 20 and 250 G param in a typical day.
def r7(g: float) -> bool:
    return 20 <= g <= 250

# A vehicle operates at H param between 0 and 80 in a typical day.
def r8(h: float) -> bool:
    return 0 <= h <= 80


Input text:
Textual context: The total operation duration must not be lower than the PTO operation time.
Idle time cannot be greater than the total operation time.
Total operation time should shouldn’t be lower than driving time.
The weight on axle 1 cannot surpass the weight on axle 2.
The payload must not exceed the load carried by axle 2.
The payload cannot exceed the capacity of axle 3.
The combined time for PTO operation, idle time, and driving time must not surpass the total operation time.";"```python
def r1(total_operation_duration: float, pto_operation_time: float) -> bool:
    return total_operation_duration >= pto_operation_time

def r2(idle_time: float, total_operation_time: float) -> bool:
    return idle_time <= total_operation_time

def r3(total_operation_time: float, driving_time: float) -> bool:
    return total_operation_time >= driving_time

def r4(axle1_weight: float, axle2_weight: float) -> bool:
    return axle1_weight <= axle2_weight

def r5(payload: float, axle2_load: float) -> bool:
    return payload <= axle2_load

def r6(payload: float, axle3_capacity: float) -> bool:
    return payload <= axle3_capacity

def r7(pto_operation_time: float, idle_time: float, driving_time: float, total_operation_time: float) -> bool:
    return pto_operation_time + idle_time + driving_time <= total_operation_time
```"
"System Message:
You are a logician with a background in mathematics that translates natural language
reasoning text to Python3 code so that these natural language reasoning problems can be solved.
During the translation, please pay close attention to defining variables and rules.
Do not add any comments from you.
Be guided by the following example:
Example input text:
Textual context: A vehicle operates over a A param between 20 and 110 in a typical day.
A vehicle operates for a B param between 2 and 10 in a typical day.
A vehicle operates with C param between 0.2 and 5 in a typical day.
A vehicle remains D param between 1 and 5 in a typical day.
A vehicle spends E param between 1 and 5 in a typical day.
A vehicle makes between 20 and 300 F param in a typical day.
A vehicle makes between 20 and 250 G param in a typical day.
A vehicle operates at H param between 0 and 80 in a typical day.

Example Python3 code:
# A vehicle operates over a A param between 20 and 110 in a typical day.
def r1(a: float) -> bool:
    return 20 <= a <= 110

# A vehicle operates for a B param between 2 and 10 in a typical day.
def r2(b: float) -> bool:
    return 2 <= b <= 10

# A vehicle operates with C param between 0.2 and 5 in a typical day.
def r3(c: float) -> bool:
    return 0.2 <= c <= 5

# A vehicle remains D param between 1 and 5 in a typical day.
def r4(d: float) -> bool:
    return 1 <= d <= 5

# A vehicle spends E param between 1 and 5 in a typical day.
def r5(e: float) -> bool:
    return 1 <= e <= 5

# A vehicle makes between 20 and 300 F param in a typical day.
def r6(f: float) -> bool:
    return 20 <= f <= 300

# A vehicle makes between 20 and 250 G param in a typical day.
def r7(g: float) -> bool:
    return 20 <= g <= 250

# A vehicle operates at H param between 0 and 80 in a typical day.
def r8(h: float) -> bool:
    return 0 <= h <= 80


Input text:
Textual context: PTO operation time should be less than or equal to the total operation time.
Total operation time shouldn’t be lower than idle time.
Driving time must always be less than or equal to the total operation time.
The load supported by axle 1 cannot exceed that of axle 2.
The load carried by axle 1 must be smaller than or equal to the load on axle 3.
Axle 2's load must always be equal to or greater than the payload.
The payload must always be smaller than or equal to the load on axle 3.
The combined time for PTO operation, idle time, and driving time must not surpass the total operation time.";"```python
# PTO operation time should be less than or equal to the total operation time.
def r1(pto_time: float, total_time: float) -> bool:
    return pto_time <= total_time

# Total operation time shouldn’t be lower than idle time.
def r2(total_time: float, idle_time: float) -> bool:
    return total_time >= idle_time

# Driving time must always be less than or equal to the total operation time.
def r3(driving_time: float, total_time: float) -> bool:
    return driving_time <= total_time

# The load supported by axle 1 cannot exceed that of axle 2.
def r4(axle1_load: float, axle2_load: float) -> bool:
    return axle1_load <= axle2_load

# The load carried by axle 1 must be smaller than or equal to the load on axle 3.
def r5(axle1_load: float, axle3_load: float) -> bool:
    return axle1_load <= axle3_load

# Axle 2's load must always be equal to or greater than the payload.
def r6(axle2_load: float, payload: float) -> bool:
    return axle2_load >= payload

# The payload must always be smaller than or equal to the load on axle 3.
def r7(payload: float, axle3_load: float) -> bool:
    return payload <= axle3_load

# The combined time for PTO operation, idle time, and driving time must not surpass the total operation time.
def r8(pto_time: float, idle_time: float, driving_time: float, total_time: float) -> bool:
    return pto_time + idle_time + driving_time <= total_time
```"
"System Message:
You are a logician with a background in mathematics that translates natural language
reasoning text to Python3 code so that these natural language reasoning problems can be solved.
During the translation, please pay close attention to defining variables and rules.
Do not add any comments from you.
Be guided by the following example:
Example input text:
Textual context: A vehicle operates over a A param between 20 and 110 in a typical day.
A vehicle operates for a B param between 2 and 10 in a typical day.
A vehicle operates with C param between 0.2 and 5 in a typical day.
A vehicle remains D param between 1 and 5 in a typical day.
A vehicle spends E param between 1 and 5 in a typical day.
A vehicle makes between 20 and 300 F param in a typical day.
A vehicle makes between 20 and 250 G param in a typical day.
A vehicle operates at H param between 0 and 80 in a typical day.

Example Python3 code:
# A vehicle operates over a A param between 20 and 110 in a typical day.
def r1(a: float) -> bool:
    return 20 <= a <= 110

# A vehicle operates for a B param between 2 and 10 in a typical day.
def r2(b: float) -> bool:
    return 2 <= b <= 10

# A vehicle operates with C param between 0.2 and 5 in a typical day.
def r3(c: float) -> bool:
    return 0.2 <= c <= 5

# A vehicle remains D param between 1 and 5 in a typical day.
def r4(d: float) -> bool:
    return 1 <= d <= 5

# A vehicle spends E param between 1 and 5 in a typical day.
def r5(e: float) -> bool:
    return 1 <= e <= 5

# A vehicle makes between 20 and 300 F param in a typical day.
def r6(f: float) -> bool:
    return 20 <= f <= 300

# A vehicle makes between 20 and 250 G param in a typical day.
def r7(g: float) -> bool:
    return 20 <= g <= 250

# A vehicle operates at H param between 0 and 80 in a typical day.
def r8(h: float) -> bool:
    return 0 <= h <= 80


Input text:
Textual context: Total operation time shouldn’t be lower than PTO operation time.
Total operation time shouldn’t be lower than idle time.
The total operation durationmust not be lower than the driving time.
The number of stops where PTO is engaged must not exceed the overall stop count.
Axle 1's load cannot exceed Axle 2's load.
The load carried by axle 1 must be smaller than or equal to the load on axle 3.
Total operation time must be greater than or equal to the sum of PTO operation, idle, and driving times.";"```python
def r1(total_operation_time: float, pto_operation_time: float) -> bool:
    return total_operation_time >= pto_operation_time

def r2(total_operation_time: float, idle_time: float) -> bool:
    return total_operation_time >= idle_time

def r3(total_operation_duration: float, driving_time: float) -> bool:
    return total_operation_duration >= driving_time

def r4(pto_engaged_stops: int, overall_stops: int) -> bool:
    return pto_engaged_stops <= overall_stops

def r5(axle1_load: float, axle2_load: float) -> bool:
    return axle1_load <= axle2_load

def r6(axle1_load: float, axle3_load: float) -> bool:
    return axle1_load <= axle3_load

def r7(total_operation_time: float, pto_operation: float, idle: float, driving_time: float) -> bool:
    return total_operation_time >= pto_operation + idle + driving_time
```"
"System Message:
You are a logician with a background in mathematics that translates natural language
reasoning text to Python3 code so that these natural language reasoning problems can be solved.
During the translation, please pay close attention to defining variables and rules.
Do not add any comments from you.
Be guided by the following example:
Example input text:
Textual context: A vehicle operates over a A param between 20 and 110 in a typical day.
A vehicle operates for a B param between 2 and 10 in a typical day.
A vehicle operates with C param between 0.2 and 5 in a typical day.
A vehicle remains D param between 1 and 5 in a typical day.
A vehicle spends E param between 1 and 5 in a typical day.
A vehicle makes between 20 and 300 F param in a typical day.
A vehicle makes between 20 and 250 G param in a typical day.
A vehicle operates at H param between 0 and 80 in a typical day.

Example Python3 code:
# A vehicle operates over a A param between 20 and 110 in a typical day.
def r1(a: float) -> bool:
    return 20 <= a <= 110

# A vehicle operates for a B param between 2 and 10 in a typical day.
def r2(b: float) -> bool:
    return 2 <= b <= 10

# A vehicle operates with C param between 0.2 and 5 in a typical day.
def r3(c: float) -> bool:
    return 0.2 <= c <= 5

# A vehicle remains D param between 1 and 5 in a typical day.
def r4(d: float) -> bool:
    return 1 <= d <= 5

# A vehicle spends E param between 1 and 5 in a typical day.
def r5(e: float) -> bool:
    return 1 <= e <= 5

# A vehicle makes between 20 and 300 F param in a typical day.
def r6(f: float) -> bool:
    return 20 <= f <= 300

# A vehicle makes between 20 and 250 G param in a typical day.
def r7(g: float) -> bool:
    return 20 <= g <= 250

# A vehicle operates at H param between 0 and 80 in a typical day.
def r8(h: float) -> bool:
    return 0 <= h <= 80


Input text:
Textual context: Idle time must always be less than or equal to the total operation time.
The total operation durationmust not be lower than the driving time.
Axle 1's load cannot exceed Axle 2's load.
The load on axle 1 must not surpass the load on axle 3.
The payload must not exceed the load carried by axle 2.
The payload must always be smaller than or equal to the load on axle 3.
Total operation time must be greater than or equal to the sum of PTO operation, idle, and driving times.";"```python
def r1(idle_time: float, total_operation_time: float) -> bool:
    return idle_time <= total_operation_time

def r2(total_operation_duration: float, driving_time: float) -> bool:
    return total_operation_duration >= driving_time

def r3(axle1_load: float, axle2_load: float) -> bool:
    return axle1_load <= axle2_load

def r4(axle1_load: float, axle3_load: float) -> bool:
    return axle1_load <= axle3_load

def r5(payload: float, axle2_load: float) -> bool:
    return payload <= axle2_load

def r6(payload: float, axle3_load: float) -> bool:
    return payload <= axle3_load

def r7(total_operation_time: float, pto_operation: float, idle_time: float, driving_time: float) -> bool:
    return total_operation_time >= pto_operation + idle_time + driving_time
```"
"System Message:
You are a logician with a background in mathematics that translates natural language
reasoning text to Python3 code so that these natural language reasoning problems can be solved.
During the translation, please pay close attention to defining variables and rules.
Do not add any comments from you.
Be guided by the following example:
Example input text:
Textual context: A vehicle operates over a A param between 20 and 110 in a typical day.
A vehicle operates for a B param between 2 and 10 in a typical day.
A vehicle operates with C param between 0.2 and 5 in a typical day.
A vehicle remains D param between 1 and 5 in a typical day.
A vehicle spends E param between 1 and 5 in a typical day.
A vehicle makes between 20 and 300 F param in a typical day.
A vehicle makes between 20 and 250 G param in a typical day.
A vehicle operates at H param between 0 and 80 in a typical day.

Example Python3 code:
# A vehicle operates over a A param between 20 and 110 in a typical day.
def r1(a: float) -> bool:
    return 20 <= a <= 110

# A vehicle operates for a B param between 2 and 10 in a typical day.
def r2(b: float) -> bool:
    return 2 <= b <= 10

# A vehicle operates with C param between 0.2 and 5 in a typical day.
def r3(c: float) -> bool:
    return 0.2 <= c <= 5

# A vehicle remains D param between 1 and 5 in a typical day.
def r4(d: float) -> bool:
    return 1 <= d <= 5

# A vehicle spends E param between 1 and 5 in a typical day.
def r5(e: float) -> bool:
    return 1 <= e <= 5

# A vehicle makes between 20 and 300 F param in a typical day.
def r6(f: float) -> bool:
    return 20 <= f <= 300

# A vehicle makes between 20 and 250 G param in a typical day.
def r7(g: float) -> bool:
    return 20 <= g <= 250

# A vehicle operates at H param between 0 and 80 in a typical day.
def r8(h: float) -> bool:
    return 0 <= h <= 80


Input text:
Textual context: PTO operation time cannot be greater than the total operation time.
The total operation duration must not be lower than the idle time.
Driving time should be less than or equal to the total operation time.
The number of stops where PTO is engaged must not exceed the overall stop count.
The load on axle 1 must not surpass the load on axle 2.
Payload must remain below or equal to the load carried by axle 3.
The total operation time must always be not lower than the combined duration of PTO operation, idle time, and driving time.";"```python
def r1(pto_time: float, total_time: float) -> bool:
    return pto_time <= total_time

def r2(total_duration: float, idle_time: float) -> bool:
    return total_duration >= idle_time

def r3(driving_time: float, total_time: float) -> bool:
    return driving_time <= total_time

def r4(pto_engaged_stops: int, overall_stops: int) -> bool:
    return pto_engaged_stops <= overall_stops

def r5(axle1_load: float, axle2_load: float) -> bool:
    return axle1_load <= axle2_load

def r6(payload: float, axle3_load: float) -> bool:
    return payload <= axle3_load

def r7(total_time: float, pto_time: float, idle_time: float, driving_time: float) -> bool:
    return total_time >= pto_time + idle_time + driving_time
```"
"System Message:
You are a logician with a background in mathematics that translates natural language
reasoning text to Python3 code so that these natural language reasoning problems can be solved.
During the translation, please pay close attention to defining variables and rules.
Do not add any comments from you.
Be guided by the following example:
Example input text:
Textual context: A vehicle operates over a A param between 20 and 110 in a typical day.
A vehicle operates for a B param between 2 and 10 in a typical day.
A vehicle operates with C param between 0.2 and 5 in a typical day.
A vehicle remains D param between 1 and 5 in a typical day.
A vehicle spends E param between 1 and 5 in a typical day.
A vehicle makes between 20 and 300 F param in a typical day.
A vehicle makes between 20 and 250 G param in a typical day.
A vehicle operates at H param between 0 and 80 in a typical day.

Example Python3 code:
# A vehicle operates over a A param between 20 and 110 in a typical day.
def r1(a: float) -> bool:
    return 20 <= a <= 110

# A vehicle operates for a B param between 2 and 10 in a typical day.
def r2(b: float) -> bool:
    return 2 <= b <= 10

# A vehicle operates with C param between 0.2 and 5 in a typical day.
def r3(c: float) -> bool:
    return 0.2 <= c <= 5

# A vehicle remains D param between 1 and 5 in a typical day.
def r4(d: float) -> bool:
    return 1 <= d <= 5

# A vehicle spends E param between 1 and 5 in a typical day.
def r5(e: float) -> bool:
    return 1 <= e <= 5

# A vehicle makes between 20 and 300 F param in a typical day.
def r6(f: float) -> bool:
    return 20 <= f <= 300

# A vehicle makes between 20 and 250 G param in a typical day.
def r7(g: float) -> bool:
    return 20 <= g <= 250

# A vehicle operates at H param between 0 and 80 in a typical day.
def r8(h: float) -> bool:
    return 0 <= h <= 80


Input text:
Textual context: PTO operation time cannot be greater than the total operation time.
Idle time cannot be greater than the total operation time.
The number of stops where PTO is engaged must not exceed the overall stop count.
The weight on axle 1 cannot surpass the weight on axle 3.
Payload must remain below or equal to the load carried by axle 2.
The payload must not exceed the load carried by axle 3.
Total operation time should be at least the sum of PTO, idle, and driving times.";"```python
def r1(pto: float, total: float) -> bool:
    return pto <= total

def r2(idle: float, total: float) -> bool:
    return idle <= total

def r3(pto_stops: float, total_stops: float) -> bool:
    return pto_stops <= total_stops

def r4(axle1: float, axle3: float) -> bool:
    return axle1 <= axle3

def r5(payload: float, axle2_load: float) -> bool:
    return payload <= axle2_load

def r6(payload: float, axle3_load: float) -> bool:
    return payload <= axle3_load

def r7(total: float, pto: float, idle: float, driving: float) -> bool:
    return total >= pto + idle + driving
```"
"System Message:
You are a logician with a background in mathematics that translates natural language
reasoning text to Python3 code so that these natural language reasoning problems can be solved.
During the translation, please pay close attention to defining variables and rules.
Do not add any comments from you.
Be guided by the following example:
Example input text:
Textual context: A vehicle operates over a A param between 20 and 110 in a typical day.
A vehicle operates for a B param between 2 and 10 in a typical day.
A vehicle operates with C param between 0.2 and 5 in a typical day.
A vehicle remains D param between 1 and 5 in a typical day.
A vehicle spends E param between 1 and 5 in a typical day.
A vehicle makes between 20 and 300 F param in a typical day.
A vehicle makes between 20 and 250 G param in a typical day.
A vehicle operates at H param between 0 and 80 in a typical day.

Example Python3 code:
# A vehicle operates over a A param between 20 and 110 in a typical day.
def r1(a: float) -> bool:
    return 20 <= a <= 110

# A vehicle operates for a B param between 2 and 10 in a typical day.
def r2(b: float) -> bool:
    return 2 <= b <= 10

# A vehicle operates with C param between 0.2 and 5 in a typical day.
def r3(c: float) -> bool:
    return 0.2 <= c <= 5

# A vehicle remains D param between 1 and 5 in a typical day.
def r4(d: float) -> bool:
    return 1 <= d <= 5

# A vehicle spends E param between 1 and 5 in a typical day.
def r5(e: float) -> bool:
    return 1 <= e <= 5

# A vehicle makes between 20 and 300 F param in a typical day.
def r6(f: float) -> bool:
    return 20 <= f <= 300

# A vehicle makes between 20 and 250 G param in a typical day.
def r7(g: float) -> bool:
    return 20 <= g <= 250

# A vehicle operates at H param between 0 and 80 in a typical day.
def r8(h: float) -> bool:
    return 0 <= h <= 80


Input text:
Textual context: PTO operation time must be less than or equal to the total operation time.
Idle time must always be less than or equal to the total operation time.
Total operation time should shouldn’t be lower than driving time.
PTO-engaged stops cannot exceed the total number of stops.
The load carried by axle 1 must be smaller than or equal to the load on axle 3.
Axle 2's load must always be equal to or greater than the payload.
Payload must remain below or equal to the load carried by axle 3.
Total operation time must be greater than or equal to the sum of PTO operation, idle, and driving times.";"```python
def r1(pto_time: float, total_time: float) -> bool:
    return pto_time <= total_time

def r2(idle_time: float, total_time: float) -> bool:
    return idle_time <= total_time

def r3(total_time: float, driving_time: float) -> bool:
    return total_time >= driving_time

def r4(pto_engaged_stops: float, total_stops: float) -> bool:
    return pto_engaged_stops <= total_stops

def r5(axle1_load: float, axle3_load: float) -> bool:
    return axle1_load <= axle3_load

def r6(axle2_load: float, payload: float) -> bool:
    return axle2_load >= payload

def r7(payload: float, axle3_load: float) -> bool:
    return payload <= axle3_load

def r8(total_time: float, pto_time: float, idle_time: float, driving_time: float) -> bool:
    return total_time >= pto_time + idle_time + driving_time
```"
"System Message:
You are a logician with a background in mathematics that translates natural language
reasoning text to Python3 code so that these natural language reasoning problems can be solved.
During the translation, please pay close attention to defining variables and rules.
Do not add any comments from you.
Be guided by the following example:
Example input text:
Textual context: A vehicle operates over a A param between 20 and 110 in a typical day.
A vehicle operates for a B param between 2 and 10 in a typical day.
A vehicle operates with C param between 0.2 and 5 in a typical day.
A vehicle remains D param between 1 and 5 in a typical day.
A vehicle spends E param between 1 and 5 in a typical day.
A vehicle makes between 20 and 300 F param in a typical day.
A vehicle makes between 20 and 250 G param in a typical day.
A vehicle operates at H param between 0 and 80 in a typical day.

Example Python3 code:
# A vehicle operates over a A param between 20 and 110 in a typical day.
def r1(a: float) -> bool:
    return 20 <= a <= 110

# A vehicle operates for a B param between 2 and 10 in a typical day.
def r2(b: float) -> bool:
    return 2 <= b <= 10

# A vehicle operates with C param between 0.2 and 5 in a typical day.
def r3(c: float) -> bool:
    return 0.2 <= c <= 5

# A vehicle remains D param between 1 and 5 in a typical day.
def r4(d: float) -> bool:
    return 1 <= d <= 5

# A vehicle spends E param between 1 and 5 in a typical day.
def r5(e: float) -> bool:
    return 1 <= e <= 5

# A vehicle makes between 20 and 300 F param in a typical day.
def r6(f: float) -> bool:
    return 20 <= f <= 300

# A vehicle makes between 20 and 250 G param in a typical day.
def r7(g: float) -> bool:
    return 20 <= g <= 250

# A vehicle operates at H param between 0 and 80 in a typical day.
def r8(h: float) -> bool:
    return 0 <= h <= 80


Input text:
Textual context: Driving time should be less than or equal to the total operation time.
PTO-engaged stops cannot exceed the total number of stops.
The weight on axle 1 cannot surpass the weight on axle 2.
The load on axle 1 must not surpass the load on axle 3.
The payload must always be smaller than or equal to the load on axle 2.
The payload must always be smaller than or equal to the load on axle 3.
The total operation duration must always be greater than or equal to the combined time for PTO, idle, and driving.";"```python
def r9(driving_time: float, total_operation_time: float) -> bool:
    return driving_time <= total_operation_time

def r10(pto_engaged_stops: float, total_stops: float) -> bool:
    return pto_engaged_stops <= total_stops

def r11(axle1_weight: float, axle2_weight: float) -> bool:
    return axle1_weight <= axle2_weight

def r12(axle1_load: float, axle3_load: float) -> bool:
    return axle1_load <= axle3_load

def r13(payload: float, axle2_load: float) -> bool:
    return payload <= axle2_load

def r14(payload: float, axle3_load: float) -> bool:
    return payload <= axle3_load

def r15(total_operation_duration: float, pto_time: float, idle_time: float, driving_time: float) -> bool:
    return total_operation_duration >= pto_time + idle_time + driving_time
```"
"System Message:
You are a logician with a background in mathematics that translates natural language
reasoning text to Python3 code so that these natural language reasoning problems can be solved.
During the translation, please pay close attention to defining variables and rules.
Do not add any comments from you.
Be guided by the following example:
Example input text:
Textual context: A vehicle operates over a A param between 20 and 110 in a typical day.
A vehicle operates for a B param between 2 and 10 in a typical day.
A vehicle operates with C param between 0.2 and 5 in a typical day.
A vehicle remains D param between 1 and 5 in a typical day.
A vehicle spends E param between 1 and 5 in a typical day.
A vehicle makes between 20 and 300 F param in a typical day.
A vehicle makes between 20 and 250 G param in a typical day.
A vehicle operates at H param between 0 and 80 in a typical day.

Example Python3 code:
# A vehicle operates over a A param between 20 and 110 in a typical day.
def r1(a: float) -> bool:
    return 20 <= a <= 110

# A vehicle operates for a B param between 2 and 10 in a typical day.
def r2(b: float) -> bool:
    return 2 <= b <= 10

# A vehicle operates with C param between 0.2 and 5 in a typical day.
def r3(c: float) -> bool:
    return 0.2 <= c <= 5

# A vehicle remains D param between 1 and 5 in a typical day.
def r4(d: float) -> bool:
    return 1 <= d <= 5

# A vehicle spends E param between 1 and 5 in a typical day.
def r5(e: float) -> bool:
    return 1 <= e <= 5

# A vehicle makes between 20 and 300 F param in a typical day.
def r6(f: float) -> bool:
    return 20 <= f <= 300

# A vehicle makes between 20 and 250 G param in a typical day.
def r7(g: float) -> bool:
    return 20 <= g <= 250

# A vehicle operates at H param between 0 and 80 in a typical day.
def r8(h: float) -> bool:
    return 0 <= h <= 80


Input text:
Textual context: PTO operation time cannot be greater than the total operation time.
Idle time should be less than or equal to the total operation time.
The total operation durationmust not be lower than the driving time.
Stops with PTO engaged cannot outnumber the total stops.
The load carried by axle 1 must be smaller than or equal to the load on axle 3.
The payload cannot exceed the capacity of axle 2.
Axle 3's load must always be equal to or greater than the payload.
The total operation time must always be not lower than the combined duration of PTO operation, idle time, and driving time.";"```python
def r1(pto_time: float, total_time: float) -> bool:
    return pto_time <= total_time

def r2(idle_time: float, total_time: float) -> bool:
    return idle_time <= total_time

def r3(total_duration: float, driving_time: float) -> bool:
    return total_duration >= driving_time

def r4(pto_engaged_stops: float, total_stops: float) -> bool:
    return pto_engaged_stops <= total_stops

def r5(axle1_load: float, axle3_load: float) -> bool:
    return axle1_load <= axle3_load

def r6(payload: float, axle2_capacity: float) -> bool:
    return payload <= axle2_capacity

def r7(axle3_load: float, payload: float) -> bool:
    return axle3_load >= payload

def r8(total_time: float, pto_time: float, idle_time: float, driving_time: float) -> bool:
    return total_time >= pto_time + idle_time + driving_time
```"
"System Message:
You are a logician with a background in mathematics that translates natural language
reasoning text to Python3 code so that these natural language reasoning problems can be solved.
During the translation, please pay close attention to defining variables and rules.
Do not add any comments from you.
Be guided by the following example:
Example input text:
Textual context: A vehicle operates over a A param between 20 and 110 in a typical day.
A vehicle operates for a B param between 2 and 10 in a typical day.
A vehicle operates with C param between 0.2 and 5 in a typical day.
A vehicle remains D param between 1 and 5 in a typical day.
A vehicle spends E param between 1 and 5 in a typical day.
A vehicle makes between 20 and 300 F param in a typical day.
A vehicle makes between 20 and 250 G param in a typical day.
A vehicle operates at H param between 0 and 80 in a typical day.

Example Python3 code:
# A vehicle operates over a A param between 20 and 110 in a typical day.
def r1(a: float) -> bool:
    return 20 <= a <= 110

# A vehicle operates for a B param between 2 and 10 in a typical day.
def r2(b: float) -> bool:
    return 2 <= b <= 10

# A vehicle operates with C param between 0.2 and 5 in a typical day.
def r3(c: float) -> bool:
    return 0.2 <= c <= 5

# A vehicle remains D param between 1 and 5 in a typical day.
def r4(d: float) -> bool:
    return 1 <= d <= 5

# A vehicle spends E param between 1 and 5 in a typical day.
def r5(e: float) -> bool:
    return 1 <= e <= 5

# A vehicle makes between 20 and 300 F param in a typical day.
def r6(f: float) -> bool:
    return 20 <= f <= 300

# A vehicle makes between 20 and 250 G param in a typical day.
def r7(g: float) -> bool:
    return 20 <= g <= 250

# A vehicle operates at H param between 0 and 80 in a typical day.
def r8(h: float) -> bool:
    return 0 <= h <= 80


Input text:
Textual context: PTO operation time should be less than or equal to the total operation time.
Idle time must always be less than or equal to the total operation time.
The total operation durationmust not be lower than the driving time.
The number of stops where PTO is engaged must not exceed the overall stop count.
Axle 1's load cannot exceed Axle 3's load.
Payload must remain below or equal to the load carried by axle 2.
Payload must remain below or equal to the load carried by axle 3.";"```python
def r1(pto_time: float, total_time: float) -> bool:
    return pto_time <= total_time

def r2(idle_time: float, total_time: float) -> bool:
    return idle_time <= total_time

def r3(total_duration: float, driving_time: float) -> bool:
    return total_duration >= driving_time

def r4(pto_engaged_stops: int, overall_stops: int) -> bool:
    return pto_engaged_stops <= overall_stops

def r5(axle1_load: float, axle3_load: float) -> bool:
    return axle1_load <= axle3_load

def r6(payload: float, axle2_load: float) -> bool:
    return payload <= axle2_load

def r7(payload: float, axle3_load: float) -> bool:
    return payload <= axle3_load
```"
"System Message:
You are a logician with a background in mathematics that translates natural language
reasoning text to Python3 code so that these natural language reasoning problems can be solved.
During the translation, please pay close attention to defining variables and rules.
Do not add any comments from you.
Be guided by the following example:
Example input text:
Textual context: A vehicle operates over a A param between 20 and 110 in a typical day.
A vehicle operates for a B param between 2 and 10 in a typical day.
A vehicle operates with C param between 0.2 and 5 in a typical day.
A vehicle remains D param between 1 and 5 in a typical day.
A vehicle spends E param between 1 and 5 in a typical day.
A vehicle makes between 20 and 300 F param in a typical day.
A vehicle makes between 20 and 250 G param in a typical day.
A vehicle operates at H param between 0 and 80 in a typical day.

Example Python3 code:
# A vehicle operates over a A param between 20 and 110 in a typical day.
def r1(a: float) -> bool:
    return 20 <= a <= 110

# A vehicle operates for a B param between 2 and 10 in a typical day.
def r2(b: float) -> bool:
    return 2 <= b <= 10

# A vehicle operates with C param between 0.2 and 5 in a typical day.
def r3(c: float) -> bool:
    return 0.2 <= c <= 5

# A vehicle remains D param between 1 and 5 in a typical day.
def r4(d: float) -> bool:
    return 1 <= d <= 5

# A vehicle spends E param between 1 and 5 in a typical day.
def r5(e: float) -> bool:
    return 1 <= e <= 5

# A vehicle makes between 20 and 300 F param in a typical day.
def r6(f: float) -> bool:
    return 20 <= f <= 300

# A vehicle makes between 20 and 250 G param in a typical day.
def r7(g: float) -> bool:
    return 20 <= g <= 250

# A vehicle operates at H param between 0 and 80 in a typical day.
def r8(h: float) -> bool:
    return 0 <= h <= 80


Input text:
Textual context: The total operation duration must not be lower than the PTO operation time.
Idle time should be less than or equal to the total operation time.
The total operation durationmust not be lower than the driving time.
The number of stops where PTO is engaged must not exceed the overall stop count.
The load supported by axle 1 cannot exceed that of axle 2.
The payload must not exceed the load carried by axle 2.
Total operation time should be at least the sum of PTO, idle, and driving times.";"```python
def r1(total_operation_duration: float, pto_operation_time: float) -> bool:
    return total_operation_duration >= pto_operation_time

def r2(idle_time: float, total_operation_time: float) -> bool:
    return idle_time <= total_operation_time

def r3(total_operation_duration: float, driving_time: float) -> bool:
    return total_operation_duration >= driving_time

def r4(pto_engaged_stops: int, overall_stops: int) -> bool:
    return pto_engaged_stops <= overall_stops

def r5(axle1_load: float, axle2_load: float) -> bool:
    return axle1_load <= axle2_load

def r6(payload: float, axle2_load: float) -> bool:
    return payload <= axle2_load

def r7(total_operation_time: float, pto_time: float, idle_time: float, driving_time: float) -> bool:
    return total_operation_time >= pto_time + idle_time + driving_time
```"
"System Message:
You are a logician with a background in mathematics that translates natural language
reasoning text to Python3 code so that these natural language reasoning problems can be solved.
During the translation, please pay close attention to defining variables and rules.
Do not add any comments from you.
Be guided by the following example:
Example input text:
Textual context: A vehicle operates over a A param between 20 and 110 in a typical day.
A vehicle operates for a B param between 2 and 10 in a typical day.
A vehicle operates with C param between 0.2 and 5 in a typical day.
A vehicle remains D param between 1 and 5 in a typical day.
A vehicle spends E param between 1 and 5 in a typical day.
A vehicle makes between 20 and 300 F param in a typical day.
A vehicle makes between 20 and 250 G param in a typical day.
A vehicle operates at H param between 0 and 80 in a typical day.

Example Python3 code:
# A vehicle operates over a A param between 20 and 110 in a typical day.
def r1(a: float) -> bool:
    return 20 <= a <= 110

# A vehicle operates for a B param between 2 and 10 in a typical day.
def r2(b: float) -> bool:
    return 2 <= b <= 10

# A vehicle operates with C param between 0.2 and 5 in a typical day.
def r3(c: float) -> bool:
    return 0.2 <= c <= 5

# A vehicle remains D param between 1 and 5 in a typical day.
def r4(d: float) -> bool:
    return 1 <= d <= 5

# A vehicle spends E param between 1 and 5 in a typical day.
def r5(e: float) -> bool:
    return 1 <= e <= 5

# A vehicle makes between 20 and 300 F param in a typical day.
def r6(f: float) -> bool:
    return 20 <= f <= 300

# A vehicle makes between 20 and 250 G param in a typical day.
def r7(g: float) -> bool:
    return 20 <= g <= 250

# A vehicle operates at H param between 0 and 80 in a typical day.
def r8(h: float) -> bool:
    return 0 <= h <= 80


Input text:
Textual context: Total operation time shouldn’t be lower than PTO operation time.
Idle time should be less than or equal to the total operation time.
Driving time must always be less than or equal to the total operation time.
Stops with PTO engaged cannot outnumber the total stops.
The load on axle 1 must not surpass the load on axle 3.
Payload must remain below or equal to the load carried by axle 2.
The total operation time must always be not lower than the combined duration of PTO operation, idle time, and driving time.";"```python
def r1(pto: float, total: float) -> bool:
    return total >= pto

def r2(idle: float, total: float) -> bool:
    return idle <= total

def r3(driving: float, total: float) -> bool:
    return driving <= total

def r4(pto_stops: float, total_stops: float) -> bool:
    return pto_stops <= total_stops

def r5(axle1: float, axle3: float) -> bool:
    return axle1 <= axle3

def r6(payload: float, axle2: float) -> bool:
    return payload <= axle2

def r7(total: float, pto: float, idle: float, driving: float) -> bool:
    return total >= pto + idle + driving
```"
"System Message:
You are a logician with a background in mathematics that translates natural language
reasoning text to Python3 code so that these natural language reasoning problems can be solved.
During the translation, please pay close attention to defining variables and rules.
Do not add any comments from you.
Be guided by the following example:
Example input text:
Textual context: A vehicle operates over a A param between 20 and 110 in a typical day.
A vehicle operates for a B param between 2 and 10 in a typical day.
A vehicle operates with C param between 0.2 and 5 in a typical day.
A vehicle remains D param between 1 and 5 in a typical day.
A vehicle spends E param between 1 and 5 in a typical day.
A vehicle makes between 20 and 300 F param in a typical day.
A vehicle makes between 20 and 250 G param in a typical day.
A vehicle operates at H param between 0 and 80 in a typical day.

Example Python3 code:
# A vehicle operates over a A param between 20 and 110 in a typical day.
def r1(a: float) -> bool:
    return 20 <= a <= 110

# A vehicle operates for a B param between 2 and 10 in a typical day.
def r2(b: float) -> bool:
    return 2 <= b <= 10

# A vehicle operates with C param between 0.2 and 5 in a typical day.
def r3(c: float) -> bool:
    return 0.2 <= c <= 5

# A vehicle remains D param between 1 and 5 in a typical day.
def r4(d: float) -> bool:
    return 1 <= d <= 5

# A vehicle spends E param between 1 and 5 in a typical day.
def r5(e: float) -> bool:
    return 1 <= e <= 5

# A vehicle makes between 20 and 300 F param in a typical day.
def r6(f: float) -> bool:
    return 20 <= f <= 300

# A vehicle makes between 20 and 250 G param in a typical day.
def r7(g: float) -> bool:
    return 20 <= g <= 250

# A vehicle operates at H param between 0 and 80 in a typical day.
def r8(h: float) -> bool:
    return 0 <= h <= 80


Input text:
Textual context: PTO operation time should be less than or equal to the total operation time.
Total operation time shouldn’t be lower than idle time.
Driving time should be less than or equal to the total operation time.
The number of stops where PTO is engaged must not exceed the overall stop count.
The weight on axle 1 cannot surpass the weight on axle 2.
The load supported by axle 1 cannot exceed that of axle 3.
The payload must always be smaller than or equal to the load on axle 3.
Total operation time must be greater than or equal to the sum of PTO operation, idle, and driving times.";"```python
def r1(pto_time: float, total_time: float) -> bool:
    return pto_time <= total_time

def r2(total_time: float, idle_time: float) -> bool:
    return total_time >= idle_time

def r3(driving_time: float, total_time: float) -> bool:
    return driving_time <= total_time

def r4(pto_engaged_stops: int, overall_stops: int) -> bool:
    return pto_engaged_stops <= overall_stops

def r5(axle1_weight: float, axle2_weight: float) -> bool:
    return axle1_weight <= axle2_weight

def r6(axle1_load: float, axle3_load: float) -> bool:
    return axle1_load <= axle3_load

def r7(payload: float, axle3_load: float) -> bool:
    return payload <= axle3_load

def r8(total_time: float, pto_time: float, idle_time: float, driving_time: float) -> bool:
    return total_time >= pto_time + idle_time + driving_time
```"
"System Message:
You are a logician with a background in mathematics that translates natural language
reasoning text to Python3 code so that these natural language reasoning problems can be solved.
During the translation, please pay close attention to defining variables and rules.
Do not add any comments from you.
Be guided by the following example:
Example input text:
Textual context: A vehicle operates over a A param between 20 and 110 in a typical day.
A vehicle operates for a B param between 2 and 10 in a typical day.
A vehicle operates with C param between 0.2 and 5 in a typical day.
A vehicle remains D param between 1 and 5 in a typical day.
A vehicle spends E param between 1 and 5 in a typical day.
A vehicle makes between 20 and 300 F param in a typical day.
A vehicle makes between 20 and 250 G param in a typical day.
A vehicle operates at H param between 0 and 80 in a typical day.

Example Python3 code:
# A vehicle operates over a A param between 20 and 110 in a typical day.
def r1(a: float) -> bool:
    return 20 <= a <= 110

# A vehicle operates for a B param between 2 and 10 in a typical day.
def r2(b: float) -> bool:
    return 2 <= b <= 10

# A vehicle operates with C param between 0.2 and 5 in a typical day.
def r3(c: float) -> bool:
    return 0.2 <= c <= 5

# A vehicle remains D param between 1 and 5 in a typical day.
def r4(d: float) -> bool:
    return 1 <= d <= 5

# A vehicle spends E param between 1 and 5 in a typical day.
def r5(e: float) -> bool:
    return 1 <= e <= 5

# A vehicle makes between 20 and 300 F param in a typical day.
def r6(f: float) -> bool:
    return 20 <= f <= 300

# A vehicle makes between 20 and 250 G param in a typical day.
def r7(g: float) -> bool:
    return 20 <= g <= 250

# A vehicle operates at H param between 0 and 80 in a typical day.
def r8(h: float) -> bool:
    return 0 <= h <= 80


Input text:
Textual context: The total operation duration must not be lower than the idle time.
Total operation time should shouldn’t be lower than driving time.
The total stop count must not be lower than the count of stops where PTO is engaged.
The load carried by axle 1 must be smaller than or equal to the load on axle 3.
Payload must remain below or equal to the load carried by axle 2.
The payload must not exceed the load carried by axle 3.
The total operation duration must always be greater than or equal to the combined time for PTO, idle, and driving.";"```python
def r1(total_operation_duration: float, idle_time: float) -> bool:
    return total_operation_duration >= idle_time

def r2(total_operation_time: float, driving_time: float) -> bool:
    return total_operation_time >= driving_time

def r3(total_stop_count: float, pto_engaged_stop_count: float) -> bool:
    return total_stop_count >= pto_engaged_stop_count

def r4(axle1_load: float, axle3_load: float) -> bool:
    return axle1_load <= axle3_load

def r5(payload: float, axle2_load: float) -> bool:
    return payload <= axle2_load

def r6(payload: float, axle3_load: float) -> bool:
    return payload <= axle3_load

def r7(total_operation_duration: float, pto_time: float, idle_time: float, driving_time: float) -> bool:
    return total_operation_duration >= (pto_time + idle_time + driving_time)
```"
"System Message:
You are a logician with a background in mathematics that translates natural language
reasoning text to Python3 code so that these natural language reasoning problems can be solved.
During the translation, please pay close attention to defining variables and rules.
Do not add any comments from you.
Be guided by the following example:
Example input text:
Textual context: A vehicle operates over a A param between 20 and 110 in a typical day.
A vehicle operates for a B param between 2 and 10 in a typical day.
A vehicle operates with C param between 0.2 and 5 in a typical day.
A vehicle remains D param between 1 and 5 in a typical day.
A vehicle spends E param between 1 and 5 in a typical day.
A vehicle makes between 20 and 300 F param in a typical day.
A vehicle makes between 20 and 250 G param in a typical day.
A vehicle operates at H param between 0 and 80 in a typical day.

Example Python3 code:
# A vehicle operates over a A param between 20 and 110 in a typical day.
def r1(a: float) -> bool:
    return 20 <= a <= 110

# A vehicle operates for a B param between 2 and 10 in a typical day.
def r2(b: float) -> bool:
    return 2 <= b <= 10

# A vehicle operates with C param between 0.2 and 5 in a typical day.
def r3(c: float) -> bool:
    return 0.2 <= c <= 5

# A vehicle remains D param between 1 and 5 in a typical day.
def r4(d: float) -> bool:
    return 1 <= d <= 5

# A vehicle spends E param between 1 and 5 in a typical day.
def r5(e: float) -> bool:
    return 1 <= e <= 5

# A vehicle makes between 20 and 300 F param in a typical day.
def r6(f: float) -> bool:
    return 20 <= f <= 300

# A vehicle makes between 20 and 250 G param in a typical day.
def r7(g: float) -> bool:
    return 20 <= g <= 250

# A vehicle operates at H param between 0 and 80 in a typical day.
def r8(h: float) -> bool:
    return 0 <= h <= 80


Input text:
Textual context: PTO operation time cannot be greater than the total operation time.
Idle time should be less than or equal to the total operation time.
The number of stops where PTO is engaged must not exceed the overall stop count.
Axle 1's load cannot exceed Axle 2's load.
The load on axle 1 must not surpass the load on axle 3.
Axle 2's load must always be equal to or greater than the payload.
The payload must not exceed the load carried by axle 3.
Total operation time should be at least the sum of PTO, idle, and driving times.";"```python
def r1(pto: float, total: float) -> bool:
    return pto <= total

def r2(idle: float, total: float) -> bool:
    return idle <= total

def r3(pto_engaged_stops: int, overall_stops: int) -> bool:
    return pto_engaged_stops <= overall_stops

def r4(axle1_load: float, axle2_load: float) -> bool:
    return axle1_load <= axle2_load

def r5(axle1_load: float, axle3_load: float) -> bool:
    return axle1_load <= axle3_load

def r6(axle2_load: float, payload: float) -> bool:
    return axle2_load >= payload

def r7(payload: float, axle3_load: float) -> bool:
    return payload <= axle3_load

def r8(total_time: float, pto_time: float, idle_time: float, driving_time: float) -> bool:
    return total_time >= pto_time + idle_time + driving_time
```"
"System Message:
You are a logician with a background in mathematics that translates natural language
reasoning text to Python3 code so that these natural language reasoning problems can be solved.
During the translation, please pay close attention to defining variables and rules.
Do not add any comments from you.
Be guided by the following example:
Example input text:
Textual context: A vehicle operates over a A param between 20 and 110 in a typical day.
A vehicle operates for a B param between 2 and 10 in a typical day.
A vehicle operates with C param between 0.2 and 5 in a typical day.
A vehicle remains D param between 1 and 5 in a typical day.
A vehicle spends E param between 1 and 5 in a typical day.
A vehicle makes between 20 and 300 F param in a typical day.
A vehicle makes between 20 and 250 G param in a typical day.
A vehicle operates at H param between 0 and 80 in a typical day.

Example Python3 code:
# A vehicle operates over a A param between 20 and 110 in a typical day.
def r1(a: float) -> bool:
    return 20 <= a <= 110

# A vehicle operates for a B param between 2 and 10 in a typical day.
def r2(b: float) -> bool:
    return 2 <= b <= 10

# A vehicle operates with C param between 0.2 and 5 in a typical day.
def r3(c: float) -> bool:
    return 0.2 <= c <= 5

# A vehicle remains D param between 1 and 5 in a typical day.
def r4(d: float) -> bool:
    return 1 <= d <= 5

# A vehicle spends E param between 1 and 5 in a typical day.
def r5(e: float) -> bool:
    return 1 <= e <= 5

# A vehicle makes between 20 and 300 F param in a typical day.
def r6(f: float) -> bool:
    return 20 <= f <= 300

# A vehicle makes between 20 and 250 G param in a typical day.
def r7(g: float) -> bool:
    return 20 <= g <= 250

# A vehicle operates at H param between 0 and 80 in a typical day.
def r8(h: float) -> bool:
    return 0 <= h <= 80


Input text:
Textual context: PTO operation time cannot be greater than the total operation time.
Idle time cannot be greater than the total operation time.
Driving time cannot be greater than the total operation time.
The load carried by axle 1 must be smaller than or equal to the load on axle 2.
Axle 1's load cannot exceed Axle 3's load.
The payload must always be smaller than or equal to the load on axle 2.
The payload must not exceed the load carried by axle 3.";"```python
# PTO operation time cannot be greater than the total operation time.
def r1(pto: float, total: float) -> bool:
    return pto <= total

# Idle time cannot be greater than the total operation time.
def r2(idle: float, total: float) -> bool:
    return idle <= total

# Driving time cannot be greater than the total operation time.
def r3(driving: float, total: float) -> bool:
    return driving <= total

# The load carried by axle 1 must be smaller than or equal to the load on axle 2.
def r4(axle1: float, axle2: float) -> bool:
    return axle1 <= axle2

# Axle 1's load cannot exceed Axle 3's load.
def r5(axle1: float, axle3: float) -> bool:
    return axle1 <= axle3

# The payload must always be smaller than or equal to the load on axle 2.
def r6(payload: float, axle2: float) -> bool:
    return payload <= axle2

# The payload must not exceed the load carried by axle 3.
def r7(payload: float, axle3: float) -> bool:
    return payload <= axle3
```"
"System Message:
You are a logician with a background in mathematics that translates natural language
reasoning text to Python3 code so that these natural language reasoning problems can be solved.
During the translation, please pay close attention to defining variables and rules.
Do not add any comments from you.
Be guided by the following example:
Example input text:
Textual context: A vehicle operates over a A param between 20 and 110 in a typical day.
A vehicle operates for a B param between 2 and 10 in a typical day.
A vehicle operates with C param between 0.2 and 5 in a typical day.
A vehicle remains D param between 1 and 5 in a typical day.
A vehicle spends E param between 1 and 5 in a typical day.
A vehicle makes between 20 and 300 F param in a typical day.
A vehicle makes between 20 and 250 G param in a typical day.
A vehicle operates at H param between 0 and 80 in a typical day.

Example Python3 code:
# A vehicle operates over a A param between 20 and 110 in a typical day.
def r1(a: float) -> bool:
    return 20 <= a <= 110

# A vehicle operates for a B param between 2 and 10 in a typical day.
def r2(b: float) -> bool:
    return 2 <= b <= 10

# A vehicle operates with C param between 0.2 and 5 in a typical day.
def r3(c: float) -> bool:
    return 0.2 <= c <= 5

# A vehicle remains D param between 1 and 5 in a typical day.
def r4(d: float) -> bool:
    return 1 <= d <= 5

# A vehicle spends E param between 1 and 5 in a typical day.
def r5(e: float) -> bool:
    return 1 <= e <= 5

# A vehicle makes between 20 and 300 F param in a typical day.
def r6(f: float) -> bool:
    return 20 <= f <= 300

# A vehicle makes between 20 and 250 G param in a typical day.
def r7(g: float) -> bool:
    return 20 <= g <= 250

# A vehicle operates at H param between 0 and 80 in a typical day.
def r8(h: float) -> bool:
    return 0 <= h <= 80


Input text:
Textual context: PTO operation time should be less than or equal to the total operation time.
Idle time cannot be greater than the total operation time.
Driving time should be less than or equal to the total operation time.
PTO-engaged stops cannot exceed the total number of stops.
Axle 2's load must always be equal to or greater than the payload.
Axle 3's load must always be equal to or greater than the payload.
The combined time for PTO operation, idle time, and driving time must not surpass the total operation time.";"```python
def r1(pto_time: float, total_time: float) -> bool:
    return pto_time <= total_time

def r2(idle_time: float, total_time: float) -> bool:
    return idle_time <= total_time

def r3(driving_time: float, total_time: float) -> bool:
    return driving_time <= total_time

def r4(pto_stops: float, total_stops: float) -> bool:
    return pto_stops <= total_stops

def r5(axle2_load: float, payload: float) -> bool:
    return axle2_load >= payload

def r6(axle3_load: float, payload: float) -> bool:
    return axle3_load >= payload

def r7(pto_time: float, idle_time: float, driving_time: float, total_time: float) -> bool:
    return pto_time + idle_time + driving_time <= total_time
```"
"System Message:
You are a logician with a background in mathematics that translates natural language
reasoning text to Python3 code so that these natural language reasoning problems can be solved.
During the translation, please pay close attention to defining variables and rules.
Do not add any comments from you.
Be guided by the following example:
Example input text:
Textual context: A vehicle operates over a A param between 20 and 110 in a typical day.
A vehicle operates for a B param between 2 and 10 in a typical day.
A vehicle operates with C param between 0.2 and 5 in a typical day.
A vehicle remains D param between 1 and 5 in a typical day.
A vehicle spends E param between 1 and 5 in a typical day.
A vehicle makes between 20 and 300 F param in a typical day.
A vehicle makes between 20 and 250 G param in a typical day.
A vehicle operates at H param between 0 and 80 in a typical day.

Example Python3 code:
# A vehicle operates over a A param between 20 and 110 in a typical day.
def r1(a: float) -> bool:
    return 20 <= a <= 110

# A vehicle operates for a B param between 2 and 10 in a typical day.
def r2(b: float) -> bool:
    return 2 <= b <= 10

# A vehicle operates with C param between 0.2 and 5 in a typical day.
def r3(c: float) -> bool:
    return 0.2 <= c <= 5

# A vehicle remains D param between 1 and 5 in a typical day.
def r4(d: float) -> bool:
    return 1 <= d <= 5

# A vehicle spends E param between 1 and 5 in a typical day.
def r5(e: float) -> bool:
    return 1 <= e <= 5

# A vehicle makes between 20 and 300 F param in a typical day.
def r6(f: float) -> bool:
    return 20 <= f <= 300

# A vehicle makes between 20 and 250 G param in a typical day.
def r7(g: float) -> bool:
    return 20 <= g <= 250

# A vehicle operates at H param between 0 and 80 in a typical day.
def r8(h: float) -> bool:
    return 0 <= h <= 80


Input text:
Textual context: PTO operation time should be less than or equal to the total operation time.
Idle time cannot be greater than the total operation time.
The total stop count must not be lower than the count of stops where PTO is engaged.
The load on axle 1 must not surpass the load on axle 2.
The weight on axle 1 cannot surpass the weight on axle 3.
The payload must not exceed the load carried by axle 2.
Total operation time should be at least the sum of PTO, idle, and driving times.";"```python
def r1(pto: float, total: float) -> bool:
    return pto <= total

def r2(idle: float, total: float) -> bool:
    return idle <= total

def r3(total_stop_count: int, pto_engaged_stop_count: int) -> bool:
    return total_stop_count >= pto_engaged_stop_count

def r4(axle1_load: float, axle2_load: float) -> bool:
    return axle1_load <= axle2_load

def r5(axle1_weight: float, axle3_weight: float) -> bool:
    return axle1_weight <= axle3_weight

def r6(payload: float, axle2_load: float) -> bool:
    return payload <= axle2_load

def r7(total_operation_time: float, pto_time: float, idle_time: float, driving_time: float) -> bool:
    return total_operation_time >= pto_time + idle_time + driving_time
```"
"System Message:
You are a logician with a background in mathematics that translates natural language
reasoning text to Python3 code so that these natural language reasoning problems can be solved.
During the translation, please pay close attention to defining variables and rules.
Do not add any comments from you.
Be guided by the following example:
Example input text:
Textual context: A vehicle operates over a A param between 20 and 110 in a typical day.
A vehicle operates for a B param between 2 and 10 in a typical day.
A vehicle operates with C param between 0.2 and 5 in a typical day.
A vehicle remains D param between 1 and 5 in a typical day.
A vehicle spends E param between 1 and 5 in a typical day.
A vehicle makes between 20 and 300 F param in a typical day.
A vehicle makes between 20 and 250 G param in a typical day.
A vehicle operates at H param between 0 and 80 in a typical day.

Example Python3 code:
# A vehicle operates over a A param between 20 and 110 in a typical day.
def r1(a: float) -> bool:
    return 20 <= a <= 110

# A vehicle operates for a B param between 2 and 10 in a typical day.
def r2(b: float) -> bool:
    return 2 <= b <= 10

# A vehicle operates with C param between 0.2 and 5 in a typical day.
def r3(c: float) -> bool:
    return 0.2 <= c <= 5

# A vehicle remains D param between 1 and 5 in a typical day.
def r4(d: float) -> bool:
    return 1 <= d <= 5

# A vehicle spends E param between 1 and 5 in a typical day.
def r5(e: float) -> bool:
    return 1 <= e <= 5

# A vehicle makes between 20 and 300 F param in a typical day.
def r6(f: float) -> bool:
    return 20 <= f <= 300

# A vehicle makes between 20 and 250 G param in a typical day.
def r7(g: float) -> bool:
    return 20 <= g <= 250

# A vehicle operates at H param between 0 and 80 in a typical day.
def r8(h: float) -> bool:
    return 0 <= h <= 80


Input text:
Textual context: Total operation time shouldn’t be lower than PTO operation time.
Idle time cannot be greater than the total operation time.
Stops with PTO engaged cannot outnumber the total stops.
The load supported by axle 1 cannot exceed that of axle 2.
The payload cannot exceed the capacity of axle 2.
Payload must remain below or equal to the load carried by axle 3.
The total operation duration must always be greater than or equal to the combined time for PTO, idle, and driving.";"```python
def r1(total_operation_time: float, pto_operation_time: float) -> bool:
    return total_operation_time >= pto_operation_time

def r2(idle_time: float, total_operation_time: float) -> bool:
    return idle_time <= total_operation_time

def r3(stops_with_pto: float, total_stops: float) -> bool:
    return stops_with_pto <= total_stops

def r4(axle1_load: float, axle2_load: float) -> bool:
    return axle1_load <= axle2_load

def r5(payload: float, axle2_capacity: float) -> bool:
    return payload <= axle2_capacity

def r6(payload: float, axle3_load: float) -> bool:
    return payload <= axle3_load

def r7(total_operation_duration: float, pto_time: float, idle_time: float, driving_time: float) -> bool:
    return total_operation_duration >= (pto_time + idle_time + driving_time)
```"
"System Message:
You are a logician with a background in mathematics that translates natural language
reasoning text to Python3 code so that these natural language reasoning problems can be solved.
During the translation, please pay close attention to defining variables and rules.
Do not add any comments from you.
Be guided by the following example:
Example input text:
Textual context: A vehicle operates over a A param between 20 and 110 in a typical day.
A vehicle operates for a B param between 2 and 10 in a typical day.
A vehicle operates with C param between 0.2 and 5 in a typical day.
A vehicle remains D param between 1 and 5 in a typical day.
A vehicle spends E param between 1 and 5 in a typical day.
A vehicle makes between 20 and 300 F param in a typical day.
A vehicle makes between 20 and 250 G param in a typical day.
A vehicle operates at H param between 0 and 80 in a typical day.
A vehicle operates with an I param between 550 and 1600 in a typical day.

Example Python3 code:
# A vehicle operates over a A param between 20 and 110 in a typical day.
def r1(a: float) -> bool:
    return 20 <= a <= 110

# A vehicle operates for a B param between 2 and 10 in a typical day.
def r2(b: float) -> bool:
    return 2 <= b <= 10

# A vehicle operates with C param between 0.2 and 5 in a typical day.
def r3(c: float) -> bool:
    return 0.2 <= c <= 5

# A vehicle remains D param between 1 and 5 in a typical day.
def r4(d: float) -> bool:
    return 1 <= d <= 5

# A vehicle spends E param between 1 and 5 in a typical day.
def r5(e: float) -> bool:
    return 1 <= e <= 5

# A vehicle makes between 20 and 300 F param in a typical day.
def r6(f: float) -> bool:
    return 20 <= f <= 300

# A vehicle makes between 20 and 250 G param in a typical day.
def r7(g: float) -> bool:
    return 20 <= g <= 250

# A vehicle operates at H param between 0 and 80 in a typical day.
def r8(h: float) -> bool:
    return 0 <= h <= 80

# A vehicle operates with an I param between 550 and 1600 in a typical day.
def r9(i: float) -> bool:
    return 550 <= i <= 1600


Input text:
Textual context: PTO operation time must be less than or equal to the total operation time.
Idle time must always be less than or equal to the total operation time.
The total operation durationmust not be lower than the driving time.
The total stop count must not be lower than the count of stops where PTO is engaged.
The weight on axle 1 cannot surpass the weight on axle 2.
The weight on axle 1 cannot surpass the weight on axle 3.
Payload must remain below or equal to the load carried by axle 2.
The payload must not exceed the load carried by axle 3.
The total operation time must always be not lower than the combined duration of PTO operation, idle time, and driving time.";"```python
# PTO operation time must be less than or equal to the total operation time.
def r10(pto_time: float, total_time: float) -> bool:
    return pto_time <= total_time

# Idle time must always be less than or equal to the total operation time.
def r11(idle_time: float, total_time: float) -> bool:
    return idle_time <= total_time

# The total operation durationmust not be lower than the driving time.
def r12(total_duration: float, driving_time: float) -> bool:
    return total_duration >= driving_time

# The total stop count must not be lower than the count of stops where PTO is engaged.
def r13(total_stop_count: int, pto_engaged_stop_count: int) -> bool:
    return total_stop_count >= pto_engaged_stop_count

# The weight on axle 1 cannot surpass the weight on axle 2.
def r14(axle1_weight: float, axle2_weight: float) -> bool:
    return axle1_weight <= axle2_weight

# The weight on axle 1 cannot surpass the weight on axle 3.
def r15(axle1_weight: float, axle3_weight: float) -> bool:
    return axle1_weight <= axle3_weight

# Payload must remain below or equal to the load carried by axle 2.
def r16(payload: float, axle2_load: float) -> bool:
    return payload <= axle2_load

# The payload must not exceed the load carried by axle 3.
def r17(payload: float, axle3_load: float) -> bool:
    return payload <= axle3_load

# The total operation time must always be not lower than the combined duration of PTO operation, idle time, and driving time.
def r18(total_operation_time: float, pto_operation_time: float, idle_time: float, driving_time: float) -> bool:
    return total_operation_time >= (pto_operation_time + idle_time + driving_time)
```"
"System Message:
You are a logician with a background in mathematics that translates natural language
reasoning text to Python3 code so that these natural language reasoning problems can be solved.
During the translation, please pay close attention to defining variables and rules.
Do not add any comments from you.
Be guided by the following example:
Example input text:
Textual context: A vehicle operates over a A param between 20 and 110 in a typical day.
A vehicle operates for a B param between 2 and 10 in a typical day.
A vehicle operates with C param between 0.2 and 5 in a typical day.
A vehicle remains D param between 1 and 5 in a typical day.
A vehicle spends E param between 1 and 5 in a typical day.
A vehicle makes between 20 and 300 F param in a typical day.
A vehicle makes between 20 and 250 G param in a typical day.
A vehicle operates at H param between 0 and 80 in a typical day.
A vehicle operates with an I param between 550 and 1600 in a typical day.

Example Python3 code:
# A vehicle operates over a A param between 20 and 110 in a typical day.
def r1(a: float) -> bool:
    return 20 <= a <= 110

# A vehicle operates for a B param between 2 and 10 in a typical day.
def r2(b: float) -> bool:
    return 2 <= b <= 10

# A vehicle operates with C param between 0.2 and 5 in a typical day.
def r3(c: float) -> bool:
    return 0.2 <= c <= 5

# A vehicle remains D param between 1 and 5 in a typical day.
def r4(d: float) -> bool:
    return 1 <= d <= 5

# A vehicle spends E param between 1 and 5 in a typical day.
def r5(e: float) -> bool:
    return 1 <= e <= 5

# A vehicle makes between 20 and 300 F param in a typical day.
def r6(f: float) -> bool:
    return 20 <= f <= 300

# A vehicle makes between 20 and 250 G param in a typical day.
def r7(g: float) -> bool:
    return 20 <= g <= 250

# A vehicle operates at H param between 0 and 80 in a typical day.
def r8(h: float) -> bool:
    return 0 <= h <= 80

# A vehicle operates with an I param between 550 and 1600 in a typical day.
def r9(i: float) -> bool:
    return 550 <= i <= 1600


Input text:
Textual context: PTO operation time cannot be greater than the total operation time.
Idle time must always be less than or equal to the total operation time.
The total stop count must not be lower than the count of stops where PTO is engaged.
Axle 1's load cannot exceed Axle 2's load.
The weight on axle 1 cannot surpass the weight on axle 3.
Axle 2's load must always be equal to or greater than the payload.
The payload must always be smaller than or equal to the load on axle 3.";"```python
# PTO operation time cannot be greater than the total operation time.
def r10(pto_time: float, total_time: float) -> bool:
    return pto_time <= total_time

# Idle time must always be less than or equal to the total operation time.
def r11(idle_time: float, total_time: float) -> bool:
    return idle_time <= total_time

# The total stop count must not be lower than the count of stops where PTO is engaged.
def r12(total_stop_count: int, pto_engaged_stop_count: int) -> bool:
    return total_stop_count >= pto_engaged_stop_count

# Axle 1's load cannot exceed Axle 2's load.
def r13(axle1_load: float, axle2_load: float) -> bool:
    return axle1_load <= axle2_load

# The weight on axle 1 cannot surpass the weight on axle 3.
def r14(axle1_weight: float, axle3_weight: float) -> bool:
    return axle1_weight <= axle3_weight

# Axle 2's load must always be equal to or greater than the payload.
def r15(axle2_load: float, payload: float) -> bool:
    return axle2_load >= payload

# The payload must always be smaller than or equal to the load on axle 3.
def r16(payload: float, axle3_load: float) -> bool:
    return payload <= axle3_load
```"
"System Message:
You are a logician with a background in mathematics that translates natural language
reasoning text to Python3 code so that these natural language reasoning problems can be solved.
During the translation, please pay close attention to defining variables and rules.
Do not add any comments from you.
Be guided by the following example:
Example input text:
Textual context: A vehicle operates over a A param between 20 and 110 in a typical day.
A vehicle operates for a B param between 2 and 10 in a typical day.
A vehicle operates with C param between 0.2 and 5 in a typical day.
A vehicle remains D param between 1 and 5 in a typical day.
A vehicle spends E param between 1 and 5 in a typical day.
A vehicle makes between 20 and 300 F param in a typical day.
A vehicle makes between 20 and 250 G param in a typical day.
A vehicle operates at H param between 0 and 80 in a typical day.
A vehicle operates with an I param between 550 and 1600 in a typical day.

Example Python3 code:
# A vehicle operates over a A param between 20 and 110 in a typical day.
def r1(a: float) -> bool:
    return 20 <= a <= 110

# A vehicle operates for a B param between 2 and 10 in a typical day.
def r2(b: float) -> bool:
    return 2 <= b <= 10

# A vehicle operates with C param between 0.2 and 5 in a typical day.
def r3(c: float) -> bool:
    return 0.2 <= c <= 5

# A vehicle remains D param between 1 and 5 in a typical day.
def r4(d: float) -> bool:
    return 1 <= d <= 5

# A vehicle spends E param between 1 and 5 in a typical day.
def r5(e: float) -> bool:
    return 1 <= e <= 5

# A vehicle makes between 20 and 300 F param in a typical day.
def r6(f: float) -> bool:
    return 20 <= f <= 300

# A vehicle makes between 20 and 250 G param in a typical day.
def r7(g: float) -> bool:
    return 20 <= g <= 250

# A vehicle operates at H param between 0 and 80 in a typical day.
def r8(h: float) -> bool:
    return 0 <= h <= 80

# A vehicle operates with an I param between 550 and 1600 in a typical day.
def r9(i: float) -> bool:
    return 550 <= i <= 1600


Input text:
Textual context: PTO operation time cannot be greater than the total operation time.
Total operation time should shouldn’t be lower than driving time.
The total stop count must not be lower than the count of stops where PTO is engaged.
Axle 1's load cannot exceed Axle 2's load.
The load on axle 1 must not surpass the load on axle 3.
The payload must always be smaller than or equal to the load on axle 3.
The combined time for PTO operation, idle time, and driving time must not surpass the total operation time.";"```python
# PTO operation time cannot be greater than the total operation time.
def r10(pto_time: float, total_time: float) -> bool:
    return pto_time <= total_time

# Total operation time should shouldn’t be lower than driving time.
def r11(total_time: float, driving_time: float) -> bool:
    return total_time >= driving_time

# The total stop count must not be lower than the count of stops where PTO is engaged.
def r12(total_stop_count: int, pto_engaged_stop_count: int) -> bool:
    return total_stop_count >= pto_engaged_stop_count

# Axle 1's load cannot exceed Axle 2's load.
def r13(axle1_load: float, axle2_load: float) -> bool:
    return axle1_load <= axle2_load

# The load on axle 1 must not surpass the load on axle 3.
def r14(axle1_load: float, axle3_load: float) -> bool:
    return axle1_load <= axle3_load

# The payload must always be smaller than or equal to the load on axle 3.
def r15(payload: float, axle3_load: float) -> bool:
    return payload <= axle3_load

# The combined time for PTO operation, idle time, and driving time must not surpass the total operation time.
def r16(pto_time: float, idle_time: float, driving_time: float, total_time: float) -> bool:
    return pto_time + idle_time + driving_time <= total_time
```"
"System Message:
You are a logician with a background in mathematics that translates natural language
reasoning text to Python3 code so that these natural language reasoning problems can be solved.
During the translation, please pay close attention to defining variables and rules.
Do not add any comments from you.
Be guided by the following example:
Example input text:
Textual context: A vehicle operates over a A param between 20 and 110 in a typical day.
A vehicle operates for a B param between 2 and 10 in a typical day.
A vehicle operates with C param between 0.2 and 5 in a typical day.
A vehicle remains D param between 1 and 5 in a typical day.
A vehicle spends E param between 1 and 5 in a typical day.
A vehicle makes between 20 and 300 F param in a typical day.
A vehicle makes between 20 and 250 G param in a typical day.
A vehicle operates at H param between 0 and 80 in a typical day.
A vehicle operates with an I param between 550 and 1600 in a typical day.

Example Python3 code:
# A vehicle operates over a A param between 20 and 110 in a typical day.
def r1(a: float) -> bool:
    return 20 <= a <= 110

# A vehicle operates for a B param between 2 and 10 in a typical day.
def r2(b: float) -> bool:
    return 2 <= b <= 10

# A vehicle operates with C param between 0.2 and 5 in a typical day.
def r3(c: float) -> bool:
    return 0.2 <= c <= 5

# A vehicle remains D param between 1 and 5 in a typical day.
def r4(d: float) -> bool:
    return 1 <= d <= 5

# A vehicle spends E param between 1 and 5 in a typical day.
def r5(e: float) -> bool:
    return 1 <= e <= 5

# A vehicle makes between 20 and 300 F param in a typical day.
def r6(f: float) -> bool:
    return 20 <= f <= 300

# A vehicle makes between 20 and 250 G param in a typical day.
def r7(g: float) -> bool:
    return 20 <= g <= 250

# A vehicle operates at H param between 0 and 80 in a typical day.
def r8(h: float) -> bool:
    return 0 <= h <= 80

# A vehicle operates with an I param between 550 and 1600 in a typical day.
def r9(i: float) -> bool:
    return 550 <= i <= 1600


Input text:
Textual context: PTO operation time should be less than or equal to the total operation time.
Idle time cannot be greater than the total operation time.
The total operation durationmust not be lower than the driving time.
The total stop count must not be lower than the count of stops where PTO is engaged.
The weight on axle 1 cannot surpass the weight on axle 2.
The weight on axle 1 cannot surpass the weight on axle 3.
Axle 3's load must always be equal to or greater than the payload.";"```python
# PTO operation time should be less than or equal to the total operation time.
def r10(pto_time: float, total_time: float) -> bool:
    return pto_time <= total_time

# Idle time cannot be greater than the total operation time.
def r11(idle_time: float, total_time: float) -> bool:
    return idle_time <= total_time

# The total operation durationmust not be lower than the driving time.
def r12(total_duration: float, driving_time: float) -> bool:
    return total_duration >= driving_time

# The total stop count must not be lower than the count of stops where PTO is engaged.
def r13(total_stop_count: int, pto_engaged_stop_count: int) -> bool:
    return total_stop_count >= pto_engaged_stop_count

# The weight on axle 1 cannot surpass the weight on axle 2.
def r14(axle1_weight: float, axle2_weight: float) -> bool:
    return axle1_weight <= axle2_weight

# The weight on axle 1 cannot surpass the weight on axle 3.
def r15(axle1_weight: float, axle3_weight: float) -> bool:
    return axle1_weight <= axle3_weight

# Axle 3's load must always be equal to or greater than the payload.
def r16(axle3_load: float, payload: float) -> bool:
    return axle3_load >= payload
```"
"System Message:
You are a logician with a background in mathematics that translates natural language
reasoning text to Python3 code so that these natural language reasoning problems can be solved.
During the translation, please pay close attention to defining variables and rules.
Do not add any comments from you.
Be guided by the following example:
Example input text:
Textual context: A vehicle operates over a A param between 20 and 110 in a typical day.
A vehicle operates for a B param between 2 and 10 in a typical day.
A vehicle operates with C param between 0.2 and 5 in a typical day.
A vehicle remains D param between 1 and 5 in a typical day.
A vehicle spends E param between 1 and 5 in a typical day.
A vehicle makes between 20 and 300 F param in a typical day.
A vehicle makes between 20 and 250 G param in a typical day.
A vehicle operates at H param between 0 and 80 in a typical day.

Example Python3 code:
# A vehicle operates over a A param between 20 and 110 in a typical day.
def r1(a: float) -> bool:
    return 20 <= a <= 110

# A vehicle operates for a B param between 2 and 10 in a typical day.
def r2(b: float) -> bool:
    return 2 <= b <= 10

# A vehicle operates with C param between 0.2 and 5 in a typical day.
def r3(c: float) -> bool:
    return 0.2 <= c <= 5

# A vehicle remains D param between 1 and 5 in a typical day.
def r4(d: float) -> bool:
    return 1 <= d <= 5

# A vehicle spends E param between 1 and 5 in a typical day.
def r5(e: float) -> bool:
    return 1 <= e <= 5

# A vehicle makes between 20 and 300 F param in a typical day.
def r6(f: float) -> bool:
    return 20 <= f <= 300

# A vehicle makes between 20 and 250 G param in a typical day.
def r7(g: float) -> bool:
    return 20 <= g <= 250

# A vehicle operates at H param between 0 and 80 in a typical day.
def r8(h: float) -> bool:
    return 0 <= h <= 80


Input text:
Textual context: The total operation duration must not be lower than the PTO operation time.
Idle time must always be less than or equal to the total operation time.
Driving time cannot be greater than the total operation time.
The total stop count must not be lower than the count of stops where PTO is engaged.
The load carried by axle 1 must be smaller than or equal to the load on axle 2.
Axle 1's load cannot exceed Axle 3's load.
Axle 2's load must always be equal to or greater than the payload.
Axle 3's load must always be equal to or greater than the payload.";"```python
# The total operation duration must not be lower than the PTO operation time.
def r1(total_operation_duration: float, pto_operation_time: float) -> bool:
    return total_operation_duration >= pto_operation_time

# Idle time must always be less than or equal to the total operation time.
def r2(idle_time: float, total_operation_time: float) -> bool:
    return idle_time <= total_operation_time

# Driving time cannot be greater than the total operation time.
def r3(driving_time: float, total_operation_time: float) -> bool:
    return driving_time <= total_operation_time

# The total stop count must not be lower than the count of stops where PTO is engaged.
def r4(total_stop_count: int, pto_engaged_stop_count: int) -> bool:
    return total_stop_count >= pto_engaged_stop_count

# The load carried by axle 1 must be smaller than or equal to the load on axle 2.
def r5(axle1_load: float, axle2_load: float) -> bool:
    return axle1_load <= axle2_load

# Axle 1's load cannot exceed Axle 3's load.
def r6(axle1_load: float, axle3_load: float) -> bool:
    return axle1_load <= axle3_load

# Axle 2's load must always be equal to or greater than the payload.
def r7(axle2_load: float, payload: float) -> bool:
    return axle2_load >= payload

# Axle 3's load must always be equal to or greater than the payload.
def r8(axle3_load: float, payload: float) -> bool:
    return axle3_load >= payload
```"
