Prompt;QwenCoderSmall
"System Message:
You are a logician with a background in mathematics that translates natural language
reasoning text to Python3 code so that these natural language reasoning problems can be solved.
During the translation, please pay close attention to defining variables and rules.
Do not add any comments from you.
Be guided by the following example:
Example input text:
Textual context: A vehicle operates over a A param between 20 and 110 in a typical day.
A vehicle operates for a B param between 2 and 10 in a typical day.

Example Python3 code:
# A vehicle operates over a A param between 20 and 110 in a typical day.
def r1(a: float) -> bool:
    return 20 <= a <= 110

# A vehicle operates for a B param between 2 and 10 in a typical day.
def r2(b: float) -> bool:
    return 2 <= b <= 10


Input text:
Textual context: The number of stops where PTO is engaged must not exceed the overall stop count.
The payload cannot exceed the capacity of axle 3.";"
```python
# Define the function to check if the number of stops where PTO is engaged does not exceed the overall stop count.
def r1(pto_stops: int, total_stops: int) -> bool:
    return pto_stops <= total_stops

# Define the function to check if the payload cannot exceed the capacity of axle 3.
def r2(payload: int, axle_3_capacity: int) -> bool:
    return payload <= axle_3_capacity
```"
"System Message:
You are a logician with a background in mathematics that translates natural language
reasoning text to Python3 code so that these natural language reasoning problems can be solved.
During the translation, please pay close attention to defining variables and rules.
Do not add any comments from you.
Be guided by the following example:
Example input text:
Textual context: A vehicle operates over a A param between 20 and 110 in a typical day.
A vehicle operates for a B param between 2 and 10 in a typical day.

Example Python3 code:
# A vehicle operates over a A param between 20 and 110 in a typical day.
def r1(a: float) -> bool:
    return 20 <= a <= 110

# A vehicle operates for a B param between 2 and 10 in a typical day.
def r2(b: float) -> bool:
    return 2 <= b <= 10


Input text:
Textual context: Stops with PTO engaged cannot outnumber the total stops.";"
```python
def r3(pto_engaged: int, total_stops: int) -> bool:
    return pto_engaged <= total_stops
```"
"System Message:
You are a logician with a background in mathematics that translates natural language
reasoning text to Python3 code so that these natural language reasoning problems can be solved.
During the translation, please pay close attention to defining variables and rules.
Do not add any comments from you.
Be guided by the following example:
Example input text:
Textual context: A vehicle operates over a A param between 20 and 110 in a typical day.
A vehicle operates for a B param between 2 and 10 in a typical day.

Example Python3 code:
# A vehicle operates over a A param between 20 and 110 in a typical day.
def r1(a: float) -> bool:
    return 20 <= a <= 110

# A vehicle operates for a B param between 2 and 10 in a typical day.
def r2(b: float) -> bool:
    return 2 <= b <= 10


Input text:
Textual context: The load carried by axle 1 must be smaller than or equal to the load on axle 3.
Total operation time should be at least the sum of PTO, idle, and driving times.";"
```python
# Load carried by axle 1 must be smaller than or equal to the load on axle 3.
def r3(load_axle_1: float, load_axle_3: float) -> bool:
    return load_axle_1 <= load_axle_3

# Total operation time should be at least the sum of PTO, idle, and driving times.
def r4(pto_time: float, idle_time: float, driving_time: float) -> bool:
    return pto_time + idle_time + driving_time >= (pto_time + idle_time + driving_time)
```"
"System Message:
You are a logician with a background in mathematics that translates natural language
reasoning text to Python3 code so that these natural language reasoning problems can be solved.
During the translation, please pay close attention to defining variables and rules.
Do not add any comments from you.
Be guided by the following example:
Example input text:
Textual context: A vehicle operates over a A param between 20 and 110 in a typical day.
A vehicle operates for a B param between 2 and 10 in a typical day.

Example Python3 code:
# A vehicle operates over a A param between 20 and 110 in a typical day.
def r1(a: float) -> bool:
    return 20 <= a <= 110

# A vehicle operates for a B param between 2 and 10 in a typical day.
def r2(b: float) -> bool:
    return 2 <= b <= 10


Input text:
Textual context: PTO operation time must be less than or equal to the total operation time.
Axle 1's load cannot exceed Axle 3's load.";"
```python
# PTO operation time must be less than or equal to the total operation time.
def r3(pto_time: float, total_time: float) -> bool:
    return pto_time <= total_time

# Axle 1's load cannot exceed Axle 3's load.
def r4(axle1_load: float, axle3_load: float) -> bool:
    return axle1_load <= axle3_load
```"
"System Message:
You are a logician with a background in mathematics that translates natural language
reasoning text to Python3 code so that these natural language reasoning problems can be solved.
During the translation, please pay close attention to defining variables and rules.
Do not add any comments from you.
Be guided by the following example:
Example input text:
Textual context: A vehicle operates over a A param between 20 and 110 in a typical day.
A vehicle operates for a B param between 2 and 10 in a typical day.

Example Python3 code:
# A vehicle operates over a A param between 20 and 110 in a typical day.
def r1(a: float) -> bool:
    return 20 <= a <= 110

# A vehicle operates for a B param between 2 and 10 in a typical day.
def r2(b: float) -> bool:
    return 2 <= b <= 10


Input text:
Textual context: The payload cannot exceed the capacity of axle 3.";"
# The payload cannot exceed the capacity of axle 3.
def r3(c: float) -> bool:
    return c <= 3"
"System Message:
You are a logician with a background in mathematics that translates natural language
reasoning text to Python3 code so that these natural language reasoning problems can be solved.
During the translation, please pay close attention to defining variables and rules.
Do not add any comments from you.
Be guided by the following example:
Example input text:
Textual context: A vehicle operates over a A param between 20 and 110 in a typical day.
A vehicle operates for a B param between 2 and 10 in a typical day.

Example Python3 code:
# A vehicle operates over a A param between 20 and 110 in a typical day.
def r1(a: float) -> bool:
    return 20 <= a <= 110

# A vehicle operates for a B param between 2 and 10 in a typical day.
def r2(b: float) -> bool:
    return 2 <= b <= 10


Input text:
Textual context: Driving time should be less than or equal to the total operation time.";"
```python
# Driving time should be less than or equal to the total operation time.
def r3(total_operation_time: float) -> bool:
    return total_operation_time <= 0
```"
"System Message:
You are a logician with a background in mathematics that translates natural language
reasoning text to Python3 code so that these natural language reasoning problems can be solved.
During the translation, please pay close attention to defining variables and rules.
Do not add any comments from you.
Be guided by the following example:
Example input text:
Textual context: A vehicle operates over a A param between 20 and 110 in a typical day.
A vehicle operates for a B param between 2 and 10 in a typical day.

Example Python3 code:
# A vehicle operates over a A param between 20 and 110 in a typical day.
def r1(a: float) -> bool:
    return 20 <= a <= 110

# A vehicle operates for a B param between 2 and 10 in a typical day.
def r2(b: float) -> bool:
    return 2 <= b <= 10


Input text:
Textual context: The payload must always be smaller than or equal to the load on axle 2.
The payload must always be smaller than or equal to the load on axle 3.";"
```python
# The payload must always be smaller than or equal to the load on axle 2.
def r3(p: float, l2: float) -> bool:
    return p <= l2

# The payload must always be smaller than or equal to the load on axle 3.
def r4(p: float, l3: float) -> bool:
    return p <= l3
```"
"System Message:
You are a logician with a background in mathematics that translates natural language
reasoning text to Python3 code so that these natural language reasoning problems can be solved.
During the translation, please pay close attention to defining variables and rules.
Do not add any comments from you.
Be guided by the following example:
Example input text:
Textual context: A vehicle operates over a A param between 20 and 110 in a typical day.
A vehicle operates for a B param between 2 and 10 in a typical day.

Example Python3 code:
# A vehicle operates over a A param between 20 and 110 in a typical day.
def r1(a: float) -> bool:
    return 20 <= a <= 110

# A vehicle operates for a B param between 2 and 10 in a typical day.
def r2(b: float) -> bool:
    return 2 <= b <= 10


Input text:
Textual context: PTO-engaged stops cannot exceed the total number of stops.
The load carried by axle 1 must be smaller than or equal to the load on axle 3.";"
```python
# PTO-engaged stops cannot exceed the total number of stops.
def r3(pto_stops: int, total_stops: int) -> bool:
    return pto_stops <= total_stops

# The load carried by axle 1 must be smaller than or equal to the load on axle 3.
def r4(load_axle_1: float, load_axle_3: float) -> bool:
    return load_axle_1 <= load_axle_3
```"
"System Message:
You are a logician with a background in mathematics that translates natural language
reasoning text to Python3 code so that these natural language reasoning problems can be solved.
During the translation, please pay close attention to defining variables and rules.
Do not add any comments from you.
Be guided by the following example:
Example input text:
Textual context: A vehicle operates over a A param between 20 and 110 in a typical day.
A vehicle operates for a B param between 2 and 10 in a typical day.

Example Python3 code:
# A vehicle operates over a A param between 20 and 110 in a typical day.
def r1(a: float) -> bool:
    return 20 <= a <= 110

# A vehicle operates for a B param between 2 and 10 in a typical day.
def r2(b: float) -> bool:
    return 2 <= b <= 10


Input text:
Textual context: Axle 2's load must always be equal to or greater than the payload.";"
```python
# Axle 2's load must always be equal to or greater than the payload.
def r3(axle2_load: float, payload: float) -> bool:
    return axle2_load >= payload
```"
"System Message:
You are a logician with a background in mathematics that translates natural language
reasoning text to Python3 code so that these natural language reasoning problems can be solved.
During the translation, please pay close attention to defining variables and rules.
Do not add any comments from you.
Be guided by the following example:
Example input text:
Textual context: A vehicle operates over a A param between 20 and 110 in a typical day.
A vehicle operates for a B param between 2 and 10 in a typical day.

Example Python3 code:
# A vehicle operates over a A param between 20 and 110 in a typical day.
def r1(a: float) -> bool:
    return 20 <= a <= 110

# A vehicle operates for a B param between 2 and 10 in a typical day.
def r2(b: float) -> bool:
    return 2 <= b <= 10


Input text:
Textual context: The load on axle 1 must not surpass the load on axle 2.
The weight on axle 1 cannot surpass the weight on axle 3.";"
```python
# Load on axle 1 must not surpass the load on axle 2.
def r3(l1: float, l2: float) -> bool:
    return l1 <= l2

# The weight on axle 1 cannot surpass the weight on axle 3.
def r4(w1: float, w3: float) -> bool:
    return w1 <= w3
```"
"System Message:
You are a logician with a background in mathematics that translates natural language
reasoning text to Python3 code so that these natural language reasoning problems can be solved.
During the translation, please pay close attention to defining variables and rules.
Do not add any comments from you.
Be guided by the following example:
Example input text:
Textual context: A vehicle operates over a A param between 20 and 110 in a typical day.
A vehicle operates for a B param between 2 and 10 in a typical day.

Example Python3 code:
# A vehicle operates over a A param between 20 and 110 in a typical day.
def r1(a: float) -> bool:
    return 20 <= a <= 110

# A vehicle operates for a B param between 2 and 10 in a typical day.
def r2(b: float) -> bool:
    return 2 <= b <= 10


Input text:
Textual context: Idle time cannot be greater than the total operation time.
Driving time should be less than or equal to the total operation time.";"
```python
# Define a function to check if idle time is within the range of total operation time
def r3(total_time: float) -> bool:
    return 0 <= total_time

# Define a function to check if driving time is within the range of total operation time
def r4(total_time: float) -> bool:
    return total_time >= 0
```"
"System Message:
You are a logician with a background in mathematics that translates natural language
reasoning text to Python3 code so that these natural language reasoning problems can be solved.
During the translation, please pay close attention to defining variables and rules.
Do not add any comments from you.
Be guided by the following example:
Example input text:
Textual context: A vehicle operates over a A param between 20 and 110 in a typical day.
A vehicle operates for a B param between 2 and 10 in a typical day.

Example Python3 code:
# A vehicle operates over a A param between 20 and 110 in a typical day.
def r1(a: float) -> bool:
    return 20 <= a <= 110

# A vehicle operates for a B param between 2 and 10 in a typical day.
def r2(b: float) -> bool:
    return 2 <= b <= 10


Input text:
Textual context: Axle 1's load cannot exceed Axle 2's load.
The total operation duration must always be greater than or equal to the combined time for PTO, idle, and driving.";"
```python
# Axle 1's load cannot exceed Axle 2's load.
def r3(axle1_load: float, axle2_load: float) -> bool:
    return axle1_load <= axle2_load

# The total operation duration must always be greater than or equal to the combined time for PTO, idle, and driving.
def r4(total_duration: float, pto_time: float, idle_time: float, driving_time: float) -> bool:
    return total_duration >= pto_time + idle_time + driving_time
```"
"System Message:
You are a logician with a background in mathematics that translates natural language
reasoning text to Python3 code so that these natural language reasoning problems can be solved.
During the translation, please pay close attention to defining variables and rules.
Do not add any comments from you.
Be guided by the following example:
Example input text:
Textual context: A vehicle operates over a A param between 20 and 110 in a typical day.
A vehicle operates for a B param between 2 and 10 in a typical day.

Example Python3 code:
# A vehicle operates over a A param between 20 and 110 in a typical day.
def r1(a: float) -> bool:
    return 20 <= a <= 110

# A vehicle operates for a B param between 2 and 10 in a typical day.
def r2(b: float) -> bool:
    return 2 <= b <= 10


Input text:
Textual context: Total operation time shouldn’t be lower than idle time.";"
# Total operation time shouldn't be lower than idle time.
def r3(tot_op_time: float, idle_time: float) -> bool:
    return tot_op_time >= idle_time"
"System Message:
You are a logician with a background in mathematics that translates natural language
reasoning text to Python3 code so that these natural language reasoning problems can be solved.
During the translation, please pay close attention to defining variables and rules.
Do not add any comments from you.
Be guided by the following example:
Example input text:
Textual context: A vehicle operates over a A param between 20 and 110 in a typical day.
A vehicle operates for a B param between 2 and 10 in a typical day.

Example Python3 code:
# A vehicle operates over a A param between 20 and 110 in a typical day.
def r1(a: float) -> bool:
    return 20 <= a <= 110

# A vehicle operates for a B param between 2 and 10 in a typical day.
def r2(b: float) -> bool:
    return 2 <= b <= 10


Input text:
Textual context: The total operation durationmust not be lower than the driving time.
Axle 1's load cannot exceed Axle 3's load.";"
```python
# Define the function to check if the total operation duration is not less than the driving time
def r3(total_duration: float, driving_time: float) -> bool:
    return total_duration >= driving_time

# Define the function to check if the load of axle 1 does not exceed the load of axle 3
def r4(axle1_load: float, axle3_load: float) -> bool:
    return axle1_load <= axle3_load
```"
"System Message:
You are a logician with a background in mathematics that translates natural language
reasoning text to Python3 code so that these natural language reasoning problems can be solved.
During the translation, please pay close attention to defining variables and rules.
Do not add any comments from you.
Be guided by the following example:
Example input text:
Textual context: A vehicle operates over a A param between 20 and 110 in a typical day.
A vehicle operates for a B param between 2 and 10 in a typical day.

Example Python3 code:
# A vehicle operates over a A param between 20 and 110 in a typical day.
def r1(a: float) -> bool:
    return 20 <= a <= 110

# A vehicle operates for a B param between 2 and 10 in a typical day.
def r2(b: float) -> bool:
    return 2 <= b <= 10


Input text:
Textual context: PTO operation time should be less than or equal to the total operation time.
Total operation time must be greater than or equal to the sum of PTO operation, idle, and driving times.";"
```python
# PTO operation time should be less than or equal to the total operation time.
def r3(pto_time: float, total_time: float) -> bool:
    return pto_time <= total_time

# Total operation time must be greater than or equal to the sum of PTO operation, idle, and driving times.
def r4(total_time: float, pto_time: float, idle_time: float, driving_time: float) -> bool:
    return total_time >= pto_time + idle_time + driving_time
```"
"System Message:
You are a logician with a background in mathematics that translates natural language
reasoning text to Python3 code so that these natural language reasoning problems can be solved.
During the translation, please pay close attention to defining variables and rules.
Do not add any comments from you.
Be guided by the following example:
Example input text:
Textual context: A vehicle operates over a A param between 20 and 110 in a typical day.
A vehicle operates for a B param between 2 and 10 in a typical day.

Example Python3 code:
# A vehicle operates over a A param between 20 and 110 in a typical day.
def r1(a: float) -> bool:
    return 20 <= a <= 110

# A vehicle operates for a B param between 2 and 10 in a typical day.
def r2(b: float) -> bool:
    return 2 <= b <= 10


Input text:
Textual context: PTO operation time cannot be greater than the total operation time.";"
```python
# PTO operation time cannot be greater than the total operation time.
def r3(pto_time: float, total_time: float) -> bool:
    return pto_time <= total_time
```"
"System Message:
You are a logician with a background in mathematics that translates natural language
reasoning text to Python3 code so that these natural language reasoning problems can be solved.
During the translation, please pay close attention to defining variables and rules.
Do not add any comments from you.
Be guided by the following example:
Example input text:
Textual context: A vehicle operates over a A param between 20 and 110 in a typical day.
A vehicle operates for a B param between 2 and 10 in a typical day.

Example Python3 code:
# A vehicle operates over a A param between 20 and 110 in a typical day.
def r1(a: float) -> bool:
    return 20 <= a <= 110

# A vehicle operates for a B param between 2 and 10 in a typical day.
def r2(b: float) -> bool:
    return 2 <= b <= 10


Input text:
Textual context: Idle time should be less than or equal to the total operation time.
The load supported by axle 1 cannot exceed that of axle 3.";"
```python
# Define the function to check if idle time is less than or equal to total operation time
def r1(total_operation_time: float) -> bool:
    return total_operation_time >= 0

# Define the function to check if the load supported by axle 1 does not exceed that of axle 3
def r2(load_axle_1: float, load_axle_3: float) -> bool:
    return load_axle_1 <= load_axle_3
```"
"System Message:
You are a logician with a background in mathematics that translates natural language
reasoning text to Python3 code so that these natural language reasoning problems can be solved.
During the translation, please pay close attention to defining variables and rules.
Do not add any comments from you.
Be guided by the following example:
Example input text:
Textual context: A vehicle operates over a A param between 20 and 110 in a typical day.
A vehicle operates for a B param between 2 and 10 in a typical day.

Example Python3 code:
# A vehicle operates over a A param between 20 and 110 in a typical day.
def r1(a: float) -> bool:
    return 20 <= a <= 110

# A vehicle operates for a B param between 2 and 10 in a typical day.
def r2(b: float) -> bool:
    return 2 <= b <= 10


Input text:
Textual context: PTO operation time cannot be greater than the total operation time.
The payload must not exceed the load carried by axle 3.";"
```python
# PTO operation time cannot be greater than the total operation time.
def r3(pto_time: float, total_time: float) -> bool:
    return pto_time <= total_time

# The payload must not exceed the load carried by axle 3.
def r4(payload: float, axle_3_load: float) -> bool:
    return payload <= axle_3_load
```"
"System Message:
You are a logician with a background in mathematics that translates natural language
reasoning text to Python3 code so that these natural language reasoning problems can be solved.
During the translation, please pay close attention to defining variables and rules.
Do not add any comments from you.
Be guided by the following example:
Example input text:
Textual context: A vehicle operates over a A param between 20 and 110 in a typical day.
A vehicle operates for a B param between 2 and 10 in a typical day.

Example Python3 code:
# A vehicle operates over a A param between 20 and 110 in a typical day.
def r1(a: float) -> bool:
    return 20 <= a <= 110

# A vehicle operates for a B param between 2 and 10 in a typical day.
def r2(b: float) -> bool:
    return 2 <= b <= 10


Input text:
Textual context: The total operation durationmust not be lower than the driving time.
PTO-engaged stops cannot exceed the total number of stops.";"
```python
# Define the function to check if the total operation duration is not less than the driving time
def r1(total_duration: float, driving_time: float) -> bool:
    return total_duration >= driving_time

# Define the function to check if PTO-engaged stops do not exceed the total number of stops
def r2(pto_stops: int, total_stops: int) -> bool:
    return pto_stops <= total_stops
```"
"System Message:
You are a logician with a background in mathematics that translates natural language
reasoning text to Python3 code so that these natural language reasoning problems can be solved.
During the translation, please pay close attention to defining variables and rules.
Do not add any comments from you.
Be guided by the following example:
Example input text:
Textual context: A vehicle operates over a A param between 20 and 110 in a typical day.
A vehicle operates for a B param between 2 and 10 in a typical day.

Example Python3 code:
# A vehicle operates over a A param between 20 and 110 in a typical day.
def r1(a: float) -> bool:
    return 20 <= a <= 110

# A vehicle operates for a B param between 2 and 10 in a typical day.
def r2(b: float) -> bool:
    return 2 <= b <= 10


Input text:
Textual context: The load supported by axle 1 cannot exceed that of axle 2.
The payload cannot exceed the capacity of axle 3.";"
```python
# Load supported by axle 1 cannot exceed that of axle 2.
def r3(axle1_load: float, axle2_load: float) -> bool:
    return axle1_load <= axle2_load

# Payload cannot exceed the capacity of axle 3.
def r4(axle3_payload: float, axle3_capacity: float) -> bool:
    return axle3_payload <= axle3_capacity
```"
"System Message:
You are a logician with a background in mathematics that translates natural language
reasoning text to Python3 code so that these natural language reasoning problems can be solved.
During the translation, please pay close attention to defining variables and rules.
Do not add any comments from you.
Be guided by the following example:
Example input text:
Textual context: A vehicle operates over a A param between 20 and 110 in a typical day.
A vehicle operates for a B param between 2 and 10 in a typical day.

Example Python3 code:
# A vehicle operates over a A param between 20 and 110 in a typical day.
def r1(a: float) -> bool:
    return 20 <= a <= 110

# A vehicle operates for a B param between 2 and 10 in a typical day.
def r2(b: float) -> bool:
    return 2 <= b <= 10


Input text:
Textual context: The weight on axle 1 cannot surpass the weight on axle 3.";"
# The weight on axle 1 cannot surpass the weight on axle 3.
def r3(w1: float, w3: float) -> bool:
    return w1 <= w3"
"System Message:
You are a logician with a background in mathematics that translates natural language
reasoning text to Python3 code so that these natural language reasoning problems can be solved.
During the translation, please pay close attention to defining variables and rules.
Do not add any comments from you.
Be guided by the following example:
Example input text:
Textual context: A vehicle operates over a A param between 20 and 110 in a typical day.
A vehicle operates for a B param between 2 and 10 in a typical day.

Example Python3 code:
# A vehicle operates over a A param between 20 and 110 in a typical day.
def r1(a: float) -> bool:
    return 20 <= a <= 110

# A vehicle operates for a B param between 2 and 10 in a typical day.
def r2(b: float) -> bool:
    return 2 <= b <= 10


Input text:
Textual context: Total operation time should be at least the sum of PTO, idle, and driving times.";"
```python
# Total operation time should be at least the sum of PTO, idle, and driving times.
def r3(pto: float, idle: float, driving: float) -> bool:
    return pto + idle + driving >= pto + idle + driving
```"
"System Message:
You are a logician with a background in mathematics that translates natural language
reasoning text to Python3 code so that these natural language reasoning problems can be solved.
During the translation, please pay close attention to defining variables and rules.
Do not add any comments from you.
Be guided by the following example:
Example input text:
Textual context: A vehicle operates over a A param between 20 and 110 in a typical day.
A vehicle operates for a B param between 2 and 10 in a typical day.

Example Python3 code:
# A vehicle operates over a A param between 20 and 110 in a typical day.
def r1(a: float) -> bool:
    return 20 <= a <= 110

# A vehicle operates for a B param between 2 and 10 in a typical day.
def r2(b: float) -> bool:
    return 2 <= b <= 10


Input text:
Textual context: Stops with PTO engaged cannot outnumber the total stops.
Total operation time must be greater than or equal to the sum of PTO operation, idle, and driving times.";"
```python
# Stops with PTO engaged cannot outnumber the total stops.
def r3(pto_stops: int, total_stops: int) -> bool:
    return pto_stops <= total_stops

# Total operation time must be greater than or equal to the sum of PTO operation, idle, and driving times.
def r4(pto_time: float, idle_time: float, driving_time: float) -> bool:
    return pto_time + idle_time + driving_time >= total_operation_time
```"
"System Message:
You are a logician with a background in mathematics that translates natural language
reasoning text to Python3 code so that these natural language reasoning problems can be solved.
During the translation, please pay close attention to defining variables and rules.
Do not add any comments from you.
Be guided by the following example:
Example input text:
Textual context: A vehicle operates over a A param between 20 and 110 in a typical day.
A vehicle operates for a B param between 2 and 10 in a typical day.

Example Python3 code:
# A vehicle operates over a A param between 20 and 110 in a typical day.
def r1(a: float) -> bool:
    return 20 <= a <= 110

# A vehicle operates for a B param between 2 and 10 in a typical day.
def r2(b: float) -> bool:
    return 2 <= b <= 10


Input text:
Textual context: The load supported by axle 1 cannot exceed that of axle 3.
Payload must remain below or equal to the load carried by axle 3.";"
```python
# Load supported by axle 1 cannot exceed that of axle 3.
def r1(load_axle_1: float, load_axle_3: float) -> bool:
    return load_axle_1 <= load_axle_3

# Payload must remain below or equal to the load carried by axle 3.
def r2(payload: float, load_axle_3: float) -> bool:
    return payload <= load_axle_3
```"
"System Message:
You are a logician with a background in mathematics that translates natural language
reasoning text to Python3 code so that these natural language reasoning problems can be solved.
During the translation, please pay close attention to defining variables and rules.
Do not add any comments from you.
Be guided by the following example:
Example input text:
Textual context: A vehicle operates over a A param between 20 and 110 in a typical day.
A vehicle operates for a B param between 2 and 10 in a typical day.

Example Python3 code:
# A vehicle operates over a A param between 20 and 110 in a typical day.
def r1(a: float) -> bool:
    return 20 <= a <= 110

# A vehicle operates for a B param between 2 and 10 in a typical day.
def r2(b: float) -> bool:
    return 2 <= b <= 10


Input text:
Textual context: Idle time must always be less than or equal to the total operation time.
Payload must remain below or equal to the load carried by axle 3.";"
```python
# Idle time must always be less than or equal to the total operation time.
def r3(total_operation_time: float) -> bool:
    return total_operation_time >= 0

# Payload must remain below or equal to the load carried by axle 3.
def r4(load_carried_by_axle_3: float) -> bool:
    return load_carried_by_axle_3 <= 0
```"
"System Message:
You are a logician with a background in mathematics that translates natural language
reasoning text to Python3 code so that these natural language reasoning problems can be solved.
During the translation, please pay close attention to defining variables and rules.
Do not add any comments from you.
Be guided by the following example:
Example input text:
Textual context: A vehicle operates over a A param between 20 and 110 in a typical day.
A vehicle operates for a B param between 2 and 10 in a typical day.

Example Python3 code:
# A vehicle operates over a A param between 20 and 110 in a typical day.
def r1(a: float) -> bool:
    return 20 <= a <= 110

# A vehicle operates for a B param between 2 and 10 in a typical day.
def r2(b: float) -> bool:
    return 2 <= b <= 10


Input text:
Textual context: The load on axle 1 must not surpass the load on axle 2.";"
```python
# Load on axle 1 must not surpass the load on axle 2.
def r3(l1: float, l2: float) -> bool:
    return l1 <= l2
```"
"System Message:
You are a logician with a background in mathematics that translates natural language
reasoning text to Python3 code so that these natural language reasoning problems can be solved.
During the translation, please pay close attention to defining variables and rules.
Do not add any comments from you.
Be guided by the following example:
Example input text:
Textual context: A vehicle operates over a A param between 20 and 110 in a typical day.
A vehicle operates for a B param between 2 and 10 in a typical day.

Example Python3 code:
# A vehicle operates over a A param between 20 and 110 in a typical day.
def r1(a: float) -> bool:
    return 20 <= a <= 110

# A vehicle operates for a B param between 2 and 10 in a typical day.
def r2(b: float) -> bool:
    return 2 <= b <= 10


Input text:
Textual context: Driving time must always be less than or equal to the total operation time.
Total operation time must be greater than or equal to the sum of PTO operation, idle, and driving times.";"
```python
# Driving time must always be less than or equal to the total operation time.
def r3(d: float, t: float) -> bool:
    return d <= t

# Total operation time must be greater than or equal to the sum of PTO operation, idle, and driving times.
def r4(p: float, i: float, d: float) -> bool:
    return t >= p + i + d
```"
"System Message:
You are a logician with a background in mathematics that translates natural language
reasoning text to Python3 code so that these natural language reasoning problems can be solved.
During the translation, please pay close attention to defining variables and rules.
Do not add any comments from you.
Be guided by the following example:
Example input text:
Textual context: A vehicle operates over a A param between 20 and 110 in a typical day.
A vehicle operates for a B param between 2 and 10 in a typical day.

Example Python3 code:
# A vehicle operates over a A param between 20 and 110 in a typical day.
def r1(a: float) -> bool:
    return 20 <= a <= 110

# A vehicle operates for a B param between 2 and 10 in a typical day.
def r2(b: float) -> bool:
    return 2 <= b <= 10


Input text:
Textual context: The total operation duration must not be lower than the PTO operation time.
The number of stops where PTO is engaged must not exceed the overall stop count.";"
```python
# The total operation duration must not be lower than the PTO operation time.
def r3(total_duration: float, pto_time: float) -> bool:
    return total_duration >= pto_time

# The number of stops where PTO is engaged must not exceed the overall stop count.
def r4(overall_stops: int, pto_stops: int) -> bool:
    return pto_stops <= overall_stops
```"
"System Message:
You are a logician with a background in mathematics that translates natural language
reasoning text to Python3 code so that these natural language reasoning problems can be solved.
During the translation, please pay close attention to defining variables and rules.
Do not add any comments from you.
Be guided by the following example:
Example input text:
Textual context: A vehicle operates over a A param between 20 and 110 in a typical day.
A vehicle operates for a B param between 2 and 10 in a typical day.

Example Python3 code:
# A vehicle operates over a A param between 20 and 110 in a typical day.
def r1(a: float) -> bool:
    return 20 <= a <= 110

# A vehicle operates for a B param between 2 and 10 in a typical day.
def r2(b: float) -> bool:
    return 2 <= b <= 10


Input text:
Textual context: Total operation time shouldn’t be lower than idle time.
The total operation duration must always be greater than or equal to the combined time for PTO, idle, and driving.";"
```python
# Define the function to check if the total operation time is greater than or equal to the combined time for PTO, idle, and driving.
def r3(total_operation_time: float, pto_duration: float, idle_duration: float, driving_duration: float) -> bool:
    return total_operation_time >= (pto_duration + idle_duration + driving_duration)
```"
"System Message:
You are a logician with a background in mathematics that translates natural language
reasoning text to Python3 code so that these natural language reasoning problems can be solved.
During the translation, please pay close attention to defining variables and rules.
Do not add any comments from you.
Be guided by the following example:
Example input text:
Textual context: A vehicle operates over a A param between 20 and 110 in a typical day.
A vehicle operates for a B param between 2 and 10 in a typical day.

Example Python3 code:
# A vehicle operates over a A param between 20 and 110 in a typical day.
def r1(a: float) -> bool:
    return 20 <= a <= 110

# A vehicle operates for a B param between 2 and 10 in a typical day.
def r2(b: float) -> bool:
    return 2 <= b <= 10


Input text:
Textual context: The total operation duration must not be lower than the idle time.";"
```python
# The total operation duration must not be lower than the idle time.
def r3(total_duration: float, idle_time: float) -> bool:
    return total_duration >= idle_time
```"
"System Message:
You are a logician with a background in mathematics that translates natural language
reasoning text to Python3 code so that these natural language reasoning problems can be solved.
During the translation, please pay close attention to defining variables and rules.
Do not add any comments from you.
Be guided by the following example:
Example input text:
Textual context: A vehicle operates over a A param between 20 and 110 in a typical day.
A vehicle operates for a B param between 2 and 10 in a typical day.

Example Python3 code:
# A vehicle operates over a A param between 20 and 110 in a typical day.
def r1(a: float) -> bool:
    return 20 <= a <= 110

# A vehicle operates for a B param between 2 and 10 in a typical day.
def r2(b: float) -> bool:
    return 2 <= b <= 10


Input text:
Textual context: The load carried by axle 1 must be smaller than or equal to the load on axle 3.";"
```python
# Load carried by axle 1 must be smaller than or equal to the load on axle 3.
def r3(l1: float, l3: float) -> bool:
    return l1 <= l3
```"
"System Message:
You are a logician with a background in mathematics that translates natural language
reasoning text to Python3 code so that these natural language reasoning problems can be solved.
During the translation, please pay close attention to defining variables and rules.
Do not add any comments from you.
Be guided by the following example:
Example input text:
Textual context: A vehicle operates over a A param between 20 and 110 in a typical day.
A vehicle operates for a B param between 2 and 10 in a typical day.

Example Python3 code:
# A vehicle operates over a A param between 20 and 110 in a typical day.
def r1(a: float) -> bool:
    return 20 <= a <= 110

# A vehicle operates for a B param between 2 and 10 in a typical day.
def r2(b: float) -> bool:
    return 2 <= b <= 10


Input text:
Textual context: Driving time should be less than or equal to the total operation time.
The payload must not exceed the load carried by axle 3.";"
```python
# Driving time should be less than or equal to the total operation time.
def r3(d: float) -> bool:
    return d <= (r1(100) + r2(5))

# The payload must not exceed the load carried by axle 3.
def r4(p: float) -> bool:
    return p <= 100
```"
"System Message:
You are a logician with a background in mathematics that translates natural language
reasoning text to Python3 code so that these natural language reasoning problems can be solved.
During the translation, please pay close attention to defining variables and rules.
Do not add any comments from you.
Be guided by the following example:
Example input text:
Textual context: A vehicle operates over a A param between 20 and 110 in a typical day.
A vehicle operates for a B param between 2 and 10 in a typical day.

Example Python3 code:
# A vehicle operates over a A param between 20 and 110 in a typical day.
def r1(a: float) -> bool:
    return 20 <= a <= 110

# A vehicle operates for a B param between 2 and 10 in a typical day.
def r2(b: float) -> bool:
    return 2 <= b <= 10


Input text:
Textual context: The total operation duration must not be lower than the PTO operation time.
Axle 2's load must always be equal to or greater than the payload.";"
```python
# The total operation duration must not be lower than the PTO operation time.
def r3(total_duration: float, pto_time: float) -> bool:
    return total_duration >= pto_time

# Axle 2's load must always be equal to or greater than the payload.
def r4(axle_2_load: float, payload: float) -> bool:
    return axle_2_load >= payload
```"
"System Message:
You are a logician with a background in mathematics that translates natural language
reasoning text to Python3 code so that these natural language reasoning problems can be solved.
During the translation, please pay close attention to defining variables and rules.
Do not add any comments from you.
Be guided by the following example:
Example input text:
Textual context: A vehicle operates over a A param between 20 and 110 in a typical day.
A vehicle operates for a B param between 2 and 10 in a typical day.

Example Python3 code:
# A vehicle operates over a A param between 20 and 110 in a typical day.
def r1(a: float) -> bool:
    return 20 <= a <= 110

# A vehicle operates for a B param between 2 and 10 in a typical day.
def r2(b: float) -> bool:
    return 2 <= b <= 10


Input text:
Textual context: The payload cannot exceed the capacity of axle 3.
The total operation time must always be not lower than the combined duration of PTO operation, idle time, and driving time.";"
```python
# The payload cannot exceed the capacity of axle 3.
def r3(payload: float, capacity: float) -> bool:
    return payload <= capacity

# The total operation time must always be not lower than the combined duration of PTO operation, idle time, and driving time.
def r4(pto_time: float, idle_time: float, driving_time: float) -> bool:
    return pto_time + idle_time + driving_time >= max(pto_time, idle_time, driving_time)
```"
"System Message:
You are a logician with a background in mathematics that translates natural language
reasoning text to Python3 code so that these natural language reasoning problems can be solved.
During the translation, please pay close attention to defining variables and rules.
Do not add any comments from you.
Be guided by the following example:
Example input text:
Textual context: A vehicle operates over a A param between 20 and 110 in a typical day.
A vehicle operates for a B param between 2 and 10 in a typical day.

Example Python3 code:
# A vehicle operates over a A param between 20 and 110 in a typical day.
def r1(a: float) -> bool:
    return 20 <= a <= 110

# A vehicle operates for a B param between 2 and 10 in a typical day.
def r2(b: float) -> bool:
    return 2 <= b <= 10


Input text:
Textual context: Idle time should be less than or equal to the total operation time.
The load on axle 1 must not surpass the load on axle 2.";"
```python
# Define the function to check if idle time is less than or equal to total operation time
def r1(total_operation_time: float) -> bool:
    return total_operation_time >= 0

# Define the function to check if load on axle 1 does not exceed load on axle 2
def r2(load_axle_1: float, load_axle_2: float) -> bool:
    return load_axle_1 <= load_axle_2
```"
"System Message:
You are a logician with a background in mathematics that translates natural language
reasoning text to Python3 code so that these natural language reasoning problems can be solved.
During the translation, please pay close attention to defining variables and rules.
Do not add any comments from you.
Be guided by the following example:
Example input text:
Textual context: A vehicle operates over a A param between 20 and 110 in a typical day.
A vehicle operates for a B param between 2 and 10 in a typical day.

Example Python3 code:
# A vehicle operates over a A param between 20 and 110 in a typical day.
def r1(a: float) -> bool:
    return 20 <= a <= 110

# A vehicle operates for a B param between 2 and 10 in a typical day.
def r2(b: float) -> bool:
    return 2 <= b <= 10


Input text:
Textual context: The total stop count must not be lower than the count of stops where PTO is engaged.
The weight on axle 1 cannot surpass the weight on axle 2.";"
```python
# The total stop count must not be lower than the count of stops where PTO is engaged.
def r3(total_stops: int, pto_stops: int) -> bool:
    return total_stops >= pto_stops

# The weight on axle 1 cannot surpass the weight on axle 2.
def r4(axle1_weight: float, axle2_weight: float) -> bool:
    return axle1_weight <= axle2_weight
```"
"System Message:
You are a logician with a background in mathematics that translates natural language
reasoning text to Python3 code so that these natural language reasoning problems can be solved.
During the translation, please pay close attention to defining variables and rules.
Do not add any comments from you.
Be guided by the following example:
Example input text:
Textual context: A vehicle operates over a A param between 20 and 110 in a typical day.
A vehicle operates for a B param between 2 and 10 in a typical day.

Example Python3 code:
# A vehicle operates over a A param between 20 and 110 in a typical day.
def r1(a: float) -> bool:
    return 20 <= a <= 110

# A vehicle operates for a B param between 2 and 10 in a typical day.
def r2(b: float) -> bool:
    return 2 <= b <= 10


Input text:
Textual context: Driving time should be less than or equal to the total operation time.
The weight on axle 1 cannot surpass the weight on axle 2.";"
```python
# Driving time should be less than or equal to the total operation time.
def r3(d: float, t: float) -> bool:
    return d <= t

# The weight on axle 1 cannot surpass the weight on axle 2.
def r4(w1: float, w2: float) -> bool:
    return w1 <= w2
```"
"System Message:
You are a logician with a background in mathematics that translates natural language
reasoning text to Python3 code so that these natural language reasoning problems can be solved.
During the translation, please pay close attention to defining variables and rules.
Do not add any comments from you.
Be guided by the following example:
Example input text:
Textual context: A vehicle operates over a A param between 20 and 110 in a typical day.
A vehicle operates for a B param between 2 and 10 in a typical day.

Example Python3 code:
# A vehicle operates over a A param between 20 and 110 in a typical day.
def r1(a: float) -> bool:
    return 20 <= a <= 110

# A vehicle operates for a B param between 2 and 10 in a typical day.
def r2(b: float) -> bool:
    return 2 <= b <= 10


Input text:
Textual context: Stops with PTO engaged cannot outnumber the total stops.";"
```python
def r3(pto_engaged: int, total_stops: int) -> bool:
    return pto_engaged <= total_stops
```"
"System Message:
You are a logician with a background in mathematics that translates natural language
reasoning text to Python3 code so that these natural language reasoning problems can be solved.
During the translation, please pay close attention to defining variables and rules.
Do not add any comments from you.
Be guided by the following example:
Example input text:
Textual context: A vehicle operates over a A param between 20 and 110 in a typical day.
A vehicle operates for a B param between 2 and 10 in a typical day.

Example Python3 code:
# A vehicle operates over a A param between 20 and 110 in a typical day.
def r1(a: float) -> bool:
    return 20 <= a <= 110

# A vehicle operates for a B param between 2 and 10 in a typical day.
def r2(b: float) -> bool:
    return 2 <= b <= 10


Input text:
Textual context: The payload must always be smaller than or equal to the load on axle 2.";"
```python
# The payload must always be smaller than or equal to the load on axle 2.
def r3(load_axle_2: float) -> bool:
    return load_axle_2 <= 0
```"
"System Message:
You are a logician with a background in mathematics that translates natural language
reasoning text to Python3 code so that these natural language reasoning problems can be solved.
During the translation, please pay close attention to defining variables and rules.
Do not add any comments from you.
Be guided by the following example:
Example input text:
Textual context: A vehicle operates over a A param between 20 and 110 in a typical day.
A vehicle operates for a B param between 2 and 10 in a typical day.

Example Python3 code:
# A vehicle operates over a A param between 20 and 110 in a typical day.
def r1(a: float) -> bool:
    return 20 <= a <= 110

# A vehicle operates for a B param between 2 and 10 in a typical day.
def r2(b: float) -> bool:
    return 2 <= b <= 10


Input text:
Textual context: PTO operation time must be less than or equal to the total operation time.
Idle time should be less than or equal to the total operation time.";"
```python
# PTO operation time must be less than or equal to the total operation time.
def r3(pto_time: float, total_time: float) -> bool:
    return pto_time <= total_time

# Idle time should be less than or equal to the total operation time.
def r4(idle_time: float, total_time: float) -> bool:
    return idle_time <= total_time
```"
"System Message:
You are a logician with a background in mathematics that translates natural language
reasoning text to Python3 code so that these natural language reasoning problems can be solved.
During the translation, please pay close attention to defining variables and rules.
Do not add any comments from you.
Be guided by the following example:
Example input text:
Textual context: A vehicle operates over a A param between 20 and 110 in a typical day.
A vehicle operates for a B param between 2 and 10 in a typical day.

Example Python3 code:
# A vehicle operates over a A param between 20 and 110 in a typical day.
def r1(a: float) -> bool:
    return 20 <= a <= 110

# A vehicle operates for a B param between 2 and 10 in a typical day.
def r2(b: float) -> bool:
    return 2 <= b <= 10


Input text:
Textual context: PTO operation time must be less than or equal to the total operation time.";"
```python
# PTO operation time must be less than or equal to the total operation time.
def r3(pto_time: float, total_time: float) -> bool:
    return pto_time <= total_time
```"
"System Message:
You are a logician with a background in mathematics that translates natural language
reasoning text to Python3 code so that these natural language reasoning problems can be solved.
During the translation, please pay close attention to defining variables and rules.
Do not add any comments from you.
Be guided by the following example:
Example input text:
Textual context: A vehicle operates over a A param between 20 and 110 in a typical day.
A vehicle operates for a B param between 2 and 10 in a typical day.

Example Python3 code:
# A vehicle operates over a A param between 20 and 110 in a typical day.
def r1(a: float) -> bool:
    return 20 <= a <= 110

# A vehicle operates for a B param between 2 and 10 in a typical day.
def r2(b: float) -> bool:
    return 2 <= b <= 10


Input text:
Textual context: Total operation time shouldn’t be lower than PTO operation time.
Driving time should be less than or equal to the total operation time.";"
```python
# Total operation time shouldn't be lower than PTO operation time.
def r3(pto_time: float) -> bool:
    return pto_time >= 0

# Driving time should be less than or equal to the total operation time.
def r4(total_operation_time: float) -> bool:
    return driving_time <= total_operation_time
```"
"System Message:
You are a logician with a background in mathematics that translates natural language
reasoning text to Python3 code so that these natural language reasoning problems can be solved.
During the translation, please pay close attention to defining variables and rules.
Do not add any comments from you.
Be guided by the following example:
Example input text:
Textual context: A vehicle operates over a A param between 20 and 110 in a typical day.
A vehicle operates for a B param between 2 and 10 in a typical day.

Example Python3 code:
# A vehicle operates over a A param between 20 and 110 in a typical day.
def r1(a: float) -> bool:
    return 20 <= a <= 110

# A vehicle operates for a B param between 2 and 10 in a typical day.
def r2(b: float) -> bool:
    return 2 <= b <= 10


Input text:
Textual context: Driving time should be less than or equal to the total operation time.
The payload must always be smaller than or equal to the load on axle 2.";"
```python
# Driving time should be less than or equal to the total operation time.
def r3(total_operation_time: float) -> bool:
    return driving_time <= total_operation_time

# The payload must always be smaller than or equal to the load on axle 2.
def r4(load_on_axle_2: float) -> bool:
    return payload <= load_on_axle_2
```"
"System Message:
You are a logician with a background in mathematics that translates natural language
reasoning text to Python3 code so that these natural language reasoning problems can be solved.
During the translation, please pay close attention to defining variables and rules.
Do not add any comments from you.
Be guided by the following example:
Example input text:
Textual context: A vehicle operates over a A param between 20 and 110 in a typical day.
A vehicle operates for a B param between 2 and 10 in a typical day.

Example Python3 code:
# A vehicle operates over a A param between 20 and 110 in a typical day.
def r1(a: float) -> bool:
    return 20 <= a <= 110

# A vehicle operates for a B param between 2 and 10 in a typical day.
def r2(b: float) -> bool:
    return 2 <= b <= 10


Input text:
Textual context: Driving time must always be less than or equal to the total operation time.";"
```python
# Driving time must always be less than or equal to the total operation time.
def driving_time_limit(total_operation_time: float) -> bool:
    return total_operation_time >= 0
```"
"System Message:
You are a logician with a background in mathematics that translates natural language
reasoning text to Python3 code so that these natural language reasoning problems can be solved.
During the translation, please pay close attention to defining variables and rules.
Do not add any comments from you.
Be guided by the following example:
Example input text:
Textual context: A vehicle operates over a A param between 20 and 110 in a typical day.
A vehicle operates for a B param between 2 and 10 in a typical day.

Example Python3 code:
# A vehicle operates over a A param between 20 and 110 in a typical day.
def r1(a: float) -> bool:
    return 20 <= a <= 110

# A vehicle operates for a B param between 2 and 10 in a typical day.
def r2(b: float) -> bool:
    return 2 <= b <= 10


Input text:
Textual context: Axle 3's load must always be equal to or greater than the payload.";"
```python
# Axle 3's load must always be equal to or greater than the payload.
def r3(axle_3_load: float, payload: float) -> bool:
    return axle_3_load >= payload
```"
"System Message:
You are a logician with a background in mathematics that translates natural language
reasoning text to Python3 code so that these natural language reasoning problems can be solved.
During the translation, please pay close attention to defining variables and rules.
Do not add any comments from you.
Be guided by the following example:
Example input text:
Textual context: A vehicle operates over a A param between 20 and 110 in a typical day.
A vehicle operates for a B param between 2 and 10 in a typical day.

Example Python3 code:
# A vehicle operates over a A param between 20 and 110 in a typical day.
def r1(a: float) -> bool:
    return 20 <= a <= 110

# A vehicle operates for a B param between 2 and 10 in a typical day.
def r2(b: float) -> bool:
    return 2 <= b <= 10


Input text:
Textual context: Total operation time shouldn’t be lower than idle time.
Stops with PTO engaged cannot outnumber the total stops.";"
```python
# Total operation time shouldn't be lower than idle time.
def r3(total_time: float, idle_time: float) -> bool:
    return total_time >= idle_time

# Stops with PTO engaged cannot outnumber the total stops.
def r4(pto_stops: int, total_stops: int) -> bool:
    return pto_stops <= total_stops
```"
"System Message:
You are a logician with a background in mathematics that translates natural language
reasoning text to Python3 code so that these natural language reasoning problems can be solved.
During the translation, please pay close attention to defining variables and rules.
Do not add any comments from you.
Be guided by the following example:
Example input text:
Textual context: A vehicle operates over a A param between 20 and 110 in a typical day.
A vehicle operates for a B param between 2 and 10 in a typical day.

Example Python3 code:
# A vehicle operates over a A param between 20 and 110 in a typical day.
def r1(a: float) -> bool:
    return 20 <= a <= 110

# A vehicle operates for a B param between 2 and 10 in a typical day.
def r2(b: float) -> bool:
    return 2 <= b <= 10


Input text:
Textual context: PTO-engaged stops cannot exceed the total number of stops.
Payload must remain below or equal to the load carried by axle 2.";"
```python
# PTO-engaged stops cannot exceed the total number of stops.
def r3(pto_stops: int) -> bool:
    return pto_stops <= 0

# Payload must remain below or equal to the load carried by axle 2.
def r4(load_axle_2: float) -> bool:
    return load_axle_2 <= 0
```"
"System Message:
You are a logician with a background in mathematics that translates natural language
reasoning text to Python3 code so that these natural language reasoning problems can be solved.
During the translation, please pay close attention to defining variables and rules.
Do not add any comments from you.
Be guided by the following example:
Example input text:
Textual context: A vehicle operates over a A param between 20 and 110 in a typical day.
A vehicle operates for a B param between 2 and 10 in a typical day.

Example Python3 code:
# A vehicle operates over a A param between 20 and 110 in a typical day.
def r1(a: float) -> bool:
    return 20 <= a <= 110

# A vehicle operates for a B param between 2 and 10 in a typical day.
def r2(b: float) -> bool:
    return 2 <= b <= 10


Input text:
Textual context: Idle time must always be less than or equal to the total operation time.
Payload must remain below or equal to the load carried by axle 2.";"
```python
# Idle time must always be less than or equal to the total operation time.
def r3(total_operation_time: float) -> bool:
    return total_operation_time >= 0

# Payload must remain below or equal to the load carried by axle 2.
def r4(load_carried_by_axle_2: float) -> bool:
    return load_carried_by_axle_2 >= 0
```"
"System Message:
You are a logician with a background in mathematics that translates natural language
reasoning text to Python3 code so that these natural language reasoning problems can be solved.
During the translation, please pay close attention to defining variables and rules.
Do not add any comments from you.
Be guided by the following example:
Example input text:
Textual context: A vehicle operates over a A param between 20 and 110 in a typical day.
A vehicle operates for a B param between 2 and 10 in a typical day.

Example Python3 code:
# A vehicle operates over a A param between 20 and 110 in a typical day.
def r1(a: float) -> bool:
    return 20 <= a <= 110

# A vehicle operates for a B param between 2 and 10 in a typical day.
def r2(b: float) -> bool:
    return 2 <= b <= 10


Input text:
Textual context: The load carried by axle 1 must be smaller than or equal to the load on axle 2.
The payload cannot exceed the capacity of axle 2.";"
```python
# Load carried by axle 1 must be smaller than or equal to the load on axle 2.
def r3(load_axle1: float, load_axle2: float) -> bool:
    return load_axle1 <= load_axle2

# The payload cannot exceed the capacity of axle 2.
def r4(capacity_axle2: float, payload: float) -> bool:
    return payload <= capacity_axle2
```"
"System Message:
You are a logician with a background in mathematics that translates natural language
reasoning text to Python3 code so that these natural language reasoning problems can be solved.
During the translation, please pay close attention to defining variables and rules.
Do not add any comments from you.
Be guided by the following example:
Example input text:
Textual context: A vehicle operates over a A param between 20 and 110 in a typical day.
A vehicle operates for a B param between 2 and 10 in a typical day.

Example Python3 code:
# A vehicle operates over a A param between 20 and 110 in a typical day.
def r1(a: float) -> bool:
    return 20 <= a <= 110

# A vehicle operates for a B param between 2 and 10 in a typical day.
def r2(b: float) -> bool:
    return 2 <= b <= 10


Input text:
Textual context: Idle time should be less than or equal to the total operation time.
The weight on axle 1 cannot surpass the weight on axle 3.";"
```python
# Define the function to check if idle time is less than or equal to total operation time
def r1(total_operation_time: float) -> bool:
    return total_operation_time >= 0

# Define the function to check if the weight on axle 1 does not exceed the weight on axle 3
def r2(weight_axle_1: float, weight_axle_3: float) -> bool:
    return weight_axle_1 <= weight_axle_3
```"
"System Message:
You are a logician with a background in mathematics that translates natural language
reasoning text to Python3 code so that these natural language reasoning problems can be solved.
During the translation, please pay close attention to defining variables and rules.
Do not add any comments from you.
Be guided by the following example:
Example input text:
Textual context: A vehicle operates over a A param between 20 and 110 in a typical day.
A vehicle operates for a B param between 2 and 10 in a typical day.

Example Python3 code:
# A vehicle operates over a A param between 20 and 110 in a typical day.
def r1(a: float) -> bool:
    return 20 <= a <= 110

# A vehicle operates for a B param between 2 and 10 in a typical day.
def r2(b: float) -> bool:
    return 2 <= b <= 10


Input text:
Textual context: Total operation time should shouldn’t be lower than driving time.";"
# Total operation time should shouldn't be lower than driving time.
def r3(tot_op_time: float, driving_time: float) -> bool:
    return tot_op_time >= driving_time"
"System Message:
You are a logician with a background in mathematics that translates natural language
reasoning text to Python3 code so that these natural language reasoning problems can be solved.
During the translation, please pay close attention to defining variables and rules.
Do not add any comments from you.
Be guided by the following example:
Example input text:
Textual context: A vehicle operates over a A param between 20 and 110 in a typical day.
A vehicle operates for a B param between 2 and 10 in a typical day.
A vehicle operates with C param between 0.2 and 5 in a typical day.

Example Python3 code:
# A vehicle operates over a A param between 20 and 110 in a typical day.
def r1(a: float) -> bool:
    return 20 <= a <= 110

# A vehicle operates for a B param between 2 and 10 in a typical day.
def r2(b: float) -> bool:
    return 2 <= b <= 10

# A vehicle operates with C param between 0.2 and 5 in a typical day.
def r3(c: float) -> bool:
    return 0.2 <= c <= 5


Input text:
Textual context: Idle time should be less than or equal to the total operation time.
Total operation time should shouldn’t be lower than driving time.
The load on axle 1 must not surpass the load on axle 2.";"
```python
# Define functions to check the conditions based on the given parameters
def r4(d: float) -> bool:
    # Idle time should be less than or equal to the total operation time
    return d <= (r1(1) + r2(1))

def r5(e: float) -> bool:
    # Total operation time should shouldn't be lower than driving time
    return e >= (r1(1) + r2(1))

def r6(f: float) -> bool:
    # The load on axle 1 must not surpass the load on axle 2
    return f <= (r3(1) + r3(2))
```

In this solution, we have defined four functions `r4`, `r5`, and `r6` to check the conditions based on the given parameters. Each function uses the previously defined functions `r1`, `r2`, and `r3` to determine if the respective condition is met. These functions are then used to evaluate the overall conditions specified in the input text."
"System Message:
You are a logician with a background in mathematics that translates natural language
reasoning text to Python3 code so that these natural language reasoning problems can be solved.
During the translation, please pay close attention to defining variables and rules.
Do not add any comments from you.
Be guided by the following example:
Example input text:
Textual context: A vehicle operates over a A param between 20 and 110 in a typical day.
A vehicle operates for a B param between 2 and 10 in a typical day.
A vehicle operates with C param between 0.2 and 5 in a typical day.

Example Python3 code:
# A vehicle operates over a A param between 20 and 110 in a typical day.
def r1(a: float) -> bool:
    return 20 <= a <= 110

# A vehicle operates for a B param between 2 and 10 in a typical day.
def r2(b: float) -> bool:
    return 2 <= b <= 10

# A vehicle operates with C param between 0.2 and 5 in a typical day.
def r3(c: float) -> bool:
    return 0.2 <= c <= 5


Input text:
Textual context: The load supported by axle 1 cannot exceed that of axle 2.
The load carried by axle 1 must be smaller than or equal to the load on axle 3.
The payload cannot exceed the capacity of axle 3.";"
```python
# Load supported by axle 1 cannot exceed that of axle 2.
def r4(l1: float, l2: float) -> bool:
    return l1 <= l2

# The load carried by axle 1 must be smaller than or equal to the load on axle 3.
def r5(l1: float, l3: float) -> bool:
    return l1 <= l3

# The payload cannot exceed the capacity of axle 3.
def r6(p: float, c3: float) -> bool:
    return p <= c3
```"
"System Message:
You are a logician with a background in mathematics that translates natural language
reasoning text to Python3 code so that these natural language reasoning problems can be solved.
During the translation, please pay close attention to defining variables and rules.
Do not add any comments from you.
Be guided by the following example:
Example input text:
Textual context: A vehicle operates over a A param between 20 and 110 in a typical day.
A vehicle operates for a B param between 2 and 10 in a typical day.
A vehicle operates with C param between 0.2 and 5 in a typical day.

Example Python3 code:
# A vehicle operates over a A param between 20 and 110 in a typical day.
def r1(a: float) -> bool:
    return 20 <= a <= 110

# A vehicle operates for a B param between 2 and 10 in a typical day.
def r2(b: float) -> bool:
    return 2 <= b <= 10

# A vehicle operates with C param between 0.2 and 5 in a typical day.
def r3(c: float) -> bool:
    return 0.2 <= c <= 5


Input text:
Textual context: The total operation durationmust not be lower than the driving time.
Axle 2's load must always be equal to or greater than the payload.";"
```python
# Define the function to check if the total operation duration is not less than the driving time
def r4(total_duration: float, driving_time: float) -> bool:
    return total_duration >= driving_time

# Define the function to check if the axle 2's load is equal to or greater than the payload
def r5(axle_2_load: float, payload: float) -> bool:
    return axle_2_load >= payload
```"
"System Message:
You are a logician with a background in mathematics that translates natural language
reasoning text to Python3 code so that these natural language reasoning problems can be solved.
During the translation, please pay close attention to defining variables and rules.
Do not add any comments from you.
Be guided by the following example:
Example input text:
Textual context: A vehicle operates over a A param between 20 and 110 in a typical day.
A vehicle operates for a B param between 2 and 10 in a typical day.
A vehicle operates with C param between 0.2 and 5 in a typical day.

Example Python3 code:
# A vehicle operates over a A param between 20 and 110 in a typical day.
def r1(a: float) -> bool:
    return 20 <= a <= 110

# A vehicle operates for a B param between 2 and 10 in a typical day.
def r2(b: float) -> bool:
    return 2 <= b <= 10

# A vehicle operates with C param between 0.2 and 5 in a typical day.
def r3(c: float) -> bool:
    return 0.2 <= c <= 5


Input text:
Textual context: Driving time should be less than or equal to the total operation time.
The load carried by axle 1 must be smaller than or equal to the load on axle 3.";"
```python
# Driving time should be less than or equal to the total operation time.
def r4(d: float) -> bool:
    return d <= (r1(1) + r2(1))

# The load carried by axle 1 must be smaller than or equal to the load on axle 3.
def r5(l1: float, l3: float) -> bool:
    return l1 <= l3
```"
"System Message:
You are a logician with a background in mathematics that translates natural language
reasoning text to Python3 code so that these natural language reasoning problems can be solved.
During the translation, please pay close attention to defining variables and rules.
Do not add any comments from you.
Be guided by the following example:
Example input text:
Textual context: A vehicle operates over a A param between 20 and 110 in a typical day.
A vehicle operates for a B param between 2 and 10 in a typical day.
A vehicle operates with C param between 0.2 and 5 in a typical day.

Example Python3 code:
# A vehicle operates over a A param between 20 and 110 in a typical day.
def r1(a: float) -> bool:
    return 20 <= a <= 110

# A vehicle operates for a B param between 2 and 10 in a typical day.
def r2(b: float) -> bool:
    return 2 <= b <= 10

# A vehicle operates with C param between 0.2 and 5 in a typical day.
def r3(c: float) -> bool:
    return 0.2 <= c <= 5


Input text:
Textual context: Total operation time shouldn’t be lower than PTO operation time.";"
# Total operation time shouldn't be lower than PTO operation time.
def r4(pto_time: float) -> bool:
    return pto_time >= 0"
"System Message:
You are a logician with a background in mathematics that translates natural language
reasoning text to Python3 code so that these natural language reasoning problems can be solved.
During the translation, please pay close attention to defining variables and rules.
Do not add any comments from you.
Be guided by the following example:
Example input text:
Textual context: A vehicle operates over a A param between 20 and 110 in a typical day.
A vehicle operates for a B param between 2 and 10 in a typical day.
A vehicle operates with C param between 0.2 and 5 in a typical day.

Example Python3 code:
# A vehicle operates over a A param between 20 and 110 in a typical day.
def r1(a: float) -> bool:
    return 20 <= a <= 110

# A vehicle operates for a B param between 2 and 10 in a typical day.
def r2(b: float) -> bool:
    return 2 <= b <= 10

# A vehicle operates with C param between 0.2 and 5 in a typical day.
def r3(c: float) -> bool:
    return 0.2 <= c <= 5


Input text:
Textual context: PTO operation time should be less than or equal to the total operation time.
Driving time must always be less than or equal to the total operation time.
Stops with PTO engaged should never outnumber total stops.";"
```python
# PTO operation time should be less than or equal to the total operation time.
def r4(pto_time: float, total_time: float) -> bool:
    return pto_time <= total_time

# Driving time must always be less than or equal to the total operation time.
def r5(driving_time: float, total_time: float) -> bool:
    return driving_time <= total_time

# Stops with PTO engaged should never outnumber total stops.
def r6(pto_stops: int, total_stops: int) -> bool:
    return pto_stops <= total_stops
```"
"System Message:
You are a logician with a background in mathematics that translates natural language
reasoning text to Python3 code so that these natural language reasoning problems can be solved.
During the translation, please pay close attention to defining variables and rules.
Do not add any comments from you.
Be guided by the following example:
Example input text:
Textual context: A vehicle operates over a A param between 20 and 110 in a typical day.
A vehicle operates for a B param between 2 and 10 in a typical day.
A vehicle operates with C param between 0.2 and 5 in a typical day.

Example Python3 code:
# A vehicle operates over a A param between 20 and 110 in a typical day.
def r1(a: float) -> bool:
    return 20 <= a <= 110

# A vehicle operates for a B param between 2 and 10 in a typical day.
def r2(b: float) -> bool:
    return 2 <= b <= 10

# A vehicle operates with C param between 0.2 and 5 in a typical day.
def r3(c: float) -> bool:
    return 0.2 <= c <= 5


Input text:
Textual context: The total operation duration must not be lower than the idle time.
The number of stops where PTO is engaged must not exceed the overall stop count.
Payload must remain below or equal to the load carried by axle 3.";"
```python
# Define the function to check if the total operation duration is not less than the idle time
def r4(total_duration: float, idle_time: float) -> bool:
    return total_duration >= idle_time

# Define the function to check if the number of stops where PTO is engaged does not exceed the overall stop count
def r5(pto_stops: int, total_stops: int) -> bool:
    return pto_stops <= total_stops

# Define the function to check if payload remains below or equal to the load carried by axle 3
def r6(payload: float, load_axle_3: float) -> bool:
    return payload <= load_axle_3
```"
"System Message:
You are a logician with a background in mathematics that translates natural language
reasoning text to Python3 code so that these natural language reasoning problems can be solved.
During the translation, please pay close attention to defining variables and rules.
Do not add any comments from you.
Be guided by the following example:
Example input text:
Textual context: A vehicle operates over a A param between 20 and 110 in a typical day.
A vehicle operates for a B param between 2 and 10 in a typical day.
A vehicle operates with C param between 0.2 and 5 in a typical day.

Example Python3 code:
# A vehicle operates over a A param between 20 and 110 in a typical day.
def r1(a: float) -> bool:
    return 20 <= a <= 110

# A vehicle operates for a B param between 2 and 10 in a typical day.
def r2(b: float) -> bool:
    return 2 <= b <= 10

# A vehicle operates with C param between 0.2 and 5 in a typical day.
def r3(c: float) -> bool:
    return 0.2 <= c <= 5


Input text:
Textual context: Idle time must always be less than or equal to the total operation time.
The load on axle 1 must not surpass the load on axle 3.
Total operation time should be at least the sum of PTO, idle, and driving times.";"
```python
# Define the function to check if the idle time is less than or equal to the total operation time
def r4(idle_time: float, total_operation_time: float) -> bool:
    return idle_time <= total_operation_time

# Define the function to check if the load on axle 1 does not exceed the load on axle 3
def r5(load_axle_1: float, load_axle_3: float) -> bool:
    return load_axle_1 <= load_axle_3

# Define the function to check if the total operation time is at least the sum of PTO, idle, and driving times
def r6(pto_time: float, idle_time: float, driving_time: float) -> bool:
    return total_operation_time >= pto_time + idle_time + driving_time
```"
"System Message:
You are a logician with a background in mathematics that translates natural language
reasoning text to Python3 code so that these natural language reasoning problems can be solved.
During the translation, please pay close attention to defining variables and rules.
Do not add any comments from you.
Be guided by the following example:
Example input text:
Textual context: A vehicle operates over a A param between 20 and 110 in a typical day.
A vehicle operates for a B param between 2 and 10 in a typical day.
A vehicle operates with C param between 0.2 and 5 in a typical day.

Example Python3 code:
# A vehicle operates over a A param between 20 and 110 in a typical day.
def r1(a: float) -> bool:
    return 20 <= a <= 110

# A vehicle operates for a B param between 2 and 10 in a typical day.
def r2(b: float) -> bool:
    return 2 <= b <= 10

# A vehicle operates with C param between 0.2 and 5 in a typical day.
def r3(c: float) -> bool:
    return 0.2 <= c <= 5


Input text:
Textual context: The load supported by axle 1 cannot exceed that of axle 2.
Axle 2's load must always be equal to or greater than the payload.";"
```python
# Load supported by axle 1 cannot exceed that of axle 2.
def r4(axle1_load: float, axle2_load: float) -> bool:
    return axle1_load <= axle2_load

# Axle 2's load must always be equal to or greater than the payload.
def r5(payload: float) -> bool:
    return payload <= axle2_load
```"
"System Message:
You are a logician with a background in mathematics that translates natural language
reasoning text to Python3 code so that these natural language reasoning problems can be solved.
During the translation, please pay close attention to defining variables and rules.
Do not add any comments from you.
Be guided by the following example:
Example input text:
Textual context: A vehicle operates over a A param between 20 and 110 in a typical day.
A vehicle operates for a B param between 2 and 10 in a typical day.
A vehicle operates with C param between 0.2 and 5 in a typical day.

Example Python3 code:
# A vehicle operates over a A param between 20 and 110 in a typical day.
def r1(a: float) -> bool:
    return 20 <= a <= 110

# A vehicle operates for a B param between 2 and 10 in a typical day.
def r2(b: float) -> bool:
    return 2 <= b <= 10

# A vehicle operates with C param between 0.2 and 5 in a typical day.
def r3(c: float) -> bool:
    return 0.2 <= c <= 5


Input text:
Textual context: PTO operation time cannot be greater than the total operation time.
The weight on axle 1 cannot surpass the weight on axle 3.";"
```python
# PTO operation time cannot be greater than the total operation time.
def r4(pto_time: float, total_time: float) -> bool:
    return pto_time <= total_time

# The weight on axle 1 cannot surpass the weight on axle 3.
def r5(axle1_weight: float, axle3_weight: float) -> bool:
    return axle1_weight <= axle3_weight
```"
"System Message:
You are a logician with a background in mathematics that translates natural language
reasoning text to Python3 code so that these natural language reasoning problems can be solved.
During the translation, please pay close attention to defining variables and rules.
Do not add any comments from you.
Be guided by the following example:
Example input text:
Textual context: A vehicle operates over a A param between 20 and 110 in a typical day.
A vehicle operates for a B param between 2 and 10 in a typical day.
A vehicle operates with C param between 0.2 and 5 in a typical day.

Example Python3 code:
# A vehicle operates over a A param between 20 and 110 in a typical day.
def r1(a: float) -> bool:
    return 20 <= a <= 110

# A vehicle operates for a B param between 2 and 10 in a typical day.
def r2(b: float) -> bool:
    return 2 <= b <= 10

# A vehicle operates with C param between 0.2 and 5 in a typical day.
def r3(c: float) -> bool:
    return 0.2 <= c <= 5


Input text:
Textual context: Total operation time shouldn’t be lower than idle time.
Driving time should be less than or equal to the total operation time.
Axle 2's load must always be equal to or greater than the payload.";"
```python
# Total operation time shouldn't be lower than idle time.
def r4(total_time: float, idle_time: float) -> bool:
    return total_time >= idle_time

# Driving time should be less than or equal to the total operation time.
def r5(driving_time: float, total_time: float) -> bool:
    return driving_time <= total_time

# Axle 2's load must always be equal to or greater than the payload.
def r6(axle_2_load: float, payload: float) -> bool:
    return axle_2_load >= payload
```"
"System Message:
You are a logician with a background in mathematics that translates natural language
reasoning text to Python3 code so that these natural language reasoning problems can be solved.
During the translation, please pay close attention to defining variables and rules.
Do not add any comments from you.
Be guided by the following example:
Example input text:
Textual context: A vehicle operates over a A param between 20 and 110 in a typical day.
A vehicle operates for a B param between 2 and 10 in a typical day.
A vehicle operates with C param between 0.2 and 5 in a typical day.

Example Python3 code:
# A vehicle operates over a A param between 20 and 110 in a typical day.
def r1(a: float) -> bool:
    return 20 <= a <= 110

# A vehicle operates for a B param between 2 and 10 in a typical day.
def r2(b: float) -> bool:
    return 2 <= b <= 10

# A vehicle operates with C param between 0.2 and 5 in a typical day.
def r3(c: float) -> bool:
    return 0.2 <= c <= 5


Input text:
Textual context: Idle time cannot be greater than the total operation time.
Payload must remain below or equal to the load carried by axle 3.";"
```python
# Define the function to check if idle time is less than or equal to total operation time
def r4(idle_time: float, total_operation_time: float) -> bool:
    return idle_time <= total_operation_time

# Define the function to check if payload is less than or equal to the load carried by axle 3
def r5(payload: float, load_axle_3: float) -> bool:
    return payload <= load_axle_3
```"
"System Message:
You are a logician with a background in mathematics that translates natural language
reasoning text to Python3 code so that these natural language reasoning problems can be solved.
During the translation, please pay close attention to defining variables and rules.
Do not add any comments from you.
Be guided by the following example:
Example input text:
Textual context: A vehicle operates over a A param between 20 and 110 in a typical day.
A vehicle operates for a B param between 2 and 10 in a typical day.
A vehicle operates with C param between 0.2 and 5 in a typical day.

Example Python3 code:
# A vehicle operates over a A param between 20 and 110 in a typical day.
def r1(a: float) -> bool:
    return 20 <= a <= 110

# A vehicle operates for a B param between 2 and 10 in a typical day.
def r2(b: float) -> bool:
    return 2 <= b <= 10

# A vehicle operates with C param between 0.2 and 5 in a typical day.
def r3(c: float) -> bool:
    return 0.2 <= c <= 5


Input text:
Textual context: The total operation durationmust not be lower than the driving time.
Stops with PTO engaged should never outnumber total stops.
The total operation time must always be not lower than the combined duration of PTO operation, idle time, and driving time.";"
```python
# Define the function to check if the total operation duration is not lower than the driving time
def r4(total_duration: float, driving_time: float) -> bool:
    return total_duration >= driving_time

# Define the function to check if stops with PTO engaged should never outnumber total stops
def r5(total_stops: int, pto_stops: int) -> bool:
    return pto_stops <= total_stops

# Define the function to check if the total operation time must always be not lower than the combined duration of PTO operation, idle time, and driving time
def r6(total_operation_time: float, pto_operation_time: float, idle_time: float, driving_time: float) -> bool:
    return total_operation_time >= (pto_operation_time + idle_time + driving_time)
```"
"System Message:
You are a logician with a background in mathematics that translates natural language
reasoning text to Python3 code so that these natural language reasoning problems can be solved.
During the translation, please pay close attention to defining variables and rules.
Do not add any comments from you.
Be guided by the following example:
Example input text:
Textual context: A vehicle operates over a A param between 20 and 110 in a typical day.
A vehicle operates for a B param between 2 and 10 in a typical day.
A vehicle operates with C param between 0.2 and 5 in a typical day.

Example Python3 code:
# A vehicle operates over a A param between 20 and 110 in a typical day.
def r1(a: float) -> bool:
    return 20 <= a <= 110

# A vehicle operates for a B param between 2 and 10 in a typical day.
def r2(b: float) -> bool:
    return 2 <= b <= 10

# A vehicle operates with C param between 0.2 and 5 in a typical day.
def r3(c: float) -> bool:
    return 0.2 <= c <= 5


Input text:
Textual context: The weight on axle 1 cannot surpass the weight on axle 2.
Axle 1's load cannot exceed Axle 3's load.
The total operation time must always be not lower than the combined duration of PTO operation, idle time, and driving time.";"
```python
# Define the function to check if the weight on axle 1 is less than or equal to the weight on axle 2
def r4(w1: float, w2: float) -> bool:
    return w1 <= w2

# Define the function to check if the load on axle 1 is less than or equal to the load on axle 3
def r5(l1: float, l3: float) -> bool:
    return l1 <= l3

# Define the function to check if the total operation time is not lower than the combined duration of PTO operation, idle time, and driving time
def r6(t1: float, t2: float, t3: float) -> bool:
    return t1 >= t2 + t3
```"
"System Message:
You are a logician with a background in mathematics that translates natural language
reasoning text to Python3 code so that these natural language reasoning problems can be solved.
During the translation, please pay close attention to defining variables and rules.
Do not add any comments from you.
Be guided by the following example:
Example input text:
Textual context: A vehicle operates over a A param between 20 and 110 in a typical day.
A vehicle operates for a B param between 2 and 10 in a typical day.
A vehicle operates with C param between 0.2 and 5 in a typical day.

Example Python3 code:
# A vehicle operates over a A param between 20 and 110 in a typical day.
def r1(a: float) -> bool:
    return 20 <= a <= 110

# A vehicle operates for a B param between 2 and 10 in a typical day.
def r2(b: float) -> bool:
    return 2 <= b <= 10

# A vehicle operates with C param between 0.2 and 5 in a typical day.
def r3(c: float) -> bool:
    return 0.2 <= c <= 5


Input text:
Textual context: The load carried by axle 1 must be smaller than or equal to the load on axle 3.";"
```python
# Load carried by axle 1 must be smaller than or equal to the load on axle 3.
def r4(l1: float, l3: float) -> bool:
    return l1 <= l3
```"
"System Message:
You are a logician with a background in mathematics that translates natural language
reasoning text to Python3 code so that these natural language reasoning problems can be solved.
During the translation, please pay close attention to defining variables and rules.
Do not add any comments from you.
Be guided by the following example:
Example input text:
Textual context: A vehicle operates over a A param between 20 and 110 in a typical day.
A vehicle operates for a B param between 2 and 10 in a typical day.
A vehicle operates with C param between 0.2 and 5 in a typical day.

Example Python3 code:
# A vehicle operates over a A param between 20 and 110 in a typical day.
def r1(a: float) -> bool:
    return 20 <= a <= 110

# A vehicle operates for a B param between 2 and 10 in a typical day.
def r2(b: float) -> bool:
    return 2 <= b <= 10

# A vehicle operates with C param between 0.2 and 5 in a typical day.
def r3(c: float) -> bool:
    return 0.2 <= c <= 5


Input text:
Textual context: Idle time must always be less than or equal to the total operation time.
The load supported by axle 1 cannot exceed that of axle 2.
The weight on axle 1 cannot surpass the weight on axle 3.";"
```python
# Define functions to check the conditions based on the given parameters
def r4(idle_time: float, total_operation_time: float) -> bool:
    return idle_time <= total_operation_time

def r5(axle1_load: float, axle2_load: float) -> bool:
    return axle1_load <= axle2_load

def r6(axle1_weight: float, axle3_weight: float) -> bool:
    return axle1_weight <= axle3_weight
```"
"System Message:
You are a logician with a background in mathematics that translates natural language
reasoning text to Python3 code so that these natural language reasoning problems can be solved.
During the translation, please pay close attention to defining variables and rules.
Do not add any comments from you.
Be guided by the following example:
Example input text:
Textual context: A vehicle operates over a A param between 20 and 110 in a typical day.
A vehicle operates for a B param between 2 and 10 in a typical day.
A vehicle operates with C param between 0.2 and 5 in a typical day.

Example Python3 code:
# A vehicle operates over a A param between 20 and 110 in a typical day.
def r1(a: float) -> bool:
    return 20 <= a <= 110

# A vehicle operates for a B param between 2 and 10 in a typical day.
def r2(b: float) -> bool:
    return 2 <= b <= 10

# A vehicle operates with C param between 0.2 and 5 in a typical day.
def r3(c: float) -> bool:
    return 0.2 <= c <= 5


Input text:
Textual context: The payload cannot exceed the capacity of axle 3.";"
# The payload cannot exceed the capacity of axle 3.
def r4(capacity: float) -> bool:
    return capacity > 0  # Assuming capacity is always positive for simplicity"
"System Message:
You are a logician with a background in mathematics that translates natural language
reasoning text to Python3 code so that these natural language reasoning problems can be solved.
During the translation, please pay close attention to defining variables and rules.
Do not add any comments from you.
Be guided by the following example:
Example input text:
Textual context: A vehicle operates over a A param between 20 and 110 in a typical day.
A vehicle operates for a B param between 2 and 10 in a typical day.
A vehicle operates with C param between 0.2 and 5 in a typical day.

Example Python3 code:
# A vehicle operates over a A param between 20 and 110 in a typical day.
def r1(a: float) -> bool:
    return 20 <= a <= 110

# A vehicle operates for a B param between 2 and 10 in a typical day.
def r2(b: float) -> bool:
    return 2 <= b <= 10

# A vehicle operates with C param between 0.2 and 5 in a typical day.
def r3(c: float) -> bool:
    return 0.2 <= c <= 5


Input text:
Textual context: PTO-engaged stops cannot exceed the total number of stops.
The load carried by axle 1 must be smaller than or equal to the load on axle 2.
The payload must always be smaller than or equal to the load on axle 2.";"
```python
# PTO-engaged stops cannot exceed the total number of stops.
def r4(pto_stops: int, total_stops: int) -> bool:
    return pto_stops <= total_stops

# The load carried by axle 1 must be smaller than or equal to the load on axle 2.
def r5(axle1_load: float, axle2_load: float) -> bool:
    return axle1_load <= axle2_load

# The payload must always be smaller than or equal to the load on axle 2.
def r6(payload: float, axle2_load: float) -> bool:
    return payload <= axle2_load
```"
"System Message:
You are a logician with a background in mathematics that translates natural language
reasoning text to Python3 code so that these natural language reasoning problems can be solved.
During the translation, please pay close attention to defining variables and rules.
Do not add any comments from you.
Be guided by the following example:
Example input text:
Textual context: A vehicle operates over a A param between 20 and 110 in a typical day.
A vehicle operates for a B param between 2 and 10 in a typical day.
A vehicle operates with C param between 0.2 and 5 in a typical day.

Example Python3 code:
# A vehicle operates over a A param between 20 and 110 in a typical day.
def r1(a: float) -> bool:
    return 20 <= a <= 110

# A vehicle operates for a B param between 2 and 10 in a typical day.
def r2(b: float) -> bool:
    return 2 <= b <= 10

# A vehicle operates with C param between 0.2 and 5 in a typical day.
def r3(c: float) -> bool:
    return 0.2 <= c <= 5


Input text:
Textual context: Stops with PTO engaged cannot outnumber the total stops.
Axle 2's load must always be equal to or greater than the payload.";"
```python
# Stops with PTO engaged cannot outnumber the total stops.
def r4(pto: bool, total_stops: int) -> bool:
    return not pto or total_stops >= 1

# Axle 2's load must always be equal to or greater than the payload.
def r5(axle_2_load: float, payload: float) -> bool:
    return axle_2_load >= payload
```"
"System Message:
You are a logician with a background in mathematics that translates natural language
reasoning text to Python3 code so that these natural language reasoning problems can be solved.
During the translation, please pay close attention to defining variables and rules.
Do not add any comments from you.
Be guided by the following example:
Example input text:
Textual context: A vehicle operates over a A param between 20 and 110 in a typical day.
A vehicle operates for a B param between 2 and 10 in a typical day.
A vehicle operates with C param between 0.2 and 5 in a typical day.

Example Python3 code:
# A vehicle operates over a A param between 20 and 110 in a typical day.
def r1(a: float) -> bool:
    return 20 <= a <= 110

# A vehicle operates for a B param between 2 and 10 in a typical day.
def r2(b: float) -> bool:
    return 2 <= b <= 10

# A vehicle operates with C param between 0.2 and 5 in a typical day.
def r3(c: float) -> bool:
    return 0.2 <= c <= 5


Input text:
Textual context: Total operation time shouldn’t be lower than idle time.
Total operation time must be greater than or equal to the sum of PTO operation, idle, and driving times.";"
```python
# Total operation time shouldn't be lower than idle time.
def r4(total_operation_time: float, idle_time: float) -> bool:
    return total_operation_time >= idle_time

# Total operation time must be greater than or equal to the sum of PTO operation, idle, and driving times.
def r5(total_operation_time: float, pto_operation: float, idle_time: float, driving_time: float) -> bool:
    return total_operation_time >= pto_operation + idle_time + driving_time
```"
"System Message:
You are a logician with a background in mathematics that translates natural language
reasoning text to Python3 code so that these natural language reasoning problems can be solved.
During the translation, please pay close attention to defining variables and rules.
Do not add any comments from you.
Be guided by the following example:
Example input text:
Textual context: A vehicle operates over a A param between 20 and 110 in a typical day.
A vehicle operates for a B param between 2 and 10 in a typical day.
A vehicle operates with C param between 0.2 and 5 in a typical day.

Example Python3 code:
# A vehicle operates over a A param between 20 and 110 in a typical day.
def r1(a: float) -> bool:
    return 20 <= a <= 110

# A vehicle operates for a B param between 2 and 10 in a typical day.
def r2(b: float) -> bool:
    return 2 <= b <= 10

# A vehicle operates with C param between 0.2 and 5 in a typical day.
def r3(c: float) -> bool:
    return 0.2 <= c <= 5


Input text:
Textual context: Stops with PTO engaged should never outnumber total stops.
The load on axle 1 must not surpass the load on axle 2.";"
```python
# Stops with PTO engaged should never outnumber total stops.
def r4(pto_stops: int, total_stops: int) -> bool:
    return pto_stops <= total_stops

# The load on axle 1 must not surpass the load on axle 2.
def r5(axle1_load: float, axle2_load: float) -> bool:
    return axle1_load <= axle2_load
```"
"System Message:
You are a logician with a background in mathematics that translates natural language
reasoning text to Python3 code so that these natural language reasoning problems can be solved.
During the translation, please pay close attention to defining variables and rules.
Do not add any comments from you.
Be guided by the following example:
Example input text:
Textual context: A vehicle operates over a A param between 20 and 110 in a typical day.
A vehicle operates for a B param between 2 and 10 in a typical day.
A vehicle operates with C param between 0.2 and 5 in a typical day.

Example Python3 code:
# A vehicle operates over a A param between 20 and 110 in a typical day.
def r1(a: float) -> bool:
    return 20 <= a <= 110

# A vehicle operates for a B param between 2 and 10 in a typical day.
def r2(b: float) -> bool:
    return 2 <= b <= 10

# A vehicle operates with C param between 0.2 and 5 in a typical day.
def r3(c: float) -> bool:
    return 0.2 <= c <= 5


Input text:
Textual context: The total operation durationmust not be lower than the driving time.
The weight on axle 1 cannot surpass the weight on axle 2.";"
```python
# Define the function to check if the total operation duration is not less than the driving time
def r4(total_duration: float, driving_time: float) -> bool:
    return total_duration >= driving_time

# Define the function to check if the weight on axle 1 does not exceed the weight on axle 2
def r5(weight_axle_1: float, weight_axle_2: float) -> bool:
    return weight_axle_1 <= weight_axle_2
```"
"System Message:
You are a logician with a background in mathematics that translates natural language
reasoning text to Python3 code so that these natural language reasoning problems can be solved.
During the translation, please pay close attention to defining variables and rules.
Do not add any comments from you.
Be guided by the following example:
Example input text:
Textual context: A vehicle operates over a A param between 20 and 110 in a typical day.
A vehicle operates for a B param between 2 and 10 in a typical day.
A vehicle operates with C param between 0.2 and 5 in a typical day.

Example Python3 code:
# A vehicle operates over a A param between 20 and 110 in a typical day.
def r1(a: float) -> bool:
    return 20 <= a <= 110

# A vehicle operates for a B param between 2 and 10 in a typical day.
def r2(b: float) -> bool:
    return 2 <= b <= 10

# A vehicle operates with C param between 0.2 and 5 in a typical day.
def r3(c: float) -> bool:
    return 0.2 <= c <= 5


Input text:
Textual context: Idle time cannot be greater than the total operation time.
The payload must always be smaller than or equal to the load on axle 3.";"
```python
# Define the function to check if idle time is less than or equal to total operation time
def r4(idle_time: float, total_operation_time: float) -> bool:
    return idle_time <= total_operation_time

# Define the function to check if the payload is less than or equal to the load on axle 3
def r5(payload: float, load_on_axle_3: float) -> bool:
    return payload <= load_on_axle_3
```"
"System Message:
You are a logician with a background in mathematics that translates natural language
reasoning text to Python3 code so that these natural language reasoning problems can be solved.
During the translation, please pay close attention to defining variables and rules.
Do not add any comments from you.
Be guided by the following example:
Example input text:
Textual context: A vehicle operates over a A param between 20 and 110 in a typical day.
A vehicle operates for a B param between 2 and 10 in a typical day.
A vehicle operates with C param between 0.2 and 5 in a typical day.

Example Python3 code:
# A vehicle operates over a A param between 20 and 110 in a typical day.
def r1(a: float) -> bool:
    return 20 <= a <= 110

# A vehicle operates for a B param between 2 and 10 in a typical day.
def r2(b: float) -> bool:
    return 2 <= b <= 10

# A vehicle operates with C param between 0.2 and 5 in a typical day.
def r3(c: float) -> bool:
    return 0.2 <= c <= 5


Input text:
Textual context: PTO operation time should be less than or equal to the total operation time.
The number of stops where PTO is engaged must not exceed the overall stop count.
Axle 1's load cannot exceed Axle 2's load.";"
```python
# PTO operation time should be less than or equal to the total operation time.
def r4(pto_time: float, total_time: float) -> bool:
    return pto_time <= total_time

# The number of stops where PTO is engaged must not exceed the overall stop count.
def r5(pto_stops: int, total_stops: int) -> bool:
    return pto_stops <= total_stops

# Axle 1's load cannot exceed Axle 2's load.
def r6(axle1_load: float, axle2_load: float) -> bool:
    return axle1_load <= axle2_load
```"
"System Message:
You are a logician with a background in mathematics that translates natural language
reasoning text to Python3 code so that these natural language reasoning problems can be solved.
During the translation, please pay close attention to defining variables and rules.
Do not add any comments from you.
Be guided by the following example:
Example input text:
Textual context: A vehicle operates over a A param between 20 and 110 in a typical day.
A vehicle operates for a B param between 2 and 10 in a typical day.
A vehicle operates with C param between 0.2 and 5 in a typical day.

Example Python3 code:
# A vehicle operates over a A param between 20 and 110 in a typical day.
def r1(a: float) -> bool:
    return 20 <= a <= 110

# A vehicle operates for a B param between 2 and 10 in a typical day.
def r2(b: float) -> bool:
    return 2 <= b <= 10

# A vehicle operates with C param between 0.2 and 5 in a typical day.
def r3(c: float) -> bool:
    return 0.2 <= c <= 5


Input text:
Textual context: Idle time cannot be greater than the total operation time.
PTO-engaged stops cannot exceed the total number of stops.";"
```python
# Define functions to check if idle time is within the allowed range
def r4(idle_time: float) -> bool:
    # Total operation time is assumed to be 8 hours (480 minutes)
    total_operation_time = 480
    return idle_time <= total_operation_time

# Define functions to check if PTO-engaged stops are within the allowed range
def r5(pto_stops: int) -> bool:
    # Total number of stops is assumed to be 100
    total_stops = 100
    return pto_stops <= total_stops
```"
"System Message:
You are a logician with a background in mathematics that translates natural language
reasoning text to Python3 code so that these natural language reasoning problems can be solved.
During the translation, please pay close attention to defining variables and rules.
Do not add any comments from you.
Be guided by the following example:
Example input text:
Textual context: A vehicle operates over a A param between 20 and 110 in a typical day.
A vehicle operates for a B param between 2 and 10 in a typical day.
A vehicle operates with C param between 0.2 and 5 in a typical day.

Example Python3 code:
# A vehicle operates over a A param between 20 and 110 in a typical day.
def r1(a: float) -> bool:
    return 20 <= a <= 110

# A vehicle operates for a B param between 2 and 10 in a typical day.
def r2(b: float) -> bool:
    return 2 <= b <= 10

# A vehicle operates with C param between 0.2 and 5 in a typical day.
def r3(c: float) -> bool:
    return 0.2 <= c <= 5


Input text:
Textual context: The total operation duration must not be lower than the PTO operation time.
Idle time should be less than or equal to the total operation time.
The total stop count must not be lower than the count of stops where PTO is engaged.";"
```python
# Define the function to check if the total operation duration is not lower than the PTO operation time
def r4(total_operation_time: float, pto_operation_time: float) -> bool:
    return total_operation_time >= pto_operation_time

# Define the function to check if idle time is less than or equal to the total operation time
def r5(idle_time: float, total_operation_time: float) -> bool:
    return idle_time <= total_operation_time

# Define the function to check if the total stop count is not lower than the count of stops where PTO is engaged
def r6(total_stop_count: int, pto_stops_count: int) -> bool:
    return total_stop_count >= pto_stops_count
```"
"System Message:
You are a logician with a background in mathematics that translates natural language
reasoning text to Python3 code so that these natural language reasoning problems can be solved.
During the translation, please pay close attention to defining variables and rules.
Do not add any comments from you.
Be guided by the following example:
Example input text:
Textual context: A vehicle operates over a A param between 20 and 110 in a typical day.
A vehicle operates for a B param between 2 and 10 in a typical day.
A vehicle operates with C param between 0.2 and 5 in a typical day.

Example Python3 code:
# A vehicle operates over a A param between 20 and 110 in a typical day.
def r1(a: float) -> bool:
    return 20 <= a <= 110

# A vehicle operates for a B param between 2 and 10 in a typical day.
def r2(b: float) -> bool:
    return 2 <= b <= 10

# A vehicle operates with C param between 0.2 and 5 in a typical day.
def r3(c: float) -> bool:
    return 0.2 <= c <= 5


Input text:
Textual context: Idle time cannot be greater than the total operation time.
PTO-engaged stops cannot exceed the total number of stops.
Total operation time must be greater than or equal to the sum of PTO operation, idle, and driving times.";"
```python
# Total operation time must be greater than or equal to the sum of PTO operation, idle, and driving times.
def r4(pto_time: float, idle_time: float, driving_time: float) -> bool:
    return pto_time + idle_time + driving_time >= pto_time + idle_time + driving_time
```"
"System Message:
You are a logician with a background in mathematics that translates natural language
reasoning text to Python3 code so that these natural language reasoning problems can be solved.
During the translation, please pay close attention to defining variables and rules.
Do not add any comments from you.
Be guided by the following example:
Example input text:
Textual context: A vehicle operates over a A param between 20 and 110 in a typical day.
A vehicle operates for a B param between 2 and 10 in a typical day.
A vehicle operates with C param between 0.2 and 5 in a typical day.

Example Python3 code:
# A vehicle operates over a A param between 20 and 110 in a typical day.
def r1(a: float) -> bool:
    return 20 <= a <= 110

# A vehicle operates for a B param between 2 and 10 in a typical day.
def r2(b: float) -> bool:
    return 2 <= b <= 10

# A vehicle operates with C param between 0.2 and 5 in a typical day.
def r3(c: float) -> bool:
    return 0.2 <= c <= 5


Input text:
Textual context: The total operation duration must not be lower than the PTO operation time.
The total operation duration must not be lower than the idle time.
Driving time should be less than or equal to the total operation time.";"
```python
# Define the function to check if the driving time is less than or equal to the total operation time
def r4(driving_time: float, total_operation_time: float) -> bool:
    return driving_time <= total_operation_time
```"
"System Message:
You are a logician with a background in mathematics that translates natural language
reasoning text to Python3 code so that these natural language reasoning problems can be solved.
During the translation, please pay close attention to defining variables and rules.
Do not add any comments from you.
Be guided by the following example:
Example input text:
Textual context: A vehicle operates over a A param between 20 and 110 in a typical day.
A vehicle operates for a B param between 2 and 10 in a typical day.
A vehicle operates with C param between 0.2 and 5 in a typical day.

Example Python3 code:
# A vehicle operates over a A param between 20 and 110 in a typical day.
def r1(a: float) -> bool:
    return 20 <= a <= 110

# A vehicle operates for a B param between 2 and 10 in a typical day.
def r2(b: float) -> bool:
    return 2 <= b <= 10

# A vehicle operates with C param between 0.2 and 5 in a typical day.
def r3(c: float) -> bool:
    return 0.2 <= c <= 5


Input text:
Textual context: The weight on axle 1 cannot surpass the weight on axle 3.
Total operation time should be at least the sum of PTO, idle, and driving times.";"
```python
# Define the function to check if the weight on axle 1 is less than or equal to the weight on axle 3
def r4(w1: float, w3: float) -> bool:
    return w1 <= w3

# Define the function to check if the total operation time is at least the sum of PTO, idle, and driving times
def r5(pto: float, idle: float, driving: float) -> bool:
    return pto + idle + driving >= pto + idle + driving
```"
"System Message:
You are a logician with a background in mathematics that translates natural language
reasoning text to Python3 code so that these natural language reasoning problems can be solved.
During the translation, please pay close attention to defining variables and rules.
Do not add any comments from you.
Be guided by the following example:
Example input text:
Textual context: A vehicle operates over a A param between 20 and 110 in a typical day.
A vehicle operates for a B param between 2 and 10 in a typical day.
A vehicle operates with C param between 0.2 and 5 in a typical day.

Example Python3 code:
# A vehicle operates over a A param between 20 and 110 in a typical day.
def r1(a: float) -> bool:
    return 20 <= a <= 110

# A vehicle operates for a B param between 2 and 10 in a typical day.
def r2(b: float) -> bool:
    return 2 <= b <= 10

# A vehicle operates with C param between 0.2 and 5 in a typical day.
def r3(c: float) -> bool:
    return 0.2 <= c <= 5


Input text:
Textual context: Idle time must always be less than or equal to the total operation time.
The load supported by axle 1 cannot exceed that of axle 3.
Payload must remain below or equal to the load carried by axle 3.";"
```python
# Define functions to check the conditions based on the given parameters
def r4(idle_time: float, total_operation_time: float) -> bool:
    return idle_time <= total_operation_time

def r5(load_axle_1: float, load_axle_3: float) -> bool:
    return load_axle_1 <= load_axle_3

def r6(payload: float, load_axle_3: float) -> bool:
    return payload <= load_axle_3
```"
"System Message:
You are a logician with a background in mathematics that translates natural language
reasoning text to Python3 code so that these natural language reasoning problems can be solved.
During the translation, please pay close attention to defining variables and rules.
Do not add any comments from you.
Be guided by the following example:
Example input text:
Textual context: A vehicle operates over a A param between 20 and 110 in a typical day.
A vehicle operates for a B param between 2 and 10 in a typical day.
A vehicle operates with C param between 0.2 and 5 in a typical day.

Example Python3 code:
# A vehicle operates over a A param between 20 and 110 in a typical day.
def r1(a: float) -> bool:
    return 20 <= a <= 110

# A vehicle operates for a B param between 2 and 10 in a typical day.
def r2(b: float) -> bool:
    return 2 <= b <= 10

# A vehicle operates with C param between 0.2 and 5 in a typical day.
def r3(c: float) -> bool:
    return 0.2 <= c <= 5


Input text:
Textual context: Total operation time shouldn’t be lower than PTO operation time.
The weight on axle 1 cannot surpass the weight on axle 2.";"
```python
# Total operation time shouldn't be lower than PTO operation time.
def r4(pto_time: float) -> bool:
    return pto_time >= 0

# The weight on axle 1 cannot surpass the weight on axle 2.
def r5(axle1_weight: float, axle2_weight: float) -> bool:
    return axle1_weight <= axle2_weight
```"
"System Message:
You are a logician with a background in mathematics that translates natural language
reasoning text to Python3 code so that these natural language reasoning problems can be solved.
During the translation, please pay close attention to defining variables and rules.
Do not add any comments from you.
Be guided by the following example:
Example input text:
Textual context: A vehicle operates over a A param between 20 and 110 in a typical day.
A vehicle operates for a B param between 2 and 10 in a typical day.
A vehicle operates with C param between 0.2 and 5 in a typical day.

Example Python3 code:
# A vehicle operates over a A param between 20 and 110 in a typical day.
def r1(a: float) -> bool:
    return 20 <= a <= 110

# A vehicle operates for a B param between 2 and 10 in a typical day.
def r2(b: float) -> bool:
    return 2 <= b <= 10

# A vehicle operates with C param between 0.2 and 5 in a typical day.
def r3(c: float) -> bool:
    return 0.2 <= c <= 5


Input text:
Textual context: The payload must always be smaller than or equal to the load on axle 2.
The total operation duration must always be greater than or equal to the combined time for PTO, idle, and driving.";"
```python
# The payload must always be smaller than or equal to the load on axle 2.
def r4(payload: float, load_axle_2: float) -> bool:
    return payload <= load_axle_2

# The total operation duration must always be greater than or equal to the combined time for PTO, idle, and driving.
def r5(total_duration: float, pto_time: float, idle_time: float, driving_time: float) -> bool:
    return total_duration >= pto_time + idle_time + driving_time
```"
"System Message:
You are a logician with a background in mathematics that translates natural language
reasoning text to Python3 code so that these natural language reasoning problems can be solved.
During the translation, please pay close attention to defining variables and rules.
Do not add any comments from you.
Be guided by the following example:
Example input text:
Textual context: A vehicle operates over a A param between 20 and 110 in a typical day.
A vehicle operates for a B param between 2 and 10 in a typical day.
A vehicle operates with C param between 0.2 and 5 in a typical day.

Example Python3 code:
# A vehicle operates over a A param between 20 and 110 in a typical day.
def r1(a: float) -> bool:
    return 20 <= a <= 110

# A vehicle operates for a B param between 2 and 10 in a typical day.
def r2(b: float) -> bool:
    return 2 <= b <= 10

# A vehicle operates with C param between 0.2 and 5 in a typical day.
def r3(c: float) -> bool:
    return 0.2 <= c <= 5


Input text:
Textual context: PTO operation time must be less than or equal to the total operation time.
The payload must not exceed the load carried by axle 3.";"
```python
# PTO operation time must be less than or equal to the total operation time.
def r4(pto_time: float, total_time: float) -> bool:
    return pto_time <= total_time

# The payload must not exceed the load carried by axle 3.
def r5(payload: float, axle_3_load: float) -> bool:
    return payload <= axle_3_load
```"
"System Message:
You are a logician with a background in mathematics that translates natural language
reasoning text to Python3 code so that these natural language reasoning problems can be solved.
During the translation, please pay close attention to defining variables and rules.
Do not add any comments from you.
Be guided by the following example:
Example input text:
Textual context: A vehicle operates over a A param between 20 and 110 in a typical day.
A vehicle operates for a B param between 2 and 10 in a typical day.
A vehicle operates with C param between 0.2 and 5 in a typical day.

Example Python3 code:
# A vehicle operates over a A param between 20 and 110 in a typical day.
def r1(a: float) -> bool:
    return 20 <= a <= 110

# A vehicle operates for a B param between 2 and 10 in a typical day.
def r2(b: float) -> bool:
    return 2 <= b <= 10

# A vehicle operates with C param between 0.2 and 5 in a typical day.
def r3(c: float) -> bool:
    return 0.2 <= c <= 5


Input text:
Textual context: PTO operation time cannot be greater than the total operation time.
Total operation time must be greater than or equal to the sum of PTO operation, idle, and driving times.";"
```python
# Total operation time must be greater than or equal to the sum of PTO operation, idle, and driving times.
def r4(total_time: float, pto_time: float, idle_time: float, driving_time: float) -> bool:
    return total_time >= pto_time + idle_time + driving_time
```"
"System Message:
You are a logician with a background in mathematics that translates natural language
reasoning text to Python3 code so that these natural language reasoning problems can be solved.
During the translation, please pay close attention to defining variables and rules.
Do not add any comments from you.
Be guided by the following example:
Example input text:
Textual context: A vehicle operates over a A param between 20 and 110 in a typical day.
A vehicle operates for a B param between 2 and 10 in a typical day.
A vehicle operates with C param between 0.2 and 5 in a typical day.

Example Python3 code:
# A vehicle operates over a A param between 20 and 110 in a typical day.
def r1(a: float) -> bool:
    return 20 <= a <= 110

# A vehicle operates for a B param between 2 and 10 in a typical day.
def r2(b: float) -> bool:
    return 2 <= b <= 10

# A vehicle operates with C param between 0.2 and 5 in a typical day.
def r3(c: float) -> bool:
    return 0.2 <= c <= 5


Input text:
Textual context: The load supported by axle 1 cannot exceed that of axle 2.";"
# Load supported by axle 1 cannot exceed that of axle 2.
def r4(l1: float, l2: float) -> bool:
    return l1 <= l2"
"System Message:
You are a logician with a background in mathematics that translates natural language
reasoning text to Python3 code so that these natural language reasoning problems can be solved.
During the translation, please pay close attention to defining variables and rules.
Do not add any comments from you.
Be guided by the following example:
Example input text:
Textual context: A vehicle operates over a A param between 20 and 110 in a typical day.
A vehicle operates for a B param between 2 and 10 in a typical day.
A vehicle operates with C param between 0.2 and 5 in a typical day.

Example Python3 code:
# A vehicle operates over a A param between 20 and 110 in a typical day.
def r1(a: float) -> bool:
    return 20 <= a <= 110

# A vehicle operates for a B param between 2 and 10 in a typical day.
def r2(b: float) -> bool:
    return 2 <= b <= 10

# A vehicle operates with C param between 0.2 and 5 in a typical day.
def r3(c: float) -> bool:
    return 0.2 <= c <= 5


Input text:
Textual context: The total operation duration must not be lower than the idle time.
Stops with PTO engaged should never outnumber total stops.
The load carried by axle 1 must be smaller than or equal to the load on axle 2.";"
```python
# Define the function to check if the total operation duration is not less than the idle time
def r4(total_duration: float, idle_time: float) -> bool:
    return total_duration >= idle_time

# Define the function to check if stops with PTO engaged should never outnumber total stops
def r5(total_stops: int, pto_stops: int) -> bool:
    return total_stops >= pto_stops

# Define the function to check if the load carried by axle 1 must be smaller than or equal to the load on axle 2
def r6(load_axle_1: float, load_axle_2: float) -> bool:
    return load_axle_1 <= load_axle_2
```"
"System Message:
You are a logician with a background in mathematics that translates natural language
reasoning text to Python3 code so that these natural language reasoning problems can be solved.
During the translation, please pay close attention to defining variables and rules.
Do not add any comments from you.
Be guided by the following example:
Example input text:
Textual context: A vehicle operates over a A param between 20 and 110 in a typical day.
A vehicle operates for a B param between 2 and 10 in a typical day.
A vehicle operates with C param between 0.2 and 5 in a typical day.

Example Python3 code:
# A vehicle operates over a A param between 20 and 110 in a typical day.
def r1(a: float) -> bool:
    return 20 <= a <= 110

# A vehicle operates for a B param between 2 and 10 in a typical day.
def r2(b: float) -> bool:
    return 2 <= b <= 10

# A vehicle operates with C param between 0.2 and 5 in a typical day.
def r3(c: float) -> bool:
    return 0.2 <= c <= 5


Input text:
Textual context: Total operation time should shouldn’t be lower than driving time.
The number of stops where PTO is engaged must not exceed the overall stop count.
Axle 1's load cannot exceed Axle 2's load.";"
```python
# Total operation time should shouldn't be lower than driving time.
def r4(total_time: float, driving_time: float) -> bool:
    return total_time >= driving_time

# The number of stops where PTO is engaged must not exceed the overall stop count.
def r5(pto_stops: int, total_stops: int) -> bool:
    return pto_stops <= total_stops

# Axle 1's load cannot exceed Axle 2's load.
def r6(axle1_load: float, axle2_load: float) -> bool:
    return axle1_load <= axle2_load
```"
"System Message:
You are a logician with a background in mathematics that translates natural language
reasoning text to Python3 code so that these natural language reasoning problems can be solved.
During the translation, please pay close attention to defining variables and rules.
Do not add any comments from you.
Be guided by the following example:
Example input text:
Textual context: A vehicle operates over a A param between 20 and 110 in a typical day.
A vehicle operates for a B param between 2 and 10 in a typical day.
A vehicle operates with C param between 0.2 and 5 in a typical day.

Example Python3 code:
# A vehicle operates over a A param between 20 and 110 in a typical day.
def r1(a: float) -> bool:
    return 20 <= a <= 110

# A vehicle operates for a B param between 2 and 10 in a typical day.
def r2(b: float) -> bool:
    return 2 <= b <= 10

# A vehicle operates with C param between 0.2 and 5 in a typical day.
def r3(c: float) -> bool:
    return 0.2 <= c <= 5


Input text:
Textual context: The total operation duration must not be lower than the PTO operation time.
The load supported by axle 1 cannot exceed that of axle 2.
Axle 3's load must always be equal to or greater than the payload.";"
```python
# Define the function to check if the total operation duration is not less than the PTO operation time
def r4(total_duration: float, pto_time: float) -> bool:
    return total_duration >= pto_time

# Define the function to check if the load supported by axle 1 does not exceed that of axle 2
def r5(load_axle1: float, load_axle2: float) -> bool:
    return load_axle1 <= load_axle2

# Define the function to check if the load supported by axle 3 is always equal to or greater than the payload
def r6(payload: float, load_axle3: float) -> bool:
    return load_axle3 >= payload
```"
"System Message:
You are a logician with a background in mathematics that translates natural language
reasoning text to Python3 code so that these natural language reasoning problems can be solved.
During the translation, please pay close attention to defining variables and rules.
Do not add any comments from you.
Be guided by the following example:
Example input text:
Textual context: A vehicle operates over a A param between 20 and 110 in a typical day.
A vehicle operates for a B param between 2 and 10 in a typical day.
A vehicle operates with C param between 0.2 and 5 in a typical day.

Example Python3 code:
# A vehicle operates over a A param between 20 and 110 in a typical day.
def r1(a: float) -> bool:
    return 20 <= a <= 110

# A vehicle operates for a B param between 2 and 10 in a typical day.
def r2(b: float) -> bool:
    return 2 <= b <= 10

# A vehicle operates with C param between 0.2 and 5 in a typical day.
def r3(c: float) -> bool:
    return 0.2 <= c <= 5


Input text:
Textual context: The total operation durationmust not be lower than the driving time.
Payload must remain below or equal to the load carried by axle 2.";"
```python
# Define the function to check if the total operation duration is not less than the driving time
def r4(total_duration: float, driving_time: float) -> bool:
    return total_duration >= driving_time

# Define the function to check if the payload remains below or equal to the load carried by axle 2
def r5(payload: float, load_axle_2: float) -> bool:
    return payload <= load_axle_2
```"
"System Message:
You are a logician with a background in mathematics that translates natural language
reasoning text to Python3 code so that these natural language reasoning problems can be solved.
During the translation, please pay close attention to defining variables and rules.
Do not add any comments from you.
Be guided by the following example:
Example input text:
Textual context: A vehicle operates over a A param between 20 and 110 in a typical day.
A vehicle operates for a B param between 2 and 10 in a typical day.
A vehicle operates with C param between 0.2 and 5 in a typical day.

Example Python3 code:
# A vehicle operates over a A param between 20 and 110 in a typical day.
def r1(a: float) -> bool:
    return 20 <= a <= 110

# A vehicle operates for a B param between 2 and 10 in a typical day.
def r2(b: float) -> bool:
    return 2 <= b <= 10

# A vehicle operates with C param between 0.2 and 5 in a typical day.
def r3(c: float) -> bool:
    return 0.2 <= c <= 5


Input text:
Textual context: PTO operation time should be less than or equal to the total operation time.
Axle 3's load must always be equal to or greater than the payload.";"
```python
# PTO operation time should be less than or equal to the total operation time.
def r4(pto_time: float, total_time: float) -> bool:
    return pto_time <= total_time

# Axle 3's load must always be equal to or greater than the payload.
def r5(axle_3_load: float, payload: float) -> bool:
    return axle_3_load >= payload
```"
"System Message:
You are a logician with a background in mathematics that translates natural language
reasoning text to Python3 code so that these natural language reasoning problems can be solved.
During the translation, please pay close attention to defining variables and rules.
Do not add any comments from you.
Be guided by the following example:
Example input text:
Textual context: A vehicle operates over a A param between 20 and 110 in a typical day.
A vehicle operates for a B param between 2 and 10 in a typical day.
A vehicle operates with C param between 0.2 and 5 in a typical day.

Example Python3 code:
# A vehicle operates over a A param between 20 and 110 in a typical day.
def r1(a: float) -> bool:
    return 20 <= a <= 110

# A vehicle operates for a B param between 2 and 10 in a typical day.
def r2(b: float) -> bool:
    return 2 <= b <= 10

# A vehicle operates with C param between 0.2 and 5 in a typical day.
def r3(c: float) -> bool:
    return 0.2 <= c <= 5


Input text:
Textual context: Total operation time shouldn’t be lower than PTO operation time.
PTO-engaged stops cannot exceed the total number of stops.
Total operation time must be greater than or equal to the sum of PTO operation, idle, and driving times.";"
```python
# Total operation time shouldn't be lower than PTO operation time.
def r4(pto_time: float) -> bool:
    return pto_time >= 0

# PTO-engaged stops cannot exceed the total number of stops.
def r5(total_stops: int) -> bool:
    return total_stops > 0

# Total operation time must be greater than or equal to the sum of PTO operation, idle, and driving times.
def r6(pto_time: float, idle_time: float, driving_time: float) -> bool:
    return pto_time + idle_time + driving_time >= 0
```"
"System Message:
You are a logician with a background in mathematics that translates natural language
reasoning text to Python3 code so that these natural language reasoning problems can be solved.
During the translation, please pay close attention to defining variables and rules.
Do not add any comments from you.
Be guided by the following example:
Example input text:
Textual context: A vehicle operates over a A param between 20 and 110 in a typical day.
A vehicle operates for a B param between 2 and 10 in a typical day.
A vehicle operates with C param between 0.2 and 5 in a typical day.

Example Python3 code:
# A vehicle operates over a A param between 20 and 110 in a typical day.
def r1(a: float) -> bool:
    return 20 <= a <= 110

# A vehicle operates for a B param between 2 and 10 in a typical day.
def r2(b: float) -> bool:
    return 2 <= b <= 10

# A vehicle operates with C param between 0.2 and 5 in a typical day.
def r3(c: float) -> bool:
    return 0.2 <= c <= 5


Input text:
Textual context: Driving time must always be less than or equal to the total operation time.
The number of stops where PTO is engaged must not exceed the overall stop count.
The load on axle 1 must not surpass the load on axle 3.";"
```python
# Driving time must always be less than or equal to the total operation time.
def r4(d: float) -> bool:
    return d <= (r1(a) + r2(b))

# The number of stops where PTO is engaged must not exceed the overall stop count.
def r5(p: int) -> bool:
    return p <= r6(s)

# The load on axle 1 must not surpass the load on axle 3.
def r6(l: float) -> bool:
    return l <= r7(m)
```"
"System Message:
You are a logician with a background in mathematics that translates natural language
reasoning text to Python3 code so that these natural language reasoning problems can be solved.
During the translation, please pay close attention to defining variables and rules.
Do not add any comments from you.
Be guided by the following example:
Example input text:
Textual context: A vehicle operates over a A param between 20 and 110 in a typical day.
A vehicle operates for a B param between 2 and 10 in a typical day.
A vehicle operates with C param between 0.2 and 5 in a typical day.

Example Python3 code:
# A vehicle operates over a A param between 20 and 110 in a typical day.
def r1(a: float) -> bool:
    return 20 <= a <= 110

# A vehicle operates for a B param between 2 and 10 in a typical day.
def r2(b: float) -> bool:
    return 2 <= b <= 10

# A vehicle operates with C param between 0.2 and 5 in a typical day.
def r3(c: float) -> bool:
    return 0.2 <= c <= 5


Input text:
Textual context: The total operation duration must not be lower than the idle time.
Payload must remain below or equal to the load carried by axle 2.
The payload must not exceed the load carried by axle 3.";"
```python
# Define the function to check if the total operation duration is not less than the idle time
def r4(total_duration: float, idle_time: float) -> bool:
    return total_duration >= idle_time

# Define the function to check if the payload remains below or equal to the load carried by axle 2
def r5(payload_axle_2: float, load_axle_2: float) -> bool:
    return payload_axle_2 <= load_axle_2

# Define the function to check if the payload does not exceed the load carried by axle 3
def r6(payload_axle_3: float, load_axle_3: float) -> bool:
    return payload_axle_3 <= load_axle_3
```"
"System Message:
You are a logician with a background in mathematics that translates natural language
reasoning text to Python3 code so that these natural language reasoning problems can be solved.
During the translation, please pay close attention to defining variables and rules.
Do not add any comments from you.
Be guided by the following example:
Example input text:
Textual context: A vehicle operates over a A param between 20 and 110 in a typical day.
A vehicle operates for a B param between 2 and 10 in a typical day.
A vehicle operates with C param between 0.2 and 5 in a typical day.

Example Python3 code:
# A vehicle operates over a A param between 20 and 110 in a typical day.
def r1(a: float) -> bool:
    return 20 <= a <= 110

# A vehicle operates for a B param between 2 and 10 in a typical day.
def r2(b: float) -> bool:
    return 2 <= b <= 10

# A vehicle operates with C param between 0.2 and 5 in a typical day.
def r3(c: float) -> bool:
    return 0.2 <= c <= 5


Input text:
Textual context: Idle time must always be less than or equal to the total operation time.
PTO-engaged stops cannot exceed the total number of stops.
The payload cannot exceed the capacity of axle 2.";"
```python
# Define the function to check if idle time is less than or equal to total operation time
def r4(idle_time: float, total_operation_time: float) -> bool:
    return idle_time <= total_operation_time

# Define the function to check if PTO-engaged stops do not exceed the total number of stops
def r5(pto_stops: int, total_stops: int) -> bool:
    return pto_stops <= total_stops

# Define the function to check if the payload does not exceed the capacity of axle 2
def r6(payload: float, axle_capacity: float) -> bool:
    return payload <= axle_capacity
```"
"System Message:
You are a logician with a background in mathematics that translates natural language
reasoning text to Python3 code so that these natural language reasoning problems can be solved.
During the translation, please pay close attention to defining variables and rules.
Do not add any comments from you.
Be guided by the following example:
Example input text:
Textual context: A vehicle operates over a A param between 20 and 110 in a typical day.
A vehicle operates for a B param between 2 and 10 in a typical day.
A vehicle operates with C param between 0.2 and 5 in a typical day.

Example Python3 code:
# A vehicle operates over a A param between 20 and 110 in a typical day.
def r1(a: float) -> bool:
    return 20 <= a <= 110

# A vehicle operates for a B param between 2 and 10 in a typical day.
def r2(b: float) -> bool:
    return 2 <= b <= 10

# A vehicle operates with C param between 0.2 and 5 in a typical day.
def r3(c: float) -> bool:
    return 0.2 <= c <= 5


Input text:
Textual context: The load on axle 1 must not surpass the load on axle 2.
Total operation time must be greater than or equal to the sum of PTO operation, idle, and driving times.";"
```python
# Load on axle 1 must not surpass the load on axle 2.
def r4(l1: float, l2: float) -> bool:
    return l1 <= l2

# Total operation time must be greater than or equal to the sum of PTO operation, idle, and driving times.
def r5(pto_time: float, idle_time: float, driving_time: float) -> bool:
    return pto_time + idle_time + driving_time >= 0
```"
"System Message:
You are a logician with a background in mathematics that translates natural language
reasoning text to Python3 code so that these natural language reasoning problems can be solved.
During the translation, please pay close attention to defining variables and rules.
Do not add any comments from you.
Be guided by the following example:
Example input text:
Textual context: A vehicle operates over a A param between 20 and 110 in a typical day.
A vehicle operates for a B param between 2 and 10 in a typical day.
A vehicle operates with C param between 0.2 and 5 in a typical day.

Example Python3 code:
# A vehicle operates over a A param between 20 and 110 in a typical day.
def r1(a: float) -> bool:
    return 20 <= a <= 110

# A vehicle operates for a B param between 2 and 10 in a typical day.
def r2(b: float) -> bool:
    return 2 <= b <= 10

# A vehicle operates with C param between 0.2 and 5 in a typical day.
def r3(c: float) -> bool:
    return 0.2 <= c <= 5


Input text:
Textual context: The number of stops where PTO is engaged must not exceed the overall stop count.
Payload must remain below or equal to the load carried by axle 2.
The total operation time must always be not lower than the combined duration of PTO operation, idle time, and driving time.";"
```python
# Define the function to check if the number of stops exceeds the overall stop count
def r4(stop_count: int) -> bool:
    # Assuming the maximum number of stops allowed is 100
    max_stops = 100
    return stop_count > max_stops

# Define the function to check if payload remains below or equal to the load carried by axle 2
def r5(payload: float, load_axle_2: float) -> bool:
    return payload <= load_axle_2

# Define the function to check if the total operation time is not lower than the combined duration of PTO operation, idle time, and driving time
def r6(pto_duration: float, idle_time: float, driving_time: float) -> bool:
    # Assuming the minimum total operation time required is 1 hour (3600 seconds)
    min_total_time = 3600
    return pto_duration + idle_time + driving_time >= min_total_time
```"
"System Message:
You are a logician with a background in mathematics that translates natural language
reasoning text to Python3 code so that these natural language reasoning problems can be solved.
During the translation, please pay close attention to defining variables and rules.
Do not add any comments from you.
Be guided by the following example:
Example input text:
Textual context: A vehicle operates over a A param between 20 and 110 in a typical day.
A vehicle operates for a B param between 2 and 10 in a typical day.
A vehicle operates with C param between 0.2 and 5 in a typical day.

Example Python3 code:
# A vehicle operates over a A param between 20 and 110 in a typical day.
def r1(a: float) -> bool:
    return 20 <= a <= 110

# A vehicle operates for a B param between 2 and 10 in a typical day.
def r2(b: float) -> bool:
    return 2 <= b <= 10

# A vehicle operates with C param between 0.2 and 5 in a typical day.
def r3(c: float) -> bool:
    return 0.2 <= c <= 5


Input text:
Textual context: PTO operation time cannot be greater than the total operation time.
Idle time should be less than or equal to the total operation time.
The combined time for PTO operation, idle time, and driving time must not surpass the total operation time.";"
```python
# Define the function to check if the combined time does not exceed the total operation time
def r4(pto_time: float, idle_time: float, driving_time: float) -> bool:
    return pto_time + idle_time + driving_time <= 1
```"
"System Message:
You are a logician with a background in mathematics that translates natural language
reasoning text to Python3 code so that these natural language reasoning problems can be solved.
During the translation, please pay close attention to defining variables and rules.
Do not add any comments from you.
Be guided by the following example:
Example input text:
Textual context: A vehicle operates over a A param between 20 and 110 in a typical day.
A vehicle operates for a B param between 2 and 10 in a typical day.
A vehicle operates with C param between 0.2 and 5 in a typical day.

Example Python3 code:
# A vehicle operates over a A param between 20 and 110 in a typical day.
def r1(a: float) -> bool:
    return 20 <= a <= 110

# A vehicle operates for a B param between 2 and 10 in a typical day.
def r2(b: float) -> bool:
    return 2 <= b <= 10

# A vehicle operates with C param between 0.2 and 5 in a typical day.
def r3(c: float) -> bool:
    return 0.2 <= c <= 5


Input text:
Textual context: Axle 1's load cannot exceed Axle 2's load.
The load carried by axle 1 must be smaller than or equal to the load on axle 3.
Payload must remain below or equal to the load carried by axle 2.";"
```python
# Load carried by axle 1 cannot exceed load carried by axle 2.
def r4(a1: float, a2: float) -> bool:
    return a1 <= a2

# The load carried by axle 1 must be smaller than or equal to the load on axle 3.
def r5(a1: float, a3: float) -> bool:
    return a1 <= a3

# Payload must remain below or equal to the load carried by axle 2.
def r6(p: float, a2: float) -> bool:
    return p <= a2
```"
"System Message:
You are a logician with a background in mathematics that translates natural language
reasoning text to Python3 code so that these natural language reasoning problems can be solved.
During the translation, please pay close attention to defining variables and rules.
Do not add any comments from you.
Be guided by the following example:
Example input text:
Textual context: A vehicle operates over a A param between 20 and 110 in a typical day.
A vehicle operates for a B param between 2 and 10 in a typical day.
A vehicle operates with C param between 0.2 and 5 in a typical day.
A vehicle remains D param between 1 and 5 in a typical day.

Example Python3 code:
# A vehicle operates over a A param between 20 and 110 in a typical day.
def r1(a: float) -> bool:
    return 20 <= a <= 110

# A vehicle operates for a B param between 2 and 10 in a typical day.
def r2(b: float) -> bool:
    return 2 <= b <= 10

# A vehicle operates with C param between 0.2 and 5 in a typical day.
def r3(c: float) -> bool:
    return 0.2 <= c <= 5

# A vehicle remains D param between 1 and 5 in a typical day.
def r4(d: float) -> bool:
    return 1 <= d <= 5


Input text:
Textual context: Total operation time shouldn’t be lower than PTO operation time.
Total operation time should shouldn’t be lower than driving time.
The total stop count must not be lower than the count of stops where PTO is engaged.
The payload must always be smaller than or equal to the load on axle 2.";"
```python
# Total operation time shouldn't be lower than PTO operation time.
def r5(pto_time: float) -> bool:
    return pto_time >= 0

# Total operation time should shouldn't be lower than driving time.
def r6(driving_time: float) -> bool:
    return driving_time >= 0

# The total stop count must not be lower than the count of stops where PTO is engaged.
def r7(pto_count: int) -> bool:
    return pto_count >= 0

# The payload must always be smaller than or equal to the load on axle 2.
def r8(payload: float, load_axle_2: float) -> bool:
    return payload <= load_axle_2
```"
"System Message:
You are a logician with a background in mathematics that translates natural language
reasoning text to Python3 code so that these natural language reasoning problems can be solved.
During the translation, please pay close attention to defining variables and rules.
Do not add any comments from you.
Be guided by the following example:
Example input text:
Textual context: A vehicle operates over a A param between 20 and 110 in a typical day.
A vehicle operates for a B param between 2 and 10 in a typical day.
A vehicle operates with C param between 0.2 and 5 in a typical day.
A vehicle remains D param between 1 and 5 in a typical day.

Example Python3 code:
# A vehicle operates over a A param between 20 and 110 in a typical day.
def r1(a: float) -> bool:
    return 20 <= a <= 110

# A vehicle operates for a B param between 2 and 10 in a typical day.
def r2(b: float) -> bool:
    return 2 <= b <= 10

# A vehicle operates with C param between 0.2 and 5 in a typical day.
def r3(c: float) -> bool:
    return 0.2 <= c <= 5

# A vehicle remains D param between 1 and 5 in a typical day.
def r4(d: float) -> bool:
    return 1 <= d <= 5


Input text:
Textual context: Idle time must always be less than or equal to the total operation time.
The load supported by axle 1 cannot exceed that of axle 2.";"
```python
# Define functions to check if conditions are met
def r5(i: int) -> bool:
    # Check if idle time is less than or equal to total operation time
    return i <= 100  # Assuming 100 represents total operation time

def r6(j: int) -> bool:
    # Check if load supported by axle 1 does not exceed that of axle 2
    return j <= 80  # Assuming 80 represents maximum load supported by axle 2
```"
"System Message:
You are a logician with a background in mathematics that translates natural language
reasoning text to Python3 code so that these natural language reasoning problems can be solved.
During the translation, please pay close attention to defining variables and rules.
Do not add any comments from you.
Be guided by the following example:
Example input text:
Textual context: A vehicle operates over a A param between 20 and 110 in a typical day.
A vehicle operates for a B param between 2 and 10 in a typical day.
A vehicle operates with C param between 0.2 and 5 in a typical day.

Example Python3 code:
# A vehicle operates over a A param between 20 and 110 in a typical day.
def r1(a: float) -> bool:
    return 20 <= a <= 110

# A vehicle operates for a B param between 2 and 10 in a typical day.
def r2(b: float) -> bool:
    return 2 <= b <= 10

# A vehicle operates with C param between 0.2 and 5 in a typical day.
def r3(c: float) -> bool:
    return 0.2 <= c <= 5


Input text:
Textual context: PTO operation time cannot be greater than the total operation time.
The load carried by axle 1 must be smaller than or equal to the load on axle 2.
The total operation time must always be not lower than the combined duration of PTO operation, idle time, and driving time.";"
```python
# Define functions to check the conditions based on the given textual context
def r4(pto_time: float, total_time: float) -> bool:
    return pto_time <= total_time

def r5(load_axle_1: float, load_axle_2: float) -> bool:
    return load_axle_1 <= load_axle_2

def r6(total_time: float, pto_time: float, idle_time: float, driving_time: float) -> bool:
    return total_time >= (pto_time + idle_time + driving_time)
```"
"System Message:
You are a logician with a background in mathematics that translates natural language
reasoning text to Python3 code so that these natural language reasoning problems can be solved.
During the translation, please pay close attention to defining variables and rules.
Do not add any comments from you.
Be guided by the following example:
Example input text:
Textual context: A vehicle operates over a A param between 20 and 110 in a typical day.
A vehicle operates for a B param between 2 and 10 in a typical day.
A vehicle operates with C param between 0.2 and 5 in a typical day.
A vehicle remains D param between 1 and 5 in a typical day.

Example Python3 code:
# A vehicle operates over a A param between 20 and 110 in a typical day.
def r1(a: float) -> bool:
    return 20 <= a <= 110

# A vehicle operates for a B param between 2 and 10 in a typical day.
def r2(b: float) -> bool:
    return 2 <= b <= 10

# A vehicle operates with C param between 0.2 and 5 in a typical day.
def r3(c: float) -> bool:
    return 0.2 <= c <= 5

# A vehicle remains D param between 1 and 5 in a typical day.
def r4(d: float) -> bool:
    return 1 <= d <= 5


Input text:
Textual context: PTO operation time should be less than or equal to the total operation time.
Stops with PTO engaged cannot outnumber the total stops.
The load carried by axle 1 must be smaller than or equal to the load on axle 3.
Payload must remain below or equal to the load carried by axle 2.";"
```python
# PTO operation time should be less than or equal to the total operation time.
def r5(pto_time: float, total_time: float) -> bool:
    return pto_time <= total_time

# Stops with PTO engaged cannot outnumber the total stops.
def r6(pto_stops: int, total_stops: int) -> bool:
    return pto_stops <= total_stops

# The load carried by axle 1 must be smaller than or equal to the load on axle 3.
def r7(axle1_load: float, axle3_load: float) -> bool:
    return axle1_load <= axle3_load

# Payload must remain below or equal to the load carried by axle 2.
def r8(payload: float, axle2_load: float) -> bool:
    return payload <= axle2_load
```"
"System Message:
You are a logician with a background in mathematics that translates natural language
reasoning text to Python3 code so that these natural language reasoning problems can be solved.
During the translation, please pay close attention to defining variables and rules.
Do not add any comments from you.
Be guided by the following example:
Example input text:
Textual context: A vehicle operates over a A param between 20 and 110 in a typical day.
A vehicle operates for a B param between 2 and 10 in a typical day.
A vehicle operates with C param between 0.2 and 5 in a typical day.
A vehicle remains D param between 1 and 5 in a typical day.

Example Python3 code:
# A vehicle operates over a A param between 20 and 110 in a typical day.
def r1(a: float) -> bool:
    return 20 <= a <= 110

# A vehicle operates for a B param between 2 and 10 in a typical day.
def r2(b: float) -> bool:
    return 2 <= b <= 10

# A vehicle operates with C param between 0.2 and 5 in a typical day.
def r3(c: float) -> bool:
    return 0.2 <= c <= 5

# A vehicle remains D param between 1 and 5 in a typical day.
def r4(d: float) -> bool:
    return 1 <= d <= 5


Input text:
Textual context: The total operation duration must not be lower than the PTO operation time.
Total operation time shouldn’t be lower than idle time.
Axle 1's load cannot exceed Axle 3's load.
The payload must always be smaller than or equal to the load on axle 2.";"
```python
# Total operation duration must not be lower than the PTO operation time.
def r5(total_duration: float, pto_time: float) -> bool:
    return total_duration >= pto_time

# Total operation time shouldn't be lower than idle time.
def r6(total_operation_time: float, idle_time: float) -> bool:
    return total_operation_time >= idle_time

# Axle 1's load cannot exceed Axle 3's load.
def r7(axle_1_load: float, axle_3_load: float) -> bool:
    return axle_1_load <= axle_3_load

# The payload must always be smaller than or equal to the load on axle 2.
def r8(payload: float, axle_2_load: float) -> bool:
    return payload <= axle_2_load
```"
"System Message:
You are a logician with a background in mathematics that translates natural language
reasoning text to Python3 code so that these natural language reasoning problems can be solved.
During the translation, please pay close attention to defining variables and rules.
Do not add any comments from you.
Be guided by the following example:
Example input text:
Textual context: A vehicle operates over a A param between 20 and 110 in a typical day.
A vehicle operates for a B param between 2 and 10 in a typical day.
A vehicle operates with C param between 0.2 and 5 in a typical day.
A vehicle remains D param between 1 and 5 in a typical day.

Example Python3 code:
# A vehicle operates over a A param between 20 and 110 in a typical day.
def r1(a: float) -> bool:
    return 20 <= a <= 110

# A vehicle operates for a B param between 2 and 10 in a typical day.
def r2(b: float) -> bool:
    return 2 <= b <= 10

# A vehicle operates with C param between 0.2 and 5 in a typical day.
def r3(c: float) -> bool:
    return 0.2 <= c <= 5

# A vehicle remains D param between 1 and 5 in a typical day.
def r4(d: float) -> bool:
    return 1 <= d <= 5


Input text:
Textual context: The payload cannot exceed the capacity of axle 3.
The total operation time must always be not lower than the combined duration of PTO operation, idle time, and driving time.";"
```python
# Define the function to check if the payload exceeds the capacity of axle 3
def r5(payload: float, capacity: float) -> bool:
    return payload > capacity

# Define the function to check if the total operation time is not lower than the combined duration of PTO operation, idle time, and driving time
def r6(total_time: float, pto_duration: float, idle_time: float, driving_time: float) -> bool:
    return total_time >= (pto_duration + idle_time + driving_time)
```"
"System Message:
You are a logician with a background in mathematics that translates natural language
reasoning text to Python3 code so that these natural language reasoning problems can be solved.
During the translation, please pay close attention to defining variables and rules.
Do not add any comments from you.
Be guided by the following example:
Example input text:
Textual context: A vehicle operates over a A param between 20 and 110 in a typical day.
A vehicle operates for a B param between 2 and 10 in a typical day.
A vehicle operates with C param between 0.2 and 5 in a typical day.
A vehicle remains D param between 1 and 5 in a typical day.

Example Python3 code:
# A vehicle operates over a A param between 20 and 110 in a typical day.
def r1(a: float) -> bool:
    return 20 <= a <= 110

# A vehicle operates for a B param between 2 and 10 in a typical day.
def r2(b: float) -> bool:
    return 2 <= b <= 10

# A vehicle operates with C param between 0.2 and 5 in a typical day.
def r3(c: float) -> bool:
    return 0.2 <= c <= 5

# A vehicle remains D param between 1 and 5 in a typical day.
def r4(d: float) -> bool:
    return 1 <= d <= 5


Input text:
Textual context: Total operation time shouldn’t be lower than PTO operation time.
The total operation durationmust not be lower than the driving time.
Payload must remain below or equal to the load carried by axle 2.
Total operation time should be at least the sum of PTO, idle, and driving times.";"
```python
# Define functions based on the given conditions
def r5(pto_time: float) -> bool:
    # Total operation time shouldn't be lower than PTO operation time
    return pto_time >= 0

def r6(total_operation_duration: float) -> bool:
    # The total operation duration must not be lower than the driving time
    return total_operation_duration >= 0

def r7(payload: float) -> bool:
    # Payload must remain below or equal to the load carried by axle 2
    return payload <= 0

def r8(total_operation_time: float) -> bool:
    # Total operation time should be at least the sum of PTO, idle, and driving times
    return total_operation_time >= 0
```

In this solution, we have defined five functions `r5`, `r6`, `r7`, `r8`, and `r9` based on the given conditions. Each function takes a single parameter and returns a boolean value indicating whether the condition is met. These functions are then used to check the validity of the input parameters according to the problem statement."
"System Message:
You are a logician with a background in mathematics that translates natural language
reasoning text to Python3 code so that these natural language reasoning problems can be solved.
During the translation, please pay close attention to defining variables and rules.
Do not add any comments from you.
Be guided by the following example:
Example input text:
Textual context: A vehicle operates over a A param between 20 and 110 in a typical day.
A vehicle operates for a B param between 2 and 10 in a typical day.
A vehicle operates with C param between 0.2 and 5 in a typical day.
A vehicle remains D param between 1 and 5 in a typical day.

Example Python3 code:
# A vehicle operates over a A param between 20 and 110 in a typical day.
def r1(a: float) -> bool:
    return 20 <= a <= 110

# A vehicle operates for a B param between 2 and 10 in a typical day.
def r2(b: float) -> bool:
    return 2 <= b <= 10

# A vehicle operates with C param between 0.2 and 5 in a typical day.
def r3(c: float) -> bool:
    return 0.2 <= c <= 5

# A vehicle remains D param between 1 and 5 in a typical day.
def r4(d: float) -> bool:
    return 1 <= d <= 5


Input text:
Textual context: Idle time must always be less than or equal to the total operation time.
Driving time must always be less than or equal to the total operation time.
Stops with PTO engaged should never outnumber total stops.
The total operation time must always be not lower than the combined duration of PTO operation, idle time, and driving time.";"
```python
# Define functions to check each condition based on the given parameters
def r5(total_time: float) -> bool:
    # Total operation time must always be not lower than the combined duration of PTO operation, idle time, and driving time
    return total_time >= (total_time - (r6() + r7()))

def r6() -> float:
    # Idle time must always be less than or equal to the total operation time
    return r1()

def r7() -> float:
    # Driving time must always be less than or equal to the total operation time
    return r2()
```

In this solution, we have defined four functions `r1`, `r2`, `r3`, and `r4` to represent the conditions for the vehicle's operation parameters. These functions take a single parameter representing the value of the corresponding parameter and return a boolean indicating whether the condition is met.

We also define two additional functions `r5` and `r6` to represent the conditions for the total operation time. The function `r5` checks if the total operation time is greater than or equal to the sum of the idle time and driving time, which is calculated using the functions `r6` and `r7`. The function `r6` returns the idle time, and the function `r7` returns the driving time."
"System Message:
You are a logician with a background in mathematics that translates natural language
reasoning text to Python3 code so that these natural language reasoning problems can be solved.
During the translation, please pay close attention to defining variables and rules.
Do not add any comments from you.
Be guided by the following example:
Example input text:
Textual context: A vehicle operates over a A param between 20 and 110 in a typical day.
A vehicle operates for a B param between 2 and 10 in a typical day.
A vehicle operates with C param between 0.2 and 5 in a typical day.
A vehicle remains D param between 1 and 5 in a typical day.

Example Python3 code:
# A vehicle operates over a A param between 20 and 110 in a typical day.
def r1(a: float) -> bool:
    return 20 <= a <= 110

# A vehicle operates for a B param between 2 and 10 in a typical day.
def r2(b: float) -> bool:
    return 2 <= b <= 10

# A vehicle operates with C param between 0.2 and 5 in a typical day.
def r3(c: float) -> bool:
    return 0.2 <= c <= 5

# A vehicle remains D param between 1 and 5 in a typical day.
def r4(d: float) -> bool:
    return 1 <= d <= 5


Input text:
Textual context: PTO-engaged stops cannot exceed the total number of stops.
The load carried by axle 1 must be smaller than or equal to the load on axle 3.
The payload must not exceed the load carried by axle 3.
Total operation time should be at least the sum of PTO, idle, and driving times.";"
```python
# Define the parameters as functions based on the given conditions
def r5(pto_time: float) -> bool:
    # PTO-engaged stops cannot exceed the total number of stops
    return pto_time <= 10

def r6(load_axle_1: float, load_axle_3: float) -> bool:
    # The load carried by axle 1 must be smaller than or equal to the load on axle 3
    return load_axle_1 <= load_axle_3

def r7(payload: float, load_axle_3: float) -> bool:
    # The payload must not exceed the load carried by axle 3
    return payload <= load_axle_3

def r8(total_operation_time: float, pto_time: float, idle_time: float, driving_time: float) -> bool:
    # Total operation time should be at least the sum of PTO, idle, and driving times
    return total_operation_time >= pto_time + idle_time + driving_time
```"
"System Message:
You are a logician with a background in mathematics that translates natural language
reasoning text to Python3 code so that these natural language reasoning problems can be solved.
During the translation, please pay close attention to defining variables and rules.
Do not add any comments from you.
Be guided by the following example:
Example input text:
Textual context: A vehicle operates over a A param between 20 and 110 in a typical day.
A vehicle operates for a B param between 2 and 10 in a typical day.
A vehicle operates with C param between 0.2 and 5 in a typical day.
A vehicle remains D param between 1 and 5 in a typical day.

Example Python3 code:
# A vehicle operates over a A param between 20 and 110 in a typical day.
def r1(a: float) -> bool:
    return 20 <= a <= 110

# A vehicle operates for a B param between 2 and 10 in a typical day.
def r2(b: float) -> bool:
    return 2 <= b <= 10

# A vehicle operates with C param between 0.2 and 5 in a typical day.
def r3(c: float) -> bool:
    return 0.2 <= c <= 5

# A vehicle remains D param between 1 and 5 in a typical day.
def r4(d: float) -> bool:
    return 1 <= d <= 5


Input text:
Textual context: Payload must remain below or equal to the load carried by axle 2.
Payload must remain below or equal to the load carried by axle 3.
Total operation time should be at least the sum of PTO, idle, and driving times.";"
```python
# Payload must remain below or equal to the load carried by axle 2.
def r5(p1: float) -> bool:
    return p1 <= 0.7 * (load_axle_2 + load_axle_3)

# Payload must remain below or equal to the load carried by axle 3.
def r6(p2: float) -> bool:
    return p2 <= 0.7 * (load_axle_2 + load_axle_3)

# Total operation time should be at least the sum of PTO, idle, and driving times.
def r7(pto: float, idle: float, driving: float) -> bool:
    return pto + idle + driving >= total_operation_time
```"
"System Message:
You are a logician with a background in mathematics that translates natural language
reasoning text to Python3 code so that these natural language reasoning problems can be solved.
During the translation, please pay close attention to defining variables and rules.
Do not add any comments from you.
Be guided by the following example:
Example input text:
Textual context: A vehicle operates over a A param between 20 and 110 in a typical day.
A vehicle operates for a B param between 2 and 10 in a typical day.
A vehicle operates with C param between 0.2 and 5 in a typical day.
A vehicle remains D param between 1 and 5 in a typical day.

Example Python3 code:
# A vehicle operates over a A param between 20 and 110 in a typical day.
def r1(a: float) -> bool:
    return 20 <= a <= 110

# A vehicle operates for a B param between 2 and 10 in a typical day.
def r2(b: float) -> bool:
    return 2 <= b <= 10

# A vehicle operates with C param between 0.2 and 5 in a typical day.
def r3(c: float) -> bool:
    return 0.2 <= c <= 5

# A vehicle remains D param between 1 and 5 in a typical day.
def r4(d: float) -> bool:
    return 1 <= d <= 5


Input text:
Textual context: Axle 1's load cannot exceed Axle 2's load.
Payload must remain below or equal to the load carried by axle 3.
The total operation duration must always be greater than or equal to the combined time for PTO, idle, and driving.";"
```python
# Define the parameters as functions based on the given ranges
def r5(axle1_load: float) -> bool:
    return 0 <= axle1_load <= 1000  # Assuming a reasonable range for load

def r6(axle2_load: float) -> bool:
    return 0 <= axle2_load <= 1000  # Assuming a reasonable range for load

def r7(axle3_load: float) -> bool:
    return 0 <= axle3_load <= 1000  # Assuming a reasonable range for load

def r8(total_duration: float) -> bool:
    return total_duration >= (0.5 + 0.5 + 0.5) * 3600  # Assuming 3600 seconds per hour
```

In this solution, we define functions `r5`, `r6`, `r7`, and `r8` to represent the constraints provided in the input text. Each function takes a single parameter representing the load of an axle and returns `True` if the load is within the specified range, otherwise `False`. The `total_duration` constraint is also defined as a function that checks if the total operation duration is at least three times the sum of the durations for PTO, idle, and driving (assuming each duration is one hour)."
"System Message:
You are a logician with a background in mathematics that translates natural language
reasoning text to Python3 code so that these natural language reasoning problems can be solved.
During the translation, please pay close attention to defining variables and rules.
Do not add any comments from you.
Be guided by the following example:
Example input text:
Textual context: A vehicle operates over a A param between 20 and 110 in a typical day.
A vehicle operates for a B param between 2 and 10 in a typical day.
A vehicle operates with C param between 0.2 and 5 in a typical day.
A vehicle remains D param between 1 and 5 in a typical day.

Example Python3 code:
# A vehicle operates over a A param between 20 and 110 in a typical day.
def r1(a: float) -> bool:
    return 20 <= a <= 110

# A vehicle operates for a B param between 2 and 10 in a typical day.
def r2(b: float) -> bool:
    return 2 <= b <= 10

# A vehicle operates with C param between 0.2 and 5 in a typical day.
def r3(c: float) -> bool:
    return 0.2 <= c <= 5

# A vehicle remains D param between 1 and 5 in a typical day.
def r4(d: float) -> bool:
    return 1 <= d <= 5


Input text:
Textual context: The total operation duration must not be lower than the idle time.
Total operation time should shouldn’t be lower than driving time.
Stops with PTO engaged cannot outnumber the total stops.
Axle 2's load must always be equal to or greater than the payload.";"
```python
# Total operation duration must not be lower than the idle time.
def r5(total_operation_time: float, idle_time: float) -> bool:
    return total_operation_time >= idle_time

# Total operation time should shouldn’t be lower than driving time.
def r6(total_operation_time: float, driving_time: float) -> bool:
    return total_operation_time >= driving_time

# Stops with PTO engaged cannot outnumber the total stops.
def r7(pto_stops: int, total_stops: int) -> bool:
    return pto_stops <= total_stops

# Axle 2's load must always be equal to or greater than the payload.
def r8(axle_2_load: float, payload: float) -> bool:
    return axle_2_load >= payload
```"
"System Message:
You are a logician with a background in mathematics that translates natural language
reasoning text to Python3 code so that these natural language reasoning problems can be solved.
During the translation, please pay close attention to defining variables and rules.
Do not add any comments from you.
Be guided by the following example:
Example input text:
Textual context: A vehicle operates over a A param between 20 and 110 in a typical day.
A vehicle operates for a B param between 2 and 10 in a typical day.
A vehicle operates with C param between 0.2 and 5 in a typical day.
A vehicle remains D param between 1 and 5 in a typical day.

Example Python3 code:
# A vehicle operates over a A param between 20 and 110 in a typical day.
def r1(a: float) -> bool:
    return 20 <= a <= 110

# A vehicle operates for a B param between 2 and 10 in a typical day.
def r2(b: float) -> bool:
    return 2 <= b <= 10

# A vehicle operates with C param between 0.2 and 5 in a typical day.
def r3(c: float) -> bool:
    return 0.2 <= c <= 5

# A vehicle remains D param between 1 and 5 in a typical day.
def r4(d: float) -> bool:
    return 1 <= d <= 5


Input text:
Textual context: Driving time should be less than or equal to the total operation time.
Stops with PTO engaged cannot outnumber the total stops.
The payload must always be smaller than or equal to the load on axle 3.";"
```python
# Driving time should be less than or equal to the total operation time.
def r5(t: float) -> bool:
    return t <= (r1(1) + r2(1) + r3(1))

# Stops with PTO engaged cannot outnumber the total stops.
def r6(p: int) -> bool:
    return p <= (r1(1) + r2(1) + r3(1))

# The payload must always be smaller than or equal to the load on axle 3.
def r7(l: float) -> bool:
    return l <= (r1(1) + r2(1) + r3(1))
```"
"System Message:
You are a logician with a background in mathematics that translates natural language
reasoning text to Python3 code so that these natural language reasoning problems can be solved.
During the translation, please pay close attention to defining variables and rules.
Do not add any comments from you.
Be guided by the following example:
Example input text:
Textual context: A vehicle operates over a A param between 20 and 110 in a typical day.
A vehicle operates for a B param between 2 and 10 in a typical day.
A vehicle operates with C param between 0.2 and 5 in a typical day.
A vehicle remains D param between 1 and 5 in a typical day.

Example Python3 code:
# A vehicle operates over a A param between 20 and 110 in a typical day.
def r1(a: float) -> bool:
    return 20 <= a <= 110

# A vehicle operates for a B param between 2 and 10 in a typical day.
def r2(b: float) -> bool:
    return 2 <= b <= 10

# A vehicle operates with C param between 0.2 and 5 in a typical day.
def r3(c: float) -> bool:
    return 0.2 <= c <= 5

# A vehicle remains D param between 1 and 5 in a typical day.
def r4(d: float) -> bool:
    return 1 <= d <= 5


Input text:
Textual context: Idle time cannot be greater than the total operation time.
The total stop count must not be lower than the count of stops where PTO is engaged.
Payload must remain below or equal to the load carried by axle 3.
The total operation duration must always be greater than or equal to the combined time for PTO, idle, and driving.";"
```python
# Define functions based on the given conditions
def r5(total_operation_time: float) -> bool:
    # Idle time cannot be greater than the total operation time
    return total_operation_time >= 0

def r6(stop_count: int, pto_count: int) -> bool:
    # The total stop count must not be lower than the count of stops where PTO is engaged
    return stop_count >= pto_count

def r7(payload: float, load_carried_by_axle_3: float) -> bool:
    # Payload must remain below or equal to the load carried by axle 3
    return payload <= load_carried_by_axle_3

def r8(total_operation_duration: float, pto_time: float, idle_time: float, driving_time: float) -> bool:
    # The total operation duration must always be greater than or equal to the combined time for PTO, idle, and driving
    return total_operation_duration >= pto_time + idle_time + driving_time
```"
"System Message:
You are a logician with a background in mathematics that translates natural language
reasoning text to Python3 code so that these natural language reasoning problems can be solved.
During the translation, please pay close attention to defining variables and rules.
Do not add any comments from you.
Be guided by the following example:
Example input text:
Textual context: A vehicle operates over a A param between 20 and 110 in a typical day.
A vehicle operates for a B param between 2 and 10 in a typical day.
A vehicle operates with C param between 0.2 and 5 in a typical day.
A vehicle remains D param between 1 and 5 in a typical day.

Example Python3 code:
# A vehicle operates over a A param between 20 and 110 in a typical day.
def r1(a: float) -> bool:
    return 20 <= a <= 110

# A vehicle operates for a B param between 2 and 10 in a typical day.
def r2(b: float) -> bool:
    return 2 <= b <= 10

# A vehicle operates with C param between 0.2 and 5 in a typical day.
def r3(c: float) -> bool:
    return 0.2 <= c <= 5

# A vehicle remains D param between 1 and 5 in a typical day.
def r4(d: float) -> bool:
    return 1 <= d <= 5


Input text:
Textual context: PTO operation time cannot be greater than the total operation time.
Axle 2's load must always be equal to or greater than the payload.
The payload must not exceed the load carried by axle 3.
The total operation time must always be not lower than the combined duration of PTO operation, idle time, and driving time.";"
```python
# Define functions to check each condition based on the given parameters
def r5(pto_time: float, idle_time: float, driving_time: float) -> bool:
    # The total operation time must always be not lower than the combined duration of PTO operation, idle time, and driving time.
    return pto_time + idle_time + driving_time >= max(pto_time, idle_time, driving_time)

def r6(axle_2_load: float, payload: float) -> bool:
    # Axle 2's load must always be equal to or greater than the payload.
    return axle_2_load >= payload

def r7(payload: float, axle_3_load: float) -> bool:
    # The payload must not exceed the load carried by axle 3.
    return payload <= axle_3_load
```

These functions `r5`, `r6`, and `r7` correspond to the conditions provided in the input text. Each function takes one parameter (representing a specific condition) and returns a boolean value indicating whether the condition is met."
"System Message:
You are a logician with a background in mathematics that translates natural language
reasoning text to Python3 code so that these natural language reasoning problems can be solved.
During the translation, please pay close attention to defining variables and rules.
Do not add any comments from you.
Be guided by the following example:
Example input text:
Textual context: A vehicle operates over a A param between 20 and 110 in a typical day.
A vehicle operates for a B param between 2 and 10 in a typical day.
A vehicle operates with C param between 0.2 and 5 in a typical day.
A vehicle remains D param between 1 and 5 in a typical day.

Example Python3 code:
# A vehicle operates over a A param between 20 and 110 in a typical day.
def r1(a: float) -> bool:
    return 20 <= a <= 110

# A vehicle operates for a B param between 2 and 10 in a typical day.
def r2(b: float) -> bool:
    return 2 <= b <= 10

# A vehicle operates with C param between 0.2 and 5 in a typical day.
def r3(c: float) -> bool:
    return 0.2 <= c <= 5

# A vehicle remains D param between 1 and 5 in a typical day.
def r4(d: float) -> bool:
    return 1 <= d <= 5


Input text:
Textual context: Total operation time shouldn’t be lower than idle time.
The total operation durationmust not be lower than the driving time.
The total operation time must always be not lower than the combined duration of PTO operation, idle time, and driving time.";"
```python
# Define functions to check if the total operation time meets the given conditions
def r5(total_operation_time: float, idle_time: float, driving_time: float, pto_duration: float) -> bool:
    # The total operation time should not be lower than idle time
    if total_operation_time < idle_time:
        return False
    
    # The total operation duration should not be lower than the driving time
    if total_operation_duration < driving_time:
        return False
    
    # The total operation time should always be not lower than the combined duration of PTO operation, idle time, and driving time
    if total_operation_time < (pto_duration + idle_time + driving_time):
        return False
    
    return True
```"
"System Message:
You are a logician with a background in mathematics that translates natural language
reasoning text to Python3 code so that these natural language reasoning problems can be solved.
During the translation, please pay close attention to defining variables and rules.
Do not add any comments from you.
Be guided by the following example:
Example input text:
Textual context: A vehicle operates over a A param between 20 and 110 in a typical day.
A vehicle operates for a B param between 2 and 10 in a typical day.
A vehicle operates with C param between 0.2 and 5 in a typical day.
A vehicle remains D param between 1 and 5 in a typical day.

Example Python3 code:
# A vehicle operates over a A param between 20 and 110 in a typical day.
def r1(a: float) -> bool:
    return 20 <= a <= 110

# A vehicle operates for a B param between 2 and 10 in a typical day.
def r2(b: float) -> bool:
    return 2 <= b <= 10

# A vehicle operates with C param between 0.2 and 5 in a typical day.
def r3(c: float) -> bool:
    return 0.2 <= c <= 5

# A vehicle remains D param between 1 and 5 in a typical day.
def r4(d: float) -> bool:
    return 1 <= d <= 5


Input text:
Textual context: The total stop count must not be lower than the count of stops where PTO is engaged.
The load on axle 1 must not surpass the load on axle 2.";"
```python
# The total stop count must not be lower than the count of stops where PTO is engaged.
def r5(total_stop_count: int, pto_stops: int) -> bool:
    return total_stop_count >= pto_stops

# The load on axle 1 must not surpass the load on axle 2.
def r6(load_axle_1: float, load_axle_2: float) -> bool:
    return load_axle_1 <= load_axle_2
```"
"System Message:
You are a logician with a background in mathematics that translates natural language
reasoning text to Python3 code so that these natural language reasoning problems can be solved.
During the translation, please pay close attention to defining variables and rules.
Do not add any comments from you.
Be guided by the following example:
Example input text:
Textual context: A vehicle operates over a A param between 20 and 110 in a typical day.
A vehicle operates for a B param between 2 and 10 in a typical day.
A vehicle operates with C param between 0.2 and 5 in a typical day.

Example Python3 code:
# A vehicle operates over a A param between 20 and 110 in a typical day.
def r1(a: float) -> bool:
    return 20 <= a <= 110

# A vehicle operates for a B param between 2 and 10 in a typical day.
def r2(b: float) -> bool:
    return 2 <= b <= 10

# A vehicle operates with C param between 0.2 and 5 in a typical day.
def r3(c: float) -> bool:
    return 0.2 <= c <= 5


Input text:
Textual context: The total operation duration must not be lower than the PTO operation time.
Stops with PTO engaged cannot outnumber the total stops.
The load carried by axle 1 must be smaller than or equal to the load on axle 3.";"
```python
# Define the parameters as functions
def r4(p: float) -> bool:
    # Total operation duration must not be lower than the PTO operation time
    return p >= 10

def r5(s: int) -> bool:
    # Stops with PTO engaged cannot outnumber the total stops
    return s <= 5

def r6(l1: float, l3: float) -> bool:
    # The load carried by axle 1 must be smaller than or equal to the load on axle 3
    return l1 <= l3
```"
"System Message:
You are a logician with a background in mathematics that translates natural language
reasoning text to Python3 code so that these natural language reasoning problems can be solved.
During the translation, please pay close attention to defining variables and rules.
Do not add any comments from you.
Be guided by the following example:
Example input text:
Textual context: A vehicle operates over a A param between 20 and 110 in a typical day.
A vehicle operates for a B param between 2 and 10 in a typical day.
A vehicle operates with C param between 0.2 and 5 in a typical day.
A vehicle remains D param between 1 and 5 in a typical day.

Example Python3 code:
# A vehicle operates over a A param between 20 and 110 in a typical day.
def r1(a: float) -> bool:
    return 20 <= a <= 110

# A vehicle operates for a B param between 2 and 10 in a typical day.
def r2(b: float) -> bool:
    return 2 <= b <= 10

# A vehicle operates with C param between 0.2 and 5 in a typical day.
def r3(c: float) -> bool:
    return 0.2 <= c <= 5

# A vehicle remains D param between 1 and 5 in a typical day.
def r4(d: float) -> bool:
    return 1 <= d <= 5


Input text:
Textual context: Total operation time shouldn’t be lower than PTO operation time.
Idle time cannot be greater than the total operation time.
Stops with PTO engaged cannot outnumber the total stops.
The load on axle 1 must not surpass the load on axle 3.";"
```python
# Total operation time shouldn't be lower than PTO operation time.
def r5(pto_time: float) -> bool:
    return pto_time >= 0

# Idle time cannot be greater than the total operation time.
def r6(idle_time: float) -> bool:
    return idle_time <= 0

# Stops with PTO engaged cannot outnumber the total stops.
def r7(total_stops: int) -> bool:
    return total_stops >= 0

# The load on axle 1 must not surpass the load on axle 3.
def r8(axle1_load: float, axle3_load: float) -> bool:
    return axle1_load <= axle3_load
```"
"System Message:
You are a logician with a background in mathematics that translates natural language
reasoning text to Python3 code so that these natural language reasoning problems can be solved.
During the translation, please pay close attention to defining variables and rules.
Do not add any comments from you.
Be guided by the following example:
Example input text:
Textual context: A vehicle operates over a A param between 20 and 110 in a typical day.
A vehicle operates for a B param between 2 and 10 in a typical day.
A vehicle operates with C param between 0.2 and 5 in a typical day.
A vehicle remains D param between 1 and 5 in a typical day.

Example Python3 code:
# A vehicle operates over a A param between 20 and 110 in a typical day.
def r1(a: float) -> bool:
    return 20 <= a <= 110

# A vehicle operates for a B param between 2 and 10 in a typical day.
def r2(b: float) -> bool:
    return 2 <= b <= 10

# A vehicle operates with C param between 0.2 and 5 in a typical day.
def r3(c: float) -> bool:
    return 0.2 <= c <= 5

# A vehicle remains D param between 1 and 5 in a typical day.
def r4(d: float) -> bool:
    return 1 <= d <= 5


Input text:
Textual context: Stops with PTO engaged should never outnumber total stops.
The weight on axle 1 cannot surpass the weight on axle 2.
The combined time for PTO operation, idle time, and driving time must not surpass the total operation time.";"
```python
# Stops with PTO engaged should never outnumber total stops.
def r5(pto_stops: int, total_stops: int) -> bool:
    return pto_stops <= total_stops

# The weight on axle 1 cannot surpass the weight on axle 2.
def r6(axle1_weight: float, axle2_weight: float) -> bool:
    return axle1_weight <= axle2_weight

# The combined time for PTO operation, idle time, and driving time must not surpass the total operation time.
def r7(pto_time: float, idle_time: float, driving_time: float, total_time: float) -> bool:
    return pto_time + idle_time + driving_time <= total_time
```"
"System Message:
You are a logician with a background in mathematics that translates natural language
reasoning text to Python3 code so that these natural language reasoning problems can be solved.
During the translation, please pay close attention to defining variables and rules.
Do not add any comments from you.
Be guided by the following example:
Example input text:
Textual context: A vehicle operates over a A param between 20 and 110 in a typical day.
A vehicle operates for a B param between 2 and 10 in a typical day.
A vehicle operates with C param between 0.2 and 5 in a typical day.
A vehicle remains D param between 1 and 5 in a typical day.

Example Python3 code:
# A vehicle operates over a A param between 20 and 110 in a typical day.
def r1(a: float) -> bool:
    return 20 <= a <= 110

# A vehicle operates for a B param between 2 and 10 in a typical day.
def r2(b: float) -> bool:
    return 2 <= b <= 10

# A vehicle operates with C param between 0.2 and 5 in a typical day.
def r3(c: float) -> bool:
    return 0.2 <= c <= 5

# A vehicle remains D param between 1 and 5 in a typical day.
def r4(d: float) -> bool:
    return 1 <= d <= 5


Input text:
Textual context: PTO operation time cannot be greater than the total operation time.
PTO-engaged stops cannot exceed the total number of stops.
The load carried by axle 1 must be smaller than or equal to the load on axle 3.
The payload must always be smaller than or equal to the load on axle 3.";"
```python
# PTO operation time cannot be greater than the total operation time.
def r5(pto_time: float, total_time: float) -> bool:
    return pto_time <= total_time

# PTO-engaged stops cannot exceed the total number of stops.
def r6(pto_stops: int, total_stops: int) -> bool:
    return pto_stops <= total_stops

# The load carried by axle 1 must be smaller than or equal to the load on axle 3.
def r7(axle1_load: float, axle3_load: float) -> bool:
    return axle1_load <= axle3_load

# The payload must always be smaller than or equal to the load on axle 3.
def r8(payload: float, axle3_load: float) -> bool:
    return payload <= axle3_load
```"
"System Message:
You are a logician with a background in mathematics that translates natural language
reasoning text to Python3 code so that these natural language reasoning problems can be solved.
During the translation, please pay close attention to defining variables and rules.
Do not add any comments from you.
Be guided by the following example:
Example input text:
Textual context: A vehicle operates over a A param between 20 and 110 in a typical day.
A vehicle operates for a B param between 2 and 10 in a typical day.
A vehicle operates with C param between 0.2 and 5 in a typical day.
A vehicle remains D param between 1 and 5 in a typical day.

Example Python3 code:
# A vehicle operates over a A param between 20 and 110 in a typical day.
def r1(a: float) -> bool:
    return 20 <= a <= 110

# A vehicle operates for a B param between 2 and 10 in a typical day.
def r2(b: float) -> bool:
    return 2 <= b <= 10

# A vehicle operates with C param between 0.2 and 5 in a typical day.
def r3(c: float) -> bool:
    return 0.2 <= c <= 5

# A vehicle remains D param between 1 and 5 in a typical day.
def r4(d: float) -> bool:
    return 1 <= d <= 5


Input text:
Textual context: Total operation time shouldn’t be lower than PTO operation time.
The load supported by axle 1 cannot exceed that of axle 3.
The payload cannot exceed the capacity of axle 2.";"
```python
# Total operation time shouldn't be lower than PTO operation time.
def r5(pto_time: float) -> bool:
    return pto_time >= 0

# The load supported by axle 1 cannot exceed that of axle 3.
def r6(axle1_load: float, axle3_load: float) -> bool:
    return axle1_load <= axle3_load

# The payload cannot exceed the capacity of axle 2.
def r7(axle2_payload: float, axle2_capacity: float) -> bool:
    return axle2_payload <= axle2_capacity
```"
"System Message:
You are a logician with a background in mathematics that translates natural language
reasoning text to Python3 code so that these natural language reasoning problems can be solved.
During the translation, please pay close attention to defining variables and rules.
Do not add any comments from you.
Be guided by the following example:
Example input text:
Textual context: A vehicle operates over a A param between 20 and 110 in a typical day.
A vehicle operates for a B param between 2 and 10 in a typical day.
A vehicle operates with C param between 0.2 and 5 in a typical day.
A vehicle remains D param between 1 and 5 in a typical day.

Example Python3 code:
# A vehicle operates over a A param between 20 and 110 in a typical day.
def r1(a: float) -> bool:
    return 20 <= a <= 110

# A vehicle operates for a B param between 2 and 10 in a typical day.
def r2(b: float) -> bool:
    return 2 <= b <= 10

# A vehicle operates with C param between 0.2 and 5 in a typical day.
def r3(c: float) -> bool:
    return 0.2 <= c <= 5

# A vehicle remains D param between 1 and 5 in a typical day.
def r4(d: float) -> bool:
    return 1 <= d <= 5


Input text:
Textual context: Idle time must always be less than or equal to the total operation time.
The payload must always be smaller than or equal to the load on axle 2.";"
```python
# Idle time must always be less than or equal to the total operation time.
def r5(total_operation_time: float) -> bool:
    return total_operation_time >= 0

# The payload must always be smaller than or equal to the load on axle 2.
def r6(load_on_axle_2: float) -> bool:
    return load_on_axle_2 >= 0
```"
"System Message:
You are a logician with a background in mathematics that translates natural language
reasoning text to Python3 code so that these natural language reasoning problems can be solved.
During the translation, please pay close attention to defining variables and rules.
Do not add any comments from you.
Be guided by the following example:
Example input text:
Textual context: A vehicle operates over a A param between 20 and 110 in a typical day.
A vehicle operates for a B param between 2 and 10 in a typical day.
A vehicle operates with C param between 0.2 and 5 in a typical day.
A vehicle remains D param between 1 and 5 in a typical day.

Example Python3 code:
# A vehicle operates over a A param between 20 and 110 in a typical day.
def r1(a: float) -> bool:
    return 20 <= a <= 110

# A vehicle operates for a B param between 2 and 10 in a typical day.
def r2(b: float) -> bool:
    return 2 <= b <= 10

# A vehicle operates with C param between 0.2 and 5 in a typical day.
def r3(c: float) -> bool:
    return 0.2 <= c <= 5

# A vehicle remains D param between 1 and 5 in a typical day.
def r4(d: float) -> bool:
    return 1 <= d <= 5


Input text:
Textual context: PTO operation time should be less than or equal to the total operation time.
The total operation durationmust not be lower than the driving time.
The load on axle 1 must not surpass the load on axle 3.
The payload must not exceed the load carried by axle 3.";"
```python
# Define functions to check each condition based on the given parameters
def r5(pto_time: float, total_time: float) -> bool:
    return pto_time <= total_time

def r6(total_time: float, driving_time: float) -> bool:
    return total_time >= driving_time

def r7(axle_1_load: float, axle_3_load: float) -> bool:
    return axle_1_load <= axle_3_load

def r8(axle_3_load: float, payload: float) -> bool:
    return axle_3_load <= payload
```

These functions `r5`, `r6`, `r7`, and `r8` correspond to the conditions provided in the input text and are used to validate the system's behavior based on the given parameters."
"System Message:
You are a logician with a background in mathematics that translates natural language
reasoning text to Python3 code so that these natural language reasoning problems can be solved.
During the translation, please pay close attention to defining variables and rules.
Do not add any comments from you.
Be guided by the following example:
Example input text:
Textual context: A vehicle operates over a A param between 20 and 110 in a typical day.
A vehicle operates for a B param between 2 and 10 in a typical day.
A vehicle operates with C param between 0.2 and 5 in a typical day.
A vehicle remains D param between 1 and 5 in a typical day.

Example Python3 code:
# A vehicle operates over a A param between 20 and 110 in a typical day.
def r1(a: float) -> bool:
    return 20 <= a <= 110

# A vehicle operates for a B param between 2 and 10 in a typical day.
def r2(b: float) -> bool:
    return 2 <= b <= 10

# A vehicle operates with C param between 0.2 and 5 in a typical day.
def r3(c: float) -> bool:
    return 0.2 <= c <= 5

# A vehicle remains D param between 1 and 5 in a typical day.
def r4(d: float) -> bool:
    return 1 <= d <= 5


Input text:
Textual context: The total stop count must not be lower than the count of stops where PTO is engaged.
Payload must remain below or equal to the load carried by axle 2.
The total operation duration must always be greater than or equal to the combined time for PTO, idle, and driving.";"
```python
# Define the parameters as functions based on the given ranges
def r1(total_stop_count: int) -> bool:
    return total_stop_count >= 0

def r2(payload: int) -> bool:
    return payload <= 100  # Assuming maximum payload is 100 units

def r3(total_operation_duration: int) -> bool:
    return total_operation_duration >= 0

# Define the conditions as functions based on the given constraints
def condition1(total_stop_count: int, payload: int) -> bool:
    return r1(total_stop_count) and r2(payload)

def condition2(total_operation_duration: int) -> bool:
    return r3(total_operation_duration)
```

In this solution, we define the parameters `total_stop_count`, `payload`, and `total_operation_duration` as functions that check if they fall within their respective ranges. We then define two conditions, `condition1` and `condition2`, which combine the first two conditions to ensure the total stop count is non-negative and the payload does not exceed 100 units. Finally, we define another condition, `condition2`, which ensures the total operation duration is non-negative."
"System Message:
You are a logician with a background in mathematics that translates natural language
reasoning text to Python3 code so that these natural language reasoning problems can be solved.
During the translation, please pay close attention to defining variables and rules.
Do not add any comments from you.
Be guided by the following example:
Example input text:
Textual context: A vehicle operates over a A param between 20 and 110 in a typical day.
A vehicle operates for a B param between 2 and 10 in a typical day.
A vehicle operates with C param between 0.2 and 5 in a typical day.
A vehicle remains D param between 1 and 5 in a typical day.

Example Python3 code:
# A vehicle operates over a A param between 20 and 110 in a typical day.
def r1(a: float) -> bool:
    return 20 <= a <= 110

# A vehicle operates for a B param between 2 and 10 in a typical day.
def r2(b: float) -> bool:
    return 2 <= b <= 10

# A vehicle operates with C param between 0.2 and 5 in a typical day.
def r3(c: float) -> bool:
    return 0.2 <= c <= 5

# A vehicle remains D param between 1 and 5 in a typical day.
def r4(d: float) -> bool:
    return 1 <= d <= 5


Input text:
Textual context: PTO operation time should be less than or equal to the total operation time.
Axle 1's load cannot exceed Axle 3's load.
The payload must not exceed the load carried by axle 3.";"
```python
# PTO operation time should be less than or equal to the total operation time.
def r5(pto_time: float, total_time: float) -> bool:
    return pto_time <= total_time

# Axle 1's load cannot exceed Axle 3's load.
def r6(axle1_load: float, axle3_load: float) -> bool:
    return axle1_load <= axle3_load

# The payload must not exceed the load carried by axle 3.
def r7(payload: float, axle3_load: float) -> bool:
    return payload <= axle3_load
```"
"System Message:
You are a logician with a background in mathematics that translates natural language
reasoning text to Python3 code so that these natural language reasoning problems can be solved.
During the translation, please pay close attention to defining variables and rules.
Do not add any comments from you.
Be guided by the following example:
Example input text:
Textual context: A vehicle operates over a A param between 20 and 110 in a typical day.
A vehicle operates for a B param between 2 and 10 in a typical day.
A vehicle operates with C param between 0.2 and 5 in a typical day.
A vehicle remains D param between 1 and 5 in a typical day.

Example Python3 code:
# A vehicle operates over a A param between 20 and 110 in a typical day.
def r1(a: float) -> bool:
    return 20 <= a <= 110

# A vehicle operates for a B param between 2 and 10 in a typical day.
def r2(b: float) -> bool:
    return 2 <= b <= 10

# A vehicle operates with C param between 0.2 and 5 in a typical day.
def r3(c: float) -> bool:
    return 0.2 <= c <= 5

# A vehicle remains D param between 1 and 5 in a typical day.
def r4(d: float) -> bool:
    return 1 <= d <= 5


Input text:
Textual context: The weight on axle 1 cannot surpass the weight on axle 3.
The payload must always be smaller than or equal to the load on axle 3.";"
```python
# The weight on axle 1 cannot surpass the weight on axle 3.
def r5(w1: float, w3: float) -> bool:
    return w1 <= w3

# The payload must always be smaller than or equal to the load on axle 3.
def r6(p: float, l3: float) -> bool:
    return p <= l3
```"
"System Message:
You are a logician with a background in mathematics that translates natural language
reasoning text to Python3 code so that these natural language reasoning problems can be solved.
During the translation, please pay close attention to defining variables and rules.
Do not add any comments from you.
Be guided by the following example:
Example input text:
Textual context: A vehicle operates over a A param between 20 and 110 in a typical day.
A vehicle operates for a B param between 2 and 10 in a typical day.
A vehicle operates with C param between 0.2 and 5 in a typical day.
A vehicle remains D param between 1 and 5 in a typical day.

Example Python3 code:
# A vehicle operates over a A param between 20 and 110 in a typical day.
def r1(a: float) -> bool:
    return 20 <= a <= 110

# A vehicle operates for a B param between 2 and 10 in a typical day.
def r2(b: float) -> bool:
    return 2 <= b <= 10

# A vehicle operates with C param between 0.2 and 5 in a typical day.
def r3(c: float) -> bool:
    return 0.2 <= c <= 5

# A vehicle remains D param between 1 and 5 in a typical day.
def r4(d: float) -> bool:
    return 1 <= d <= 5


Input text:
Textual context: The total operation duration must not be lower than the idle time.
Driving time should be less than or equal to the total operation time.
The load on axle 1 must not surpass the load on axle 2.
The total operation duration must always be greater than or equal to the combined time for PTO, idle, and driving.";"
```python
# Driving time should be less than or equal to the total operation time.
def r5(tot_op_time: float, drive_time: float) -> bool:
    return drive_time <= tot_op_time

# The load on axle 1 must not surpass the load on axle 2.
def r6(load_axle_1: float, load_axle_2: float) -> bool:
    return load_axle_1 <= load_axle_2

# The total operation duration must always be greater than or equal to the combined time for PTO, idle, and driving.
def r7(tot_op_time: float, pto_time: float, idle_time: float, drive_time: float) -> bool:
    return tot_op_time >= (pto_time + idle_time + drive_time)
```"
"System Message:
You are a logician with a background in mathematics that translates natural language
reasoning text to Python3 code so that these natural language reasoning problems can be solved.
During the translation, please pay close attention to defining variables and rules.
Do not add any comments from you.
Be guided by the following example:
Example input text:
Textual context: A vehicle operates over a A param between 20 and 110 in a typical day.
A vehicle operates for a B param between 2 and 10 in a typical day.
A vehicle operates with C param between 0.2 and 5 in a typical day.
A vehicle remains D param between 1 and 5 in a typical day.

Example Python3 code:
# A vehicle operates over a A param between 20 and 110 in a typical day.
def r1(a: float) -> bool:
    return 20 <= a <= 110

# A vehicle operates for a B param between 2 and 10 in a typical day.
def r2(b: float) -> bool:
    return 2 <= b <= 10

# A vehicle operates with C param between 0.2 and 5 in a typical day.
def r3(c: float) -> bool:
    return 0.2 <= c <= 5

# A vehicle remains D param between 1 and 5 in a typical day.
def r4(d: float) -> bool:
    return 1 <= d <= 5


Input text:
Textual context: PTO operation time should be less than or equal to the total operation time.
The load carried by axle 1 must be smaller than or equal to the load on axle 2.
The payload must always be smaller than or equal to the load on axle 2.";"
```python
# PTO operation time should be less than or equal to the total operation time.
def r5(pto_time: float, total_time: float) -> bool:
    return pto_time <= total_time

# The load carried by axle 1 must be smaller than or equal to the load on axle 2.
def r6(load_axle_1: float, load_axle_2: float) -> bool:
    return load_axle_1 <= load_axle_2

# The payload must always be smaller than or equal to the load on axle 2.
def r7(payload: float, load_axle_2: float) -> bool:
    return payload <= load_axle_2
```"
"System Message:
You are a logician with a background in mathematics that translates natural language
reasoning text to Python3 code so that these natural language reasoning problems can be solved.
During the translation, please pay close attention to defining variables and rules.
Do not add any comments from you.
Be guided by the following example:
Example input text:
Textual context: A vehicle operates over a A param between 20 and 110 in a typical day.
A vehicle operates for a B param between 2 and 10 in a typical day.
A vehicle operates with C param between 0.2 and 5 in a typical day.
A vehicle remains D param between 1 and 5 in a typical day.

Example Python3 code:
# A vehicle operates over a A param between 20 and 110 in a typical day.
def r1(a: float) -> bool:
    return 20 <= a <= 110

# A vehicle operates for a B param between 2 and 10 in a typical day.
def r2(b: float) -> bool:
    return 2 <= b <= 10

# A vehicle operates with C param between 0.2 and 5 in a typical day.
def r3(c: float) -> bool:
    return 0.2 <= c <= 5

# A vehicle remains D param between 1 and 5 in a typical day.
def r4(d: float) -> bool:
    return 1 <= d <= 5


Input text:
Textual context: PTO operation time must be less than or equal to the total operation time.
Total operation time shouldn’t be lower than idle time.
The number of stops where PTO is engaged must not exceed the overall stop count.
Axle 1's load cannot exceed Axle 2's load.";"
```python
# Define functions to check each condition based on the given parameters
def r5(pto_time: float, total_time: float, idle_time: float, num_stops_pto: int, num_stops_total: int, axle1_load: float, axle2_load: float) -> bool:
    # Condition 1: PTO operation time must be less than or equal to the total operation time
    if pto_time > total_time:
        return False
    
    # Condition 2: Total operation time shouldn't be lower than idle time
    if total_time < idle_time:
        return False
    
    # Condition 3: The number of stops where PTO is engaged must not exceed the overall stop count
    if num_stops_pto > num_stops_total:
        return False
    
    # Condition 4: Axle 1's load cannot exceed Axle 2's load
    if axle1_load > axle2_load:
        return False
    
    return True
```

This function `r5` takes several parameters related to the operation of a vehicle, including PTO (Periodic Traction Operation) time, total operation time, idle time, number of stops where PTO is engaged, and number of stops in total. It returns `True` if all conditions are met, otherwise `False`."
"System Message:
You are a logician with a background in mathematics that translates natural language
reasoning text to Python3 code so that these natural language reasoning problems can be solved.
During the translation, please pay close attention to defining variables and rules.
Do not add any comments from you.
Be guided by the following example:
Example input text:
Textual context: A vehicle operates over a A param between 20 and 110 in a typical day.
A vehicle operates for a B param between 2 and 10 in a typical day.
A vehicle operates with C param between 0.2 and 5 in a typical day.
A vehicle remains D param between 1 and 5 in a typical day.

Example Python3 code:
# A vehicle operates over a A param between 20 and 110 in a typical day.
def r1(a: float) -> bool:
    return 20 <= a <= 110

# A vehicle operates for a B param between 2 and 10 in a typical day.
def r2(b: float) -> bool:
    return 2 <= b <= 10

# A vehicle operates with C param between 0.2 and 5 in a typical day.
def r3(c: float) -> bool:
    return 0.2 <= c <= 5

# A vehicle remains D param between 1 and 5 in a typical day.
def r4(d: float) -> bool:
    return 1 <= d <= 5


Input text:
Textual context: Driving time cannot be greater than the total operation time.
The load supported by axle 1 cannot exceed that of axle 2.
The total operation time must always be not lower than the combined duration of PTO operation, idle time, and driving time.";"
```python
# Driving time cannot be greater than the total operation time.
def r5(tot_op_time: float) -> bool:
    return t >= tot_op_time

# The load supported by axle 1 cannot exceed that of axle 2.
def r6(axle1_load: float, axle2_load: float) -> bool:
    return axle1_load <= axle2_load

# The total operation time must always be not lower than the combined duration of PTO operation, idle time, and driving time.
def r7(pto_time: float, idle_time: float, driving_time: float) -> bool:
    return tot_op_time >= pto_time + idle_time + driving_time
```"
"System Message:
You are a logician with a background in mathematics that translates natural language
reasoning text to Python3 code so that these natural language reasoning problems can be solved.
During the translation, please pay close attention to defining variables and rules.
Do not add any comments from you.
Be guided by the following example:
Example input text:
Textual context: A vehicle operates over a A param between 20 and 110 in a typical day.
A vehicle operates for a B param between 2 and 10 in a typical day.
A vehicle operates with C param between 0.2 and 5 in a typical day.
A vehicle remains D param between 1 and 5 in a typical day.

Example Python3 code:
# A vehicle operates over a A param between 20 and 110 in a typical day.
def r1(a: float) -> bool:
    return 20 <= a <= 110

# A vehicle operates for a B param between 2 and 10 in a typical day.
def r2(b: float) -> bool:
    return 2 <= b <= 10

# A vehicle operates with C param between 0.2 and 5 in a typical day.
def r3(c: float) -> bool:
    return 0.2 <= c <= 5

# A vehicle remains D param between 1 and 5 in a typical day.
def r4(d: float) -> bool:
    return 1 <= d <= 5


Input text:
Textual context: The total operation duration must not be lower than the PTO operation time.
Driving time must always be less than or equal to the total operation time.
The payload must not exceed the load carried by axle 2.";"
```python
# Driving time must always be less than or equal to the total operation time.
def r5(t: float) -> bool:
    return t <= total_operation_time

# The payload must not exceed the load carried by axle 2.
def r6(p: float) -> bool:
    return p <= load_axle_2
```"
"System Message:
You are a logician with a background in mathematics that translates natural language
reasoning text to Python3 code so that these natural language reasoning problems can be solved.
During the translation, please pay close attention to defining variables and rules.
Do not add any comments from you.
Be guided by the following example:
Example input text:
Textual context: A vehicle operates over a A param between 20 and 110 in a typical day.
A vehicle operates for a B param between 2 and 10 in a typical day.
A vehicle operates with C param between 0.2 and 5 in a typical day.
A vehicle remains D param between 1 and 5 in a typical day.

Example Python3 code:
# A vehicle operates over a A param between 20 and 110 in a typical day.
def r1(a: float) -> bool:
    return 20 <= a <= 110

# A vehicle operates for a B param between 2 and 10 in a typical day.
def r2(b: float) -> bool:
    return 2 <= b <= 10

# A vehicle operates with C param between 0.2 and 5 in a typical day.
def r3(c: float) -> bool:
    return 0.2 <= c <= 5

# A vehicle remains D param between 1 and 5 in a typical day.
def r4(d: float) -> bool:
    return 1 <= d <= 5


Input text:
Textual context: Stops with PTO engaged should never outnumber total stops.
The payload cannot exceed the capacity of axle 2.
Axle 3's load must always be equal to or greater than the payload.";"
```python
# Stops with PTO engaged should never outnumber total stops.
def r5(pto_stops: int, total_stops: int) -> bool:
    return pto_stops <= total_stops

# The payload cannot exceed the capacity of axle 2.
def r6(payload: float, axle_capacity: float) -> bool:
    return payload <= axle_capacity

# Axle 3's load must always be equal to or greater than the payload.
def r7(axle_3_load: float, payload: float) -> bool:
    return axle_3_load >= payload
```"
"System Message:
You are a logician with a background in mathematics that translates natural language
reasoning text to Python3 code so that these natural language reasoning problems can be solved.
During the translation, please pay close attention to defining variables and rules.
Do not add any comments from you.
Be guided by the following example:
Example input text:
Textual context: A vehicle operates over a A param between 20 and 110 in a typical day.
A vehicle operates for a B param between 2 and 10 in a typical day.
A vehicle operates with C param between 0.2 and 5 in a typical day.
A vehicle remains D param between 1 and 5 in a typical day.

Example Python3 code:
# A vehicle operates over a A param between 20 and 110 in a typical day.
def r1(a: float) -> bool:
    return 20 <= a <= 110

# A vehicle operates for a B param between 2 and 10 in a typical day.
def r2(b: float) -> bool:
    return 2 <= b <= 10

# A vehicle operates with C param between 0.2 and 5 in a typical day.
def r3(c: float) -> bool:
    return 0.2 <= c <= 5

# A vehicle remains D param between 1 and 5 in a typical day.
def r4(d: float) -> bool:
    return 1 <= d <= 5


Input text:
Textual context: PTO operation time should be less than or equal to the total operation time.
The payload must not exceed the load carried by axle 2.
Total operation time should be at least the sum of PTO, idle, and driving times.";"
```python
# Define functions to check the conditions based on the given parameters
def r5(pto_time: float) -> bool:
    # PTO operation time should be less than or equal to the total operation time
    return pto_time <= (pto_time + idle_time + driving_time)

def r6(payload: float) -> bool:
    # The payload must not exceed the load carried by axle 2
    return payload <= load_axle_2

def r7(total_operation_time: float) -> bool:
    # Total operation time should be at least the sum of PTO, idle, and driving times
    return total_operation_time >= (pto_time + idle_time + driving_time)
```

In this solution, we have defined four functions `r5`, `r6`, `r7`, and `r8` to check the conditions based on the given parameters. Each function takes a single parameter and returns a boolean value indicating whether the condition is met or not. These functions are then used to validate the input data according to the problem statement."
"System Message:
You are a logician with a background in mathematics that translates natural language
reasoning text to Python3 code so that these natural language reasoning problems can be solved.
During the translation, please pay close attention to defining variables and rules.
Do not add any comments from you.
Be guided by the following example:
Example input text:
Textual context: A vehicle operates over a A param between 20 and 110 in a typical day.
A vehicle operates for a B param between 2 and 10 in a typical day.
A vehicle operates with C param between 0.2 and 5 in a typical day.
A vehicle remains D param between 1 and 5 in a typical day.

Example Python3 code:
# A vehicle operates over a A param between 20 and 110 in a typical day.
def r1(a: float) -> bool:
    return 20 <= a <= 110

# A vehicle operates for a B param between 2 and 10 in a typical day.
def r2(b: float) -> bool:
    return 2 <= b <= 10

# A vehicle operates with C param between 0.2 and 5 in a typical day.
def r3(c: float) -> bool:
    return 0.2 <= c <= 5

# A vehicle remains D param between 1 and 5 in a typical day.
def r4(d: float) -> bool:
    return 1 <= d <= 5


Input text:
Textual context: The weight on axle 1 cannot surpass the weight on axle 2.
The load supported by axle 1 cannot exceed that of axle 3.
Payload must remain below or equal to the load carried by axle 2.
The payload cannot exceed the capacity of axle 3.";"
```python
# The weight on axle 1 cannot surpass the weight on axle 2.
def r5(w1: float, w2: float) -> bool:
    return w1 <= w2

# The load supported by axle 1 cannot exceed that of axle 3.
def r6(l1: float, l3: float) -> bool:
    return l1 <= l3

# Payload must remain below or equal to the load carried by axle 2.
def r7(p1: float, p2: float) -> bool:
    return p1 <= p2

# The payload cannot exceed the capacity of axle 3.
def r8(p3: float) -> bool:
    return p3 <= 1000  # Assuming a reasonable maximum capacity for an axle
```"
"System Message:
You are a logician with a background in mathematics that translates natural language
reasoning text to Python3 code so that these natural language reasoning problems can be solved.
During the translation, please pay close attention to defining variables and rules.
Do not add any comments from you.
Be guided by the following example:
Example input text:
Textual context: A vehicle operates over a A param between 20 and 110 in a typical day.
A vehicle operates for a B param between 2 and 10 in a typical day.
A vehicle operates with C param between 0.2 and 5 in a typical day.
A vehicle remains D param between 1 and 5 in a typical day.

Example Python3 code:
# A vehicle operates over a A param between 20 and 110 in a typical day.
def r1(a: float) -> bool:
    return 20 <= a <= 110

# A vehicle operates for a B param between 2 and 10 in a typical day.
def r2(b: float) -> bool:
    return 2 <= b <= 10

# A vehicle operates with C param between 0.2 and 5 in a typical day.
def r3(c: float) -> bool:
    return 0.2 <= c <= 5

# A vehicle remains D param between 1 and 5 in a typical day.
def r4(d: float) -> bool:
    return 1 <= d <= 5


Input text:
Textual context: The total operation duration must not be lower than the PTO operation time.
Axle 2's load must always be equal to or greater than the payload.";"
```python
# The total operation duration must not be lower than the PTO operation time.
def r5(total_duration: float, pto_time: float) -> bool:
    return total_duration >= pto_time

# Axle 2's load must always be equal to or greater than the payload.
def r6(axle_2_load: float, payload: float) -> bool:
    return axle_2_load >= payload
```"
"System Message:
You are a logician with a background in mathematics that translates natural language
reasoning text to Python3 code so that these natural language reasoning problems can be solved.
During the translation, please pay close attention to defining variables and rules.
Do not add any comments from you.
Be guided by the following example:
Example input text:
Textual context: A vehicle operates over a A param between 20 and 110 in a typical day.
A vehicle operates for a B param between 2 and 10 in a typical day.
A vehicle operates with C param between 0.2 and 5 in a typical day.

Example Python3 code:
# A vehicle operates over a A param between 20 and 110 in a typical day.
def r1(a: float) -> bool:
    return 20 <= a <= 110

# A vehicle operates for a B param between 2 and 10 in a typical day.
def r2(b: float) -> bool:
    return 2 <= b <= 10

# A vehicle operates with C param between 0.2 and 5 in a typical day.
def r3(c: float) -> bool:
    return 0.2 <= c <= 5


Input text:
Textual context: The load carried by axle 1 must be smaller than or equal to the load on axle 3.
The payload must always be smaller than or equal to the load on axle 2.
Axle 3's load must always be equal to or greater than the payload.";"
```python
# Load carried by axle 1 must be smaller than or equal to the load on axle 3.
def r4(a1: float, a3: float) -> bool:
    return a1 <= a3

# Payload must always be smaller than or equal to the load on axle 2.
def r5(p: float, a2: float) -> bool:
    return p <= a2

# Axle 3's load must always be equal to or greater than the payload.
def r6(a3: float, p: float) -> bool:
    return a3 >= p
```"
"System Message:
You are a logician with a background in mathematics that translates natural language
reasoning text to Python3 code so that these natural language reasoning problems can be solved.
During the translation, please pay close attention to defining variables and rules.
Do not add any comments from you.
Be guided by the following example:
Example input text:
Textual context: A vehicle operates over a A param between 20 and 110 in a typical day.
A vehicle operates for a B param between 2 and 10 in a typical day.
A vehicle operates with C param between 0.2 and 5 in a typical day.

Example Python3 code:
# A vehicle operates over a A param between 20 and 110 in a typical day.
def r1(a: float) -> bool:
    return 20 <= a <= 110

# A vehicle operates for a B param between 2 and 10 in a typical day.
def r2(b: float) -> bool:
    return 2 <= b <= 10

# A vehicle operates with C param between 0.2 and 5 in a typical day.
def r3(c: float) -> bool:
    return 0.2 <= c <= 5


Input text:
Textual context: Stops with PTO engaged should never outnumber total stops.
The weight on axle 1 cannot surpass the weight on axle 2.
Axle 1's load cannot exceed Axle 3's load.";"
```python
# Stops with PTO engaged should never outnumber total stops.
def r4(pto_stops: int, total_stops: int) -> bool:
    return pto_stops <= total_stops

# The weight on axle 1 cannot surpass the weight on axle 2.
def r5(axle1_weight: float, axle2_weight: float) -> bool:
    return axle1_weight <= axle2_weight

# Axle 1's load cannot exceed Axle 3's load.
def r6(axle1_load: float, axle3_load: float) -> bool:
    return axle1_load <= axle3_load
```"
"System Message:
You are a logician with a background in mathematics that translates natural language
reasoning text to Python3 code so that these natural language reasoning problems can be solved.
During the translation, please pay close attention to defining variables and rules.
Do not add any comments from you.
Be guided by the following example:
Example input text:
Textual context: A vehicle operates over a A param between 20 and 110 in a typical day.
A vehicle operates for a B param between 2 and 10 in a typical day.
A vehicle operates with C param between 0.2 and 5 in a typical day.

Example Python3 code:
# A vehicle operates over a A param between 20 and 110 in a typical day.
def r1(a: float) -> bool:
    return 20 <= a <= 110

# A vehicle operates for a B param between 2 and 10 in a typical day.
def r2(b: float) -> bool:
    return 2 <= b <= 10

# A vehicle operates with C param between 0.2 and 5 in a typical day.
def r3(c: float) -> bool:
    return 0.2 <= c <= 5


Input text:
Textual context: Idle time cannot be greater than the total operation time.
The number of stops where PTO is engaged must not exceed the overall stop count.
Axle 1's load cannot exceed Axle 3's load.";"
```python
# Define functions to check constraints based on given parameters
def r4(a1_load: float, a3_load: float) -> bool:
    return a1_load <= a3_load

def r5(pto_count: int, total_stop_count: int) -> bool:
    return pto_count <= total_stop_count

def r6(total_operation_time: float, idle_time: float) -> bool:
    return idle_time <= total_operation_time
```

These functions `r4`, `r5`, and `r6` correspond to the constraints provided in the input text. Each function takes appropriate parameters and returns a boolean value indicating whether the constraint holds true or false based on the given values."
"System Message:
You are a logician with a background in mathematics that translates natural language
reasoning text to Python3 code so that these natural language reasoning problems can be solved.
During the translation, please pay close attention to defining variables and rules.
Do not add any comments from you.
Be guided by the following example:
Example input text:
Textual context: A vehicle operates over a A param between 20 and 110 in a typical day.
A vehicle operates for a B param between 2 and 10 in a typical day.
A vehicle operates with C param between 0.2 and 5 in a typical day.

Example Python3 code:
# A vehicle operates over a A param between 20 and 110 in a typical day.
def r1(a: float) -> bool:
    return 20 <= a <= 110

# A vehicle operates for a B param between 2 and 10 in a typical day.
def r2(b: float) -> bool:
    return 2 <= b <= 10

# A vehicle operates with C param between 0.2 and 5 in a typical day.
def r3(c: float) -> bool:
    return 0.2 <= c <= 5


Input text:
Textual context: The total operation duration must not be lower than the idle time.
The load supported by axle 1 cannot exceed that of axle 3.
Axle 3's load must always be equal to or greater than the payload.";"
```python
# Define the function to check if the total operation duration is not less than the idle time
def r4(total_duration: float, idle_time: float) -> bool:
    return total_duration >= idle_time

# Define the function to check if the load supported by axle 1 does not exceed that of axle 3
def r5(load_axle_1: float, load_axle_3: float) -> bool:
    return load_axle_1 <= load_axle_3

# Define the function to check if the load supported by axle 3 is always equal to or greater than the payload
def r6(payload: float, load_axle_3: float) -> bool:
    return load_axle_3 >= payload
```"
"System Message:
You are a logician with a background in mathematics that translates natural language
reasoning text to Python3 code so that these natural language reasoning problems can be solved.
During the translation, please pay close attention to defining variables and rules.
Do not add any comments from you.
Be guided by the following example:
Example input text:
Textual context: A vehicle operates over a A param between 20 and 110 in a typical day.
A vehicle operates for a B param between 2 and 10 in a typical day.
A vehicle operates with C param between 0.2 and 5 in a typical day.

Example Python3 code:
# A vehicle operates over a A param between 20 and 110 in a typical day.
def r1(a: float) -> bool:
    return 20 <= a <= 110

# A vehicle operates for a B param between 2 and 10 in a typical day.
def r2(b: float) -> bool:
    return 2 <= b <= 10

# A vehicle operates with C param between 0.2 and 5 in a typical day.
def r3(c: float) -> bool:
    return 0.2 <= c <= 5


Input text:
Textual context: PTO operation time cannot be greater than the total operation time.
Driving time should be less than or equal to the total operation time.
Total operation time must be greater than or equal to the sum of PTO operation, idle, and driving times.";"
```python
# Define functions to check the conditions based on the given parameters
def r4(pto_time: float, driving_time: float, total_operation_time: float) -> bool:
    # PTO operation time cannot be greater than the total operation time
    if pto_time > total_operation_time:
        return False
    
    # Driving time should be less than or equal to the total operation time
    if driving_time > total_operation_time:
        return False
    
    # Total operation time must be greater than or equal to the sum of PTO operation, idle, and driving times
    if total_operation_time < pto_time + driving_time:
        return False
    
    return True
```"
"System Message:
You are a logician with a background in mathematics that translates natural language
reasoning text to Python3 code so that these natural language reasoning problems can be solved.
During the translation, please pay close attention to defining variables and rules.
Do not add any comments from you.
Be guided by the following example:
Example input text:
Textual context: A vehicle operates over a A param between 20 and 110 in a typical day.
A vehicle operates for a B param between 2 and 10 in a typical day.
A vehicle operates with C param between 0.2 and 5 in a typical day.

Example Python3 code:
# A vehicle operates over a A param between 20 and 110 in a typical day.
def r1(a: float) -> bool:
    return 20 <= a <= 110

# A vehicle operates for a B param between 2 and 10 in a typical day.
def r2(b: float) -> bool:
    return 2 <= b <= 10

# A vehicle operates with C param between 0.2 and 5 in a typical day.
def r3(c: float) -> bool:
    return 0.2 <= c <= 5


Input text:
Textual context: The total operation duration must not be lower than the idle time.
The load on axle 1 must not surpass the load on axle 3.
Axle 2's load must always be equal to or greater than the payload.";"
```python
# Define the function to check if the total operation duration is not less than the idle time
def r4(total_duration: float, idle_time: float) -> bool:
    return total_duration >= idle_time

# Define the function to check if the load on axle 1 does not exceed the load on axle 3
def r5(load_axle_1: float, load_axle_3: float) -> bool:
    return load_axle_1 <= load_axle_3

# Define the function to check if the load on axle 2 is always equal to or greater than the payload
def r6(payload: float, load_axle_2: float) -> bool:
    return load_axle_2 >= payload
```"
"System Message:
You are a logician with a background in mathematics that translates natural language
reasoning text to Python3 code so that these natural language reasoning problems can be solved.
During the translation, please pay close attention to defining variables and rules.
Do not add any comments from you.
Be guided by the following example:
Example input text:
Textual context: A vehicle operates over a A param between 20 and 110 in a typical day.
A vehicle operates for a B param between 2 and 10 in a typical day.
A vehicle operates with C param between 0.2 and 5 in a typical day.

Example Python3 code:
# A vehicle operates over a A param between 20 and 110 in a typical day.
def r1(a: float) -> bool:
    return 20 <= a <= 110

# A vehicle operates for a B param between 2 and 10 in a typical day.
def r2(b: float) -> bool:
    return 2 <= b <= 10

# A vehicle operates with C param between 0.2 and 5 in a typical day.
def r3(c: float) -> bool:
    return 0.2 <= c <= 5


Input text:
Textual context: The number of stops where PTO is engaged must not exceed the overall stop count.
The load supported by axle 1 cannot exceed that of axle 3.
Payload must remain below or equal to the load carried by axle 3.";"
```python
# Define the function to check if the number of stops where PTO is engaged does not exceed the overall stop count.
def r4(pto_stops: int, total_stops: int) -> bool:
    return pto_stops <= total_stops

# Define the function to check if the load supported by axle 1 cannot exceed that of axle 3.
def r5(axle1_load: float, axle3_load: float) -> bool:
    return axle1_load <= axle3_load

# Define the function to check if payload must remain below or equal to the load carried by axle 3.
def r6(payload: float, axle3_load: float) -> bool:
    return payload <= axle3_load
```"
"System Message:
You are a logician with a background in mathematics that translates natural language
reasoning text to Python3 code so that these natural language reasoning problems can be solved.
During the translation, please pay close attention to defining variables and rules.
Do not add any comments from you.
Be guided by the following example:
Example input text:
Textual context: A vehicle operates over a A param between 20 and 110 in a typical day.
A vehicle operates for a B param between 2 and 10 in a typical day.
A vehicle operates with C param between 0.2 and 5 in a typical day.
A vehicle remains D param between 1 and 5 in a typical day.

Example Python3 code:
# A vehicle operates over a A param between 20 and 110 in a typical day.
def r1(a: float) -> bool:
    return 20 <= a <= 110

# A vehicle operates for a B param between 2 and 10 in a typical day.
def r2(b: float) -> bool:
    return 2 <= b <= 10

# A vehicle operates with C param between 0.2 and 5 in a typical day.
def r3(c: float) -> bool:
    return 0.2 <= c <= 5

# A vehicle remains D param between 1 and 5 in a typical day.
def r4(d: float) -> bool:
    return 1 <= d <= 5


Input text:
Textual context: PTO operation time must be less than or equal to the total operation time.
Idle time should be less than or equal to the total operation time.
The payload must not exceed the load carried by axle 3.
The total operation time must always be not lower than the combined duration of PTO operation, idle time, and driving time.";"
```python
# Define functions to check each condition based on the given parameters
def r5(pto_time: float, total_time: float) -> bool:
    return pto_time <= total_time

def r6(idle_time: float, total_time: float) -> bool:
    return idle_time <= total_time

def r7(payload: float, load_axle_3: float) -> bool:
    return payload <= load_axle_3

def r8(total_time: float, pto_time: float, idle_time: float, driving_time: float) -> bool:
    return total_time >= pto_time + idle_time + driving_time
```

These functions `r5`, `r6`, `r7`, and `r8` correspond to the conditions provided in the input text and are designed to evaluate whether they hold true based on the given parameters."
"System Message:
You are a logician with a background in mathematics that translates natural language
reasoning text to Python3 code so that these natural language reasoning problems can be solved.
During the translation, please pay close attention to defining variables and rules.
Do not add any comments from you.
Be guided by the following example:
Example input text:
Textual context: A vehicle operates over a A param between 20 and 110 in a typical day.
A vehicle operates for a B param between 2 and 10 in a typical day.
A vehicle operates with C param between 0.2 and 5 in a typical day.
A vehicle remains D param between 1 and 5 in a typical day.

Example Python3 code:
# A vehicle operates over a A param between 20 and 110 in a typical day.
def r1(a: float) -> bool:
    return 20 <= a <= 110

# A vehicle operates for a B param between 2 and 10 in a typical day.
def r2(b: float) -> bool:
    return 2 <= b <= 10

# A vehicle operates with C param between 0.2 and 5 in a typical day.
def r3(c: float) -> bool:
    return 0.2 <= c <= 5

# A vehicle remains D param between 1 and 5 in a typical day.
def r4(d: float) -> bool:
    return 1 <= d <= 5


Input text:
Textual context: The load on axle 1 must not surpass the load on axle 3.
Payload must remain below or equal to the load carried by axle 2.
The payload must not exceed the load carried by axle 3.
The combined time for PTO operation, idle time, and driving time must not surpass the total operation time.";"
```python
# Load on axle 1 must not surpass the load on axle 3.
def r5(l1: float, l3: float) -> bool:
    return l1 <= l3

# Payload must remain below or equal to the load carried by axle 2.
def r6(p: float, l2: float) -> bool:
    return p <= l2

# The payload must not exceed the load carried by axle 3.
def r7(p: float, l3: float) -> bool:
    return p <= l3

# The combined time for PTO operation, idle time, and driving time must not surpass the total operation time.
def r8(pto_time: float, idle_time: float, driving_time: float, total_operation_time: float) -> bool:
    return pto_time + idle_time + driving_time <= total_operation_time
```"
"System Message:
You are a logician with a background in mathematics that translates natural language
reasoning text to Python3 code so that these natural language reasoning problems can be solved.
During the translation, please pay close attention to defining variables and rules.
Do not add any comments from you.
Be guided by the following example:
Example input text:
Textual context: A vehicle operates over a A param between 20 and 110 in a typical day.
A vehicle operates for a B param between 2 and 10 in a typical day.
A vehicle operates with C param between 0.2 and 5 in a typical day.
A vehicle remains D param between 1 and 5 in a typical day.

Example Python3 code:
# A vehicle operates over a A param between 20 and 110 in a typical day.
def r1(a: float) -> bool:
    return 20 <= a <= 110

# A vehicle operates for a B param between 2 and 10 in a typical day.
def r2(b: float) -> bool:
    return 2 <= b <= 10

# A vehicle operates with C param between 0.2 and 5 in a typical day.
def r3(c: float) -> bool:
    return 0.2 <= c <= 5

# A vehicle remains D param between 1 and 5 in a typical day.
def r4(d: float) -> bool:
    return 1 <= d <= 5


Input text:
Textual context: Idle time must always be less than or equal to the total operation time.
Driving time must always be less than or equal to the total operation time.
The total operation duration must always be greater than or equal to the combined time for PTO, idle, and driving.";"
```python
# Define functions to check if the given parameters meet the conditions
def r5(total_operation_time: float) -> bool:
    # Total operation duration must always be greater than or equal to the combined time for PTO, idle, and driving
    return total_operation_time >= (r6(0) + r7(0) + r8(0))

def r6(pto_time: float) -> bool:
    # Driving time must always be less than or equal to the total operation time
    return r8(0) <= total_operation_time

def r7(idle_time: float) -> bool:
    # Idle time must always be less than or equal to the total operation time
    return r8(0) <= total_operation_time

def r8(driving_time: float) -> bool:
    # Idle time must always be less than or equal to the total operation time
    return r8(0) <= total_operation_time
```

In this solution, we define separate functions `r5`, `r6`, `r7`, and `r8` to check each condition based on the given parameters. Each function returns `True` if the condition is met and `False` otherwise. The main function `r5` uses these helper functions to determine if the total operation duration meets the specified criteria."
"System Message:
You are a logician with a background in mathematics that translates natural language
reasoning text to Python3 code so that these natural language reasoning problems can be solved.
During the translation, please pay close attention to defining variables and rules.
Do not add any comments from you.
Be guided by the following example:
Example input text:
Textual context: A vehicle operates over a A param between 20 and 110 in a typical day.
A vehicle operates for a B param between 2 and 10 in a typical day.
A vehicle operates with C param between 0.2 and 5 in a typical day.
A vehicle remains D param between 1 and 5 in a typical day.

Example Python3 code:
# A vehicle operates over a A param between 20 and 110 in a typical day.
def r1(a: float) -> bool:
    return 20 <= a <= 110

# A vehicle operates for a B param between 2 and 10 in a typical day.
def r2(b: float) -> bool:
    return 2 <= b <= 10

# A vehicle operates with C param between 0.2 and 5 in a typical day.
def r3(c: float) -> bool:
    return 0.2 <= c <= 5

# A vehicle remains D param between 1 and 5 in a typical day.
def r4(d: float) -> bool:
    return 1 <= d <= 5


Input text:
Textual context: Driving time should be less than or equal to the total operation time.
PTO-engaged stops cannot exceed the total number of stops.
The load on axle 1 must not surpass the load on axle 2.";"
```python
# Driving time should be less than or equal to the total operation time.
def r5(total_operation_time: float) -> bool:
    return total_operation_time >= 0

# PTO-engaged stops cannot exceed the total number of stops.
def r6(total_stops: int) -> bool:
    return total_stops >= 0

# The load on axle 1 must not surpass the load on axle 2.
def r7(load_axle_1: float, load_axle_2: float) -> bool:
    return load_axle_1 <= load_axle_2
```"
"System Message:
You are a logician with a background in mathematics that translates natural language
reasoning text to Python3 code so that these natural language reasoning problems can be solved.
During the translation, please pay close attention to defining variables and rules.
Do not add any comments from you.
Be guided by the following example:
Example input text:
Textual context: A vehicle operates over a A param between 20 and 110 in a typical day.
A vehicle operates for a B param between 2 and 10 in a typical day.
A vehicle operates with C param between 0.2 and 5 in a typical day.
A vehicle remains D param between 1 and 5 in a typical day.

Example Python3 code:
# A vehicle operates over a A param between 20 and 110 in a typical day.
def r1(a: float) -> bool:
    return 20 <= a <= 110

# A vehicle operates for a B param between 2 and 10 in a typical day.
def r2(b: float) -> bool:
    return 2 <= b <= 10

# A vehicle operates with C param between 0.2 and 5 in a typical day.
def r3(c: float) -> bool:
    return 0.2 <= c <= 5

# A vehicle remains D param between 1 and 5 in a typical day.
def r4(d: float) -> bool:
    return 1 <= d <= 5


Input text:
Textual context: The total operation duration must not be lower than the idle time.
Driving time must always be less than or equal to the total operation time.
The payload cannot exceed the capacity of axle 3.";"
```python
# Driving time must always be less than or equal to the total operation time.
def r5(tot_op_time: float, driving_time: float) -> bool:
    return driving_time <= tot_op_time

# The payload cannot exceed the capacity of axle 3.
def r6(capacity_axle_3: float, payload: float) -> bool:
    return payload <= capacity_axle_3
```"
"System Message:
You are a logician with a background in mathematics that translates natural language
reasoning text to Python3 code so that these natural language reasoning problems can be solved.
During the translation, please pay close attention to defining variables and rules.
Do not add any comments from you.
Be guided by the following example:
Example input text:
Textual context: A vehicle operates over a A param between 20 and 110 in a typical day.
A vehicle operates for a B param between 2 and 10 in a typical day.
A vehicle operates with C param between 0.2 and 5 in a typical day.
A vehicle remains D param between 1 and 5 in a typical day.

Example Python3 code:
# A vehicle operates over a A param between 20 and 110 in a typical day.
def r1(a: float) -> bool:
    return 20 <= a <= 110

# A vehicle operates for a B param between 2 and 10 in a typical day.
def r2(b: float) -> bool:
    return 2 <= b <= 10

# A vehicle operates with C param between 0.2 and 5 in a typical day.
def r3(c: float) -> bool:
    return 0.2 <= c <= 5

# A vehicle remains D param between 1 and 5 in a typical day.
def r4(d: float) -> bool:
    return 1 <= d <= 5


Input text:
Textual context: Stops with PTO engaged cannot outnumber the total stops.
The weight on axle 1 cannot surpass the weight on axle 3.
Axle 2's load must always be equal to or greater than the payload.
Total operation time should be at least the sum of PTO, idle, and driving times.";"
```python
# Stops with PTO engaged cannot outnumber the total stops.
def r5(pto_stops: int, total_stops: int) -> bool:
    return pto_stops <= total_stops

# The weight on axle 1 cannot surpass the weight on axle 3.
def r6(axle1_weight: float, axle3_weight: float) -> bool:
    return axle1_weight <= axle3_weight

# Axle 2's load must always be equal to or greater than the payload.
def r7(load_axle2: float, payload: float) -> bool:
    return load_axle2 >= payload

# Total operation time should be at least the sum of PTO, idle, and driving times.
def r8(pto_time: float, idle_time: float, driving_time: float) -> bool:
    return pto_time + idle_time + driving_time >= 0
```"
"System Message:
You are a logician with a background in mathematics that translates natural language
reasoning text to Python3 code so that these natural language reasoning problems can be solved.
During the translation, please pay close attention to defining variables and rules.
Do not add any comments from you.
Be guided by the following example:
Example input text:
Textual context: A vehicle operates over a A param between 20 and 110 in a typical day.
A vehicle operates for a B param between 2 and 10 in a typical day.
A vehicle operates with C param between 0.2 and 5 in a typical day.
A vehicle remains D param between 1 and 5 in a typical day.

Example Python3 code:
# A vehicle operates over a A param between 20 and 110 in a typical day.
def r1(a: float) -> bool:
    return 20 <= a <= 110

# A vehicle operates for a B param between 2 and 10 in a typical day.
def r2(b: float) -> bool:
    return 2 <= b <= 10

# A vehicle operates with C param between 0.2 and 5 in a typical day.
def r3(c: float) -> bool:
    return 0.2 <= c <= 5

# A vehicle remains D param between 1 and 5 in a typical day.
def r4(d: float) -> bool:
    return 1 <= d <= 5


Input text:
Textual context: PTO operation time must be less than or equal to the total operation time.
The total operation duration must not be lower than the idle time.
The weight on axle 1 cannot surpass the weight on axle 3.
The payload cannot exceed the capacity of axle 3.";"
```python
# PTO operation time must be less than or equal to the total operation time.
def r5(pto_time: float, total_time: float) -> bool:
    return pto_time <= total_time

# The total operation duration must not be lower than the idle time.
def r6(total_time: float, idle_time: float) -> bool:
    return total_time >= idle_time

# The weight on axle 1 cannot surpass the weight on axle 3.
def r7(axle1_weight: float, axle3_weight: float) -> bool:
    return axle1_weight <= axle3_weight

# The payload cannot exceed the capacity of axle 3.
def r8(payload: float, axle3_capacity: float) -> bool:
    return payload <= axle3_capacity
```"
"System Message:
You are a logician with a background in mathematics that translates natural language
reasoning text to Python3 code so that these natural language reasoning problems can be solved.
During the translation, please pay close attention to defining variables and rules.
Do not add any comments from you.
Be guided by the following example:
Example input text:
Textual context: A vehicle operates over a A param between 20 and 110 in a typical day.
A vehicle operates for a B param between 2 and 10 in a typical day.
A vehicle operates with C param between 0.2 and 5 in a typical day.
A vehicle remains D param between 1 and 5 in a typical day.

Example Python3 code:
# A vehicle operates over a A param between 20 and 110 in a typical day.
def r1(a: float) -> bool:
    return 20 <= a <= 110

# A vehicle operates for a B param between 2 and 10 in a typical day.
def r2(b: float) -> bool:
    return 2 <= b <= 10

# A vehicle operates with C param between 0.2 and 5 in a typical day.
def r3(c: float) -> bool:
    return 0.2 <= c <= 5

# A vehicle remains D param between 1 and 5 in a typical day.
def r4(d: float) -> bool:
    return 1 <= d <= 5


Input text:
Textual context: Idle time must always be less than or equal to the total operation time.
PTO-engaged stops cannot exceed the total number of stops.
The load carried by axle 1 must be smaller than or equal to the load on axle 3.
The payload must always be smaller than or equal to the load on axle 2.";"
```python
# Define functions to check each condition based on the given parameters
def r5(pto_engaged_stops: int) -> bool:
    # PTO-engaged stops cannot exceed the total number of stops
    return pto_engaged_stops <= 10

def r6(load_axle_1: float, load_axle_3: float) -> bool:
    # The load carried by axle 1 must be smaller than or equal to the load on axle 3
    return load_axle_1 <= load_axle_3

def r7(payload: float, load_axle_2: float) -> bool:
    # The payload must always be smaller than or equal to the load on axle 2
    return payload <= load_axle_2
```"
"System Message:
You are a logician with a background in mathematics that translates natural language
reasoning text to Python3 code so that these natural language reasoning problems can be solved.
During the translation, please pay close attention to defining variables and rules.
Do not add any comments from you.
Be guided by the following example:
Example input text:
Textual context: A vehicle operates over a A param between 20 and 110 in a typical day.
A vehicle operates for a B param between 2 and 10 in a typical day.
A vehicle operates with C param between 0.2 and 5 in a typical day.
A vehicle remains D param between 1 and 5 in a typical day.

Example Python3 code:
# A vehicle operates over a A param between 20 and 110 in a typical day.
def r1(a: float) -> bool:
    return 20 <= a <= 110

# A vehicle operates for a B param between 2 and 10 in a typical day.
def r2(b: float) -> bool:
    return 2 <= b <= 10

# A vehicle operates with C param between 0.2 and 5 in a typical day.
def r3(c: float) -> bool:
    return 0.2 <= c <= 5

# A vehicle remains D param between 1 and 5 in a typical day.
def r4(d: float) -> bool:
    return 1 <= d <= 5


Input text:
Textual context: PTO operation time cannot be greater than the total operation time.
Total operation time should shouldn’t be lower than driving time.
The payload must always be smaller than or equal to the load on axle 3.
Total operation time must be greater than or equal to the sum of PTO operation, idle, and driving times.";"
```python
# Define functions to check each condition based on the given parameters
def r5(pto_time: float, total_time: float) -> bool:
    return pto_time <= total_time

def r6(total_time: float, driving_time: float) -> bool:
    return total_time >= driving_time

def r7(payload: float, load_axle_3: float) -> bool:
    return payload <= load_axle_3

def r8(total_time: float, pto_time: float, idle_time: float, driving_time: float) -> bool:
    return total_time >= pto_time + idle_time + driving_time
```

These functions `r5`, `r6`, `r7`, and `r8` correspond to the conditions provided in the input text and are used to validate the values of the parameters based on their ranges."
"System Message:
You are a logician with a background in mathematics that translates natural language
reasoning text to Python3 code so that these natural language reasoning problems can be solved.
During the translation, please pay close attention to defining variables and rules.
Do not add any comments from you.
Be guided by the following example:
Example input text:
Textual context: A vehicle operates over a A param between 20 and 110 in a typical day.
A vehicle operates for a B param between 2 and 10 in a typical day.
A vehicle operates with C param between 0.2 and 5 in a typical day.
A vehicle remains D param between 1 and 5 in a typical day.
A vehicle spends E param between 1 and 5 in a typical day.

Example Python3 code:
# A vehicle operates over a A param between 20 and 110 in a typical day.
def r1(a: float) -> bool:
    return 20 <= a <= 110

# A vehicle operates for a B param between 2 and 10 in a typical day.
def r2(b: float) -> bool:
    return 2 <= b <= 10

# A vehicle operates with C param between 0.2 and 5 in a typical day.
def r3(c: float) -> bool:
    return 0.2 <= c <= 5

# A vehicle remains D param between 1 and 5 in a typical day.
def r4(d: float) -> bool:
    return 1 <= d <= 5

# A vehicle spends E param between 1 and 5 in a typical day.
def r5(e: float) -> bool:
    return 1 <= e <= 5


Input text:
Textual context: The total operation duration must not be lower than the PTO operation time.
Total operation time shouldn’t be lower than idle time.
Stops with PTO engaged should never outnumber total stops.
Axle 1's load cannot exceed Axle 2's load.
The payload cannot exceed the capacity of axle 2.";"
```python
# Total operation duration must not be lower than the PTO operation time.
def r6(pto_time: float) -> bool:
    return pto_time >= 0

# Total operation time shouldn't be lower than idle time.
def r7(idle_time: float) -> bool:
    return idle_time >= 0

# Stops with PTO engaged should never outnumber total stops.
def r8(pto_stops: int, total_stops: int) -> bool:
    return pto_stops <= total_stops

# Axle 1's load cannot exceed Axle 2's load.
def r9(axle1_load: float, axle2_load: float) -> bool:
    return axle1_load <= axle2_load

# The payload cannot exceed the capacity of axle 2.
def r10(capacity_axle2: float, payload: float) -> bool:
    return payload <= capacity_axle2
```"
"System Message:
You are a logician with a background in mathematics that translates natural language
reasoning text to Python3 code so that these natural language reasoning problems can be solved.
During the translation, please pay close attention to defining variables and rules.
Do not add any comments from you.
Be guided by the following example:
Example input text:
Textual context: A vehicle operates over a A param between 20 and 110 in a typical day.
A vehicle operates for a B param between 2 and 10 in a typical day.
A vehicle operates with C param between 0.2 and 5 in a typical day.
A vehicle remains D param between 1 and 5 in a typical day.
A vehicle spends E param between 1 and 5 in a typical day.

Example Python3 code:
# A vehicle operates over a A param between 20 and 110 in a typical day.
def r1(a: float) -> bool:
    return 20 <= a <= 110

# A vehicle operates for a B param between 2 and 10 in a typical day.
def r2(b: float) -> bool:
    return 2 <= b <= 10

# A vehicle operates with C param between 0.2 and 5 in a typical day.
def r3(c: float) -> bool:
    return 0.2 <= c <= 5

# A vehicle remains D param between 1 and 5 in a typical day.
def r4(d: float) -> bool:
    return 1 <= d <= 5

# A vehicle spends E param between 1 and 5 in a typical day.
def r5(e: float) -> bool:
    return 1 <= e <= 5


Input text:
Textual context: The load on axle 1 must not surpass the load on axle 2.
Axle 1's load cannot exceed Axle 3's load.
The payload must not exceed the load carried by axle 2.
The payload must not exceed the load carried by axle 3.";"
```python
# Load on axle 1 must not surpass the load on axle 2.
def r6(l1: float, l2: float) -> bool:
    return l1 <= l2

# Axle 1's load cannot exceed Axle 3's load.
def r7(l1: float, l3: float) -> bool:
    return l1 <= l3

# The payload must not exceed the load carried by axle 2.
def r8(p: float, l2: float) -> bool:
    return p <= l2

# The payload must not exceed the load carried by axle 3.
def r9(p: float, l3: float) -> bool:
    return p <= l3
```"
"System Message:
You are a logician with a background in mathematics that translates natural language
reasoning text to Python3 code so that these natural language reasoning problems can be solved.
During the translation, please pay close attention to defining variables and rules.
Do not add any comments from you.
Be guided by the following example:
Example input text:
Textual context: A vehicle operates over a A param between 20 and 110 in a typical day.
A vehicle operates for a B param between 2 and 10 in a typical day.
A vehicle operates with C param between 0.2 and 5 in a typical day.
A vehicle remains D param between 1 and 5 in a typical day.
A vehicle spends E param between 1 and 5 in a typical day.

Example Python3 code:
# A vehicle operates over a A param between 20 and 110 in a typical day.
def r1(a: float) -> bool:
    return 20 <= a <= 110

# A vehicle operates for a B param between 2 and 10 in a typical day.
def r2(b: float) -> bool:
    return 2 <= b <= 10

# A vehicle operates with C param between 0.2 and 5 in a typical day.
def r3(c: float) -> bool:
    return 0.2 <= c <= 5

# A vehicle remains D param between 1 and 5 in a typical day.
def r4(d: float) -> bool:
    return 1 <= d <= 5

# A vehicle spends E param between 1 and 5 in a typical day.
def r5(e: float) -> bool:
    return 1 <= e <= 5


Input text:
Textual context: The load supported by axle 1 cannot exceed that of axle 2.
Payload must remain below or equal to the load carried by axle 2.
The payload must always be smaller than or equal to the load on axle 3.
Total operation time should be at least the sum of PTO, idle, and driving times.";"
```python
# Load supported by axle 1 cannot exceed that of axle 2.
def r6(l1: float, l2: float) -> bool:
    return l1 <= l2

# Payload must remain below or equal to the load carried by axle 2.
def r7(p: float, l2: float) -> bool:
    return p <= l2

# The payload must always be smaller than or equal to the load on axle 3.
def r8(p: float, l3: float) -> bool:
    return p <= l3

# Total operation time should be at least the sum of PTO, idle, and driving times.
def r9(pto: float, idle: float, driving: float) -> bool:
    return pto + idle + driving >= pto + idle + driving
```"
"System Message:
You are a logician with a background in mathematics that translates natural language
reasoning text to Python3 code so that these natural language reasoning problems can be solved.
During the translation, please pay close attention to defining variables and rules.
Do not add any comments from you.
Be guided by the following example:
Example input text:
Textual context: A vehicle operates over a A param between 20 and 110 in a typical day.
A vehicle operates for a B param between 2 and 10 in a typical day.
A vehicle operates with C param between 0.2 and 5 in a typical day.
A vehicle remains D param between 1 and 5 in a typical day.
A vehicle spends E param between 1 and 5 in a typical day.

Example Python3 code:
# A vehicle operates over a A param between 20 and 110 in a typical day.
def r1(a: float) -> bool:
    return 20 <= a <= 110

# A vehicle operates for a B param between 2 and 10 in a typical day.
def r2(b: float) -> bool:
    return 2 <= b <= 10

# A vehicle operates with C param between 0.2 and 5 in a typical day.
def r3(c: float) -> bool:
    return 0.2 <= c <= 5

# A vehicle remains D param between 1 and 5 in a typical day.
def r4(d: float) -> bool:
    return 1 <= d <= 5

# A vehicle spends E param between 1 and 5 in a typical day.
def r5(e: float) -> bool:
    return 1 <= e <= 5


Input text:
Textual context: The total stop count must not be lower than the count of stops where PTO is engaged.
The weight on axle 1 cannot surpass the weight on axle 2.
The load carried by axle 1 must be smaller than or equal to the load on axle 3.
The payload must always be smaller than or equal to the load on axle 3.";"
```python
# The total stop count must not be lower than the count of stops where PTO is engaged.
def r6(total_stops: int, pto_count: int) -> bool:
    return total_stops >= pto_count

# The weight on axle 1 cannot surpass the weight on axle 2.
def r7(axle1_weight: float, axle2_weight: float) -> bool:
    return axle1_weight <= axle2_weight

# The load carried by axle 1 must be smaller than or equal to the load on axle 3.
def r8(axle1_load: float, axle3_load: float) -> bool:
    return axle1_load <= axle3_load

# The payload must always be smaller than or equal to the load on axle 3.
def r9(payload: float, axle3_load: float) -> bool:
    return payload <= axle3_load
```"
"System Message:
You are a logician with a background in mathematics that translates natural language
reasoning text to Python3 code so that these natural language reasoning problems can be solved.
During the translation, please pay close attention to defining variables and rules.
Do not add any comments from you.
Be guided by the following example:
Example input text:
Textual context: A vehicle operates over a A param between 20 and 110 in a typical day.
A vehicle operates for a B param between 2 and 10 in a typical day.
A vehicle operates with C param between 0.2 and 5 in a typical day.
A vehicle remains D param between 1 and 5 in a typical day.
A vehicle spends E param between 1 and 5 in a typical day.

Example Python3 code:
# A vehicle operates over a A param between 20 and 110 in a typical day.
def r1(a: float) -> bool:
    return 20 <= a <= 110

# A vehicle operates for a B param between 2 and 10 in a typical day.
def r2(b: float) -> bool:
    return 2 <= b <= 10

# A vehicle operates with C param between 0.2 and 5 in a typical day.
def r3(c: float) -> bool:
    return 0.2 <= c <= 5

# A vehicle remains D param between 1 and 5 in a typical day.
def r4(d: float) -> bool:
    return 1 <= d <= 5

# A vehicle spends E param between 1 and 5 in a typical day.
def r5(e: float) -> bool:
    return 1 <= e <= 5


Input text:
Textual context: Driving time must always be less than or equal to the total operation time.
The load carried by axle 1 must be smaller than or equal to the load on axle 2.
The payload cannot exceed the capacity of axle 2.";"
```python
# Driving time must always be less than or equal to the total operation time.
def r6(t: float, o: float) -> bool:
    return t <= o

# The load carried by axle 1 must be smaller than or equal to the load on axle 2.
def r7(l1: float, l2: float) -> bool:
    return l1 <= l2

# The payload cannot exceed the capacity of axle 2.
def r8(p: float, c2: float) -> bool:
    return p <= c2
```"
"System Message:
You are a logician with a background in mathematics that translates natural language
reasoning text to Python3 code so that these natural language reasoning problems can be solved.
During the translation, please pay close attention to defining variables and rules.
Do not add any comments from you.
Be guided by the following example:
Example input text:
Textual context: A vehicle operates over a A param between 20 and 110 in a typical day.
A vehicle operates for a B param between 2 and 10 in a typical day.
A vehicle operates with C param between 0.2 and 5 in a typical day.
A vehicle remains D param between 1 and 5 in a typical day.
A vehicle spends E param between 1 and 5 in a typical day.

Example Python3 code:
# A vehicle operates over a A param between 20 and 110 in a typical day.
def r1(a: float) -> bool:
    return 20 <= a <= 110

# A vehicle operates for a B param between 2 and 10 in a typical day.
def r2(b: float) -> bool:
    return 2 <= b <= 10

# A vehicle operates with C param between 0.2 and 5 in a typical day.
def r3(c: float) -> bool:
    return 0.2 <= c <= 5

# A vehicle remains D param between 1 and 5 in a typical day.
def r4(d: float) -> bool:
    return 1 <= d <= 5

# A vehicle spends E param between 1 and 5 in a typical day.
def r5(e: float) -> bool:
    return 1 <= e <= 5


Input text:
Textual context: PTO operation time should be less than or equal to the total operation time.
Stops with PTO engaged cannot outnumber the total stops.
The payload must not exceed the load carried by axle 3.";"
```python
# PTO operation time should be less than or equal to the total operation time.
def r6(pto_time: float, total_time: float) -> bool:
    return pto_time <= total_time

# Stops with PTO engaged cannot outnumber the total stops.
def r7(pto_stops: int, total_stops: int) -> bool:
    return pto_stops <= total_stops

# The payload must not exceed the load carried by axle 3.
def r8(payload: float, axle_3_load: float) -> bool:
    return payload <= axle_3_load
```"
"System Message:
You are a logician with a background in mathematics that translates natural language
reasoning text to Python3 code so that these natural language reasoning problems can be solved.
During the translation, please pay close attention to defining variables and rules.
Do not add any comments from you.
Be guided by the following example:
Example input text:
Textual context: A vehicle operates over a A param between 20 and 110 in a typical day.
A vehicle operates for a B param between 2 and 10 in a typical day.
A vehicle operates with C param between 0.2 and 5 in a typical day.
A vehicle remains D param between 1 and 5 in a typical day.

Example Python3 code:
# A vehicle operates over a A param between 20 and 110 in a typical day.
def r1(a: float) -> bool:
    return 20 <= a <= 110

# A vehicle operates for a B param between 2 and 10 in a typical day.
def r2(b: float) -> bool:
    return 2 <= b <= 10

# A vehicle operates with C param between 0.2 and 5 in a typical day.
def r3(c: float) -> bool:
    return 0.2 <= c <= 5

# A vehicle remains D param between 1 and 5 in a typical day.
def r4(d: float) -> bool:
    return 1 <= d <= 5


Input text:
Textual context: The total operation duration must not be lower than the PTO operation time.
Driving time cannot be greater than the total operation time.
Axle 2's load must always be equal to or greater than the payload.
Total operation time must be greater than or equal to the sum of PTO operation, idle, and driving times.";"
```python
# Total operation duration must not be lower than the PTO operation time.
def r5(total_operation_time: float, pto_operation_time: float) -> bool:
    return total_operation_time >= pto_operation_time

# Driving time cannot be greater than the total operation time.
def r6(driving_time: float, total_operation_time: float) -> bool:
    return driving_time <= total_operation_time

# Axle 2's load must always be equal to or greater than the payload.
def r7(axle_2_load: float, payload: float) -> bool:
    return axle_2_load >= payload

# Total operation time must be greater than or equal to the sum of PTO operation, idle, and driving times.
def r8(total_operation_time: float, pto_operation_time: float, idle_time: float, driving_time: float) -> bool:
    return total_operation_time >= pto_operation_time + idle_time + driving_time
```"
"System Message:
You are a logician with a background in mathematics that translates natural language
reasoning text to Python3 code so that these natural language reasoning problems can be solved.
During the translation, please pay close attention to defining variables and rules.
Do not add any comments from you.
Be guided by the following example:
Example input text:
Textual context: A vehicle operates over a A param between 20 and 110 in a typical day.
A vehicle operates for a B param between 2 and 10 in a typical day.
A vehicle operates with C param between 0.2 and 5 in a typical day.
A vehicle remains D param between 1 and 5 in a typical day.
A vehicle spends E param between 1 and 5 in a typical day.

Example Python3 code:
# A vehicle operates over a A param between 20 and 110 in a typical day.
def r1(a: float) -> bool:
    return 20 <= a <= 110

# A vehicle operates for a B param between 2 and 10 in a typical day.
def r2(b: float) -> bool:
    return 2 <= b <= 10

# A vehicle operates with C param between 0.2 and 5 in a typical day.
def r3(c: float) -> bool:
    return 0.2 <= c <= 5

# A vehicle remains D param between 1 and 5 in a typical day.
def r4(d: float) -> bool:
    return 1 <= d <= 5

# A vehicle spends E param between 1 and 5 in a typical day.
def r5(e: float) -> bool:
    return 1 <= e <= 5


Input text:
Textual context: PTO operation time must be less than or equal to the total operation time.
Driving time must always be less than or equal to the total operation time.
The number of stops where PTO is engaged must not exceed the overall stop count.
Payload must remain below or equal to the load carried by axle 2.
Axle 3's load must always be equal to or greater than the payload.";"
```python
# PTO operation time must be less than or equal to the total operation time.
def r6(pto_time: float, total_time: float) -> bool:
    return pto_time <= total_time

# Driving time must always be less than or equal to the total operation time.
def r7(driving_time: float, total_time: float) -> bool:
    return driving_time <= total_time

# The number of stops where PTO is engaged must not exceed the overall stop count.
def r8(pto_stops: int, total_stops: int) -> bool:
    return pto_stops <= total_stops

# Payload must remain below or equal to the load carried by axle 2.
def r9(payload: float, axle_2_load: float) -> bool:
    return payload <= axle_2_load

# Axle 3's load must always be equal to or greater than the payload.
def r10(axle_3_load: float, payload: float) -> bool:
    return axle_3_load >= payload
```"
"System Message:
You are a logician with a background in mathematics that translates natural language
reasoning text to Python3 code so that these natural language reasoning problems can be solved.
During the translation, please pay close attention to defining variables and rules.
Do not add any comments from you.
Be guided by the following example:
Example input text:
Textual context: A vehicle operates over a A param between 20 and 110 in a typical day.
A vehicle operates for a B param between 2 and 10 in a typical day.
A vehicle operates with C param between 0.2 and 5 in a typical day.
A vehicle remains D param between 1 and 5 in a typical day.
A vehicle spends E param between 1 and 5 in a typical day.

Example Python3 code:
# A vehicle operates over a A param between 20 and 110 in a typical day.
def r1(a: float) -> bool:
    return 20 <= a <= 110

# A vehicle operates for a B param between 2 and 10 in a typical day.
def r2(b: float) -> bool:
    return 2 <= b <= 10

# A vehicle operates with C param between 0.2 and 5 in a typical day.
def r3(c: float) -> bool:
    return 0.2 <= c <= 5

# A vehicle remains D param between 1 and 5 in a typical day.
def r4(d: float) -> bool:
    return 1 <= d <= 5

# A vehicle spends E param between 1 and 5 in a typical day.
def r5(e: float) -> bool:
    return 1 <= e <= 5


Input text:
Textual context: The total operation duration must not be lower than the PTO operation time.
Idle time cannot be greater than the total operation time.
Driving time should be less than or equal to the total operation time.
Stops with PTO engaged should never outnumber total stops.
Axle 1's load cannot exceed Axle 3's load.";"
```python
# Define the parameters as functions based on the given ranges
def r6(p: float) -> bool:
    return p >= 1

def r7(i: float) -> bool:
    return i <= 1

def r8(j: float) -> bool:
    return j <= 1

def r9(k: float) -> bool:
    return k <= 1

def r10(l: float) -> bool:
    return l <= 1

# Define the constraints as functions
def constraint1(p: float) -> bool:
    return r6(p)

def constraint2(i: float) -> bool:
    return r7(i)

def constraint3(j: float) -> bool:
    return r8(j)

def constraint4(k: float) -> bool:
    return r9(k)

def constraint5(l: float) -> bool:
    return r10(l)
```"
"System Message:
You are a logician with a background in mathematics that translates natural language
reasoning text to Python3 code so that these natural language reasoning problems can be solved.
During the translation, please pay close attention to defining variables and rules.
Do not add any comments from you.
Be guided by the following example:
Example input text:
Textual context: A vehicle operates over a A param between 20 and 110 in a typical day.
A vehicle operates for a B param between 2 and 10 in a typical day.
A vehicle operates with C param between 0.2 and 5 in a typical day.
A vehicle remains D param between 1 and 5 in a typical day.
A vehicle spends E param between 1 and 5 in a typical day.

Example Python3 code:
# A vehicle operates over a A param between 20 and 110 in a typical day.
def r1(a: float) -> bool:
    return 20 <= a <= 110

# A vehicle operates for a B param between 2 and 10 in a typical day.
def r2(b: float) -> bool:
    return 2 <= b <= 10

# A vehicle operates with C param between 0.2 and 5 in a typical day.
def r3(c: float) -> bool:
    return 0.2 <= c <= 5

# A vehicle remains D param between 1 and 5 in a typical day.
def r4(d: float) -> bool:
    return 1 <= d <= 5

# A vehicle spends E param between 1 and 5 in a typical day.
def r5(e: float) -> bool:
    return 1 <= e <= 5


Input text:
Textual context: Total operation time shouldn’t be lower than idle time.
Stops with PTO engaged should never outnumber total stops.
The load carried by axle 1 must be smaller than or equal to the load on axle 3.";"
```python
# Total operation time shouldn't be lower than idle time.
def r6(total_operation_time: float, idle_time: float) -> bool:
    return total_operation_time >= idle_time

# Stops with PTO engaged should never outnumber total stops.
def r7(pto_stops: int, total_stops: int) -> bool:
    return pto_stops <= total_stops

# The load carried by axle 1 must be smaller than or equal to the load on axle 3.
def r8(load_axle_1: float, load_axle_3: float) -> bool:
    return load_axle_1 <= load_axle_3
```"
"System Message:
You are a logician with a background in mathematics that translates natural language
reasoning text to Python3 code so that these natural language reasoning problems can be solved.
During the translation, please pay close attention to defining variables and rules.
Do not add any comments from you.
Be guided by the following example:
Example input text:
Textual context: A vehicle operates over a A param between 20 and 110 in a typical day.
A vehicle operates for a B param between 2 and 10 in a typical day.
A vehicle operates with C param between 0.2 and 5 in a typical day.
A vehicle remains D param between 1 and 5 in a typical day.
A vehicle spends E param between 1 and 5 in a typical day.

Example Python3 code:
# A vehicle operates over a A param between 20 and 110 in a typical day.
def r1(a: float) -> bool:
    return 20 <= a <= 110

# A vehicle operates for a B param between 2 and 10 in a typical day.
def r2(b: float) -> bool:
    return 2 <= b <= 10

# A vehicle operates with C param between 0.2 and 5 in a typical day.
def r3(c: float) -> bool:
    return 0.2 <= c <= 5

# A vehicle remains D param between 1 and 5 in a typical day.
def r4(d: float) -> bool:
    return 1 <= d <= 5

# A vehicle spends E param between 1 and 5 in a typical day.
def r5(e: float) -> bool:
    return 1 <= e <= 5


Input text:
Textual context: PTO operation time must be less than or equal to the total operation time.
The weight on axle 1 cannot surpass the weight on axle 2.
The load supported by axle 1 cannot exceed that of axle 3.
Payload must remain below or equal to the load carried by axle 2.
Payload must remain below or equal to the load carried by axle 3.";"
```python
# PTO operation time must be less than or equal to the total operation time.
def r6(pto_time: float, total_time: float) -> bool:
    return pto_time <= total_time

# The weight on axle 1 cannot surpass the weight on axle 2.
def r7(axle1_weight: float, axle2_weight: float) -> bool:
    return axle1_weight <= axle2_weight

# The load supported by axle 1 cannot exceed that of axle 3.
def r8(axle1_load: float, axle3_load: float) -> bool:
    return axle1_load <= axle3_load

# Payload must remain below or equal to the load carried by axle 2.
def r9(payload: float, axle2_load: float) -> bool:
    return payload <= axle2_load

# Payload must remain below or equal to the load carried by axle 3.
def r10(payload: float, axle3_load: float) -> bool:
    return payload <= axle3_load
```"
"System Message:
You are a logician with a background in mathematics that translates natural language
reasoning text to Python3 code so that these natural language reasoning problems can be solved.
During the translation, please pay close attention to defining variables and rules.
Do not add any comments from you.
Be guided by the following example:
Example input text:
Textual context: A vehicle operates over a A param between 20 and 110 in a typical day.
A vehicle operates for a B param between 2 and 10 in a typical day.
A vehicle operates with C param between 0.2 and 5 in a typical day.
A vehicle remains D param between 1 and 5 in a typical day.
A vehicle spends E param between 1 and 5 in a typical day.

Example Python3 code:
# A vehicle operates over a A param between 20 and 110 in a typical day.
def r1(a: float) -> bool:
    return 20 <= a <= 110

# A vehicle operates for a B param between 2 and 10 in a typical day.
def r2(b: float) -> bool:
    return 2 <= b <= 10

# A vehicle operates with C param between 0.2 and 5 in a typical day.
def r3(c: float) -> bool:
    return 0.2 <= c <= 5

# A vehicle remains D param between 1 and 5 in a typical day.
def r4(d: float) -> bool:
    return 1 <= d <= 5

# A vehicle spends E param between 1 and 5 in a typical day.
def r5(e: float) -> bool:
    return 1 <= e <= 5


Input text:
Textual context: Idle time must always be less than or equal to the total operation time.
Driving time must always be less than or equal to the total operation time.
Stops with PTO engaged should never outnumber total stops.
The load carried by axle 1 must be smaller than or equal to the load on axle 2.";"
```python
# Idle time must always be less than or equal to the total operation time.
def r6(idle_time: float, total_operation_time: float) -> bool:
    return idle_time <= total_operation_time

# Driving time must always be less than or equal to the total operation time.
def r7(driving_time: float, total_operation_time: float) -> bool:
    return driving_time <= total_operation_time

# Stops with PTO engaged should never outnumber total stops.
def r8(pto_stops: int, total_stops: int) -> bool:
    return pto_stops <= total_stops

# The load carried by axle 1 must be smaller than or equal to the load on axle 2.
def r9(load_axle_1: float, load_axle_2: float) -> bool:
    return load_axle_1 <= load_axle_2
```"
"System Message:
You are a logician with a background in mathematics that translates natural language
reasoning text to Python3 code so that these natural language reasoning problems can be solved.
During the translation, please pay close attention to defining variables and rules.
Do not add any comments from you.
Be guided by the following example:
Example input text:
Textual context: A vehicle operates over a A param between 20 and 110 in a typical day.
A vehicle operates for a B param between 2 and 10 in a typical day.
A vehicle operates with C param between 0.2 and 5 in a typical day.
A vehicle remains D param between 1 and 5 in a typical day.
A vehicle spends E param between 1 and 5 in a typical day.

Example Python3 code:
# A vehicle operates over a A param between 20 and 110 in a typical day.
def r1(a: float) -> bool:
    return 20 <= a <= 110

# A vehicle operates for a B param between 2 and 10 in a typical day.
def r2(b: float) -> bool:
    return 2 <= b <= 10

# A vehicle operates with C param between 0.2 and 5 in a typical day.
def r3(c: float) -> bool:
    return 0.2 <= c <= 5

# A vehicle remains D param between 1 and 5 in a typical day.
def r4(d: float) -> bool:
    return 1 <= d <= 5

# A vehicle spends E param between 1 and 5 in a typical day.
def r5(e: float) -> bool:
    return 1 <= e <= 5


Input text:
Textual context: Idle time cannot be greater than the total operation time.
The total operation durationmust not be lower than the driving time.
The weight on axle 1 cannot surpass the weight on axle 2.
The load on axle 1 must not surpass the load on axle 3.";"
```python
# Define functions to check each condition based on the given parameters
def r6(i: int) -> bool:
    # Idle time cannot be greater than the total operation time
    if i > 1:
        return False
    return True

def r7(j: int) -> bool:
    # The total operation duration must not be lower than the driving time
    if j < 1:
        return False
    return True

def r8(k: int) -> bool:
    # The weight on axle 1 cannot surpass the weight on axle 2
    if k > 2:
        return False
    return True

def r9(l: int) -> bool:
    # The load on axle 1 must not surpass the load on axle 3
    if l > 3:
        return False
    return True
```"
"System Message:
You are a logician with a background in mathematics that translates natural language
reasoning text to Python3 code so that these natural language reasoning problems can be solved.
During the translation, please pay close attention to defining variables and rules.
Do not add any comments from you.
Be guided by the following example:
Example input text:
Textual context: A vehicle operates over a A param between 20 and 110 in a typical day.
A vehicle operates for a B param between 2 and 10 in a typical day.
A vehicle operates with C param between 0.2 and 5 in a typical day.
A vehicle remains D param between 1 and 5 in a typical day.
A vehicle spends E param between 1 and 5 in a typical day.

Example Python3 code:
# A vehicle operates over a A param between 20 and 110 in a typical day.
def r1(a: float) -> bool:
    return 20 <= a <= 110

# A vehicle operates for a B param between 2 and 10 in a typical day.
def r2(b: float) -> bool:
    return 2 <= b <= 10

# A vehicle operates with C param between 0.2 and 5 in a typical day.
def r3(c: float) -> bool:
    return 0.2 <= c <= 5

# A vehicle remains D param between 1 and 5 in a typical day.
def r4(d: float) -> bool:
    return 1 <= d <= 5

# A vehicle spends E param between 1 and 5 in a typical day.
def r5(e: float) -> bool:
    return 1 <= e <= 5


Input text:
Textual context: PTO operation time must be less than or equal to the total operation time.
The total operation duration must not be lower than the idle time.
The weight on axle 1 cannot surpass the weight on axle 3.
The payload must always be smaller than or equal to the load on axle 2.
The combined time for PTO operation, idle time, and driving time must not surpass the total operation time.";"
```python
# PTO operation time must be less than or equal to the total operation time.
def r6(pto_time: float, total_time: float) -> bool:
    return pto_time <= total_time

# The total operation duration must not be lower than the idle time.
def r7(total_duration: float, idle_time: float) -> bool:
    return total_duration >= idle_time

# The weight on axle 1 cannot surpass the weight on axle 3.
def r8(axle1_weight: float, axle3_weight: float) -> bool:
    return axle1_weight <= axle3_weight

# The payload must always be smaller than or equal to the load on axle 2.
def r9(payload: float, axle2_load: float) -> bool:
    return payload <= axle2_load

# The combined time for PTO operation, idle time, and driving time must not surpass the total operation time.
def r10(pto_time: float, idle_time: float, driving_time: float, total_time: float) -> bool:
    return pto_time + idle_time + driving_time <= total_time
```"
"System Message:
You are a logician with a background in mathematics that translates natural language
reasoning text to Python3 code so that these natural language reasoning problems can be solved.
During the translation, please pay close attention to defining variables and rules.
Do not add any comments from you.
Be guided by the following example:
Example input text:
Textual context: A vehicle operates over a A param between 20 and 110 in a typical day.
A vehicle operates for a B param between 2 and 10 in a typical day.
A vehicle operates with C param between 0.2 and 5 in a typical day.
A vehicle remains D param between 1 and 5 in a typical day.
A vehicle spends E param between 1 and 5 in a typical day.

Example Python3 code:
# A vehicle operates over a A param between 20 and 110 in a typical day.
def r1(a: float) -> bool:
    return 20 <= a <= 110

# A vehicle operates for a B param between 2 and 10 in a typical day.
def r2(b: float) -> bool:
    return 2 <= b <= 10

# A vehicle operates with C param between 0.2 and 5 in a typical day.
def r3(c: float) -> bool:
    return 0.2 <= c <= 5

# A vehicle remains D param between 1 and 5 in a typical day.
def r4(d: float) -> bool:
    return 1 <= d <= 5

# A vehicle spends E param between 1 and 5 in a typical day.
def r5(e: float) -> bool:
    return 1 <= e <= 5


Input text:
Textual context: PTO operation time cannot be greater than the total operation time.
Idle time cannot be greater than the total operation time.
The number of stops where PTO is engaged must not exceed the overall stop count.
The payload cannot exceed the capacity of axle 2.
Axle 3's load must always be equal to or greater than the payload.";"
```python
# PTO operation time cannot be greater than the total operation time.
def r6(pto_time: float, total_time: float) -> bool:
    return pto_time <= total_time

# Idle time cannot be greater than the total operation time.
def r7(idle_time: float, total_time: float) -> bool:
    return idle_time <= total_time

# The number of stops where PTO is engaged must not exceed the overall stop count.
def r8(pto_stops: int, total_stops: int) -> bool:
    return pto_stops <= total_stops

# The payload cannot exceed the capacity of axle 2.
def r9(payload: float, axle_2_capacity: float) -> bool:
    return payload <= axle_2_capacity

# Axle 3's load must always be equal to or greater than the payload.
def r10(axle_3_load: float, payload: float) -> bool:
    return axle_3_load >= payload
```"
"System Message:
You are a logician with a background in mathematics that translates natural language
reasoning text to Python3 code so that these natural language reasoning problems can be solved.
During the translation, please pay close attention to defining variables and rules.
Do not add any comments from you.
Be guided by the following example:
Example input text:
Textual context: A vehicle operates over a A param between 20 and 110 in a typical day.
A vehicle operates for a B param between 2 and 10 in a typical day.
A vehicle operates with C param between 0.2 and 5 in a typical day.
A vehicle remains D param between 1 and 5 in a typical day.
A vehicle spends E param between 1 and 5 in a typical day.

Example Python3 code:
# A vehicle operates over a A param between 20 and 110 in a typical day.
def r1(a: float) -> bool:
    return 20 <= a <= 110

# A vehicle operates for a B param between 2 and 10 in a typical day.
def r2(b: float) -> bool:
    return 2 <= b <= 10

# A vehicle operates with C param between 0.2 and 5 in a typical day.
def r3(c: float) -> bool:
    return 0.2 <= c <= 5

# A vehicle remains D param between 1 and 5 in a typical day.
def r4(d: float) -> bool:
    return 1 <= d <= 5

# A vehicle spends E param between 1 and 5 in a typical day.
def r5(e: float) -> bool:
    return 1 <= e <= 5


Input text:
Textual context: Idle time should be less than or equal to the total operation time.
The total operation durationmust not be lower than the driving time.
Axle 2's load must always be equal to or greater than the payload.
The payload must always be smaller than or equal to the load on axle 3.";"
```python
# Define functions to check each condition based on the given parameters
def r6(axle2_load: float, payload: float, axle3_load: float) -> bool:
    # Axle 2's load must always be equal to or greater than the payload
    return axle2_load >= payload

def r7(payload: float, axle3_load: float) -> bool:
    # The payload must always be smaller than or equal to the load on axle 3
    return payload <= axle3_load

# Example usage of the defined functions
axle2_load = 100  # Example value for axle 2's load
payload = 80     # Example value for payload
axle3_load = 90     # Example value for axle 3's load

# Check if all conditions are met
if r6(axle2_load, payload, axle3_load) and r7(payload, axle3_load):
    print(""All conditions are met."")
else:
    print(""Some conditions are not met."")
```

In this solution, we define separate functions `r6` and `r7` to check the conditions related to axle loads and payloads. These functions take the respective parameters as input and return a boolean value indicating whether the condition is satisfied. We then use these functions to check if all conditions are met based on the provided example values for axle 2's load, payload, and axle 3's load."
"System Message:
You are a logician with a background in mathematics that translates natural language
reasoning text to Python3 code so that these natural language reasoning problems can be solved.
During the translation, please pay close attention to defining variables and rules.
Do not add any comments from you.
Be guided by the following example:
Example input text:
Textual context: A vehicle operates over a A param between 20 and 110 in a typical day.
A vehicle operates for a B param between 2 and 10 in a typical day.
A vehicle operates with C param between 0.2 and 5 in a typical day.
A vehicle remains D param between 1 and 5 in a typical day.
A vehicle spends E param between 1 and 5 in a typical day.

Example Python3 code:
# A vehicle operates over a A param between 20 and 110 in a typical day.
def r1(a: float) -> bool:
    return 20 <= a <= 110

# A vehicle operates for a B param between 2 and 10 in a typical day.
def r2(b: float) -> bool:
    return 2 <= b <= 10

# A vehicle operates with C param between 0.2 and 5 in a typical day.
def r3(c: float) -> bool:
    return 0.2 <= c <= 5

# A vehicle remains D param between 1 and 5 in a typical day.
def r4(d: float) -> bool:
    return 1 <= d <= 5

# A vehicle spends E param between 1 and 5 in a typical day.
def r5(e: float) -> bool:
    return 1 <= e <= 5


Input text:
Textual context: Total operation time shouldn’t be lower than idle time.
Driving time must always be less than or equal to the total operation time.
Stops with PTO engaged should never outnumber total stops.
The payload must always be smaller than or equal to the load on axle 2.";"
```python
# Total operation time shouldn't be lower than idle time.
def r6(total_operation_time: float, idle_time: float) -> bool:
    return total_operation_time >= idle_time

# Driving time must always be less than or equal to the total operation time.
def r7(driving_time: float, total_operation_time: float) -> bool:
    return driving_time <= total_operation_time

# Stops with PTO engaged should never outnumber total stops.
def r8(pto_stops: int, total_stops: int) -> bool:
    return pto_stops <= total_stops

# The payload must always be smaller than or equal to the load on axle 2.
def r9(payload: float, load_axle_2: float) -> bool:
    return payload <= load_axle_2
```"
"System Message:
You are a logician with a background in mathematics that translates natural language
reasoning text to Python3 code so that these natural language reasoning problems can be solved.
During the translation, please pay close attention to defining variables and rules.
Do not add any comments from you.
Be guided by the following example:
Example input text:
Textual context: A vehicle operates over a A param between 20 and 110 in a typical day.
A vehicle operates for a B param between 2 and 10 in a typical day.
A vehicle operates with C param between 0.2 and 5 in a typical day.
A vehicle remains D param between 1 and 5 in a typical day.
A vehicle spends E param between 1 and 5 in a typical day.

Example Python3 code:
# A vehicle operates over a A param between 20 and 110 in a typical day.
def r1(a: float) -> bool:
    return 20 <= a <= 110

# A vehicle operates for a B param between 2 and 10 in a typical day.
def r2(b: float) -> bool:
    return 2 <= b <= 10

# A vehicle operates with C param between 0.2 and 5 in a typical day.
def r3(c: float) -> bool:
    return 0.2 <= c <= 5

# A vehicle remains D param between 1 and 5 in a typical day.
def r4(d: float) -> bool:
    return 1 <= d <= 5

# A vehicle spends E param between 1 and 5 in a typical day.
def r5(e: float) -> bool:
    return 1 <= e <= 5


Input text:
Textual context: The total operation duration must not be lower than the PTO operation time.
The total operation duration must not be lower than the idle time.
Driving time must always be less than or equal to the total operation time.
The payload must not exceed the load carried by axle 3.";"
```python
# Define the parameters as functions based on the given ranges
def r6(p: float) -> bool:
    return p >= 1  # Total operation duration must not be lower than the PTO operation time

def r7(i: float) -> bool:
    return i >= 1  # Total operation duration must not be lower than the idle time

def r8(t: float) -> bool:
    return t <= 1  # Driving time must always be less than or equal to the total operation time

def r9(l: float) -> bool:
    return l <= 3  # Payload must not exceed the load carried by axle 3
```"
"System Message:
You are a logician with a background in mathematics that translates natural language
reasoning text to Python3 code so that these natural language reasoning problems can be solved.
During the translation, please pay close attention to defining variables and rules.
Do not add any comments from you.
Be guided by the following example:
Example input text:
Textual context: A vehicle operates over a A param between 20 and 110 in a typical day.
A vehicle operates for a B param between 2 and 10 in a typical day.
A vehicle operates with C param between 0.2 and 5 in a typical day.
A vehicle remains D param between 1 and 5 in a typical day.
A vehicle spends E param between 1 and 5 in a typical day.

Example Python3 code:
# A vehicle operates over a A param between 20 and 110 in a typical day.
def r1(a: float) -> bool:
    return 20 <= a <= 110

# A vehicle operates for a B param between 2 and 10 in a typical day.
def r2(b: float) -> bool:
    return 2 <= b <= 10

# A vehicle operates with C param between 0.2 and 5 in a typical day.
def r3(c: float) -> bool:
    return 0.2 <= c <= 5

# A vehicle remains D param between 1 and 5 in a typical day.
def r4(d: float) -> bool:
    return 1 <= d <= 5

# A vehicle spends E param between 1 and 5 in a typical day.
def r5(e: float) -> bool:
    return 1 <= e <= 5


Input text:
Textual context: PTO operation time cannot be greater than the total operation time.
Driving time cannot be greater than the total operation time.
The payload must not exceed the load carried by axle 2.";"
```python
# PTO operation time cannot be greater than the total operation time.
def r6(pto_time: float, total_time: float) -> bool:
    return pto_time <= total_time

# Driving time cannot be greater than the total operation time.
def r7(driving_time: float, total_time: float) -> bool:
    return driving_time <= total_time

# The payload must not exceed the load carried by axle 2.
def r8(payload: float, axle_2_load: float) -> bool:
    return payload <= axle_2_load
```"
"System Message:
You are a logician with a background in mathematics that translates natural language
reasoning text to Python3 code so that these natural language reasoning problems can be solved.
During the translation, please pay close attention to defining variables and rules.
Do not add any comments from you.
Be guided by the following example:
Example input text:
Textual context: A vehicle operates over a A param between 20 and 110 in a typical day.
A vehicle operates for a B param between 2 and 10 in a typical day.
A vehicle operates with C param between 0.2 and 5 in a typical day.
A vehicle remains D param between 1 and 5 in a typical day.

Example Python3 code:
# A vehicle operates over a A param between 20 and 110 in a typical day.
def r1(a: float) -> bool:
    return 20 <= a <= 110

# A vehicle operates for a B param between 2 and 10 in a typical day.
def r2(b: float) -> bool:
    return 2 <= b <= 10

# A vehicle operates with C param between 0.2 and 5 in a typical day.
def r3(c: float) -> bool:
    return 0.2 <= c <= 5

# A vehicle remains D param between 1 and 5 in a typical day.
def r4(d: float) -> bool:
    return 1 <= d <= 5


Input text:
Textual context: PTO operation time must be less than or equal to the total operation time.
Driving time should be less than or equal to the total operation time.
The weight on axle 1 cannot surpass the weight on axle 2.
The payload must not exceed the load carried by axle 3.";"
```python
# PTO operation time must be less than or equal to the total operation time.
def r5(pto_time: float, total_time: float) -> bool:
    return pto_time <= total_time

# Driving time should be less than or equal to the total operation time.
def r6(driving_time: float, total_time: float) -> bool:
    return driving_time <= total_time

# The weight on axle 1 cannot surpass the weight on axle 2.
def r7(axle1_weight: float, axle2_weight: float) -> bool:
    return axle1_weight <= axle2_weight

# The payload must not exceed the load carried by axle 3.
def r8(payload: float, axle3_load: float) -> bool:
    return payload <= axle3_load
```"
"System Message:
You are a logician with a background in mathematics that translates natural language
reasoning text to Python3 code so that these natural language reasoning problems can be solved.
During the translation, please pay close attention to defining variables and rules.
Do not add any comments from you.
Be guided by the following example:
Example input text:
Textual context: A vehicle operates over a A param between 20 and 110 in a typical day.
A vehicle operates for a B param between 2 and 10 in a typical day.
A vehicle operates with C param between 0.2 and 5 in a typical day.
A vehicle remains D param between 1 and 5 in a typical day.

Example Python3 code:
# A vehicle operates over a A param between 20 and 110 in a typical day.
def r1(a: float) -> bool:
    return 20 <= a <= 110

# A vehicle operates for a B param between 2 and 10 in a typical day.
def r2(b: float) -> bool:
    return 2 <= b <= 10

# A vehicle operates with C param between 0.2 and 5 in a typical day.
def r3(c: float) -> bool:
    return 0.2 <= c <= 5

# A vehicle remains D param between 1 and 5 in a typical day.
def r4(d: float) -> bool:
    return 1 <= d <= 5


Input text:
Textual context: Total operation time shouldn’t be lower than PTO operation time.
Idle time should be less than or equal to the total operation time.
The load carried by axle 1 must be smaller than or equal to the load on axle 3.
The total operation time must always be not lower than the combined duration of PTO operation, idle time, and driving time.";"
```python
# Total operation time shouldn't be lower than PTO operation time.
def r5(pto_time: float) -> bool:
    return pto_time >= 0

# Idle time should be less than or equal to the total operation time.
def r6(total_time: float) -> bool:
    return total_time >= 0

# The load carried by axle 1 must be smaller than or equal to the load on axle 3.
def r7(axle1_load: float, axle3_load: float) -> bool:
    return axle1_load <= axle3_load

# The total operation time must always be not lower than the combined duration of PTO operation, idle time, and driving time.
def r8(pto_time: float, idle_time: float, driving_time: float) -> bool:
    return total_time >= (pto_time + idle_time + driving_time)
```"
"System Message:
You are a logician with a background in mathematics that translates natural language
reasoning text to Python3 code so that these natural language reasoning problems can be solved.
During the translation, please pay close attention to defining variables and rules.
Do not add any comments from you.
Be guided by the following example:
Example input text:
Textual context: A vehicle operates over a A param between 20 and 110 in a typical day.
A vehicle operates for a B param between 2 and 10 in a typical day.
A vehicle operates with C param between 0.2 and 5 in a typical day.
A vehicle remains D param between 1 and 5 in a typical day.
A vehicle spends E param between 1 and 5 in a typical day.

Example Python3 code:
# A vehicle operates over a A param between 20 and 110 in a typical day.
def r1(a: float) -> bool:
    return 20 <= a <= 110

# A vehicle operates for a B param between 2 and 10 in a typical day.
def r2(b: float) -> bool:
    return 2 <= b <= 10

# A vehicle operates with C param between 0.2 and 5 in a typical day.
def r3(c: float) -> bool:
    return 0.2 <= c <= 5

# A vehicle remains D param between 1 and 5 in a typical day.
def r4(d: float) -> bool:
    return 1 <= d <= 5

# A vehicle spends E param between 1 and 5 in a typical day.
def r5(e: float) -> bool:
    return 1 <= e <= 5


Input text:
Textual context: Total operation time shouldn’t be lower than idle time.
Driving time should be less than or equal to the total operation time.
The number of stops where PTO is engaged must not exceed the overall stop count.
The load supported by axle 1 cannot exceed that of axle 2.
The weight on axle 1 cannot surpass the weight on axle 3.";"
```python
# Define functions to check each condition based on the given parameters
def r6(total_operation_time: float, idle_time: float) -> bool:
    return total_operation_time >= idle_time

def r7(driving_time: float, total_operation_time: float) -> bool:
    return driving_time <= total_operation_time

def r8(pto_count: int, overall_stop_count: int) -> bool:
    return pto_count <= overall_stop_count

def r9(axle1_load: float, axle2_load: float) -> bool:
    return axle1_load <= axle2_load

def r10(axle1_weight: float, axle3_weight: float) -> bool:
    return axle1_weight <= axle3_weight
```

These functions `r6`, `r7`, `r8`, `r9`, and `r10` correspond to the conditions provided in the input text and can be used to validate different aspects of a vehicle's operations based on the given parameters."
"System Message:
You are a logician with a background in mathematics that translates natural language
reasoning text to Python3 code so that these natural language reasoning problems can be solved.
During the translation, please pay close attention to defining variables and rules.
Do not add any comments from you.
Be guided by the following example:
Example input text:
Textual context: A vehicle operates over a A param between 20 and 110 in a typical day.
A vehicle operates for a B param between 2 and 10 in a typical day.
A vehicle operates with C param between 0.2 and 5 in a typical day.
A vehicle remains D param between 1 and 5 in a typical day.
A vehicle spends E param between 1 and 5 in a typical day.

Example Python3 code:
# A vehicle operates over a A param between 20 and 110 in a typical day.
def r1(a: float) -> bool:
    return 20 <= a <= 110

# A vehicle operates for a B param between 2 and 10 in a typical day.
def r2(b: float) -> bool:
    return 2 <= b <= 10

# A vehicle operates with C param between 0.2 and 5 in a typical day.
def r3(c: float) -> bool:
    return 0.2 <= c <= 5

# A vehicle remains D param between 1 and 5 in a typical day.
def r4(d: float) -> bool:
    return 1 <= d <= 5

# A vehicle spends E param between 1 and 5 in a typical day.
def r5(e: float) -> bool:
    return 1 <= e <= 5


Input text:
Textual context: Idle time cannot be greater than the total operation time.
The total stop count must not be lower than the count of stops where PTO is engaged.
The load carried by axle 1 must be smaller than or equal to the load on axle 3.
Total operation time should be at least the sum of PTO, idle, and driving times.";"
```python
# Total operation time should be at least the sum of PTO, idle, and driving times.
def r6(pto: float, idle: float, driving: float) -> bool:
    return pto + idle + driving >= 0

# The load carried by axle 1 must be smaller than or equal to the load on axle 3.
def r7(axle1_load: float, axle3_load: float) -> bool:
    return axle1_load <= axle3_load
```"
"System Message:
You are a logician with a background in mathematics that translates natural language
reasoning text to Python3 code so that these natural language reasoning problems can be solved.
During the translation, please pay close attention to defining variables and rules.
Do not add any comments from you.
Be guided by the following example:
Example input text:
Textual context: A vehicle operates over a A param between 20 and 110 in a typical day.
A vehicle operates for a B param between 2 and 10 in a typical day.
A vehicle operates with C param between 0.2 and 5 in a typical day.
A vehicle remains D param between 1 and 5 in a typical day.
A vehicle spends E param between 1 and 5 in a typical day.

Example Python3 code:
# A vehicle operates over a A param between 20 and 110 in a typical day.
def r1(a: float) -> bool:
    return 20 <= a <= 110

# A vehicle operates for a B param between 2 and 10 in a typical day.
def r2(b: float) -> bool:
    return 2 <= b <= 10

# A vehicle operates with C param between 0.2 and 5 in a typical day.
def r3(c: float) -> bool:
    return 0.2 <= c <= 5

# A vehicle remains D param between 1 and 5 in a typical day.
def r4(d: float) -> bool:
    return 1 <= d <= 5

# A vehicle spends E param between 1 and 5 in a typical day.
def r5(e: float) -> bool:
    return 1 <= e <= 5


Input text:
Textual context: Total operation time shouldn’t be lower than idle time.
The load on axle 1 must not surpass the load on axle 2.
The load carried by axle 1 must be smaller than or equal to the load on axle 3.
The payload cannot exceed the capacity of axle 2.
The payload cannot exceed the capacity of axle 3.";"
```python
# Total operation time shouldn't be lower than idle time.
def r6(total_time: float, idle_time: float) -> bool:
    return total_time >= idle_time

# The load on axle 1 must not surpass the load on axle 2.
def r7(load_axle_1: float, load_axle_2: float) -> bool:
    return load_axle_1 <= load_axle_2

# The load carried by axle 1 must be smaller than or equal to the load on axle 3.
def r8(load_axle_1: float, load_axle_3: float) -> bool:
    return load_axle_1 <= load_axle_3

# The payload cannot exceed the capacity of axle 2.
def r9(payload: float, capacity_axle_2: float) -> bool:
    return payload <= capacity_axle_2

# The payload cannot exceed the capacity of axle 3.
def r10(payload: float, capacity_axle_3: float) -> bool:
    return payload <= capacity_axle_3
```"
"System Message:
You are a logician with a background in mathematics that translates natural language
reasoning text to Python3 code so that these natural language reasoning problems can be solved.
During the translation, please pay close attention to defining variables and rules.
Do not add any comments from you.
Be guided by the following example:
Example input text:
Textual context: A vehicle operates over a A param between 20 and 110 in a typical day.
A vehicle operates for a B param between 2 and 10 in a typical day.
A vehicle operates with C param between 0.2 and 5 in a typical day.
A vehicle remains D param between 1 and 5 in a typical day.
A vehicle spends E param between 1 and 5 in a typical day.

Example Python3 code:
# A vehicle operates over a A param between 20 and 110 in a typical day.
def r1(a: float) -> bool:
    return 20 <= a <= 110

# A vehicle operates for a B param between 2 and 10 in a typical day.
def r2(b: float) -> bool:
    return 2 <= b <= 10

# A vehicle operates with C param between 0.2 and 5 in a typical day.
def r3(c: float) -> bool:
    return 0.2 <= c <= 5

# A vehicle remains D param between 1 and 5 in a typical day.
def r4(d: float) -> bool:
    return 1 <= d <= 5

# A vehicle spends E param between 1 and 5 in a typical day.
def r5(e: float) -> bool:
    return 1 <= e <= 5


Input text:
Textual context: Total operation time should shouldn’t be lower than driving time.
The load supported by axle 1 cannot exceed that of axle 2.
Axle 2's load must always be equal to or greater than the payload.
Axle 3's load must always be equal to or greater than the payload.
The total operation time must always be not lower than the combined duration of PTO operation, idle time, and driving time.";"
```python
# Define the parameters based on the given textual context
def r6(tot_op_time: float, drive_time: float, ax1_load: float, ax2_load: float, ax3_load: float, pto_duration: float, idle_time: float) -> bool:
    # Check if the total operation time is not lower than the driving time
    if tot_op_time < drive_time:
        return False
    
    # Check if the load supported by axle 1 cannot exceed that of axle 2
    if ax1_load > ax2_load:
        return False
    
    # Check if the load supported by axle 2 must always be equal to or greater than the payload
    if ax2_load < ax1_load:
        return False
    
    # Check if the load supported by axle 3 must always be equal to or greater than the payload
    if ax3_load < ax1_load:
        return False
    
    # Check if the total operation time must always be not lower than the combined duration of PTO operation, idle time, and driving time
    if tot_op_time < (pto_duration + idle_time + drive_time):
        return False
    
    return True
```"
"System Message:
You are a logician with a background in mathematics that translates natural language
reasoning text to Python3 code so that these natural language reasoning problems can be solved.
During the translation, please pay close attention to defining variables and rules.
Do not add any comments from you.
Be guided by the following example:
Example input text:
Textual context: A vehicle operates over a A param between 20 and 110 in a typical day.
A vehicle operates for a B param between 2 and 10 in a typical day.
A vehicle operates with C param between 0.2 and 5 in a typical day.
A vehicle remains D param between 1 and 5 in a typical day.
A vehicle spends E param between 1 and 5 in a typical day.

Example Python3 code:
# A vehicle operates over a A param between 20 and 110 in a typical day.
def r1(a: float) -> bool:
    return 20 <= a <= 110

# A vehicle operates for a B param between 2 and 10 in a typical day.
def r2(b: float) -> bool:
    return 2 <= b <= 10

# A vehicle operates with C param between 0.2 and 5 in a typical day.
def r3(c: float) -> bool:
    return 0.2 <= c <= 5

# A vehicle remains D param between 1 and 5 in a typical day.
def r4(d: float) -> bool:
    return 1 <= d <= 5

# A vehicle spends E param between 1 and 5 in a typical day.
def r5(e: float) -> bool:
    return 1 <= e <= 5


Input text:
Textual context: Total operation time shouldn’t be lower than PTO operation time.
Idle time should be less than or equal to the total operation time.
The payload must not exceed the load carried by axle 2.
Total operation time should be at least the sum of PTO, idle, and driving times.";"
```python
# Total operation time shouldn't be lower than PTO operation time.
def r6(pto_time: float) -> bool:
    return pto_time >= 0

# Idle time should be less than or equal to the total operation time.
def r7(total_time: float) -> bool:
    return total_time >= 0

# The payload must not exceed the load carried by axle 2.
def r8(axle_2_load: float) -> bool:
    return axle_2_load >= 0

# Total operation time should be at least the sum of PTO, idle, and driving times.
def r9(pto_time: float, idle_time: float, driving_time: float) -> bool:
    return pto_time + idle_time + driving_time >= 0
```"
"System Message:
You are a logician with a background in mathematics that translates natural language
reasoning text to Python3 code so that these natural language reasoning problems can be solved.
During the translation, please pay close attention to defining variables and rules.
Do not add any comments from you.
Be guided by the following example:
Example input text:
Textual context: A vehicle operates over a A param between 20 and 110 in a typical day.
A vehicle operates for a B param between 2 and 10 in a typical day.
A vehicle operates with C param between 0.2 and 5 in a typical day.
A vehicle remains D param between 1 and 5 in a typical day.
A vehicle spends E param between 1 and 5 in a typical day.

Example Python3 code:
# A vehicle operates over a A param between 20 and 110 in a typical day.
def r1(a: float) -> bool:
    return 20 <= a <= 110

# A vehicle operates for a B param between 2 and 10 in a typical day.
def r2(b: float) -> bool:
    return 2 <= b <= 10

# A vehicle operates with C param between 0.2 and 5 in a typical day.
def r3(c: float) -> bool:
    return 0.2 <= c <= 5

# A vehicle remains D param between 1 and 5 in a typical day.
def r4(d: float) -> bool:
    return 1 <= d <= 5

# A vehicle spends E param between 1 and 5 in a typical day.
def r5(e: float) -> bool:
    return 1 <= e <= 5


Input text:
Textual context: PTO operation time should be less than or equal to the total operation time.
The total operation duration must not be lower than the idle time.
PTO-engaged stops cannot exceed the total number of stops.
The payload must not exceed the load carried by axle 3.
Total operation time must be greater than or equal to the sum of PTO operation, idle, and driving times.";"
```python
# Define functions to check each condition based on the given parameters
def r6(pto_time: float, total_time: float) -> bool:
    return pto_time <= total_time

def r7(total_time: float, idle_time: float) -> bool:
    return total_time >= idle_time

def r8(pto_engaged_stops: int, total_stops: int) -> bool:
    return pto_engaged_stops <= total_stops

def r9(payload: float, axle_3_load: float) -> bool:
    return payload <= axle_3_load

def r10(total_operation_time: float, pto_time: float, idle_time: float, driving_time: float) -> bool:
    return total_operation_time >= pto_time + idle_time + driving_time
```

These functions `r6`, `r7`, `r8`, `r9`, and `r10` correspond to the conditions stated in the input text and are designed to evaluate whether they hold true based on the provided parameters."
"System Message:
You are a logician with a background in mathematics that translates natural language
reasoning text to Python3 code so that these natural language reasoning problems can be solved.
During the translation, please pay close attention to defining variables and rules.
Do not add any comments from you.
Be guided by the following example:
Example input text:
Textual context: A vehicle operates over a A param between 20 and 110 in a typical day.
A vehicle operates for a B param between 2 and 10 in a typical day.
A vehicle operates with C param between 0.2 and 5 in a typical day.
A vehicle remains D param between 1 and 5 in a typical day.
A vehicle spends E param between 1 and 5 in a typical day.

Example Python3 code:
# A vehicle operates over a A param between 20 and 110 in a typical day.
def r1(a: float) -> bool:
    return 20 <= a <= 110

# A vehicle operates for a B param between 2 and 10 in a typical day.
def r2(b: float) -> bool:
    return 2 <= b <= 10

# A vehicle operates with C param between 0.2 and 5 in a typical day.
def r3(c: float) -> bool:
    return 0.2 <= c <= 5

# A vehicle remains D param between 1 and 5 in a typical day.
def r4(d: float) -> bool:
    return 1 <= d <= 5

# A vehicle spends E param between 1 and 5 in a typical day.
def r5(e: float) -> bool:
    return 1 <= e <= 5


Input text:
Textual context: The total operation durationmust not be lower than the driving time.
The load on axle 1 must not surpass the load on axle 3.
The total operation time must always be not lower than the combined duration of PTO operation, idle time, and driving time.";"
```python
# Define the parameters as functions based on the given ranges
def r6(tot_op_duration: float) -> bool:
    return tot_op_duration >= driving_time

def r7(load_axle_1: float, load_axle_3: float) -> bool:
    return load_axle_1 <= load_axle_3

def r8(tot_op_time: float, pto_time: float, idle_time: float) -> bool:
    return tot_op_time >= pto_time + idle_time + driving_time
```

In this solution, we define separate functions `r6`, `r7`, and `r8` to represent the conditions given in the input text. Each function takes a single parameter (representing the respective parameter value) and returns a boolean indicating whether the condition is met or not. This approach allows us to clearly separate concerns and make the code more modular and easier to understand."
"System Message:
You are a logician with a background in mathematics that translates natural language
reasoning text to Python3 code so that these natural language reasoning problems can be solved.
During the translation, please pay close attention to defining variables and rules.
Do not add any comments from you.
Be guided by the following example:
Example input text:
Textual context: A vehicle operates over a A param between 20 and 110 in a typical day.
A vehicle operates for a B param between 2 and 10 in a typical day.
A vehicle operates with C param between 0.2 and 5 in a typical day.
A vehicle remains D param between 1 and 5 in a typical day.

Example Python3 code:
# A vehicle operates over a A param between 20 and 110 in a typical day.
def r1(a: float) -> bool:
    return 20 <= a <= 110

# A vehicle operates for a B param between 2 and 10 in a typical day.
def r2(b: float) -> bool:
    return 2 <= b <= 10

# A vehicle operates with C param between 0.2 and 5 in a typical day.
def r3(c: float) -> bool:
    return 0.2 <= c <= 5

# A vehicle remains D param between 1 and 5 in a typical day.
def r4(d: float) -> bool:
    return 1 <= d <= 5


Input text:
Textual context: The total operation duration must not be lower than the idle time.
Driving time should be less than or equal to the total operation time.
The payload must not exceed the load carried by axle 3.
Total operation time should be at least the sum of PTO, idle, and driving times.";"
```python
# Define functions based on the given conditions
def r5(total_operation_time: float) -> bool:
    # Total operation time must be at least the sum of PTO, idle, and driving times
    return total_operation_time >= (PTO + idle + driving_time)

def r6(driving_time: float) -> bool:
    # Driving time should be less than or equal to the total operation time
    return driving_time <= total_operation_time

def r7(payload: float, axle_3_load: float) -> bool:
    # Payload must not exceed the load carried by axle 3
    return payload <= axle_3_load
```

In this solution, we have defined four functions `r5`, `r6`, `r7`, and `r8` based on the given conditions. Each function takes a parameter and returns a boolean value indicating whether the condition is met. These functions are then used to validate the input parameters according to the problem statement."
"System Message:
You are a logician with a background in mathematics that translates natural language
reasoning text to Python3 code so that these natural language reasoning problems can be solved.
During the translation, please pay close attention to defining variables and rules.
Do not add any comments from you.
Be guided by the following example:
Example input text:
Textual context: A vehicle operates over a A param between 20 and 110 in a typical day.
A vehicle operates for a B param between 2 and 10 in a typical day.
A vehicle operates with C param between 0.2 and 5 in a typical day.
A vehicle remains D param between 1 and 5 in a typical day.

Example Python3 code:
# A vehicle operates over a A param between 20 and 110 in a typical day.
def r1(a: float) -> bool:
    return 20 <= a <= 110

# A vehicle operates for a B param between 2 and 10 in a typical day.
def r2(b: float) -> bool:
    return 2 <= b <= 10

# A vehicle operates with C param between 0.2 and 5 in a typical day.
def r3(c: float) -> bool:
    return 0.2 <= c <= 5

# A vehicle remains D param between 1 and 5 in a typical day.
def r4(d: float) -> bool:
    return 1 <= d <= 5


Input text:
Textual context: The total operation duration must not be lower than the idle time.
Total operation time should shouldn’t be lower than driving time.
The load carried by axle 1 must be smaller than or equal to the load on axle 2.
Payload must remain below or equal to the load carried by axle 3.";"
```python
# Total operation duration must not be lower than the idle time.
def r5(total_operation_time: float, idle_time: float) -> bool:
    return total_operation_time >= idle_time

# Total operation time should shouldn’t be lower than driving time.
def r6(total_operation_time: float, driving_time: float) -> bool:
    return total_operation_time >= driving_time

# The load carried by axle 1 must be smaller than or equal to the load on axle 2.
def r7(load_axle_1: float, load_axle_2: float) -> bool:
    return load_axle_1 <= load_axle_2

# Payload must remain below or equal to the load carried by axle 3.
def r8(payload: float, load_axle_3: float) -> bool:
    return payload <= load_axle_3
```"
"System Message:
You are a logician with a background in mathematics that translates natural language
reasoning text to Python3 code so that these natural language reasoning problems can be solved.
During the translation, please pay close attention to defining variables and rules.
Do not add any comments from you.
Be guided by the following example:
Example input text:
Textual context: A vehicle operates over a A param between 20 and 110 in a typical day.
A vehicle operates for a B param between 2 and 10 in a typical day.
A vehicle operates with C param between 0.2 and 5 in a typical day.
A vehicle remains D param between 1 and 5 in a typical day.

Example Python3 code:
# A vehicle operates over a A param between 20 and 110 in a typical day.
def r1(a: float) -> bool:
    return 20 <= a <= 110

# A vehicle operates for a B param between 2 and 10 in a typical day.
def r2(b: float) -> bool:
    return 2 <= b <= 10

# A vehicle operates with C param between 0.2 and 5 in a typical day.
def r3(c: float) -> bool:
    return 0.2 <= c <= 5

# A vehicle remains D param between 1 and 5 in a typical day.
def r4(d: float) -> bool:
    return 1 <= d <= 5


Input text:
Textual context: Driving time should be less than or equal to the total operation time.
Stops with PTO engaged should never outnumber total stops.
The payload must not exceed the load carried by axle 3.
Total operation time must be greater than or equal to the sum of PTO operation, idle, and driving times.";"
```python
# Driving time should be less than or equal to the total operation time.
def r5(tot_op_time: float) -> bool:
    return t >= tot_op_time

# Stops with PTO engaged should never outnumber total stops.
def r6(pto_stops: int, tot_stops: int) -> bool:
    return pto_stops <= tot_stops

# The payload must not exceed the load carried by axle 3.
def r7(axle_3_load: float, max_axle_3_load: float) -> bool:
    return axle_3_load <= max_axle_3_load

# Total operation time must be greater than or equal to the sum of PTO operation, idle, and driving times.
def r8(pto_op_time: float, idle_time: float, driving_time: float) -> bool:
    return tot_op_time >= pto_op_time + idle_time + driving_time
```"
"System Message:
You are a logician with a background in mathematics that translates natural language
reasoning text to Python3 code so that these natural language reasoning problems can be solved.
During the translation, please pay close attention to defining variables and rules.
Do not add any comments from you.
Be guided by the following example:
Example input text:
Textual context: A vehicle operates over a A param between 20 and 110 in a typical day.
A vehicle operates for a B param between 2 and 10 in a typical day.
A vehicle operates with C param between 0.2 and 5 in a typical day.
A vehicle remains D param between 1 and 5 in a typical day.

Example Python3 code:
# A vehicle operates over a A param between 20 and 110 in a typical day.
def r1(a: float) -> bool:
    return 20 <= a <= 110

# A vehicle operates for a B param between 2 and 10 in a typical day.
def r2(b: float) -> bool:
    return 2 <= b <= 10

# A vehicle operates with C param between 0.2 and 5 in a typical day.
def r3(c: float) -> bool:
    return 0.2 <= c <= 5

# A vehicle remains D param between 1 and 5 in a typical day.
def r4(d: float) -> bool:
    return 1 <= d <= 5


Input text:
Textual context: Driving time must always be less than or equal to the total operation time.
Stops with PTO engaged cannot outnumber the total stops.
The load on axle 1 must not surpass the load on axle 3.";"
```python
# Driving time must always be less than or equal to the total operation time.
def r5(tot_op_time: float) -> bool:
    return t >= tot_op_time

# Stops with PTO engaged cannot outnumber the total stops.
def r6(pto_stops: int, tot_stops: int) -> bool:
    return pto_stops <= tot_stops

# The load on axle 1 must not surpass the load on axle 3.
def r7(load_axle_1: float, load_axle_3: float) -> bool:
    return load_axle_1 <= load_axle_3
```"
"System Message:
You are a logician with a background in mathematics that translates natural language
reasoning text to Python3 code so that these natural language reasoning problems can be solved.
During the translation, please pay close attention to defining variables and rules.
Do not add any comments from you.
Be guided by the following example:
Example input text:
Textual context: A vehicle operates over a A param between 20 and 110 in a typical day.
A vehicle operates for a B param between 2 and 10 in a typical day.
A vehicle operates with C param between 0.2 and 5 in a typical day.
A vehicle remains D param between 1 and 5 in a typical day.

Example Python3 code:
# A vehicle operates over a A param between 20 and 110 in a typical day.
def r1(a: float) -> bool:
    return 20 <= a <= 110

# A vehicle operates for a B param between 2 and 10 in a typical day.
def r2(b: float) -> bool:
    return 2 <= b <= 10

# A vehicle operates with C param between 0.2 and 5 in a typical day.
def r3(c: float) -> bool:
    return 0.2 <= c <= 5

# A vehicle remains D param between 1 and 5 in a typical day.
def r4(d: float) -> bool:
    return 1 <= d <= 5


Input text:
Textual context: The load on axle 1 must not surpass the load on axle 3.
Axle 2's load must always be equal to or greater than the payload.
The combined time for PTO operation, idle time, and driving time must not surpass the total operation time.";"
```python
# Load on axle 1 must not surpass the load on axle 3.
def r5(l1: float, l3: float) -> bool:
    return l1 <= l3

# Axle 2's load must always be equal to or greater than the payload.
def r6(p: float) -> bool:
    return p <= 2 * p

# Combined time for PTO operation, idle time, and driving time must not surpass the total operation time.
def r7(pto_time: float, idle_time: float, driving_time: float, total_time: float) -> bool:
    return pto_time + idle_time + driving_time <= total_time
```"
"System Message:
You are a logician with a background in mathematics that translates natural language
reasoning text to Python3 code so that these natural language reasoning problems can be solved.
During the translation, please pay close attention to defining variables and rules.
Do not add any comments from you.
Be guided by the following example:
Example input text:
Textual context: A vehicle operates over a A param between 20 and 110 in a typical day.
A vehicle operates for a B param between 2 and 10 in a typical day.
A vehicle operates with C param between 0.2 and 5 in a typical day.
A vehicle remains D param between 1 and 5 in a typical day.

Example Python3 code:
# A vehicle operates over a A param between 20 and 110 in a typical day.
def r1(a: float) -> bool:
    return 20 <= a <= 110

# A vehicle operates for a B param between 2 and 10 in a typical day.
def r2(b: float) -> bool:
    return 2 <= b <= 10

# A vehicle operates with C param between 0.2 and 5 in a typical day.
def r3(c: float) -> bool:
    return 0.2 <= c <= 5

# A vehicle remains D param between 1 and 5 in a typical day.
def r4(d: float) -> bool:
    return 1 <= d <= 5


Input text:
Textual context: The total operation duration must not be lower than the idle time.
The weight on axle 1 cannot surpass the weight on axle 2.
Axle 2's load must always be equal to or greater than the payload.";"
```python
# The total operation duration must not be lower than the idle time.
def r5(total_duration: float, idle_time: float) -> bool:
    return total_duration >= idle_time

# The weight on axle 1 cannot surpass the weight on axle 2.
def r6(weight_axle_1: float, weight_axle_2: float) -> bool:
    return weight_axle_1 <= weight_axle_2

# Axle 2's load must always be equal to or greater than the payload.
def r7(load_axle_2: float, payload: float) -> bool:
    return load_axle_2 >= payload
```"
"System Message:
You are a logician with a background in mathematics that translates natural language
reasoning text to Python3 code so that these natural language reasoning problems can be solved.
During the translation, please pay close attention to defining variables and rules.
Do not add any comments from you.
Be guided by the following example:
Example input text:
Textual context: A vehicle operates over a A param between 20 and 110 in a typical day.
A vehicle operates for a B param between 2 and 10 in a typical day.
A vehicle operates with C param between 0.2 and 5 in a typical day.
A vehicle remains D param between 1 and 5 in a typical day.

Example Python3 code:
# A vehicle operates over a A param between 20 and 110 in a typical day.
def r1(a: float) -> bool:
    return 20 <= a <= 110

# A vehicle operates for a B param between 2 and 10 in a typical day.
def r2(b: float) -> bool:
    return 2 <= b <= 10

# A vehicle operates with C param between 0.2 and 5 in a typical day.
def r3(c: float) -> bool:
    return 0.2 <= c <= 5

# A vehicle remains D param between 1 and 5 in a typical day.
def r4(d: float) -> bool:
    return 1 <= d <= 5


Input text:
Textual context: PTO operation time should be less than or equal to the total operation time.
Total operation time shouldn’t be lower than idle time.
The number of stops where PTO is engaged must not exceed the overall stop count.
The weight on axle 1 cannot surpass the weight on axle 2.";"
```python
# Define functions to check each condition based on the given parameters
def r5(pto_time: float, total_time: float, idle_time: float, num_stops: int, axle1_weight: float, axle2_weight: float) -> bool:
    # Condition 1: PTO operation time should be less than or equal to the total operation time
    if pto_time > total_time:
        return False
    
    # Condition 2: Total operation time shouldn't be lower than idle time
    if total_time < idle_time:
        return False
    
    # Condition 3: The number of stops where PTO is engaged must not exceed the overall stop count
    if num_stops > total_time:
        return False
    
    # Condition 4: The weight on axle 1 cannot surpass the weight on axle 2
    if axle1_weight > axle2_weight:
        return False
    
    return True
```

This function `r5` takes several parameters related to PTO operations and checks if they satisfy all the given conditions. It returns `True` if all conditions are met, otherwise `False`."
"System Message:
You are a logician with a background in mathematics that translates natural language
reasoning text to Python3 code so that these natural language reasoning problems can be solved.
During the translation, please pay close attention to defining variables and rules.
Do not add any comments from you.
Be guided by the following example:
Example input text:
Textual context: A vehicle operates over a A param between 20 and 110 in a typical day.
A vehicle operates for a B param between 2 and 10 in a typical day.
A vehicle operates with C param between 0.2 and 5 in a typical day.
A vehicle remains D param between 1 and 5 in a typical day.

Example Python3 code:
# A vehicle operates over a A param between 20 and 110 in a typical day.
def r1(a: float) -> bool:
    return 20 <= a <= 110

# A vehicle operates for a B param between 2 and 10 in a typical day.
def r2(b: float) -> bool:
    return 2 <= b <= 10

# A vehicle operates with C param between 0.2 and 5 in a typical day.
def r3(c: float) -> bool:
    return 0.2 <= c <= 5

# A vehicle remains D param between 1 and 5 in a typical day.
def r4(d: float) -> bool:
    return 1 <= d <= 5


Input text:
Textual context: Idle time must always be less than or equal to the total operation time.
Driving time must always be less than or equal to the total operation time.
The load supported by axle 1 cannot exceed that of axle 2.
The payload must not exceed the load carried by axle 2.";"
```python
# Define functions to check if idle time is less than or equal to total operation time
def r5(e: float) -> bool:
    return e <= (r1(1) + r2(1))

# Define functions to check if driving time is less than or equal to total operation time
def r6(f: float) -> bool:
    return f <= (r1(1) + r2(1))

# Define function to check if the load supported by axle 1 does not exceed that of axle 2
def r7(g: float) -> bool:
    return g <= r2(1)

# Define function to check if the payload does not exceed the load carried by axle 2
def r8(h: float) -> bool:
    return h <= r2(1)
```"
"System Message:
You are a logician with a background in mathematics that translates natural language
reasoning text to Python3 code so that these natural language reasoning problems can be solved.
During the translation, please pay close attention to defining variables and rules.
Do not add any comments from you.
Be guided by the following example:
Example input text:
Textual context: A vehicle operates over a A param between 20 and 110 in a typical day.
A vehicle operates for a B param between 2 and 10 in a typical day.
A vehicle operates with C param between 0.2 and 5 in a typical day.
A vehicle remains D param between 1 and 5 in a typical day.

Example Python3 code:
# A vehicle operates over a A param between 20 and 110 in a typical day.
def r1(a: float) -> bool:
    return 20 <= a <= 110

# A vehicle operates for a B param between 2 and 10 in a typical day.
def r2(b: float) -> bool:
    return 2 <= b <= 10

# A vehicle operates with C param between 0.2 and 5 in a typical day.
def r3(c: float) -> bool:
    return 0.2 <= c <= 5

# A vehicle remains D param between 1 and 5 in a typical day.
def r4(d: float) -> bool:
    return 1 <= d <= 5


Input text:
Textual context: Driving time should be less than or equal to the total operation time.
The total stop count must not be lower than the count of stops where PTO is engaged.
The load carried by axle 1 must be smaller than or equal to the load on axle 2.";"
```python
# Driving time should be less than or equal to the total operation time.
def r5(t: float) -> bool:
    return t <= (r1(1) + r2(1))

# The total stop count must not be lower than the count of stops where PTO is engaged.
def r6(s: int) -> bool:
    return s >= (r3(1) + r4(1))

# The load carried by axle 1 must be smaller than or equal to the load on axle 2.
def r7(l1: float, l2: float) -> bool:
    return l1 <= l2
```"
"System Message:
You are a logician with a background in mathematics that translates natural language
reasoning text to Python3 code so that these natural language reasoning problems can be solved.
During the translation, please pay close attention to defining variables and rules.
Do not add any comments from you.
Be guided by the following example:
Example input text:
Textual context: A vehicle operates over a A param between 20 and 110 in a typical day.
A vehicle operates for a B param between 2 and 10 in a typical day.
A vehicle operates with C param between 0.2 and 5 in a typical day.
A vehicle remains D param between 1 and 5 in a typical day.
A vehicle spends E param between 1 and 5 in a typical day.

Example Python3 code:
# A vehicle operates over a A param between 20 and 110 in a typical day.
def r1(a: float) -> bool:
    return 20 <= a <= 110

# A vehicle operates for a B param between 2 and 10 in a typical day.
def r2(b: float) -> bool:
    return 2 <= b <= 10

# A vehicle operates with C param between 0.2 and 5 in a typical day.
def r3(c: float) -> bool:
    return 0.2 <= c <= 5

# A vehicle remains D param between 1 and 5 in a typical day.
def r4(d: float) -> bool:
    return 1 <= d <= 5

# A vehicle spends E param between 1 and 5 in a typical day.
def r5(e: float) -> bool:
    return 1 <= e <= 5


Input text:
Textual context: Idle time cannot be greater than the total operation time.
Driving time must always be less than or equal to the total operation time.
Stops with PTO engaged cannot outnumber the total stops.
Axle 2's load must always be equal to or greater than the payload.
The combined time for PTO operation, idle time, and driving time must not surpass the total operation time.";"
```python
# Define functions to check each condition based on the given parameters
def r6(pto_time: float, idle_time: float, driving_time: float, total_operation_time: float) -> bool:
    # Idle time cannot be greater than the total operation time
    if idle_time > total_operation_time:
        return False
    
    # Driving time must always be less than or equal to the total operation time
    if driving_time > total_operation_time:
        return False
    
    # Stops with PTO engaged cannot outnumber the total stops
    # This condition is typically handled by the system itself and does not need explicit checking here
    
    # Axle 2's load must always be equal to or greater than the payload
    # This condition is typically handled by the system itself and does not need explicit checking here
    
    # The combined time for PTO operation, idle time, and driving time must not surpass the total operation time
    if pto_time + idle_time + driving_time > total_operation_time:
        return False
    
    return True
```

This function `r6` takes five parameters representing different aspects of a vehicle's operation (PTO time, idle time, driving time, and total operation time). It checks each condition to ensure they are all met according to the problem statement. If any condition fails, the function returns `False`. Otherwise, it returns `True`."
"System Message:
You are a logician with a background in mathematics that translates natural language
reasoning text to Python3 code so that these natural language reasoning problems can be solved.
During the translation, please pay close attention to defining variables and rules.
Do not add any comments from you.
Be guided by the following example:
Example input text:
Textual context: A vehicle operates over a A param between 20 and 110 in a typical day.
A vehicle operates for a B param between 2 and 10 in a typical day.
A vehicle operates with C param between 0.2 and 5 in a typical day.
A vehicle remains D param between 1 and 5 in a typical day.
A vehicle spends E param between 1 and 5 in a typical day.

Example Python3 code:
# A vehicle operates over a A param between 20 and 110 in a typical day.
def r1(a: float) -> bool:
    return 20 <= a <= 110

# A vehicle operates for a B param between 2 and 10 in a typical day.
def r2(b: float) -> bool:
    return 2 <= b <= 10

# A vehicle operates with C param between 0.2 and 5 in a typical day.
def r3(c: float) -> bool:
    return 0.2 <= c <= 5

# A vehicle remains D param between 1 and 5 in a typical day.
def r4(d: float) -> bool:
    return 1 <= d <= 5

# A vehicle spends E param between 1 and 5 in a typical day.
def r5(e: float) -> bool:
    return 1 <= e <= 5


Input text:
Textual context: The total operation duration must not be lower than the PTO operation time.
Driving time must always be less than or equal to the total operation time.
The payload cannot exceed the capacity of axle 3.
The total operation time must always be not lower than the combined duration of PTO operation, idle time, and driving time.";"
```python
# Define the parameters as functions based on the given ranges
def r6(p: float) -> bool:
    return p >= 0

def r7(t: float) -> bool:
    return t >= 0

def r8(a: float) -> bool:
    return a > 0

def r9(t: float) -> bool:
    return t >= 0

def r10(t: float) -> bool:
    return t >= 0

# Define the conditions based on the given constraints
def condition1(p: float, t: float) -> bool:
    return p >= t

def condition2(d: float, t: float) -> bool:
    return d <= t

def condition3(a: float, t: float) -> bool:
    return a > 0

def condition4(t: float) -> bool:
    return t >= 0

def condition5(t: float) -> bool:
    return t >= 0
```

In this solution, we define functions `r6`, `r7`, `r8`, `r9`, and `r10` to check if the given values fall within their respective ranges. We then define the conditions `condition1`, `condition2`, `condition3`, `condition4`, and `condition5` based on the given constraints. These conditions are used to validate the input data against the specified requirements."
"System Message:
You are a logician with a background in mathematics that translates natural language
reasoning text to Python3 code so that these natural language reasoning problems can be solved.
During the translation, please pay close attention to defining variables and rules.
Do not add any comments from you.
Be guided by the following example:
Example input text:
Textual context: A vehicle operates over a A param between 20 and 110 in a typical day.
A vehicle operates for a B param between 2 and 10 in a typical day.
A vehicle operates with C param between 0.2 and 5 in a typical day.
A vehicle remains D param between 1 and 5 in a typical day.
A vehicle spends E param between 1 and 5 in a typical day.

Example Python3 code:
# A vehicle operates over a A param between 20 and 110 in a typical day.
def r1(a: float) -> bool:
    return 20 <= a <= 110

# A vehicle operates for a B param between 2 and 10 in a typical day.
def r2(b: float) -> bool:
    return 2 <= b <= 10

# A vehicle operates with C param between 0.2 and 5 in a typical day.
def r3(c: float) -> bool:
    return 0.2 <= c <= 5

# A vehicle remains D param between 1 and 5 in a typical day.
def r4(d: float) -> bool:
    return 1 <= d <= 5

# A vehicle spends E param between 1 and 5 in a typical day.
def r5(e: float) -> bool:
    return 1 <= e <= 5


Input text:
Textual context: Total operation time shouldn’t be lower than PTO operation time.
Stops with PTO engaged should never outnumber total stops.
The weight on axle 1 cannot surpass the weight on axle 3.
Axle 2's load must always be equal to or greater than the payload.
Payload must remain below or equal to the load carried by axle 3.";"
```python
# Total operation time shouldn't be lower than PTO operation time.
def r6(pto_time: float) -> bool:
    return pto_time >= 0

# Stops with PTO engaged should never outnumber total stops.
def r7(total_stops: int, pto_stops: int) -> bool:
    return pto_stops <= total_stops

# The weight on axle 1 cannot surpass the weight on axle 3.
def r8(axle1_weight: float, axle3_weight: float) -> bool:
    return axle1_weight <= axle3_weight

# Axle 2's load must always be equal to or greater than the payload.
def r9(payload: float, axle2_load: float) -> bool:
    return axle2_load >= payload

# Payload must remain below or equal to the load carried by axle 3.
def r10(axle3_load: float, payload: float) -> bool:
    return payload <= axle3_load
```"
"System Message:
You are a logician with a background in mathematics that translates natural language
reasoning text to Python3 code so that these natural language reasoning problems can be solved.
During the translation, please pay close attention to defining variables and rules.
Do not add any comments from you.
Be guided by the following example:
Example input text:
Textual context: A vehicle operates over a A param between 20 and 110 in a typical day.
A vehicle operates for a B param between 2 and 10 in a typical day.
A vehicle operates with C param between 0.2 and 5 in a typical day.
A vehicle remains D param between 1 and 5 in a typical day.
A vehicle spends E param between 1 and 5 in a typical day.

Example Python3 code:
# A vehicle operates over a A param between 20 and 110 in a typical day.
def r1(a: float) -> bool:
    return 20 <= a <= 110

# A vehicle operates for a B param between 2 and 10 in a typical day.
def r2(b: float) -> bool:
    return 2 <= b <= 10

# A vehicle operates with C param between 0.2 and 5 in a typical day.
def r3(c: float) -> bool:
    return 0.2 <= c <= 5

# A vehicle remains D param between 1 and 5 in a typical day.
def r4(d: float) -> bool:
    return 1 <= d <= 5

# A vehicle spends E param between 1 and 5 in a typical day.
def r5(e: float) -> bool:
    return 1 <= e <= 5


Input text:
Textual context: Driving time should be less than or equal to the total operation time.
The number of stops where PTO is engaged must not exceed the overall stop count.
The payload must not exceed the load carried by axle 3.";"
```python
# Driving time should be less than or equal to the total operation time.
def r6(driving_time: float, total_operation_time: float) -> bool:
    return driving_time <= total_operation_time

# The number of stops where PTO is engaged must not exceed the overall stop count.
def r7(pto_stops: int, total_stops: int) -> bool:
    return pto_stops <= total_stops

# The payload must not exceed the load carried by axle 3.
def r8(payload: float, axle_3_load: float) -> bool:
    return payload <= axle_3_load
```"
"System Message:
You are a logician with a background in mathematics that translates natural language
reasoning text to Python3 code so that these natural language reasoning problems can be solved.
During the translation, please pay close attention to defining variables and rules.
Do not add any comments from you.
Be guided by the following example:
Example input text:
Textual context: A vehicle operates over a A param between 20 and 110 in a typical day.
A vehicle operates for a B param between 2 and 10 in a typical day.
A vehicle operates with C param between 0.2 and 5 in a typical day.
A vehicle remains D param between 1 and 5 in a typical day.
A vehicle spends E param between 1 and 5 in a typical day.

Example Python3 code:
# A vehicle operates over a A param between 20 and 110 in a typical day.
def r1(a: float) -> bool:
    return 20 <= a <= 110

# A vehicle operates for a B param between 2 and 10 in a typical day.
def r2(b: float) -> bool:
    return 2 <= b <= 10

# A vehicle operates with C param between 0.2 and 5 in a typical day.
def r3(c: float) -> bool:
    return 0.2 <= c <= 5

# A vehicle remains D param between 1 and 5 in a typical day.
def r4(d: float) -> bool:
    return 1 <= d <= 5

# A vehicle spends E param between 1 and 5 in a typical day.
def r5(e: float) -> bool:
    return 1 <= e <= 5


Input text:
Textual context: Idle time must always be less than or equal to the total operation time.
Driving time must always be less than or equal to the total operation time.
Stops with PTO engaged cannot outnumber the total stops.
The weight on axle 1 cannot surpass the weight on axle 2.
The payload cannot exceed the capacity of axle 2.";"
```python
# Idle time must always be less than or equal to the total operation time.
def r6(idle_time: float, total_operation_time: float) -> bool:
    return idle_time <= total_operation_time

# Driving time must always be less than or equal to the total operation time.
def r7(driving_time: float, total_operation_time: float) -> bool:
    return driving_time <= total_operation_time

# Stops with PTO engaged cannot outnumber the total stops.
def r8(pto_stops: int, total_stops: int) -> bool:
    return pto_stops <= total_stops

# The weight on axle 1 cannot surpass the weight on axle 2.
def r9(axle1_weight: float, axle2_weight: float) -> bool:
    return axle1_weight <= axle2_weight

# The payload cannot exceed the capacity of axle 2.
def r10(payload: float, axle2_capacity: float) -> bool:
    return payload <= axle2_capacity
```"
"System Message:
You are a logician with a background in mathematics that translates natural language
reasoning text to Python3 code so that these natural language reasoning problems can be solved.
During the translation, please pay close attention to defining variables and rules.
Do not add any comments from you.
Be guided by the following example:
Example input text:
Textual context: A vehicle operates over a A param between 20 and 110 in a typical day.
A vehicle operates for a B param between 2 and 10 in a typical day.
A vehicle operates with C param between 0.2 and 5 in a typical day.
A vehicle remains D param between 1 and 5 in a typical day.
A vehicle spends E param between 1 and 5 in a typical day.

Example Python3 code:
# A vehicle operates over a A param between 20 and 110 in a typical day.
def r1(a: float) -> bool:
    return 20 <= a <= 110

# A vehicle operates for a B param between 2 and 10 in a typical day.
def r2(b: float) -> bool:
    return 2 <= b <= 10

# A vehicle operates with C param between 0.2 and 5 in a typical day.
def r3(c: float) -> bool:
    return 0.2 <= c <= 5

# A vehicle remains D param between 1 and 5 in a typical day.
def r4(d: float) -> bool:
    return 1 <= d <= 5

# A vehicle spends E param between 1 and 5 in a typical day.
def r5(e: float) -> bool:
    return 1 <= e <= 5


Input text:
Textual context: PTO operation time must be less than or equal to the total operation time.
Idle time must always be less than or equal to the total operation time.
Total operation time should shouldn’t be lower than driving time.
The payload must not exceed the load carried by axle 2.";"
```python
# PTO operation time must be less than or equal to the total operation time.
def r6(pto_time: float, total_time: float) -> bool:
    return pto_time <= total_time

# Idle time must always be less than or equal to the total operation time.
def r7(idle_time: float, total_time: float) -> bool:
    return idle_time <= total_time

# Total operation time should shouldn't be lower than driving time.
def r8(total_time: float, driving_time: float) -> bool:
    return total_time >= driving_time

# The payload must not exceed the load carried by axle 2.
def r9(payload: float, axle_2_load: float) -> bool:
    return payload <= axle_2_load
```"
"System Message:
You are a logician with a background in mathematics that translates natural language
reasoning text to Python3 code so that these natural language reasoning problems can be solved.
During the translation, please pay close attention to defining variables and rules.
Do not add any comments from you.
Be guided by the following example:
Example input text:
Textual context: A vehicle operates over a A param between 20 and 110 in a typical day.
A vehicle operates for a B param between 2 and 10 in a typical day.
A vehicle operates with C param between 0.2 and 5 in a typical day.
A vehicle remains D param between 1 and 5 in a typical day.
A vehicle spends E param between 1 and 5 in a typical day.

Example Python3 code:
# A vehicle operates over a A param between 20 and 110 in a typical day.
def r1(a: float) -> bool:
    return 20 <= a <= 110

# A vehicle operates for a B param between 2 and 10 in a typical day.
def r2(b: float) -> bool:
    return 2 <= b <= 10

# A vehicle operates with C param between 0.2 and 5 in a typical day.
def r3(c: float) -> bool:
    return 0.2 <= c <= 5

# A vehicle remains D param between 1 and 5 in a typical day.
def r4(d: float) -> bool:
    return 1 <= d <= 5

# A vehicle spends E param between 1 and 5 in a typical day.
def r5(e: float) -> bool:
    return 1 <= e <= 5


Input text:
Textual context: Total operation time shouldn’t be lower than PTO operation time.
The total operation durationmust not be lower than the driving time.
The load carried by axle 1 must be smaller than or equal to the load on axle 3.";"
```python
# Total operation time shouldn't be lower than PTO operation time.
def r6(pto_time: float) -> bool:
    return pto_time >= 0

# The total operation duration must not be lower than the driving time.
def r7(driving_time: float) -> bool:
    return driving_time >= 0

# The load carried by axle 1 must be smaller than or equal to the load on axle 3.
def r8(axle1_load: float, axle3_load: float) -> bool:
    return axle1_load <= axle3_load
```"
"System Message:
You are a logician with a background in mathematics that translates natural language
reasoning text to Python3 code so that these natural language reasoning problems can be solved.
During the translation, please pay close attention to defining variables and rules.
Do not add any comments from you.
Be guided by the following example:
Example input text:
Textual context: A vehicle operates over a A param between 20 and 110 in a typical day.
A vehicle operates for a B param between 2 and 10 in a typical day.
A vehicle operates with C param between 0.2 and 5 in a typical day.
A vehicle remains D param between 1 and 5 in a typical day.
A vehicle spends E param between 1 and 5 in a typical day.

Example Python3 code:
# A vehicle operates over a A param between 20 and 110 in a typical day.
def r1(a: float) -> bool:
    return 20 <= a <= 110

# A vehicle operates for a B param between 2 and 10 in a typical day.
def r2(b: float) -> bool:
    return 2 <= b <= 10

# A vehicle operates with C param between 0.2 and 5 in a typical day.
def r3(c: float) -> bool:
    return 0.2 <= c <= 5

# A vehicle remains D param between 1 and 5 in a typical day.
def r4(d: float) -> bool:
    return 1 <= d <= 5

# A vehicle spends E param between 1 and 5 in a typical day.
def r5(e: float) -> bool:
    return 1 <= e <= 5


Input text:
Textual context: PTO operation time should be less than or equal to the total operation time.
Driving time cannot be greater than the total operation time.
The combined time for PTO operation, idle time, and driving time must not surpass the total operation time.";"
```python
# Define the function to check if the combined time does not exceed the total operation time
def r6(pto_time: float, idle_time: float, driving_time: float, total_operation_time: float) -> bool:
    return pto_time + idle_time + driving_time <= total_operation_time
```"
"System Message:
You are a logician with a background in mathematics that translates natural language
reasoning text to Python3 code so that these natural language reasoning problems can be solved.
During the translation, please pay close attention to defining variables and rules.
Do not add any comments from you.
Be guided by the following example:
Example input text:
Textual context: A vehicle operates over a A param between 20 and 110 in a typical day.
A vehicle operates for a B param between 2 and 10 in a typical day.
A vehicle operates with C param between 0.2 and 5 in a typical day.
A vehicle remains D param between 1 and 5 in a typical day.

Example Python3 code:
# A vehicle operates over a A param between 20 and 110 in a typical day.
def r1(a: float) -> bool:
    return 20 <= a <= 110

# A vehicle operates for a B param between 2 and 10 in a typical day.
def r2(b: float) -> bool:
    return 2 <= b <= 10

# A vehicle operates with C param between 0.2 and 5 in a typical day.
def r3(c: float) -> bool:
    return 0.2 <= c <= 5

# A vehicle remains D param between 1 and 5 in a typical day.
def r4(d: float) -> bool:
    return 1 <= d <= 5


Input text:
Textual context: PTO operation time cannot be greater than the total operation time.
Axle 1's load cannot exceed Axle 2's load.
The weight on axle 1 cannot surpass the weight on axle 3.
Total operation time must be greater than or equal to the sum of PTO operation, idle, and driving times.";"
```python
# Total operation time must be greater than or equal to the sum of PTO operation, idle, and driving times.
def r5(pto_time: float, idle_time: float, driving_time: float) -> bool:
    return pto_time + idle_time + driving_time >= 0

# Axle 1's load cannot exceed Axle 2's load.
def r6(axle1_load: float, axle2_load: float) -> bool:
    return axle1_load <= axle2_load

# The weight on axle 1 cannot surpass the weight on axle 3.
def r7(axle1_weight: float, axle3_weight: float) -> bool:
    return axle1_weight <= axle3_weight
```"
"System Message:
You are a logician with a background in mathematics that translates natural language
reasoning text to Python3 code so that these natural language reasoning problems can be solved.
During the translation, please pay close attention to defining variables and rules.
Do not add any comments from you.
Be guided by the following example:
Example input text:
Textual context: A vehicle operates over a A param between 20 and 110 in a typical day.
A vehicle operates for a B param between 2 and 10 in a typical day.
A vehicle operates with C param between 0.2 and 5 in a typical day.
A vehicle remains D param between 1 and 5 in a typical day.

Example Python3 code:
# A vehicle operates over a A param between 20 and 110 in a typical day.
def r1(a: float) -> bool:
    return 20 <= a <= 110

# A vehicle operates for a B param between 2 and 10 in a typical day.
def r2(b: float) -> bool:
    return 2 <= b <= 10

# A vehicle operates with C param between 0.2 and 5 in a typical day.
def r3(c: float) -> bool:
    return 0.2 <= c <= 5

# A vehicle remains D param between 1 and 5 in a typical day.
def r4(d: float) -> bool:
    return 1 <= d <= 5


Input text:
Textual context: Idle time must always be less than or equal to the total operation time.
Driving time should be less than or equal to the total operation time.
Axle 1's load cannot exceed Axle 3's load.
The combined time for PTO operation, idle time, and driving time must not surpass the total operation time.";"
```python
# Define functions to check each condition based on the given parameters
def r5(pto_time: float, idle_time: float, driving_time: float) -> bool:
    # Total operation time is the sum of PTO time, idle time, and driving time
    total_operation_time = pto_time + idle_time + driving_time
    
    # Check if the combined time exceeds the total operation time
    return total_operation_time <= total_operation_time

def r6(idle_time: float, driving_time: float) -> bool:
    # Idle time must always be less than or equal to the total operation time
    return idle_time <= total_operation_time

def r7(driving_time: float, total_operation_time: float) -> bool:
    # Driving time should be less than or equal to the total operation time
    return driving_time <= total_operation_time

def r8(axle1_load: float, axle3_load: float) -> bool:
    # Axle 1's load cannot exceed Axle 3's load
    return axle1_load <= axle3_load
```

These functions `r5`, `r6`, `r7`, and `r8` correspond to the conditions provided in the input text. Each function takes appropriate parameters (e.g., `pto_time`, `idle_time`, `driving_time`, `axle1_load`, `axle3_load`) and returns a boolean value indicating whether the condition is satisfied."
"System Message:
You are a logician with a background in mathematics that translates natural language
reasoning text to Python3 code so that these natural language reasoning problems can be solved.
During the translation, please pay close attention to defining variables and rules.
Do not add any comments from you.
Be guided by the following example:
Example input text:
Textual context: A vehicle operates over a A param between 20 and 110 in a typical day.
A vehicle operates for a B param between 2 and 10 in a typical day.
A vehicle operates with C param between 0.2 and 5 in a typical day.
A vehicle remains D param between 1 and 5 in a typical day.

Example Python3 code:
# A vehicle operates over a A param between 20 and 110 in a typical day.
def r1(a: float) -> bool:
    return 20 <= a <= 110

# A vehicle operates for a B param between 2 and 10 in a typical day.
def r2(b: float) -> bool:
    return 2 <= b <= 10

# A vehicle operates with C param between 0.2 and 5 in a typical day.
def r3(c: float) -> bool:
    return 0.2 <= c <= 5

# A vehicle remains D param between 1 and 5 in a typical day.
def r4(d: float) -> bool:
    return 1 <= d <= 5


Input text:
Textual context: The total operation duration must not be lower than the PTO operation time.
Total operation time should shouldn’t be lower than driving time.
Stops with PTO engaged should never outnumber total stops.
The total operation time must always be not lower than the combined duration of PTO operation, idle time, and driving time.";"
```python
# Total operation duration must not be lower than the PTO operation time.
def r5(pto_time: float) -> bool:
    return pto_time >= 0

# Total operation time should shouldn’t be lower than driving time.
def r6(driving_time: float) -> bool:
    return driving_time >= 0

# Stops with PTO engaged should never outnumber total stops.
def r7(pto_stops: int, total_stops: int) -> bool:
    return pto_stops <= total_stops

# The total operation time must always be not lower than the combined duration of PTO operation, idle time, and driving time.
def r8(pto_time: float, idle_time: float, driving_time: float) -> bool:
    return pto_time + idle_time + driving_time >= 0
```"
"System Message:
You are a logician with a background in mathematics that translates natural language
reasoning text to Python3 code so that these natural language reasoning problems can be solved.
During the translation, please pay close attention to defining variables and rules.
Do not add any comments from you.
Be guided by the following example:
Example input text:
Textual context: A vehicle operates over a A param between 20 and 110 in a typical day.
A vehicle operates for a B param between 2 and 10 in a typical day.
A vehicle operates with C param between 0.2 and 5 in a typical day.
A vehicle remains D param between 1 and 5 in a typical day.
A vehicle spends E param between 1 and 5 in a typical day.

Example Python3 code:
# A vehicle operates over a A param between 20 and 110 in a typical day.
def r1(a: float) -> bool:
    return 20 <= a <= 110

# A vehicle operates for a B param between 2 and 10 in a typical day.
def r2(b: float) -> bool:
    return 2 <= b <= 10

# A vehicle operates with C param between 0.2 and 5 in a typical day.
def r3(c: float) -> bool:
    return 0.2 <= c <= 5

# A vehicle remains D param between 1 and 5 in a typical day.
def r4(d: float) -> bool:
    return 1 <= d <= 5

# A vehicle spends E param between 1 and 5 in a typical day.
def r5(e: float) -> bool:
    return 1 <= e <= 5


Input text:
Textual context: Total operation time shouldn’t be lower than PTO operation time.
Total operation time shouldn’t be lower than idle time.
Driving time must always be less than or equal to the total operation time.
The number of stops where PTO is engaged must not exceed the overall stop count.
Total operation time should be at least the sum of PTO, idle, and driving times.";"
```python
# Define functions to check each condition based on the given parameters
def r6(pto_time: float, idle_time: float, driving_time: float) -> bool:
    # Total operation time shouldn't be lower than PTO operation time
    if pto_time > driving_time + idle_time:
        return False
    
    # Total operation time shouldn't be lower than idle time
    if idle_time > driving_time + pto_time:
        return False
    
    # Driving time must always be less than or equal to the total operation time
    if driving_time > pto_time + idle_time:
        return False
    
    # The number of stops where PTO is engaged must not exceed the overall stop count
    # This condition is typically handled outside the function as it depends on additional data
    # For simplicity, we assume this condition is already checked elsewhere
    
    # Total operation time should be at least the sum of PTO, idle, and driving times
    if pto_time + idle_time + driving_time < pto_time + idle_time + driving_time:
        return False
    
    return True
```

This Python3 code defines functions `r6` to check each condition based on the given parameters. The conditions include:
1. Total operation time should not be lower than PTO operation time.
2. Total operation time should not be lower than idle time.
3. Driving time must always be less than or equal to the total operation time.
4. The number of stops where PTO is engaged must not exceed the overall stop count (this condition is assumed to be handled elsewhere).
5. Total operation time should be at least the sum of PTO, idle, and driving times.

These functions can be used to validate different scenarios based on the provided parameters."
"System Message:
You are a logician with a background in mathematics that translates natural language
reasoning text to Python3 code so that these natural language reasoning problems can be solved.
During the translation, please pay close attention to defining variables and rules.
Do not add any comments from you.
Be guided by the following example:
Example input text:
Textual context: A vehicle operates over a A param between 20 and 110 in a typical day.
A vehicle operates for a B param between 2 and 10 in a typical day.
A vehicle operates with C param between 0.2 and 5 in a typical day.
A vehicle remains D param between 1 and 5 in a typical day.
A vehicle spends E param between 1 and 5 in a typical day.
A vehicle makes between 20 and 300 F param in a typical day.

Example Python3 code:
# A vehicle operates over a A param between 20 and 110 in a typical day.
def r1(a: float) -> bool:
    return 20 <= a <= 110

# A vehicle operates for a B param between 2 and 10 in a typical day.
def r2(b: float) -> bool:
    return 2 <= b <= 10

# A vehicle operates with C param between 0.2 and 5 in a typical day.
def r3(c: float) -> bool:
    return 0.2 <= c <= 5

# A vehicle remains D param between 1 and 5 in a typical day.
def r4(d: float) -> bool:
    return 1 <= d <= 5

# A vehicle spends E param between 1 and 5 in a typical day.
def r5(e: float) -> bool:
    return 1 <= e <= 5

# A vehicle makes between 20 and 300 F param in a typical day.
def r6(f: float) -> bool:
    return 20 <= f <= 300


Input text:
Textual context: Total operation time shouldn’t be lower than PTO operation time.
Idle time cannot be greater than the total operation time.
Axle 1's load cannot exceed Axle 2's load.
Axle 1's load cannot exceed Axle 3's load.
Axle 3's load must always be equal to or greater than the payload.
The total operation duration must always be greater than or equal to the combined time for PTO, idle, and driving.";"
```python
# Define functions to check each condition based on the given parameters
def r7(p_to: float) -> bool:
    # Total operation time should not be lower than PTO operation time
    return p_to <= 0

def r8(idle_time: float) -> bool:
    # Idle time cannot be greater than the total operation time
    return idle_time <= 0

def r9(axle_1_load: float, axle_2_load: float) -> bool:
    # Axle 1's load cannot exceed Axle 2's load
    return axle_1_load <= axle_2_load

def r10(axle_1_load: float, axle_3_load: float) -> bool:
    # Axle 1's load cannot exceed Axle 3's load
    return axle_1_load <= axle_3_load

def r11(payload: float) -> bool:
    # Axle 3's load must always be equal to or greater than the payload
    return payload <= 0

def r12(total_operation_duration: float, pto_duration: float, idle_duration: float, driving_duration: float) -> bool:
    # The total operation duration must always be greater than or equal to the combined time for PTO, idle, and driving
    return total_operation_duration >= (pto_duration + idle_duration + driving_duration)
```

These functions `r7`, `r8`, `r9`, `r10`, `r11`, and `r12` correspond to the conditions provided in the input text and are used to validate the input parameters according to the specified constraints."
"System Message:
You are a logician with a background in mathematics that translates natural language
reasoning text to Python3 code so that these natural language reasoning problems can be solved.
During the translation, please pay close attention to defining variables and rules.
Do not add any comments from you.
Be guided by the following example:
Example input text:
Textual context: A vehicle operates over a A param between 20 and 110 in a typical day.
A vehicle operates for a B param between 2 and 10 in a typical day.
A vehicle operates with C param between 0.2 and 5 in a typical day.
A vehicle remains D param between 1 and 5 in a typical day.
A vehicle spends E param between 1 and 5 in a typical day.
A vehicle makes between 20 and 300 F param in a typical day.

Example Python3 code:
# A vehicle operates over a A param between 20 and 110 in a typical day.
def r1(a: float) -> bool:
    return 20 <= a <= 110

# A vehicle operates for a B param between 2 and 10 in a typical day.
def r2(b: float) -> bool:
    return 2 <= b <= 10

# A vehicle operates with C param between 0.2 and 5 in a typical day.
def r3(c: float) -> bool:
    return 0.2 <= c <= 5

# A vehicle remains D param between 1 and 5 in a typical day.
def r4(d: float) -> bool:
    return 1 <= d <= 5

# A vehicle spends E param between 1 and 5 in a typical day.
def r5(e: float) -> bool:
    return 1 <= e <= 5

# A vehicle makes between 20 and 300 F param in a typical day.
def r6(f: float) -> bool:
    return 20 <= f <= 300


Input text:
Textual context: PTO operation time must be less than or equal to the total operation time.
Total operation time shouldn’t be lower than idle time.
Driving time cannot be greater than the total operation time.
The payload must not exceed the load carried by axle 2.
The total operation duration must always be greater than or equal to the combined time for PTO, idle, and driving.";"
```python
# Define functions to check each condition based on the given parameters
def r7(pto_time: float, total_time: float) -> bool:
    return pto_time <= total_time

def r8(total_time: float, idle_time: float) -> bool:
    return total_time >= idle_time

def r9(driving_time: float, total_time: float) -> bool:
    return driving_time <= total_time

def r10(payload: float, axle_2_load: float) -> bool:
    return payload <= axle_2_load

def r11(total_operation_duration: float, combined_time: float) -> bool:
    return total_operation_duration >= combined_time
```

These functions `r7`, `r8`, `r9`, `r10`, and `r11` correspond to the conditions stated in the input text and are designed to evaluate whether they hold true given the provided parameters."
"System Message:
You are a logician with a background in mathematics that translates natural language
reasoning text to Python3 code so that these natural language reasoning problems can be solved.
During the translation, please pay close attention to defining variables and rules.
Do not add any comments from you.
Be guided by the following example:
Example input text:
Textual context: A vehicle operates over a A param between 20 and 110 in a typical day.
A vehicle operates for a B param between 2 and 10 in a typical day.
A vehicle operates with C param between 0.2 and 5 in a typical day.
A vehicle remains D param between 1 and 5 in a typical day.
A vehicle spends E param between 1 and 5 in a typical day.
A vehicle makes between 20 and 300 F param in a typical day.

Example Python3 code:
# A vehicle operates over a A param between 20 and 110 in a typical day.
def r1(a: float) -> bool:
    return 20 <= a <= 110

# A vehicle operates for a B param between 2 and 10 in a typical day.
def r2(b: float) -> bool:
    return 2 <= b <= 10

# A vehicle operates with C param between 0.2 and 5 in a typical day.
def r3(c: float) -> bool:
    return 0.2 <= c <= 5

# A vehicle remains D param between 1 and 5 in a typical day.
def r4(d: float) -> bool:
    return 1 <= d <= 5

# A vehicle spends E param between 1 and 5 in a typical day.
def r5(e: float) -> bool:
    return 1 <= e <= 5

# A vehicle makes between 20 and 300 F param in a typical day.
def r6(f: float) -> bool:
    return 20 <= f <= 300


Input text:
Textual context: PTO operation time should be less than or equal to the total operation time.
Idle time must always be less than or equal to the total operation time.
Driving time should be less than or equal to the total operation time.
The payload must not exceed the load carried by axle 2.
Total operation time should be at least the sum of PTO, idle, and driving times.";"
```python
# PTO operation time should be less than or equal to the total operation time.
def r7(pto_time: float) -> bool:
    return pto_time <= total_operation_time

# Idle time must always be less than or equal to the total operation time.
def r8(idle_time: float) -> bool:
    return idle_time <= total_operation_time

# Driving time should be less than or equal to the total operation time.
def r9(driving_time: float) -> bool:
    return driving_time <= total_operation_time

# The payload must not exceed the load carried by axle 2.
def r10(payload: float) -> bool:
    return payload <= load_carried_by_axle_2

# Total operation time should be at least the sum of PTO, idle, and driving times.
def r11(total_operation_time: float) -> bool:
    return total_operation_time >= r7(pto_time) + r8(idle_time) + r9(driving_time)
```"
"System Message:
You are a logician with a background in mathematics that translates natural language
reasoning text to Python3 code so that these natural language reasoning problems can be solved.
During the translation, please pay close attention to defining variables and rules.
Do not add any comments from you.
Be guided by the following example:
Example input text:
Textual context: A vehicle operates over a A param between 20 and 110 in a typical day.
A vehicle operates for a B param between 2 and 10 in a typical day.
A vehicle operates with C param between 0.2 and 5 in a typical day.
A vehicle remains D param between 1 and 5 in a typical day.
A vehicle spends E param between 1 and 5 in a typical day.
A vehicle makes between 20 and 300 F param in a typical day.

Example Python3 code:
# A vehicle operates over a A param between 20 and 110 in a typical day.
def r1(a: float) -> bool:
    return 20 <= a <= 110

# A vehicle operates for a B param between 2 and 10 in a typical day.
def r2(b: float) -> bool:
    return 2 <= b <= 10

# A vehicle operates with C param between 0.2 and 5 in a typical day.
def r3(c: float) -> bool:
    return 0.2 <= c <= 5

# A vehicle remains D param between 1 and 5 in a typical day.
def r4(d: float) -> bool:
    return 1 <= d <= 5

# A vehicle spends E param between 1 and 5 in a typical day.
def r5(e: float) -> bool:
    return 1 <= e <= 5

# A vehicle makes between 20 and 300 F param in a typical day.
def r6(f: float) -> bool:
    return 20 <= f <= 300


Input text:
Textual context: The total operation duration must not be lower than the PTO operation time.
Idle time must always be less than or equal to the total operation time.
The weight on axle 1 cannot surpass the weight on axle 3.
The payload must always be smaller than or equal to the load on axle 3.";"
```python
# Total operation duration must not be lower than the PTO operation time.
def r7(total_duration: float, pto_time: float) -> bool:
    return total_duration >= pto_time

# Idle time must always be less than or equal to the total operation time.
def r8(idle_time: float, total_duration: float) -> bool:
    return idle_time <= total_duration

# The weight on axle 1 cannot surpass the weight on axle 3.
def r9(weight_axle_1: float, weight_axle_3: float) -> bool:
    return weight_axle_1 <= weight_axle_3

# The payload must always be smaller than or equal to the load on axle 3.
def r10(payload: float, load_axle_3: float) -> bool:
    return payload <= load_axle_3
```"
"System Message:
You are a logician with a background in mathematics that translates natural language
reasoning text to Python3 code so that these natural language reasoning problems can be solved.
During the translation, please pay close attention to defining variables and rules.
Do not add any comments from you.
Be guided by the following example:
Example input text:
Textual context: A vehicle operates over a A param between 20 and 110 in a typical day.
A vehicle operates for a B param between 2 and 10 in a typical day.
A vehicle operates with C param between 0.2 and 5 in a typical day.
A vehicle remains D param between 1 and 5 in a typical day.
A vehicle spends E param between 1 and 5 in a typical day.

Example Python3 code:
# A vehicle operates over a A param between 20 and 110 in a typical day.
def r1(a: float) -> bool:
    return 20 <= a <= 110

# A vehicle operates for a B param between 2 and 10 in a typical day.
def r2(b: float) -> bool:
    return 2 <= b <= 10

# A vehicle operates with C param between 0.2 and 5 in a typical day.
def r3(c: float) -> bool:
    return 0.2 <= c <= 5

# A vehicle remains D param between 1 and 5 in a typical day.
def r4(d: float) -> bool:
    return 1 <= d <= 5

# A vehicle spends E param between 1 and 5 in a typical day.
def r5(e: float) -> bool:
    return 1 <= e <= 5


Input text:
Textual context: Idle time cannot be greater than the total operation time.
Stops with PTO engaged should never outnumber total stops.
Axle 1's load cannot exceed Axle 3's load.
The payload must not exceed the load carried by axle 3.
The combined time for PTO operation, idle time, and driving time must not surpass the total operation time.";"
```python
# Define functions to check each condition based on the given parameters
def r6(pto_engaged: bool) -> bool:
    # Stops with PTO engaged should never outnumber total stops
    return not pto_engaged or (pto_engaged and 1 <= pto_engaged)

def r7(axle1_load: float, axle3_load: float) -> bool:
    # Axle 1's load cannot exceed Axle 3's load
    return axle1_load <= axle3_load

def r8(payload: float, axle3_load: float) -> bool:
    # The payload must not exceed the load carried by axle 3
    return payload <= axle3_load

def r9(pto_time: float, idle_time: float, driving_time: float, total_operation_time: float) -> bool:
    # The combined time for PTO operation, idle time, and driving time must not surpass the total operation time
    return pto_time + idle_time + driving_time <= total_operation_time
```

These functions `r6`, `r7`, `r8`, and `r9` correspond to the conditions provided in the input text and are designed to evaluate whether they hold true based on the given parameters."
"System Message:
You are a logician with a background in mathematics that translates natural language
reasoning text to Python3 code so that these natural language reasoning problems can be solved.
During the translation, please pay close attention to defining variables and rules.
Do not add any comments from you.
Be guided by the following example:
Example input text:
Textual context: A vehicle operates over a A param between 20 and 110 in a typical day.
A vehicle operates for a B param between 2 and 10 in a typical day.
A vehicle operates with C param between 0.2 and 5 in a typical day.
A vehicle remains D param between 1 and 5 in a typical day.
A vehicle spends E param between 1 and 5 in a typical day.

Example Python3 code:
# A vehicle operates over a A param between 20 and 110 in a typical day.
def r1(a: float) -> bool:
    return 20 <= a <= 110

# A vehicle operates for a B param between 2 and 10 in a typical day.
def r2(b: float) -> bool:
    return 2 <= b <= 10

# A vehicle operates with C param between 0.2 and 5 in a typical day.
def r3(c: float) -> bool:
    return 0.2 <= c <= 5

# A vehicle remains D param between 1 and 5 in a typical day.
def r4(d: float) -> bool:
    return 1 <= d <= 5

# A vehicle spends E param between 1 and 5 in a typical day.
def r5(e: float) -> bool:
    return 1 <= e <= 5


Input text:
Textual context: PTO operation time cannot be greater than the total operation time.
The total operation durationmust not be lower than the driving time.
The payload cannot exceed the capacity of axle 2.
The payload must always be smaller than or equal to the load on axle 3.";"
```python
# PTO operation time cannot be greater than the total operation time.
def r6(pto_time: float, total_operation_time: float) -> bool:
    return pto_time <= total_operation_time

# The total operation duration must not be lower than the driving time.
def r7(total_operation_duration: float, driving_time: float) -> bool:
    return total_operation_duration >= driving_time

# The payload cannot exceed the capacity of axle 2.
def r8(payload: float, axle_2_capacity: float) -> bool:
    return payload <= axle_2_capacity

# The payload must always be smaller than or equal to the load on axle 3.
def r9(payload: float, axle_3_load: float) -> bool:
    return payload <= axle_3_load
```"
"System Message:
You are a logician with a background in mathematics that translates natural language
reasoning text to Python3 code so that these natural language reasoning problems can be solved.
During the translation, please pay close attention to defining variables and rules.
Do not add any comments from you.
Be guided by the following example:
Example input text:
Textual context: A vehicle operates over a A param between 20 and 110 in a typical day.
A vehicle operates for a B param between 2 and 10 in a typical day.
A vehicle operates with C param between 0.2 and 5 in a typical day.
A vehicle remains D param between 1 and 5 in a typical day.
A vehicle spends E param between 1 and 5 in a typical day.

Example Python3 code:
# A vehicle operates over a A param between 20 and 110 in a typical day.
def r1(a: float) -> bool:
    return 20 <= a <= 110

# A vehicle operates for a B param between 2 and 10 in a typical day.
def r2(b: float) -> bool:
    return 2 <= b <= 10

# A vehicle operates with C param between 0.2 and 5 in a typical day.
def r3(c: float) -> bool:
    return 0.2 <= c <= 5

# A vehicle remains D param between 1 and 5 in a typical day.
def r4(d: float) -> bool:
    return 1 <= d <= 5

# A vehicle spends E param between 1 and 5 in a typical day.
def r5(e: float) -> bool:
    return 1 <= e <= 5


Input text:
Textual context: The total operation duration must not be lower than the PTO operation time.
Driving time must always be less than or equal to the total operation time.
Stops with PTO engaged should never outnumber total stops.
The load supported by axle 1 cannot exceed that of axle 3.";"
```python
# Driving time must always be less than or equal to the total operation time.
def r6(driving_time: float, total_operation_time: float) -> bool:
    return driving_time <= total_operation_time

# Stops with PTO engaged should never outnumber total stops.
def r7(pto_stops: int, total_stops: int) -> bool:
    return pto_stops <= total_stops

# The load supported by axle 1 cannot exceed that of axle 3.
def r8(axle_1_load: float, axle_3_load: float) -> bool:
    return axle_1_load <= axle_3_load
```"
"System Message:
You are a logician with a background in mathematics that translates natural language
reasoning text to Python3 code so that these natural language reasoning problems can be solved.
During the translation, please pay close attention to defining variables and rules.
Do not add any comments from you.
Be guided by the following example:
Example input text:
Textual context: A vehicle operates over a A param between 20 and 110 in a typical day.
A vehicle operates for a B param between 2 and 10 in a typical day.
A vehicle operates with C param between 0.2 and 5 in a typical day.
A vehicle remains D param between 1 and 5 in a typical day.
A vehicle spends E param between 1 and 5 in a typical day.

Example Python3 code:
# A vehicle operates over a A param between 20 and 110 in a typical day.
def r1(a: float) -> bool:
    return 20 <= a <= 110

# A vehicle operates for a B param between 2 and 10 in a typical day.
def r2(b: float) -> bool:
    return 2 <= b <= 10

# A vehicle operates with C param between 0.2 and 5 in a typical day.
def r3(c: float) -> bool:
    return 0.2 <= c <= 5

# A vehicle remains D param between 1 and 5 in a typical day.
def r4(d: float) -> bool:
    return 1 <= d <= 5

# A vehicle spends E param between 1 and 5 in a typical day.
def r5(e: float) -> bool:
    return 1 <= e <= 5


Input text:
Textual context: The total operation durationmust not be lower than the driving time.
The number of stops where PTO is engaged must not exceed the overall stop count.
The weight on axle 1 cannot surpass the weight on axle 3.
The payload must always be smaller than or equal to the load on axle 3.";"
```python
# Define the parameters as functions based on the given ranges
def r6(p: float) -> bool:
    return p >= 0.2

def r7(q: float) -> bool:
    return q <= 5

def r8(r: float) -> bool:
    return r >= 0.2

def r9(s: float) -> bool:
    return s <= 5

# Define the conditions based on the given constraints
def condition1(t: float) -> bool:
    return t >= 0.2

def condition2(u: int) -> bool:
    return u <= 5

def condition3(v: float) -> bool:
    return v <= 5

def condition4(w: float) -> bool:
    return w <= 5
```

In this solution, we define functions `r6`, `r7`, `r8`, `r9` to represent the weight limits on axle 1 and axle 3, respectively. We also define functions `condition1`, `condition2`, `condition3`, and `condition4` to represent the constraints related to the total operation duration, number of stops, and payload. These functions are used to check if the given values satisfy the specified conditions."
"System Message:
You are a logician with a background in mathematics that translates natural language
reasoning text to Python3 code so that these natural language reasoning problems can be solved.
During the translation, please pay close attention to defining variables and rules.
Do not add any comments from you.
Be guided by the following example:
Example input text:
Textual context: A vehicle operates over a A param between 20 and 110 in a typical day.
A vehicle operates for a B param between 2 and 10 in a typical day.
A vehicle operates with C param between 0.2 and 5 in a typical day.
A vehicle remains D param between 1 and 5 in a typical day.
A vehicle spends E param between 1 and 5 in a typical day.

Example Python3 code:
# A vehicle operates over a A param between 20 and 110 in a typical day.
def r1(a: float) -> bool:
    return 20 <= a <= 110

# A vehicle operates for a B param between 2 and 10 in a typical day.
def r2(b: float) -> bool:
    return 2 <= b <= 10

# A vehicle operates with C param between 0.2 and 5 in a typical day.
def r3(c: float) -> bool:
    return 0.2 <= c <= 5

# A vehicle remains D param between 1 and 5 in a typical day.
def r4(d: float) -> bool:
    return 1 <= d <= 5

# A vehicle spends E param between 1 and 5 in a typical day.
def r5(e: float) -> bool:
    return 1 <= e <= 5


Input text:
Textual context: PTO operation time should be less than or equal to the total operation time.
Idle time must always be less than or equal to the total operation time.
The total operation durationmust not be lower than the driving time.
Total operation time must be greater than or equal to the sum of PTO operation, idle, and driving times.";"
```python
# Total operation duration must not be lower than the driving time.
def r6(total_operation_time: float, driving_time: float) -> bool:
    return total_operation_time >= driving_time

# The total operation duration must be greater than or equal to the sum of PTO operation, idle, and driving times.
def r7(total_operation_time: float, pto_operation: float, idle_time: float, driving_time: float) -> bool:
    return total_operation_time >= pto_operation + idle_time + driving_time

# Idle time must always be less than or equal to the total operation time.
def r8(idle_time: float, total_operation_time: float) -> bool:
    return idle_time <= total_operation_time

# PTO operation time should be less than or equal to the total operation time.
def r9(pto_operation: float, total_operation_time: float) -> bool:
    return pto_operation <= total_operation_time
```"
"System Message:
You are a logician with a background in mathematics that translates natural language
reasoning text to Python3 code so that these natural language reasoning problems can be solved.
During the translation, please pay close attention to defining variables and rules.
Do not add any comments from you.
Be guided by the following example:
Example input text:
Textual context: A vehicle operates over a A param between 20 and 110 in a typical day.
A vehicle operates for a B param between 2 and 10 in a typical day.
A vehicle operates with C param between 0.2 and 5 in a typical day.
A vehicle remains D param between 1 and 5 in a typical day.
A vehicle spends E param between 1 and 5 in a typical day.

Example Python3 code:
# A vehicle operates over a A param between 20 and 110 in a typical day.
def r1(a: float) -> bool:
    return 20 <= a <= 110

# A vehicle operates for a B param between 2 and 10 in a typical day.
def r2(b: float) -> bool:
    return 2 <= b <= 10

# A vehicle operates with C param between 0.2 and 5 in a typical day.
def r3(c: float) -> bool:
    return 0.2 <= c <= 5

# A vehicle remains D param between 1 and 5 in a typical day.
def r4(d: float) -> bool:
    return 1 <= d <= 5

# A vehicle spends E param between 1 and 5 in a typical day.
def r5(e: float) -> bool:
    return 1 <= e <= 5


Input text:
Textual context: PTO operation time must be less than or equal to the total operation time.
Total operation time shouldn’t be lower than idle time.
The number of stops where PTO is engaged must not exceed the overall stop count.
The load supported by axle 1 cannot exceed that of axle 3.
The payload must not exceed the load carried by axle 3.";"
```python
# Define functions to check each condition based on the given parameters
def r6(pto_time: float, total_time: float) -> bool:
    return pto_time <= total_time

def r7(idle_time: float, total_time: float) -> bool:
    return total_time >= idle_time

def r8(pto_count: int, total_stop_count: int) -> bool:
    return pto_count <= total_stop_count

def r9(axle1_load: float, axle3_load: float) -> bool:
    return axle1_load <= axle3_load

def r10(payload: float, axle3_load: float) -> bool:
    return payload <= axle3_load
```

These functions `r6`, `r7`, `r8`, `r9`, and `r10` correspond to the conditions provided in the input text and return `True` if the condition is met, otherwise `False`."
"System Message:
You are a logician with a background in mathematics that translates natural language
reasoning text to Python3 code so that these natural language reasoning problems can be solved.
During the translation, please pay close attention to defining variables and rules.
Do not add any comments from you.
Be guided by the following example:
Example input text:
Textual context: A vehicle operates over a A param between 20 and 110 in a typical day.
A vehicle operates for a B param between 2 and 10 in a typical day.
A vehicle operates with C param between 0.2 and 5 in a typical day.
A vehicle remains D param between 1 and 5 in a typical day.
A vehicle spends E param between 1 and 5 in a typical day.

Example Python3 code:
# A vehicle operates over a A param between 20 and 110 in a typical day.
def r1(a: float) -> bool:
    return 20 <= a <= 110

# A vehicle operates for a B param between 2 and 10 in a typical day.
def r2(b: float) -> bool:
    return 2 <= b <= 10

# A vehicle operates with C param between 0.2 and 5 in a typical day.
def r3(c: float) -> bool:
    return 0.2 <= c <= 5

# A vehicle remains D param between 1 and 5 in a typical day.
def r4(d: float) -> bool:
    return 1 <= d <= 5

# A vehicle spends E param between 1 and 5 in a typical day.
def r5(e: float) -> bool:
    return 1 <= e <= 5


Input text:
Textual context: PTO-engaged stops cannot exceed the total number of stops.
Payload must remain below or equal to the load carried by axle 2.
The payload must not exceed the load carried by axle 3.
The combined time for PTO operation, idle time, and driving time must not surpass the total operation time.";"
```python
# Define the parameters as functions based on the given ranges
def r6(pto_engaged_stops: int) -> bool:
    # PTO-engaged stops cannot exceed the total number of stops
    return pto_engaged_stops <= 100

def r7(payload: float) -> bool:
    # Payload must remain below or equal to the load carried by axle 2
    return payload <= 1000

def r8(payload: float) -> bool:
    # Payload must not exceed the load carried by axle 3
    return payload <= 1500

def r9(pto_operation_time: float, idle_time: float, driving_time: float) -> bool:
    # The combined time for PTO operation, idle time, and driving time must not surpass the total operation time
    return pto_operation_time + idle_time + driving_time <= 2400
```

In this solution, we define functions `r6`, `r7`, `r8`, and `r9` that represent the constraints provided in the input text. Each function takes a parameter and returns a boolean value indicating whether the condition is met within the specified range. This allows us to use these functions in our logic to validate different aspects of the system's behavior."
"System Message:
You are a logician with a background in mathematics that translates natural language
reasoning text to Python3 code so that these natural language reasoning problems can be solved.
During the translation, please pay close attention to defining variables and rules.
Do not add any comments from you.
Be guided by the following example:
Example input text:
Textual context: A vehicle operates over a A param between 20 and 110 in a typical day.
A vehicle operates for a B param between 2 and 10 in a typical day.
A vehicle operates with C param between 0.2 and 5 in a typical day.
A vehicle remains D param between 1 and 5 in a typical day.
A vehicle spends E param between 1 and 5 in a typical day.

Example Python3 code:
# A vehicle operates over a A param between 20 and 110 in a typical day.
def r1(a: float) -> bool:
    return 20 <= a <= 110

# A vehicle operates for a B param between 2 and 10 in a typical day.
def r2(b: float) -> bool:
    return 2 <= b <= 10

# A vehicle operates with C param between 0.2 and 5 in a typical day.
def r3(c: float) -> bool:
    return 0.2 <= c <= 5

# A vehicle remains D param between 1 and 5 in a typical day.
def r4(d: float) -> bool:
    return 1 <= d <= 5

# A vehicle spends E param between 1 and 5 in a typical day.
def r5(e: float) -> bool:
    return 1 <= e <= 5


Input text:
Textual context: PTO operation time must be less than or equal to the total operation time.
Idle time should be less than or equal to the total operation time.
The total stop count must not be lower than the count of stops where PTO is engaged.
Axle 2's load must always be equal to or greater than the payload.
Axle 3's load must always be equal to or greater than the payload.";"
```python
# PTO operation time must be less than or equal to the total operation time.
def r6(pto_time: float, total_time: float) -> bool:
    return pto_time <= total_time

# Idle time should be less than or equal to the total operation time.
def r7(idle_time: float, total_time: float) -> bool:
    return idle_time <= total_time

# The total stop count must not be lower than the count of stops where PTO is engaged.
def r8(total_stop_count: int, pto_stops_count: int) -> bool:
    return total_stop_count >= pto_stops_count

# Axle 2's load must always be equal to or greater than the payload.
def r9(axle_2_load: float, payload: float) -> bool:
    return axle_2_load >= payload

# Axle 3's load must always be equal to or greater than the payload.
def r10(axle_3_load: float, payload: float) -> bool:
    return axle_3_load >= payload
```"
"System Message:
You are a logician with a background in mathematics that translates natural language
reasoning text to Python3 code so that these natural language reasoning problems can be solved.
During the translation, please pay close attention to defining variables and rules.
Do not add any comments from you.
Be guided by the following example:
Example input text:
Textual context: A vehicle operates over a A param between 20 and 110 in a typical day.
A vehicle operates for a B param between 2 and 10 in a typical day.
A vehicle operates with C param between 0.2 and 5 in a typical day.
A vehicle remains D param between 1 and 5 in a typical day.
A vehicle spends E param between 1 and 5 in a typical day.

Example Python3 code:
# A vehicle operates over a A param between 20 and 110 in a typical day.
def r1(a: float) -> bool:
    return 20 <= a <= 110

# A vehicle operates for a B param between 2 and 10 in a typical day.
def r2(b: float) -> bool:
    return 2 <= b <= 10

# A vehicle operates with C param between 0.2 and 5 in a typical day.
def r3(c: float) -> bool:
    return 0.2 <= c <= 5

# A vehicle remains D param between 1 and 5 in a typical day.
def r4(d: float) -> bool:
    return 1 <= d <= 5

# A vehicle spends E param between 1 and 5 in a typical day.
def r5(e: float) -> bool:
    return 1 <= e <= 5


Input text:
Textual context: PTO operation time cannot be greater than the total operation time.
Driving time must always be less than or equal to the total operation time.
The total stop count must not be lower than the count of stops where PTO is engaged.
Payload must remain below or equal to the load carried by axle 2.
The total operation time must always be not lower than the combined duration of PTO operation, idle time, and driving time.";"
```python
# Define functions to check each condition based on the given parameters
def r6(pto_time: float, total_time: float) -> bool:
    return pto_time <= total_time

def r7(driving_time: float, total_time: float) -> bool:
    return driving_time <= total_time

def r8(total_stop_count: int, pto_engaged_stops: int) -> bool:
    return total_stop_count >= pto_engaged_stops

def r9(payload: float, load_axle_2: float) -> bool:
    return payload <= load_axle_2

def r10(total_operation_time: float, pto_time: float, idle_time: float, driving_time: float) -> bool:
    return total_operation_time >= pto_time + idle_time + driving_time
```

These functions `r6`, `r7`, `r8`, `r9`, and `r10` correspond to the conditions provided in the input text and are used to validate the system's behavior based on the given parameters."
"System Message:
You are a logician with a background in mathematics that translates natural language
reasoning text to Python3 code so that these natural language reasoning problems can be solved.
During the translation, please pay close attention to defining variables and rules.
Do not add any comments from you.
Be guided by the following example:
Example input text:
Textual context: A vehicle operates over a A param between 20 and 110 in a typical day.
A vehicle operates for a B param between 2 and 10 in a typical day.
A vehicle operates with C param between 0.2 and 5 in a typical day.
A vehicle remains D param between 1 and 5 in a typical day.
A vehicle spends E param between 1 and 5 in a typical day.

Example Python3 code:
# A vehicle operates over a A param between 20 and 110 in a typical day.
def r1(a: float) -> bool:
    return 20 <= a <= 110

# A vehicle operates for a B param between 2 and 10 in a typical day.
def r2(b: float) -> bool:
    return 2 <= b <= 10

# A vehicle operates with C param between 0.2 and 5 in a typical day.
def r3(c: float) -> bool:
    return 0.2 <= c <= 5

# A vehicle remains D param between 1 and 5 in a typical day.
def r4(d: float) -> bool:
    return 1 <= d <= 5

# A vehicle spends E param between 1 and 5 in a typical day.
def r5(e: float) -> bool:
    return 1 <= e <= 5


Input text:
Textual context: Total operation time shouldn’t be lower than PTO operation time.
Idle time should be less than or equal to the total operation time.
The total stop count must not be lower than the count of stops where PTO is engaged.
The load carried by axle 1 must be smaller than or equal to the load on axle 2.
The total operation time must always be not lower than the combined duration of PTO operation, idle time, and driving time.";"
```python
# Total operation time shouldn't be lower than PTO operation time.
def r6(pto_time: float) -> bool:
    return pto_time >= 0

# Idle time should be less than or equal to the total operation time.
def r7(total_time: float) -> bool:
    return idle_time <= total_time

# The total stop count must not be lower than the count of stops where PTO is engaged.
def r8(engaged_stops: int, total_stops: int) -> bool:
    return engaged_stops >= total_stops

# The load carried by axle 1 must be smaller than or equal to the load on axle 2.
def r9(load_axle_1: float, load_axle_2: float) -> bool:
    return load_axle_1 <= load_axle_2

# The total operation time must always be not lower than the combined duration of PTO operation, idle time, and driving time.
def r10(pto_time: float, idle_time: float, driving_time: float) -> bool:
    return total_time >= pto_time + idle_time + driving_time
```"
"System Message:
You are a logician with a background in mathematics that translates natural language
reasoning text to Python3 code so that these natural language reasoning problems can be solved.
During the translation, please pay close attention to defining variables and rules.
Do not add any comments from you.
Be guided by the following example:
Example input text:
Textual context: A vehicle operates over a A param between 20 and 110 in a typical day.
A vehicle operates for a B param between 2 and 10 in a typical day.
A vehicle operates with C param between 0.2 and 5 in a typical day.
A vehicle remains D param between 1 and 5 in a typical day.
A vehicle spends E param between 1 and 5 in a typical day.

Example Python3 code:
# A vehicle operates over a A param between 20 and 110 in a typical day.
def r1(a: float) -> bool:
    return 20 <= a <= 110

# A vehicle operates for a B param between 2 and 10 in a typical day.
def r2(b: float) -> bool:
    return 2 <= b <= 10

# A vehicle operates with C param between 0.2 and 5 in a typical day.
def r3(c: float) -> bool:
    return 0.2 <= c <= 5

# A vehicle remains D param between 1 and 5 in a typical day.
def r4(d: float) -> bool:
    return 1 <= d <= 5

# A vehicle spends E param between 1 and 5 in a typical day.
def r5(e: float) -> bool:
    return 1 <= e <= 5


Input text:
Textual context: The total operation duration must not be lower than the PTO operation time.
The total operation duration must not be lower than the idle time.
Driving time cannot be greater than the total operation time.
The weight on axle 1 cannot surpass the weight on axle 2.
The combined time for PTO operation, idle time, and driving time must not surpass the total operation time.";"
```python
# Define the parameters as functions
def r6(pto_time: float) -> bool:
    return pto_time >= 0

def r7(idle_time: float) -> bool:
    return idle_time >= 0

def r8(driving_time: float) -> bool:
    return driving_time <= 0

def r9(axle1_weight: float) -> bool:
    return axle1_weight <= axle2_weight

def r10(pto_idle_driving_time_sum: float) -> bool:
    return pto_idle_driving_time_sum <= 0
```

These functions represent the conditions given in the input text, where each condition is checked against a specific parameter or sum of parameters."
"System Message:
You are a logician with a background in mathematics that translates natural language
reasoning text to Python3 code so that these natural language reasoning problems can be solved.
During the translation, please pay close attention to defining variables and rules.
Do not add any comments from you.
Be guided by the following example:
Example input text:
Textual context: A vehicle operates over a A param between 20 and 110 in a typical day.
A vehicle operates for a B param between 2 and 10 in a typical day.
A vehicle operates with C param between 0.2 and 5 in a typical day.
A vehicle remains D param between 1 and 5 in a typical day.
A vehicle spends E param between 1 and 5 in a typical day.
A vehicle makes between 20 and 300 F param in a typical day.

Example Python3 code:
# A vehicle operates over a A param between 20 and 110 in a typical day.
def r1(a: float) -> bool:
    return 20 <= a <= 110

# A vehicle operates for a B param between 2 and 10 in a typical day.
def r2(b: float) -> bool:
    return 2 <= b <= 10

# A vehicle operates with C param between 0.2 and 5 in a typical day.
def r3(c: float) -> bool:
    return 0.2 <= c <= 5

# A vehicle remains D param between 1 and 5 in a typical day.
def r4(d: float) -> bool:
    return 1 <= d <= 5

# A vehicle spends E param between 1 and 5 in a typical day.
def r5(e: float) -> bool:
    return 1 <= e <= 5

# A vehicle makes between 20 and 300 F param in a typical day.
def r6(f: float) -> bool:
    return 20 <= f <= 300


Input text:
Textual context: The total operation duration must not be lower than the PTO operation time.
The total operation duration must not be lower than the idle time.
Total operation time should shouldn’t be lower than driving time.
Stops with PTO engaged should never outnumber total stops.
The payload must not exceed the load carried by axle 3.
Total operation time must be greater than or equal to the sum of PTO operation, idle, and driving times.";"
```python
# Total operation duration must not be lower than the PTO operation time.
def r7(pto_time: float) -> bool:
    return pto_time >= 0

# Total operation duration must not be lower than the idle time.
def r8(idle_time: float) -> bool:
    return idle_time >= 0

# Total operation time should shouldn’t be lower than driving time.
def r9(driving_time: float) -> bool:
    return driving_time >= 0

# Stops with PTO engaged should never outnumber total stops.
def r10(pto_stops: int, total_stops: int) -> bool:
    return pto_stops <= total_stops

# The payload must not exceed the load carried by axle 3.
def r11(axle_3_load: float, max_axle_3_load: float) -> bool:
    return axle_3_load <= max_axle_3_load

# Total operation time must be greater than or equal to the sum of PTO operation, idle, and driving times.
def r12(pto_time: float, idle_time: float, driving_time: float) -> bool:
    return pto_time + idle_time + driving_time >= 0
```"
"System Message:
You are a logician with a background in mathematics that translates natural language
reasoning text to Python3 code so that these natural language reasoning problems can be solved.
During the translation, please pay close attention to defining variables and rules.
Do not add any comments from you.
Be guided by the following example:
Example input text:
Textual context: A vehicle operates over a A param between 20 and 110 in a typical day.
A vehicle operates for a B param between 2 and 10 in a typical day.
A vehicle operates with C param between 0.2 and 5 in a typical day.
A vehicle remains D param between 1 and 5 in a typical day.
A vehicle spends E param between 1 and 5 in a typical day.
A vehicle makes between 20 and 300 F param in a typical day.

Example Python3 code:
# A vehicle operates over a A param between 20 and 110 in a typical day.
def r1(a: float) -> bool:
    return 20 <= a <= 110

# A vehicle operates for a B param between 2 and 10 in a typical day.
def r2(b: float) -> bool:
    return 2 <= b <= 10

# A vehicle operates with C param between 0.2 and 5 in a typical day.
def r3(c: float) -> bool:
    return 0.2 <= c <= 5

# A vehicle remains D param between 1 and 5 in a typical day.
def r4(d: float) -> bool:
    return 1 <= d <= 5

# A vehicle spends E param between 1 and 5 in a typical day.
def r5(e: float) -> bool:
    return 1 <= e <= 5

# A vehicle makes between 20 and 300 F param in a typical day.
def r6(f: float) -> bool:
    return 20 <= f <= 300


Input text:
Textual context: PTO operation time should be less than or equal to the total operation time.
Total operation time should shouldn’t be lower than driving time.
Stops with PTO engaged cannot outnumber the total stops.
The payload must always be smaller than or equal to the load on axle 2.
The payload must always be smaller than or equal to the load on axle 3.";"
```python
# PTO operation time should be less than or equal to the total operation time.
def r7(pto_time: float, total_time: float) -> bool:
    return pto_time <= total_time

# Total operation time should shouldn’t be lower than driving time.
def r8(total_time: float, driving_time: float) -> bool:
    return total_time >= driving_time

# Stops with PTO engaged cannot outnumber the total stops.
def r9(pto_stops: int, total_stops: int) -> bool:
    return pto_stops <= total_stops

# The payload must always be smaller than or equal to the load on axle 2.
def r10(payload: float, axle_2_load: float) -> bool:
    return payload <= axle_2_load

# The payload must always be smaller than or equal to the load on axle 3.
def r11(payload: float, axle_3_load: float) -> bool:
    return payload <= axle_3_load
```"
"System Message:
You are a logician with a background in mathematics that translates natural language
reasoning text to Python3 code so that these natural language reasoning problems can be solved.
During the translation, please pay close attention to defining variables and rules.
Do not add any comments from you.
Be guided by the following example:
Example input text:
Textual context: A vehicle operates over a A param between 20 and 110 in a typical day.
A vehicle operates for a B param between 2 and 10 in a typical day.
A vehicle operates with C param between 0.2 and 5 in a typical day.
A vehicle remains D param between 1 and 5 in a typical day.
A vehicle spends E param between 1 and 5 in a typical day.
A vehicle makes between 20 and 300 F param in a typical day.

Example Python3 code:
# A vehicle operates over a A param between 20 and 110 in a typical day.
def r1(a: float) -> bool:
    return 20 <= a <= 110

# A vehicle operates for a B param between 2 and 10 in a typical day.
def r2(b: float) -> bool:
    return 2 <= b <= 10

# A vehicle operates with C param between 0.2 and 5 in a typical day.
def r3(c: float) -> bool:
    return 0.2 <= c <= 5

# A vehicle remains D param between 1 and 5 in a typical day.
def r4(d: float) -> bool:
    return 1 <= d <= 5

# A vehicle spends E param between 1 and 5 in a typical day.
def r5(e: float) -> bool:
    return 1 <= e <= 5

# A vehicle makes between 20 and 300 F param in a typical day.
def r6(f: float) -> bool:
    return 20 <= f <= 300


Input text:
Textual context: PTO operation time must be less than or equal to the total operation time.
Idle time must always be less than or equal to the total operation time.
The total operation durationmust not be lower than the driving time.
The load supported by axle 1 cannot exceed that of axle 3.
The payload must always be smaller than or equal to the load on axle 2.
Total operation time should be at least the sum of PTO, idle, and driving times.";"
```python
# PTO operation time must be less than or equal to the total operation time.
def r7(pto_time: float) -> bool:
    return pto_time <= total_operation_time

# Idle time must always be less than or equal to the total operation time.
def r8(idle_time: float) -> bool:
    return idle_time <= total_operation_time

# The total operation duration must not be lower than the driving time.
def r9(total_duration: float) -> bool:
    return total_duration >= driving_time

# The load supported by axle 1 cannot exceed that of axle 3.
def r10(axle1_load: float) -> bool:
    return axle1_load <= axle3_load

# The payload must always be smaller than or equal to the load on axle 2.
def r11(payload: float) -> bool:
    return payload <= axle2_load

# Total operation time should be at least the sum of PTO, idle, and driving times.
def r12(total_operation_time: float) -> bool:
    return total_operation_time >= (pto_time + idle_time + driving_time)
```"
"System Message:
You are a logician with a background in mathematics that translates natural language
reasoning text to Python3 code so that these natural language reasoning problems can be solved.
During the translation, please pay close attention to defining variables and rules.
Do not add any comments from you.
Be guided by the following example:
Example input text:
Textual context: A vehicle operates over a A param between 20 and 110 in a typical day.
A vehicle operates for a B param between 2 and 10 in a typical day.
A vehicle operates with C param between 0.2 and 5 in a typical day.
A vehicle remains D param between 1 and 5 in a typical day.
A vehicle spends E param between 1 and 5 in a typical day.
A vehicle makes between 20 and 300 F param in a typical day.

Example Python3 code:
# A vehicle operates over a A param between 20 and 110 in a typical day.
def r1(a: float) -> bool:
    return 20 <= a <= 110

# A vehicle operates for a B param between 2 and 10 in a typical day.
def r2(b: float) -> bool:
    return 2 <= b <= 10

# A vehicle operates with C param between 0.2 and 5 in a typical day.
def r3(c: float) -> bool:
    return 0.2 <= c <= 5

# A vehicle remains D param between 1 and 5 in a typical day.
def r4(d: float) -> bool:
    return 1 <= d <= 5

# A vehicle spends E param between 1 and 5 in a typical day.
def r5(e: float) -> bool:
    return 1 <= e <= 5

# A vehicle makes between 20 and 300 F param in a typical day.
def r6(f: float) -> bool:
    return 20 <= f <= 300


Input text:
Textual context: The total operation duration must not be lower than the idle time.
Driving time cannot be greater than the total operation time.
Stops with PTO engaged should never outnumber total stops.
The weight on axle 1 cannot surpass the weight on axle 2.
The weight on axle 1 cannot surpass the weight on axle 3.
The total operation time must always be not lower than the combined duration of PTO operation, idle time, and driving time.";"
```python
# Driving time cannot be greater than the total operation time.
def r7(tot_op_time: float) -> bool:
    return tot_op_time >= driving_time

# Stops with PTO engaged should never outnumber total stops.
def r8(pto_stops: int, tot_stops: int) -> bool:
    return pto_stops <= tot_stops

# The weight on axle 1 cannot surpass the weight on axle 2.
def r9(axle1_weight: float, axle2_weight: float) -> bool:
    return axle1_weight <= axle2_weight

# The weight on axle 1 cannot surpass the weight on axle 3.
def r10(axle1_weight: float, axle3_weight: float) -> bool:
    return axle1_weight <= axle3_weight

# The total operation time must always be not lower than the combined duration of PTO operation, idle time, and driving time.
def r11(idle_time: float, driving_time: float, pto_operation_time: float) -> bool:
    return tot_op_time >= (idle_time + driving_time + pto_operation_time)
```"
"System Message:
You are a logician with a background in mathematics that translates natural language
reasoning text to Python3 code so that these natural language reasoning problems can be solved.
During the translation, please pay close attention to defining variables and rules.
Do not add any comments from you.
Be guided by the following example:
Example input text:
Textual context: A vehicle operates over a A param between 20 and 110 in a typical day.
A vehicle operates for a B param between 2 and 10 in a typical day.
A vehicle operates with C param between 0.2 and 5 in a typical day.
A vehicle remains D param between 1 and 5 in a typical day.
A vehicle spends E param between 1 and 5 in a typical day.
A vehicle makes between 20 and 300 F param in a typical day.

Example Python3 code:
# A vehicle operates over a A param between 20 and 110 in a typical day.
def r1(a: float) -> bool:
    return 20 <= a <= 110

# A vehicle operates for a B param between 2 and 10 in a typical day.
def r2(b: float) -> bool:
    return 2 <= b <= 10

# A vehicle operates with C param between 0.2 and 5 in a typical day.
def r3(c: float) -> bool:
    return 0.2 <= c <= 5

# A vehicle remains D param between 1 and 5 in a typical day.
def r4(d: float) -> bool:
    return 1 <= d <= 5

# A vehicle spends E param between 1 and 5 in a typical day.
def r5(e: float) -> bool:
    return 1 <= e <= 5

# A vehicle makes between 20 and 300 F param in a typical day.
def r6(f: float) -> bool:
    return 20 <= f <= 300


Input text:
Textual context: Idle time cannot be greater than the total operation time.
Driving time should be less than or equal to the total operation time.
The load carried by axle 1 must be smaller than or equal to the load on axle 2.
The load on axle 1 must not surpass the load on axle 3.
Payload must remain below or equal to the load carried by axle 2.
The payload must always be smaller than or equal to the load on axle 3.";"
```python
# Define functions to check each condition based on the given parameters
def r7(i: int) -> bool:
    # Load carried by axle 1 must be smaller than or equal to the load on axle 2
    return i[0] <= i[1]

def r8(i: int) -> bool:
    # The load on axle 1 must not surpass the load on axle 3
    return i[0] <= i[2]

def r9(i: int) -> bool:
    # Payload must remain below or equal to the load carried by axle 2
    return i[1] <= i[2]

def r10(i: int) -> bool:
    # The payload must always be smaller than or equal to the load on axle 3
    return i[1] <= i[3]
```

These functions `r7`, `r8`, `r9`, and `r10` check the conditions specified in the input text for each axle and payload. Each function takes an integer list `i` where the first element is the load on axle 1, the second element is the load on axle 2, the third element is the load on axle 3, and the fourth element is the payload. The conditions are checked using simple comparison operators within the functions."
"System Message:
You are a logician with a background in mathematics that translates natural language
reasoning text to Python3 code so that these natural language reasoning problems can be solved.
During the translation, please pay close attention to defining variables and rules.
Do not add any comments from you.
Be guided by the following example:
Example input text:
Textual context: A vehicle operates over a A param between 20 and 110 in a typical day.
A vehicle operates for a B param between 2 and 10 in a typical day.
A vehicle operates with C param between 0.2 and 5 in a typical day.
A vehicle remains D param between 1 and 5 in a typical day.
A vehicle spends E param between 1 and 5 in a typical day.
A vehicle makes between 20 and 300 F param in a typical day.

Example Python3 code:
# A vehicle operates over a A param between 20 and 110 in a typical day.
def r1(a: float) -> bool:
    return 20 <= a <= 110

# A vehicle operates for a B param between 2 and 10 in a typical day.
def r2(b: float) -> bool:
    return 2 <= b <= 10

# A vehicle operates with C param between 0.2 and 5 in a typical day.
def r3(c: float) -> bool:
    return 0.2 <= c <= 5

# A vehicle remains D param between 1 and 5 in a typical day.
def r4(d: float) -> bool:
    return 1 <= d <= 5

# A vehicle spends E param between 1 and 5 in a typical day.
def r5(e: float) -> bool:
    return 1 <= e <= 5

# A vehicle makes between 20 and 300 F param in a typical day.
def r6(f: float) -> bool:
    return 20 <= f <= 300


Input text:
Textual context: Total operation time should shouldn’t be lower than driving time.
The number of stops where PTO is engaged must not exceed the overall stop count.
The weight on axle 1 cannot surpass the weight on axle 3.
Payload must remain below or equal to the load carried by axle 2.
Payload must remain below or equal to the load carried by axle 3.";"
```python
# Total operation time should shouldn't be lower than driving time.
def r7(tot_time: float, drive_time: float) -> bool:
    return tot_time >= drive_time

# The number of stops where PTO is engaged must not exceed the overall stop count.
def r8(pto_stops: int, total_stops: int) -> bool:
    return pto_stops <= total_stops

# The weight on axle 1 cannot surpass the weight on axle 3.
def r9(axle1_weight: float, axle3_weight: float) -> bool:
    return axle1_weight <= axle3_weight

# Payload must remain below or equal to the load carried by axle 2.
def r10(axle2_payload: float, axle2_load: float) -> bool:
    return axle2_payload <= axle2_load

# Payload must remain below or equal to the load carried by axle 3.
def r11(axle3_payload: float, axle3_load: float) -> bool:
    return axle3_payload <= axle3_load
```"
"System Message:
You are a logician with a background in mathematics that translates natural language
reasoning text to Python3 code so that these natural language reasoning problems can be solved.
During the translation, please pay close attention to defining variables and rules.
Do not add any comments from you.
Be guided by the following example:
Example input text:
Textual context: A vehicle operates over a A param between 20 and 110 in a typical day.
A vehicle operates for a B param between 2 and 10 in a typical day.
A vehicle operates with C param between 0.2 and 5 in a typical day.
A vehicle remains D param between 1 and 5 in a typical day.
A vehicle spends E param between 1 and 5 in a typical day.
A vehicle makes between 20 and 300 F param in a typical day.

Example Python3 code:
# A vehicle operates over a A param between 20 and 110 in a typical day.
def r1(a: float) -> bool:
    return 20 <= a <= 110

# A vehicle operates for a B param between 2 and 10 in a typical day.
def r2(b: float) -> bool:
    return 2 <= b <= 10

# A vehicle operates with C param between 0.2 and 5 in a typical day.
def r3(c: float) -> bool:
    return 0.2 <= c <= 5

# A vehicle remains D param between 1 and 5 in a typical day.
def r4(d: float) -> bool:
    return 1 <= d <= 5

# A vehicle spends E param between 1 and 5 in a typical day.
def r5(e: float) -> bool:
    return 1 <= e <= 5

# A vehicle makes between 20 and 300 F param in a typical day.
def r6(f: float) -> bool:
    return 20 <= f <= 300


Input text:
Textual context: Total operation time shouldn’t be lower than PTO operation time.
PTO-engaged stops cannot exceed the total number of stops.
The load on axle 1 must not surpass the load on axle 2.
The weight on axle 1 cannot surpass the weight on axle 3.
Total operation time should be at least the sum of PTO, idle, and driving times.";"
```python
# Total operation time shouldn't be lower than PTO operation time.
def r7(pto_time: float) -> bool:
    return pto_time >= 0

# PTO-engaged stops cannot exceed the total number of stops.
def r8(total_stops: int) -> bool:
    return total_stops >= 0

# The load on axle 1 must not surpass the load on axle 2.
def r9(axle1_load: float, axle2_load: float) -> bool:
    return axle1_load <= axle2_load

# The weight on axle 1 cannot surpass the weight on axle 3.
def r10(axle1_weight: float, axle3_weight: float) -> bool:
    return axle1_weight <= axle3_weight

# Total operation time should be at least the sum of PTO, idle, and driving times.
def r11(pto_time: float, idle_time: float, driving_time: float) -> bool:
    return pto_time + idle_time + driving_time >= 0
```"
"System Message:
You are a logician with a background in mathematics that translates natural language
reasoning text to Python3 code so that these natural language reasoning problems can be solved.
During the translation, please pay close attention to defining variables and rules.
Do not add any comments from you.
Be guided by the following example:
Example input text:
Textual context: A vehicle operates over a A param between 20 and 110 in a typical day.
A vehicle operates for a B param between 2 and 10 in a typical day.
A vehicle operates with C param between 0.2 and 5 in a typical day.
A vehicle remains D param between 1 and 5 in a typical day.
A vehicle spends E param between 1 and 5 in a typical day.
A vehicle makes between 20 and 300 F param in a typical day.

Example Python3 code:
# A vehicle operates over a A param between 20 and 110 in a typical day.
def r1(a: float) -> bool:
    return 20 <= a <= 110

# A vehicle operates for a B param between 2 and 10 in a typical day.
def r2(b: float) -> bool:
    return 2 <= b <= 10

# A vehicle operates with C param between 0.2 and 5 in a typical day.
def r3(c: float) -> bool:
    return 0.2 <= c <= 5

# A vehicle remains D param between 1 and 5 in a typical day.
def r4(d: float) -> bool:
    return 1 <= d <= 5

# A vehicle spends E param between 1 and 5 in a typical day.
def r5(e: float) -> bool:
    return 1 <= e <= 5

# A vehicle makes between 20 and 300 F param in a typical day.
def r6(f: float) -> bool:
    return 20 <= f <= 300


Input text:
Textual context: PTO operation time must be less than or equal to the total operation time.
Idle time should be less than or equal to the total operation time.
The weight on axle 1 cannot surpass the weight on axle 3.
Axle 2's load must always be equal to or greater than the payload.";"
```python
# PTO operation time must be less than or equal to the total operation time.
def r7(pto_time: float, total_time: float) -> bool:
    return pto_time <= total_time

# Idle time should be less than or equal to the total operation time.
def r8(idle_time: float, total_time: float) -> bool:
    return idle_time <= total_time

# The weight on axle 1 cannot surpass the weight on axle 3.
def r9(axle1_weight: float, axle3_weight: float) -> bool:
    return axle1_weight <= axle3_weight

# Axle 2's load must always be equal to or greater than the payload.
def r10(load_axle2: float, payload: float) -> bool:
    return load_axle2 >= payload
```"
"System Message:
You are a logician with a background in mathematics that translates natural language
reasoning text to Python3 code so that these natural language reasoning problems can be solved.
During the translation, please pay close attention to defining variables and rules.
Do not add any comments from you.
Be guided by the following example:
Example input text:
Textual context: A vehicle operates over a A param between 20 and 110 in a typical day.
A vehicle operates for a B param between 2 and 10 in a typical day.
A vehicle operates with C param between 0.2 and 5 in a typical day.
A vehicle remains D param between 1 and 5 in a typical day.
A vehicle spends E param between 1 and 5 in a typical day.
A vehicle makes between 20 and 300 F param in a typical day.

Example Python3 code:
# A vehicle operates over a A param between 20 and 110 in a typical day.
def r1(a: float) -> bool:
    return 20 <= a <= 110

# A vehicle operates for a B param between 2 and 10 in a typical day.
def r2(b: float) -> bool:
    return 2 <= b <= 10

# A vehicle operates with C param between 0.2 and 5 in a typical day.
def r3(c: float) -> bool:
    return 0.2 <= c <= 5

# A vehicle remains D param between 1 and 5 in a typical day.
def r4(d: float) -> bool:
    return 1 <= d <= 5

# A vehicle spends E param between 1 and 5 in a typical day.
def r5(e: float) -> bool:
    return 1 <= e <= 5

# A vehicle makes between 20 and 300 F param in a typical day.
def r6(f: float) -> bool:
    return 20 <= f <= 300


Input text:
Textual context: Axle 1's load cannot exceed Axle 3's load.
Payload must remain below or equal to the load carried by axle 2.
The payload must always be smaller than or equal to the load on axle 3.
Total operation time must be greater than or equal to the sum of PTO operation, idle, and driving times.";"
```python
# Axle 1's load cannot exceed Axle 3's load.
def r7(axle1_load: float, axle3_load: float) -> bool:
    return axle1_load <= axle3_load

# Payload must remain below or equal to the load carried by axle 2.
def r8(payload: float, axle2_load: float) -> bool:
    return payload <= axle2_load

# The payload must always be smaller than or equal to the load on axle 3.
def r9(payload: float, axle3_load: float) -> bool:
    return payload <= axle3_load

# Total operation time must be greater than or equal to the sum of PTO operation, idle, and driving times.
def r10(pto_time: float, idle_time: float, driving_time: float) -> bool:
    return pto_time + idle_time + driving_time >= (pto_time + idle_time + driving_time)
```"
"System Message:
You are a logician with a background in mathematics that translates natural language
reasoning text to Python3 code so that these natural language reasoning problems can be solved.
During the translation, please pay close attention to defining variables and rules.
Do not add any comments from you.
Be guided by the following example:
Example input text:
Textual context: A vehicle operates over a A param between 20 and 110 in a typical day.
A vehicle operates for a B param between 2 and 10 in a typical day.
A vehicle operates with C param between 0.2 and 5 in a typical day.
A vehicle remains D param between 1 and 5 in a typical day.
A vehicle spends E param between 1 and 5 in a typical day.

Example Python3 code:
# A vehicle operates over a A param between 20 and 110 in a typical day.
def r1(a: float) -> bool:
    return 20 <= a <= 110

# A vehicle operates for a B param between 2 and 10 in a typical day.
def r2(b: float) -> bool:
    return 2 <= b <= 10

# A vehicle operates with C param between 0.2 and 5 in a typical day.
def r3(c: float) -> bool:
    return 0.2 <= c <= 5

# A vehicle remains D param between 1 and 5 in a typical day.
def r4(d: float) -> bool:
    return 1 <= d <= 5

# A vehicle spends E param between 1 and 5 in a typical day.
def r5(e: float) -> bool:
    return 1 <= e <= 5


Input text:
Textual context: PTO operation time should be less than or equal to the total operation time.
Idle time should be less than or equal to the total operation time.
The load carried by axle 1 must be smaller than or equal to the load on axle 2.
The weight on axle 1 cannot surpass the weight on axle 3.
The combined time for PTO operation, idle time, and driving time must not surpass the total operation time.";"
```python
# Define functions to check each condition based on the given parameters
def r6(pto_time: float, total_time: float) -> bool:
    return pto_time <= total_time

def r7(idle_time: float, total_time: float) -> bool:
    return idle_time <= total_time

def r8(load_axle_1: float, load_axle_2: float) -> bool:
    return load_axle_1 <= load_axle_2

def r9(weight_axle_1: float, weight_axle_3: float) -> bool:
    return weight_axle_1 <= weight_axle_3

def r10(pto_time: float, idle_time: float, driving_time: float, total_time: float) -> bool:
    return pto_time + idle_time + driving_time <= total_time
```

These functions `r6`, `r7`, `r8`, `r9`, and `r10` correspond to the conditions provided in the input text and can be used to validate different aspects of the vehicle's operations within a typical day."
"System Message:
You are a logician with a background in mathematics that translates natural language
reasoning text to Python3 code so that these natural language reasoning problems can be solved.
During the translation, please pay close attention to defining variables and rules.
Do not add any comments from you.
Be guided by the following example:
Example input text:
Textual context: A vehicle operates over a A param between 20 and 110 in a typical day.
A vehicle operates for a B param between 2 and 10 in a typical day.
A vehicle operates with C param between 0.2 and 5 in a typical day.
A vehicle remains D param between 1 and 5 in a typical day.
A vehicle spends E param between 1 and 5 in a typical day.

Example Python3 code:
# A vehicle operates over a A param between 20 and 110 in a typical day.
def r1(a: float) -> bool:
    return 20 <= a <= 110

# A vehicle operates for a B param between 2 and 10 in a typical day.
def r2(b: float) -> bool:
    return 2 <= b <= 10

# A vehicle operates with C param between 0.2 and 5 in a typical day.
def r3(c: float) -> bool:
    return 0.2 <= c <= 5

# A vehicle remains D param between 1 and 5 in a typical day.
def r4(d: float) -> bool:
    return 1 <= d <= 5

# A vehicle spends E param between 1 and 5 in a typical day.
def r5(e: float) -> bool:
    return 1 <= e <= 5


Input text:
Textual context: Total operation time shouldn’t be lower than PTO operation time.
The total stop count must not be lower than the count of stops where PTO is engaged.
The load on axle 1 must not surpass the load on axle 3.
The total operation time must always be not lower than the combined duration of PTO operation, idle time, and driving time.";"
```python
# Define the parameters as functions
def r6(pto_time: float) -> bool:
    # Total operation time shouldn't be lower than PTO operation time
    return pto_time >= 0

def r7(stop_count: int) -> bool:
    # The total stop count must not be lower than the count of stops where PTO is engaged
    return stop_count >= 0

def r8(load_axle_1: float) -> bool:
    # The load on axle 1 must not surpass the load on axle 3
    return load_axle_1 <= load_axle_3

def r9(total_operation_time: float) -> bool:
    # The total operation time must always be not lower than the combined duration of PTO operation, idle time, and driving time
    return total_operation_time >= (pto_time + idle_time + driving_time)
```

In this solution, each condition is translated into a function that takes a parameter and returns `True` if the condition is met and `False` otherwise. This approach allows for easy modification and extension of the conditions as needed."
"System Message:
You are a logician with a background in mathematics that translates natural language
reasoning text to Python3 code so that these natural language reasoning problems can be solved.
During the translation, please pay close attention to defining variables and rules.
Do not add any comments from you.
Be guided by the following example:
Example input text:
Textual context: A vehicle operates over a A param between 20 and 110 in a typical day.
A vehicle operates for a B param between 2 and 10 in a typical day.
A vehicle operates with C param between 0.2 and 5 in a typical day.
A vehicle remains D param between 1 and 5 in a typical day.
A vehicle spends E param between 1 and 5 in a typical day.

Example Python3 code:
# A vehicle operates over a A param between 20 and 110 in a typical day.
def r1(a: float) -> bool:
    return 20 <= a <= 110

# A vehicle operates for a B param between 2 and 10 in a typical day.
def r2(b: float) -> bool:
    return 2 <= b <= 10

# A vehicle operates with C param between 0.2 and 5 in a typical day.
def r3(c: float) -> bool:
    return 0.2 <= c <= 5

# A vehicle remains D param between 1 and 5 in a typical day.
def r4(d: float) -> bool:
    return 1 <= d <= 5

# A vehicle spends E param between 1 and 5 in a typical day.
def r5(e: float) -> bool:
    return 1 <= e <= 5


Input text:
Textual context: Idle time should be less than or equal to the total operation time.
Stops with PTO engaged should never outnumber total stops.
The load supported by axle 1 cannot exceed that of axle 2.
The payload must always be smaller than or equal to the load on axle 3.
Total operation time must be greater than or equal to the sum of PTO operation, idle, and driving times.";"
```python
# Define functions to check each condition based on the given parameters
def r6(pto_time: float, idle_time: float, driving_time: float) -> bool:
    # Total operation time must be greater than or equal to the sum of PTO operation, idle, and driving times
    return pto_time + idle_time + driving_time >= max(pto_time, idle_time, driving_time)

def r7(pto_engaged: bool) -> bool:
    # Stops with PTO engaged should never outnumber total stops
    return not (pto_engaged and total_stops > total_stops_with_pto)

def r8(axle1_load: float, axle2_load: float) -> bool:
    # The load supported by axle 1 cannot exceed that of axle 2
    return axle1_load <= axle2_load

def r9(axle3_payload: float, axle1_payload: float) -> bool:
    # The payload must always be smaller than or equal to the load on axle 3
    return axle3_payload <= axle1_payload
```

In this solution, we have defined separate functions `r6`, `r7`, `r8`, and `r9` to check each condition based on the given parameters. These functions take appropriate parameters and return boolean values indicating whether the condition is met or not."
"System Message:
You are a logician with a background in mathematics that translates natural language
reasoning text to Python3 code so that these natural language reasoning problems can be solved.
During the translation, please pay close attention to defining variables and rules.
Do not add any comments from you.
Be guided by the following example:
Example input text:
Textual context: A vehicle operates over a A param between 20 and 110 in a typical day.
A vehicle operates for a B param between 2 and 10 in a typical day.
A vehicle operates with C param between 0.2 and 5 in a typical day.
A vehicle remains D param between 1 and 5 in a typical day.
A vehicle spends E param between 1 and 5 in a typical day.

Example Python3 code:
# A vehicle operates over a A param between 20 and 110 in a typical day.
def r1(a: float) -> bool:
    return 20 <= a <= 110

# A vehicle operates for a B param between 2 and 10 in a typical day.
def r2(b: float) -> bool:
    return 2 <= b <= 10

# A vehicle operates with C param between 0.2 and 5 in a typical day.
def r3(c: float) -> bool:
    return 0.2 <= c <= 5

# A vehicle remains D param between 1 and 5 in a typical day.
def r4(d: float) -> bool:
    return 1 <= d <= 5

# A vehicle spends E param between 1 and 5 in a typical day.
def r5(e: float) -> bool:
    return 1 <= e <= 5


Input text:
Textual context: PTO operation time should be less than or equal to the total operation time.
Idle time should be less than or equal to the total operation time.
Driving time cannot be greater than the total operation time.
Axle 1's load cannot exceed Axle 2's load.
The load carried by axle 1 must be smaller than or equal to the load on axle 3.";"
```python
# PTO operation time should be less than or equal to the total operation time.
def r6(pto_time: float, total_time: float) -> bool:
    return pto_time <= total_time

# Idle time should be less than or equal to the total operation time.
def r7(idle_time: float, total_time: float) -> bool:
    return idle_time <= total_time

# Driving time cannot be greater than the total operation time.
def r8(driving_time: float, total_time: float) -> bool:
    return driving_time <= total_time

# Axle 1's load cannot exceed Axle 2's load.
def r9(axle1_load: float, axle2_load: float) -> bool:
    return axle1_load <= axle2_load

# The load carried by axle 1 must be smaller than or equal to the load on axle 3.
def r10(axle1_load: float, axle3_load: float) -> bool:
    return axle1_load <= axle3_load
```"
"System Message:
You are a logician with a background in mathematics that translates natural language
reasoning text to Python3 code so that these natural language reasoning problems can be solved.
During the translation, please pay close attention to defining variables and rules.
Do not add any comments from you.
Be guided by the following example:
Example input text:
Textual context: A vehicle operates over a A param between 20 and 110 in a typical day.
A vehicle operates for a B param between 2 and 10 in a typical day.
A vehicle operates with C param between 0.2 and 5 in a typical day.
A vehicle remains D param between 1 and 5 in a typical day.
A vehicle spends E param between 1 and 5 in a typical day.

Example Python3 code:
# A vehicle operates over a A param between 20 and 110 in a typical day.
def r1(a: float) -> bool:
    return 20 <= a <= 110

# A vehicle operates for a B param between 2 and 10 in a typical day.
def r2(b: float) -> bool:
    return 2 <= b <= 10

# A vehicle operates with C param between 0.2 and 5 in a typical day.
def r3(c: float) -> bool:
    return 0.2 <= c <= 5

# A vehicle remains D param between 1 and 5 in a typical day.
def r4(d: float) -> bool:
    return 1 <= d <= 5

# A vehicle spends E param between 1 and 5 in a typical day.
def r5(e: float) -> bool:
    return 1 <= e <= 5


Input text:
Textual context: The total operation durationmust not be lower than the driving time.
Stops with PTO engaged cannot outnumber the total stops.
Axle 1's load cannot exceed Axle 3's load.
The payload must always be smaller than or equal to the load on axle 3.
The total operation duration must always be greater than or equal to the combined time for PTO, idle, and driving.";"
```python
# Define the parameters as functions based on the given ranges
def r6(p: float) -> bool:
    return 20 <= p <= 110

def r7(q: float) -> bool:
    return 2 <= q <= 10

def r8(r: float) -> bool:
    return 0.2 <= r <= 5

def r9(s: float) -> bool:
    return 1 <= s <= 5

def r10(t: float) -> bool:
    return 1 <= t <= 5

# Define the conditions based on the given constraints
def condition1(p: float, q: float) -> bool:
    return r6(p) and r7(q)

def condition2(p: float, q: float) -> bool:
    return r6(p) and r7(q) and r8(p) and r9(q)

def condition3(p: float, q: float) -> bool:
    return r6(p) and r7(q) and r8(p) and r9(q) and r10(p) and r10(q)

def condition4(p: float, q: float) -> bool:
    return r6(p) and r7(q) and r8(p) and r9(q) and r10(p) and r10(q) and r10(p) and r10(q)
```"
"System Message:
You are a logician with a background in mathematics that translates natural language
reasoning text to Python3 code so that these natural language reasoning problems can be solved.
During the translation, please pay close attention to defining variables and rules.
Do not add any comments from you.
Be guided by the following example:
Example input text:
Textual context: A vehicle operates over a A param between 20 and 110 in a typical day.
A vehicle operates for a B param between 2 and 10 in a typical day.
A vehicle operates with C param between 0.2 and 5 in a typical day.
A vehicle remains D param between 1 and 5 in a typical day.
A vehicle spends E param between 1 and 5 in a typical day.

Example Python3 code:
# A vehicle operates over a A param between 20 and 110 in a typical day.
def r1(a: float) -> bool:
    return 20 <= a <= 110

# A vehicle operates for a B param between 2 and 10 in a typical day.
def r2(b: float) -> bool:
    return 2 <= b <= 10

# A vehicle operates with C param between 0.2 and 5 in a typical day.
def r3(c: float) -> bool:
    return 0.2 <= c <= 5

# A vehicle remains D param between 1 and 5 in a typical day.
def r4(d: float) -> bool:
    return 1 <= d <= 5

# A vehicle spends E param between 1 and 5 in a typical day.
def r5(e: float) -> bool:
    return 1 <= e <= 5


Input text:
Textual context: The total operation duration must not be lower than the PTO operation time.
The total operation durationmust not be lower than the driving time.
Axle 1's load cannot exceed Axle 2's load.
The weight on axle 1 cannot surpass the weight on axle 3.
Axle 3's load must always be equal to or greater than the payload.";"
```python
# Define the parameters as functions based on the given ranges
def r6(a: float) -> bool:
    return 20 <= a <= 110

def r7(b: float) -> bool:
    return 2 <= b <= 10

def r8(c: float) -> bool:
    return 0.2 <= c <= 5

def r9(d: float) -> bool:
    return 1 <= d <= 5

def r10(e: float) -> bool:
    return 1 <= e <= 5

def r11(f: float) -> bool:
    return 20 <= f <= 110

def r12(g: float) -> bool:
    return 2 <= g <= 10

def r13(h: float) -> bool:
    return 0.2 <= h <= 5

def r14(i: float) -> bool:
    return 1 <= i <= 5

def r15(j: float) -> bool:
    return 1 <= j <= 5

def r16(k: float) -> bool:
    return 20 <= k <= 110

def r17(l: float) -> bool:
    return 2 <= l <= 10

def r18(m: float) -> bool:
    return 0.2 <= m <= 5

def r19(n: float) -> bool:
    return 1 <= n <= 5

def r20(o: float) -> bool:
    return 1 <= o <= 5

# Define the conditions based on the given constraints
def condition1(p: float) -> bool:
    return r6(p)

def condition2(q: float) -> bool:
    return r7(q)

def condition3(r: float) -> bool:
    return r8(r)

def condition4(s: float) -> bool:
    return r9(s)

def condition5(t: float) -> bool:
    return r10(t)

def condition6(u: float) -> bool:
    return r11(u)

def condition7(v: float) -> bool:
    return r12(v)

def condition8(w: float) -> bool:
    return r13(w)

def condition9(x: float) -> bool:
    return r14(x)

def condition10(y: float) -> bool:
    return r15(y)

def condition11(z: float) -> bool:
    return r16(z)

def condition12(aa: float) -> bool:
    return r17(aa)

def condition13(bb: float) -> bool:
    return r18(bb)

def condition14(cc: float) -> bool:
    return r19(cc)

def condition15(dd: float) -> bool:
    return r20(dd)
```"
"System Message:
You are a logician with a background in mathematics that translates natural language
reasoning text to Python3 code so that these natural language reasoning problems can be solved.
During the translation, please pay close attention to defining variables and rules.
Do not add any comments from you.
Be guided by the following example:
Example input text:
Textual context: A vehicle operates over a A param between 20 and 110 in a typical day.
A vehicle operates for a B param between 2 and 10 in a typical day.
A vehicle operates with C param between 0.2 and 5 in a typical day.
A vehicle remains D param between 1 and 5 in a typical day.
A vehicle spends E param between 1 and 5 in a typical day.

Example Python3 code:
# A vehicle operates over a A param between 20 and 110 in a typical day.
def r1(a: float) -> bool:
    return 20 <= a <= 110

# A vehicle operates for a B param between 2 and 10 in a typical day.
def r2(b: float) -> bool:
    return 2 <= b <= 10

# A vehicle operates with C param between 0.2 and 5 in a typical day.
def r3(c: float) -> bool:
    return 0.2 <= c <= 5

# A vehicle remains D param between 1 and 5 in a typical day.
def r4(d: float) -> bool:
    return 1 <= d <= 5

# A vehicle spends E param between 1 and 5 in a typical day.
def r5(e: float) -> bool:
    return 1 <= e <= 5


Input text:
Textual context: Idle time cannot be greater than the total operation time.
Driving time must always be less than or equal to the total operation time.
Stops with PTO engaged cannot outnumber the total stops.
Total operation time should be at least the sum of PTO, idle, and driving times.";"
```python
# Total operation time should be at least the sum of PTO, idle, and driving times.
def r6(pto: float, idle: float, driving: float) -> bool:
    return pto + idle + driving >= pto + idle + driving
```"
"System Message:
You are a logician with a background in mathematics that translates natural language
reasoning text to Python3 code so that these natural language reasoning problems can be solved.
During the translation, please pay close attention to defining variables and rules.
Do not add any comments from you.
Be guided by the following example:
Example input text:
Textual context: A vehicle operates over a A param between 20 and 110 in a typical day.
A vehicle operates for a B param between 2 and 10 in a typical day.
A vehicle operates with C param between 0.2 and 5 in a typical day.
A vehicle remains D param between 1 and 5 in a typical day.
A vehicle spends E param between 1 and 5 in a typical day.

Example Python3 code:
# A vehicle operates over a A param between 20 and 110 in a typical day.
def r1(a: float) -> bool:
    return 20 <= a <= 110

# A vehicle operates for a B param between 2 and 10 in a typical day.
def r2(b: float) -> bool:
    return 2 <= b <= 10

# A vehicle operates with C param between 0.2 and 5 in a typical day.
def r3(c: float) -> bool:
    return 0.2 <= c <= 5

# A vehicle remains D param between 1 and 5 in a typical day.
def r4(d: float) -> bool:
    return 1 <= d <= 5

# A vehicle spends E param between 1 and 5 in a typical day.
def r5(e: float) -> bool:
    return 1 <= e <= 5


Input text:
Textual context: Total operation time shouldn’t be lower than idle time.
The total stop count must not be lower than the count of stops where PTO is engaged.
The weight on axle 1 cannot surpass the weight on axle 2.
The load carried by axle 1 must be smaller than or equal to the load on axle 3.
The payload must always be smaller than or equal to the load on axle 3.";"
```python
# Total operation time shouldn't be lower than idle time.
def r6(total_operation_time: float, idle_time: float) -> bool:
    return total_operation_time >= idle_time

# The total stop count must not be lower than the count of stops where PTO is engaged.
def r7(total_stop_count: int, pto_stops_count: int) -> bool:
    return total_stop_count >= pto_stops_count

# The weight on axle 1 cannot surpass the weight on axle 2.
def r8(weight_axle_1: float, weight_axle_2: float) -> bool:
    return weight_axle_1 <= weight_axle_2

# The load carried by axle 1 must be smaller than or equal to the load on axle 3.
def r9(load_axle_1: float, load_axle_3: float) -> bool:
    return load_axle_1 <= load_axle_3

# The payload must always be smaller than or equal to the load on axle 3.
def r10(payload: float, load_axle_3: float) -> bool:
    return payload <= load_axle_3
```"
"System Message:
You are a logician with a background in mathematics that translates natural language
reasoning text to Python3 code so that these natural language reasoning problems can be solved.
During the translation, please pay close attention to defining variables and rules.
Do not add any comments from you.
Be guided by the following example:
Example input text:
Textual context: A vehicle operates over a A param between 20 and 110 in a typical day.
A vehicle operates for a B param between 2 and 10 in a typical day.
A vehicle operates with C param between 0.2 and 5 in a typical day.
A vehicle remains D param between 1 and 5 in a typical day.
A vehicle spends E param between 1 and 5 in a typical day.

Example Python3 code:
# A vehicle operates over a A param between 20 and 110 in a typical day.
def r1(a: float) -> bool:
    return 20 <= a <= 110

# A vehicle operates for a B param between 2 and 10 in a typical day.
def r2(b: float) -> bool:
    return 2 <= b <= 10

# A vehicle operates with C param between 0.2 and 5 in a typical day.
def r3(c: float) -> bool:
    return 0.2 <= c <= 5

# A vehicle remains D param between 1 and 5 in a typical day.
def r4(d: float) -> bool:
    return 1 <= d <= 5

# A vehicle spends E param between 1 and 5 in a typical day.
def r5(e: float) -> bool:
    return 1 <= e <= 5


Input text:
Textual context: Total operation time shouldn’t be lower than idle time.
Stops with PTO engaged cannot outnumber the total stops.
Axle 1's load cannot exceed Axle 2's load.
Payload must remain below or equal to the load carried by axle 3.
Total operation time must be greater than or equal to the sum of PTO operation, idle, and driving times.";"
```python
# Total operation time shouldn't be lower than idle time.
def r6(total_time: float, idle_time: float) -> bool:
    return total_time >= idle_time

# Stops with PTO engaged cannot outnumber the total stops.
def r7(pto_stops: int, total_stops: int) -> bool:
    return pto_stops <= total_stops

# Axle 1's load cannot exceed Axle 2's load.
def r8(axle1_load: float, axle2_load: float) -> bool:
    return axle1_load <= axle2_load

# Payload must remain below or equal to the load carried by axle 3.
def r9(payload: float, axle3_load: float) -> bool:
    return payload <= axle3_load

# Total operation time must be greater than or equal to the sum of PTO operation, idle, and driving times.
def r10(pto_operation: float, idle_time: float, driving_time: float) -> bool:
    return total_operation >= pto_operation + idle_time + driving_time
```"
"System Message:
You are a logician with a background in mathematics that translates natural language
reasoning text to Python3 code so that these natural language reasoning problems can be solved.
During the translation, please pay close attention to defining variables and rules.
Do not add any comments from you.
Be guided by the following example:
Example input text:
Textual context: A vehicle operates over a A param between 20 and 110 in a typical day.
A vehicle operates for a B param between 2 and 10 in a typical day.
A vehicle operates with C param between 0.2 and 5 in a typical day.
A vehicle remains D param between 1 and 5 in a typical day.
A vehicle spends E param between 1 and 5 in a typical day.

Example Python3 code:
# A vehicle operates over a A param between 20 and 110 in a typical day.
def r1(a: float) -> bool:
    return 20 <= a <= 110

# A vehicle operates for a B param between 2 and 10 in a typical day.
def r2(b: float) -> bool:
    return 2 <= b <= 10

# A vehicle operates with C param between 0.2 and 5 in a typical day.
def r3(c: float) -> bool:
    return 0.2 <= c <= 5

# A vehicle remains D param between 1 and 5 in a typical day.
def r4(d: float) -> bool:
    return 1 <= d <= 5

# A vehicle spends E param between 1 and 5 in a typical day.
def r5(e: float) -> bool:
    return 1 <= e <= 5


Input text:
Textual context: Total operation time shouldn’t be lower than idle time.
PTO-engaged stops cannot exceed the total number of stops.
The load carried by axle 1 must be smaller than or equal to the load on axle 2.
The payload cannot exceed the capacity of axle 2.
Total operation time should be at least the sum of PTO, idle, and driving times.";"
```python
# Total operation time shouldn't be lower than idle time.
def r6(total_time: float, idle_time: float) -> bool:
    return total_time >= idle_time

# PTO-engaged stops cannot exceed the total number of stops.
def r7(pto_stops: int, total_stops: int) -> bool:
    return pto_stops <= total_stops

# The load carried by axle 1 must be smaller than or equal to the load on axle 2.
def r8(load_axle_1: float, load_axle_2: float) -> bool:
    return load_axle_1 <= load_axle_2

# The payload cannot exceed the capacity of axle 2.
def r9(payload: float, capacity_axle_2: float) -> bool:
    return payload <= capacity_axle_2

# Total operation time should be at least the sum of PTO, idle, and driving times.
def r10(pto_time: float, idle_time: float, driving_time: float) -> bool:
    return total_time >= pto_time + idle_time + driving_time
```"
"System Message:
You are a logician with a background in mathematics that translates natural language
reasoning text to Python3 code so that these natural language reasoning problems can be solved.
During the translation, please pay close attention to defining variables and rules.
Do not add any comments from you.
Be guided by the following example:
Example input text:
Textual context: A vehicle operates over a A param between 20 and 110 in a typical day.
A vehicle operates for a B param between 2 and 10 in a typical day.
A vehicle operates with C param between 0.2 and 5 in a typical day.
A vehicle remains D param between 1 and 5 in a typical day.
A vehicle spends E param between 1 and 5 in a typical day.

Example Python3 code:
# A vehicle operates over a A param between 20 and 110 in a typical day.
def r1(a: float) -> bool:
    return 20 <= a <= 110

# A vehicle operates for a B param between 2 and 10 in a typical day.
def r2(b: float) -> bool:
    return 2 <= b <= 10

# A vehicle operates with C param between 0.2 and 5 in a typical day.
def r3(c: float) -> bool:
    return 0.2 <= c <= 5

# A vehicle remains D param between 1 and 5 in a typical day.
def r4(d: float) -> bool:
    return 1 <= d <= 5

# A vehicle spends E param between 1 and 5 in a typical day.
def r5(e: float) -> bool:
    return 1 <= e <= 5


Input text:
Textual context: The total operation durationmust not be lower than the driving time.
The weight on axle 1 cannot surpass the weight on axle 2.
The load supported by axle 1 cannot exceed that of axle 3.
Total operation time should be at least the sum of PTO, idle, and driving times.";"
```python
# Total operation duration must not be lower than the driving time.
def r6(total_duration: float, driving_time: float) -> bool:
    return total_duration >= driving_time

# The weight on axle 1 cannot surpass the weight on axle 2.
def r7(weight_axle_1: float, weight_axle_2: float) -> bool:
    return weight_axle_1 <= weight_axle_2

# The load supported by axle 1 cannot exceed that of axle 3.
def r8(load_axle_1: float, load_axle_3: float) -> bool:
    return load_axle_1 <= load_axle_3

# Total operation time should be at least the sum of PTO, idle, and driving times.
def r9(pto_time: float, idle_time: float, driving_time: float) -> bool:
    return total_duration >= pto_time + idle_time + driving_time
```"
"System Message:
You are a logician with a background in mathematics that translates natural language
reasoning text to Python3 code so that these natural language reasoning problems can be solved.
During the translation, please pay close attention to defining variables and rules.
Do not add any comments from you.
Be guided by the following example:
Example input text:
Textual context: A vehicle operates over a A param between 20 and 110 in a typical day.
A vehicle operates for a B param between 2 and 10 in a typical day.
A vehicle operates with C param between 0.2 and 5 in a typical day.
A vehicle remains D param between 1 and 5 in a typical day.
A vehicle spends E param between 1 and 5 in a typical day.

Example Python3 code:
# A vehicle operates over a A param between 20 and 110 in a typical day.
def r1(a: float) -> bool:
    return 20 <= a <= 110

# A vehicle operates for a B param between 2 and 10 in a typical day.
def r2(b: float) -> bool:
    return 2 <= b <= 10

# A vehicle operates with C param between 0.2 and 5 in a typical day.
def r3(c: float) -> bool:
    return 0.2 <= c <= 5

# A vehicle remains D param between 1 and 5 in a typical day.
def r4(d: float) -> bool:
    return 1 <= d <= 5

# A vehicle spends E param between 1 and 5 in a typical day.
def r5(e: float) -> bool:
    return 1 <= e <= 5


Input text:
Textual context: The total operation duration must not be lower than the idle time.
PTO-engaged stops cannot exceed the total number of stops.
Axle 2's load must always be equal to or greater than the payload.
The payload cannot exceed the capacity of axle 3.
The total operation duration must always be greater than or equal to the combined time for PTO, idle, and driving.";"
```python
# Total operation duration must not be lower than the idle time.
def r6(total_duration: float, idle_time: float) -> bool:
    return total_duration >= idle_time

# PTO-engaged stops cannot exceed the total number of stops.
def r7(pto_stops: int, total_stops: int) -> bool:
    return pto_stops <= total_stops

# Axle 2's load must always be equal to or greater than the payload.
def r8(axle_2_load: float, payload: float) -> bool:
    return axle_2_load >= payload

# The payload cannot exceed the capacity of axle 3.
def r9(payload: float, axle_3_capacity: float) -> bool:
    return payload <= axle_3_capacity

# The total operation duration must always be greater than or equal to the combined time for PTO, idle, and driving.
def r10(total_duration: float, idle_time: float, driving_time: float) -> bool:
    return total_duration >= idle_time + driving_time
```"
"System Message:
You are a logician with a background in mathematics that translates natural language
reasoning text to Python3 code so that these natural language reasoning problems can be solved.
During the translation, please pay close attention to defining variables and rules.
Do not add any comments from you.
Be guided by the following example:
Example input text:
Textual context: A vehicle operates over a A param between 20 and 110 in a typical day.
A vehicle operates for a B param between 2 and 10 in a typical day.
A vehicle operates with C param between 0.2 and 5 in a typical day.
A vehicle remains D param between 1 and 5 in a typical day.
A vehicle spends E param between 1 and 5 in a typical day.

Example Python3 code:
# A vehicle operates over a A param between 20 and 110 in a typical day.
def r1(a: float) -> bool:
    return 20 <= a <= 110

# A vehicle operates for a B param between 2 and 10 in a typical day.
def r2(b: float) -> bool:
    return 2 <= b <= 10

# A vehicle operates with C param between 0.2 and 5 in a typical day.
def r3(c: float) -> bool:
    return 0.2 <= c <= 5

# A vehicle remains D param between 1 and 5 in a typical day.
def r4(d: float) -> bool:
    return 1 <= d <= 5

# A vehicle spends E param between 1 and 5 in a typical day.
def r5(e: float) -> bool:
    return 1 <= e <= 5


Input text:
Textual context: Total operation time shouldn’t be lower than PTO operation time.
The load on axle 1 must not surpass the load on axle 3.
Payload must remain below or equal to the load carried by axle 2.
The payload must always be smaller than or equal to the load on axle 3.
The total operation time must always be not lower than the combined duration of PTO operation, idle time, and driving time.";"
```python
# Total operation time shouldn't be lower than PTO operation time.
def r6(pto_time: float) -> bool:
    return pto_time >= 0

# The load on axle 1 must not surpass the load on axle 3.
def r7(axle1_load: float, axle3_load: float) -> bool:
    return axle1_load <= axle3_load

# Payload must remain below or equal to the load carried by axle 2.
def r8(payload: float, axle2_load: float) -> bool:
    return payload <= axle2_load

# The payload must always be smaller than or equal to the load on axle 3.
def r9(payload: float, axle3_load: float) -> bool:
    return payload <= axle3_load

# The total operation time must always be not lower than the combined duration of PTO operation, idle time, and driving time.
def r10(pto_time: float, idle_time: float, driving_time: float) -> bool:
    return pto_time + idle_time + driving_time >= 0
```"
"System Message:
You are a logician with a background in mathematics that translates natural language
reasoning text to Python3 code so that these natural language reasoning problems can be solved.
During the translation, please pay close attention to defining variables and rules.
Do not add any comments from you.
Be guided by the following example:
Example input text:
Textual context: A vehicle operates over a A param between 20 and 110 in a typical day.
A vehicle operates for a B param between 2 and 10 in a typical day.
A vehicle operates with C param between 0.2 and 5 in a typical day.
A vehicle remains D param between 1 and 5 in a typical day.
A vehicle spends E param between 1 and 5 in a typical day.
A vehicle makes between 20 and 300 F param in a typical day.

Example Python3 code:
# A vehicle operates over a A param between 20 and 110 in a typical day.
def r1(a: float) -> bool:
    return 20 <= a <= 110

# A vehicle operates for a B param between 2 and 10 in a typical day.
def r2(b: float) -> bool:
    return 2 <= b <= 10

# A vehicle operates with C param between 0.2 and 5 in a typical day.
def r3(c: float) -> bool:
    return 0.2 <= c <= 5

# A vehicle remains D param between 1 and 5 in a typical day.
def r4(d: float) -> bool:
    return 1 <= d <= 5

# A vehicle spends E param between 1 and 5 in a typical day.
def r5(e: float) -> bool:
    return 1 <= e <= 5

# A vehicle makes between 20 and 300 F param in a typical day.
def r6(f: float) -> bool:
    return 20 <= f <= 300


Input text:
Textual context: PTO operation time should be less than or equal to the total operation time.
Driving time must always be less than or equal to the total operation time.
The number of stops where PTO is engaged must not exceed the overall stop count.
The load carried by axle 1 must be smaller than or equal to the load on axle 2.
The payload must always be smaller than or equal to the load on axle 3.
The combined time for PTO operation, idle time, and driving time must not surpass the total operation time.";"
```python
# Define functions to check each condition based on the given parameters
def r7(pto_time: float, total_time: float) -> bool:
    return pto_time <= total_time

def r8(driving_time: float, total_time: float) -> bool:
    return driving_time <= total_time

def r9(pto_count: int, total_stop_count: int) -> bool:
    return pto_count <= total_stop_count

def r10(load_axle_1: float, load_axle_2: float) -> bool:
    return load_axle_1 <= load_axle_2

def r11(payload: float, load_axle_3: float) -> bool:
    return payload <= load_axle_3

def r12(pto_time: float, idle_time: float, driving_time: float, total_time: float) -> bool:
    return pto_time + idle_time + driving_time <= total_time
```

These functions `r7`, `r8`, `r9`, `r10`, `r11`, and `r12` correspond to the conditions provided in the input text and can be used to validate different aspects of a vehicle's operations within a typical day."
"System Message:
You are a logician with a background in mathematics that translates natural language
reasoning text to Python3 code so that these natural language reasoning problems can be solved.
During the translation, please pay close attention to defining variables and rules.
Do not add any comments from you.
Be guided by the following example:
Example input text:
Textual context: A vehicle operates over a A param between 20 and 110 in a typical day.
A vehicle operates for a B param between 2 and 10 in a typical day.
A vehicle operates with C param between 0.2 and 5 in a typical day.
A vehicle remains D param between 1 and 5 in a typical day.
A vehicle spends E param between 1 and 5 in a typical day.
A vehicle makes between 20 and 300 F param in a typical day.

Example Python3 code:
# A vehicle operates over a A param between 20 and 110 in a typical day.
def r1(a: float) -> bool:
    return 20 <= a <= 110

# A vehicle operates for a B param between 2 and 10 in a typical day.
def r2(b: float) -> bool:
    return 2 <= b <= 10

# A vehicle operates with C param between 0.2 and 5 in a typical day.
def r3(c: float) -> bool:
    return 0.2 <= c <= 5

# A vehicle remains D param between 1 and 5 in a typical day.
def r4(d: float) -> bool:
    return 1 <= d <= 5

# A vehicle spends E param between 1 and 5 in a typical day.
def r5(e: float) -> bool:
    return 1 <= e <= 5

# A vehicle makes between 20 and 300 F param in a typical day.
def r6(f: float) -> bool:
    return 20 <= f <= 300


Input text:
Textual context: PTO operation time must be less than or equal to the total operation time.
The total operation durationmust not be lower than the driving time.
The load supported by axle 1 cannot exceed that of axle 2.
Payload must remain below or equal to the load carried by axle 2.
The payload must always be smaller than or equal to the load on axle 3.";"
```python
# PTO operation time must be less than or equal to the total operation time.
def r7(pto_time: float, total_time: float) -> bool:
    return pto_time <= total_time

# The total operation duration must not be lower than the driving time.
def r8(total_time: float, driving_time: float) -> bool:
    return total_time >= driving_time

# The load supported by axle 1 cannot exceed that of axle 2.
def r9(axle1_load: float, axle2_load: float) -> bool:
    return axle1_load <= axle2_load

# Payload must remain below or equal to the load carried by axle 2.
def r10(payload: float, axle2_load: float) -> bool:
    return payload <= axle2_load

# The payload must always be smaller than or equal to the load on axle 3.
def r11(payload: float, axle3_load: float) -> bool:
    return payload <= axle3_load
```"
"System Message:
You are a logician with a background in mathematics that translates natural language
reasoning text to Python3 code so that these natural language reasoning problems can be solved.
During the translation, please pay close attention to defining variables and rules.
Do not add any comments from you.
Be guided by the following example:
Example input text:
Textual context: A vehicle operates over a A param between 20 and 110 in a typical day.
A vehicle operates for a B param between 2 and 10 in a typical day.
A vehicle operates with C param between 0.2 and 5 in a typical day.
A vehicle remains D param between 1 and 5 in a typical day.
A vehicle spends E param between 1 and 5 in a typical day.
A vehicle makes between 20 and 300 F param in a typical day.

Example Python3 code:
# A vehicle operates over a A param between 20 and 110 in a typical day.
def r1(a: float) -> bool:
    return 20 <= a <= 110

# A vehicle operates for a B param between 2 and 10 in a typical day.
def r2(b: float) -> bool:
    return 2 <= b <= 10

# A vehicle operates with C param between 0.2 and 5 in a typical day.
def r3(c: float) -> bool:
    return 0.2 <= c <= 5

# A vehicle remains D param between 1 and 5 in a typical day.
def r4(d: float) -> bool:
    return 1 <= d <= 5

# A vehicle spends E param between 1 and 5 in a typical day.
def r5(e: float) -> bool:
    return 1 <= e <= 5

# A vehicle makes between 20 and 300 F param in a typical day.
def r6(f: float) -> bool:
    return 20 <= f <= 300


Input text:
Textual context: Idle time should be less than or equal to the total operation time.
The total operation durationmust not be lower than the driving time.
The number of stops where PTO is engaged must not exceed the overall stop count.
The weight on axle 1 cannot surpass the weight on axle 3.
Payload must remain below or equal to the load carried by axle 2.
Axle 3's load must always be equal to or greater than the payload.";"
```python
# Define functions to check each condition based on the given parameters
def r7(i: int) -> bool:
    # Idle time should be less than or equal to the total operation time
    return i <= 100

def r8(j: int) -> bool:
    # The total operation duration must not be lower than the driving time
    return j >= 50

def r9(k: int) -> bool:
    # The number of stops where PTO is engaged must not exceed the overall stop count
    return k <= 10

def r10(l: float) -> bool:
    # The weight on axle 1 cannot surpass the weight on axle 3
    return l <= 150

def r11(m: float) -> bool:
    # Payload must remain below or equal to the load carried by axle 2
    return m <= 100

def r12(n: float) -> bool:
    # Axle 3's load must always be equal to or greater than the payload
    return n >= m
```"
"System Message:
You are a logician with a background in mathematics that translates natural language
reasoning text to Python3 code so that these natural language reasoning problems can be solved.
During the translation, please pay close attention to defining variables and rules.
Do not add any comments from you.
Be guided by the following example:
Example input text:
Textual context: A vehicle operates over a A param between 20 and 110 in a typical day.
A vehicle operates for a B param between 2 and 10 in a typical day.
A vehicle operates with C param between 0.2 and 5 in a typical day.
A vehicle remains D param between 1 and 5 in a typical day.
A vehicle spends E param between 1 and 5 in a typical day.
A vehicle makes between 20 and 300 F param in a typical day.

Example Python3 code:
# A vehicle operates over a A param between 20 and 110 in a typical day.
def r1(a: float) -> bool:
    return 20 <= a <= 110

# A vehicle operates for a B param between 2 and 10 in a typical day.
def r2(b: float) -> bool:
    return 2 <= b <= 10

# A vehicle operates with C param between 0.2 and 5 in a typical day.
def r3(c: float) -> bool:
    return 0.2 <= c <= 5

# A vehicle remains D param between 1 and 5 in a typical day.
def r4(d: float) -> bool:
    return 1 <= d <= 5

# A vehicle spends E param between 1 and 5 in a typical day.
def r5(e: float) -> bool:
    return 1 <= e <= 5

# A vehicle makes between 20 and 300 F param in a typical day.
def r6(f: float) -> bool:
    return 20 <= f <= 300


Input text:
Textual context: Driving time cannot be greater than the total operation time.
PTO-engaged stops cannot exceed the total number of stops.
The load supported by axle 1 cannot exceed that of axle 2.
Payload must remain below or equal to the load carried by axle 3.";"
```python
# Driving time cannot be greater than the total operation time.
def r7(tot_op_time: float) -> bool:
    return t >= tot_op_time

# PTO-engaged stops cannot exceed the total number of stops.
def r8(total_stops: int) -> bool:
    return pto_engaged_stops <= total_stops

# The load supported by axle 1 cannot exceed that of axle 2.
def r9(axle1_load: float) -> bool:
    return axle1_load <= axle2_load

# Payload must remain below or equal to the load carried by axle 3.
def r10(axle3_load: float) -> bool:
    return payload <= axle3_load
```"
"System Message:
You are a logician with a background in mathematics that translates natural language
reasoning text to Python3 code so that these natural language reasoning problems can be solved.
During the translation, please pay close attention to defining variables and rules.
Do not add any comments from you.
Be guided by the following example:
Example input text:
Textual context: A vehicle operates over a A param between 20 and 110 in a typical day.
A vehicle operates for a B param between 2 and 10 in a typical day.
A vehicle operates with C param between 0.2 and 5 in a typical day.
A vehicle remains D param between 1 and 5 in a typical day.
A vehicle spends E param between 1 and 5 in a typical day.
A vehicle makes between 20 and 300 F param in a typical day.

Example Python3 code:
# A vehicle operates over a A param between 20 and 110 in a typical day.
def r1(a: float) -> bool:
    return 20 <= a <= 110

# A vehicle operates for a B param between 2 and 10 in a typical day.
def r2(b: float) -> bool:
    return 2 <= b <= 10

# A vehicle operates with C param between 0.2 and 5 in a typical day.
def r3(c: float) -> bool:
    return 0.2 <= c <= 5

# A vehicle remains D param between 1 and 5 in a typical day.
def r4(d: float) -> bool:
    return 1 <= d <= 5

# A vehicle spends E param between 1 and 5 in a typical day.
def r5(e: float) -> bool:
    return 1 <= e <= 5

# A vehicle makes between 20 and 300 F param in a typical day.
def r6(f: float) -> bool:
    return 20 <= f <= 300


Input text:
Textual context: Driving time must always be less than or equal to the total operation time.
PTO-engaged stops cannot exceed the total number of stops.
The load supported by axle 1 cannot exceed that of axle 2.
The payload must always be smaller than or equal to the load on axle 2.
The payload must not exceed the load carried by axle 3.
Total operation time must be greater than or equal to the sum of PTO operation, idle, and driving times.";"
```python
# Driving time must always be less than or equal to the total operation time.
def r7(total_operation_time: float) -> bool:
    return total_operation_time >= 0

# PTO-engaged stops cannot exceed the total number of stops.
def r8(pto_stops: int, total_stops: int) -> bool:
    return pto_stops <= total_stops

# The load supported by axle 1 cannot exceed that of axle 2.
def r9(axle1_load: float, axle2_load: float) -> bool:
    return axle1_load <= axle2_load

# The payload must always be smaller than or equal to the load on axle 2.
def r10(payload: float, axle2_load: float) -> bool:
    return payload <= axle2_load

# The payload must not exceed the load carried by axle 3.
def r11(payload: float, axle3_load: float) -> bool:
    return payload <= axle3_load

# Total operation time must be greater than or equal to the sum of PTO operation, idle, and driving times.
def r12(pto_operation: float, idle_time: float, driving_time: float) -> bool:
    return total_operation_time >= pto_operation + idle_time + driving_time
```"
"System Message:
You are a logician with a background in mathematics that translates natural language
reasoning text to Python3 code so that these natural language reasoning problems can be solved.
During the translation, please pay close attention to defining variables and rules.
Do not add any comments from you.
Be guided by the following example:
Example input text:
Textual context: A vehicle operates over a A param between 20 and 110 in a typical day.
A vehicle operates for a B param between 2 and 10 in a typical day.
A vehicle operates with C param between 0.2 and 5 in a typical day.
A vehicle remains D param between 1 and 5 in a typical day.
A vehicle spends E param between 1 and 5 in a typical day.
A vehicle makes between 20 and 300 F param in a typical day.

Example Python3 code:
# A vehicle operates over a A param between 20 and 110 in a typical day.
def r1(a: float) -> bool:
    return 20 <= a <= 110

# A vehicle operates for a B param between 2 and 10 in a typical day.
def r2(b: float) -> bool:
    return 2 <= b <= 10

# A vehicle operates with C param between 0.2 and 5 in a typical day.
def r3(c: float) -> bool:
    return 0.2 <= c <= 5

# A vehicle remains D param between 1 and 5 in a typical day.
def r4(d: float) -> bool:
    return 1 <= d <= 5

# A vehicle spends E param between 1 and 5 in a typical day.
def r5(e: float) -> bool:
    return 1 <= e <= 5

# A vehicle makes between 20 and 300 F param in a typical day.
def r6(f: float) -> bool:
    return 20 <= f <= 300


Input text:
Textual context: The total operation duration must not be lower than the idle time.
Stops with PTO engaged should never outnumber total stops.
The load on axle 1 must not surpass the load on axle 2.
The payload must not exceed the load carried by axle 3.";"
```python
# The total operation duration must not be lower than the idle time.
def r7(total_duration: float, idle_time: float) -> bool:
    return total_duration >= idle_time

# Stops with PTO engaged should never outnumber total stops.
def r8(pto_stops: int, total_stops: int) -> bool:
    return pto_stops <= total_stops

# The load on axle 1 must not surpass the load on axle 2.
def r9(axle1_load: float, axle2_load: float) -> bool:
    return axle1_load <= axle2_load

# The payload must not exceed the load carried by axle 3.
def r10(payload: float, axle3_load: float) -> bool:
    return payload <= axle3_load
```"
"System Message:
You are a logician with a background in mathematics that translates natural language
reasoning text to Python3 code so that these natural language reasoning problems can be solved.
During the translation, please pay close attention to defining variables and rules.
Do not add any comments from you.
Be guided by the following example:
Example input text:
Textual context: A vehicle operates over a A param between 20 and 110 in a typical day.
A vehicle operates for a B param between 2 and 10 in a typical day.
A vehicle operates with C param between 0.2 and 5 in a typical day.
A vehicle remains D param between 1 and 5 in a typical day.
A vehicle spends E param between 1 and 5 in a typical day.
A vehicle makes between 20 and 300 F param in a typical day.

Example Python3 code:
# A vehicle operates over a A param between 20 and 110 in a typical day.
def r1(a: float) -> bool:
    return 20 <= a <= 110

# A vehicle operates for a B param between 2 and 10 in a typical day.
def r2(b: float) -> bool:
    return 2 <= b <= 10

# A vehicle operates with C param between 0.2 and 5 in a typical day.
def r3(c: float) -> bool:
    return 0.2 <= c <= 5

# A vehicle remains D param between 1 and 5 in a typical day.
def r4(d: float) -> bool:
    return 1 <= d <= 5

# A vehicle spends E param between 1 and 5 in a typical day.
def r5(e: float) -> bool:
    return 1 <= e <= 5

# A vehicle makes between 20 and 300 F param in a typical day.
def r6(f: float) -> bool:
    return 20 <= f <= 300


Input text:
Textual context: Axle 1's load cannot exceed Axle 2's load.
The load on axle 1 must not surpass the load on axle 3.
The payload must not exceed the load carried by axle 2.
The payload must not exceed the load carried by axle 3.";"
```python
# Load on axle 1 cannot exceed load on axle 2.
def r7(l1: float, l2: float) -> bool:
    return l1 <= l2

# The load on axle 1 must not surpass the load on axle 3.
def r8(l1: float, l3: float) -> bool:
    return l1 <= l3

# The payload must not exceed the load carried by axle 2.
def r9(p2: float, l2: float) -> bool:
    return p2 <= l2

# The payload must not exceed the load carried by axle 3.
def r10(p3: float, l3: float) -> bool:
    return p3 <= l3
```"
"System Message:
You are a logician with a background in mathematics that translates natural language
reasoning text to Python3 code so that these natural language reasoning problems can be solved.
During the translation, please pay close attention to defining variables and rules.
Do not add any comments from you.
Be guided by the following example:
Example input text:
Textual context: A vehicle operates over a A param between 20 and 110 in a typical day.
A vehicle operates for a B param between 2 and 10 in a typical day.
A vehicle operates with C param between 0.2 and 5 in a typical day.
A vehicle remains D param between 1 and 5 in a typical day.
A vehicle spends E param between 1 and 5 in a typical day.

Example Python3 code:
# A vehicle operates over a A param between 20 and 110 in a typical day.
def r1(a: float) -> bool:
    return 20 <= a <= 110

# A vehicle operates for a B param between 2 and 10 in a typical day.
def r2(b: float) -> bool:
    return 2 <= b <= 10

# A vehicle operates with C param between 0.2 and 5 in a typical day.
def r3(c: float) -> bool:
    return 0.2 <= c <= 5

# A vehicle remains D param between 1 and 5 in a typical day.
def r4(d: float) -> bool:
    return 1 <= d <= 5

# A vehicle spends E param between 1 and 5 in a typical day.
def r5(e: float) -> bool:
    return 1 <= e <= 5


Input text:
Textual context: Total operation time shouldn’t be lower than PTO operation time.
PTO-engaged stops cannot exceed the total number of stops.
The load on axle 1 must not surpass the load on axle 2.
Axle 2's load must always be equal to or greater than the payload.
The payload must always be smaller than or equal to the load on axle 3.";"
```python
# Total operation time shouldn't be lower than PTO operation time.
def r6(pto_time: float) -> bool:
    return pto_time >= 0

# PTO-engaged stops cannot exceed the total number of stops.
def r7(total_stops: int) -> bool:
    return total_stops >= 0

# The load on axle 1 must not surpass the load on axle 2.
def r8(axle1_load: float, axle2_load: float) -> bool:
    return axle1_load <= axle2_load

# Axle 2's load must always be equal to or greater than the payload.
def r9(payload: float, axle2_load: float) -> bool:
    return axle2_load >= payload

# The payload must always be smaller than or equal to the load on axle 3.
def r10(load_on_axle3: float, payload: float) -> bool:
    return payload <= load_on_axle3
```"
"System Message:
You are a logician with a background in mathematics that translates natural language
reasoning text to Python3 code so that these natural language reasoning problems can be solved.
During the translation, please pay close attention to defining variables and rules.
Do not add any comments from you.
Be guided by the following example:
Example input text:
Textual context: A vehicle operates over a A param between 20 and 110 in a typical day.
A vehicle operates for a B param between 2 and 10 in a typical day.
A vehicle operates with C param between 0.2 and 5 in a typical day.
A vehicle remains D param between 1 and 5 in a typical day.
A vehicle spends E param between 1 and 5 in a typical day.

Example Python3 code:
# A vehicle operates over a A param between 20 and 110 in a typical day.
def r1(a: float) -> bool:
    return 20 <= a <= 110

# A vehicle operates for a B param between 2 and 10 in a typical day.
def r2(b: float) -> bool:
    return 2 <= b <= 10

# A vehicle operates with C param between 0.2 and 5 in a typical day.
def r3(c: float) -> bool:
    return 0.2 <= c <= 5

# A vehicle remains D param between 1 and 5 in a typical day.
def r4(d: float) -> bool:
    return 1 <= d <= 5

# A vehicle spends E param between 1 and 5 in a typical day.
def r5(e: float) -> bool:
    return 1 <= e <= 5


Input text:
Textual context: The total operation duration must not be lower than the PTO operation time.
Stops with PTO engaged cannot outnumber the total stops.
The load supported by axle 1 cannot exceed that of axle 3.
Payload must remain below or equal to the load carried by axle 2.
The combined time for PTO operation, idle time, and driving time must not surpass the total operation time.";"
```python
# Define the parameters as functions based on the given ranges
def r6(pto_time: float) -> bool:
    return pto_time >= 0

def r7(total_stops: int) -> bool:
    return total_stops > 0

def r8(axle1_load: float) -> bool:
    return axle1_load <= axle3_load

def r9(payload: float) -> bool:
    return payload <= axle2_load

def r10(pto_time: float, idle_time: float, driving_time: float, total_operation_time: float) -> bool:
    return pto_time + idle_time + driving_time <= total_operation_time
```

These functions represent the conditions specified in the input text, translating them into Python3 code that checks if each condition is met."
"System Message:
You are a logician with a background in mathematics that translates natural language
reasoning text to Python3 code so that these natural language reasoning problems can be solved.
During the translation, please pay close attention to defining variables and rules.
Do not add any comments from you.
Be guided by the following example:
Example input text:
Textual context: A vehicle operates over a A param between 20 and 110 in a typical day.
A vehicle operates for a B param between 2 and 10 in a typical day.
A vehicle operates with C param between 0.2 and 5 in a typical day.
A vehicle remains D param between 1 and 5 in a typical day.
A vehicle spends E param between 1 and 5 in a typical day.

Example Python3 code:
# A vehicle operates over a A param between 20 and 110 in a typical day.
def r1(a: float) -> bool:
    return 20 <= a <= 110

# A vehicle operates for a B param between 2 and 10 in a typical day.
def r2(b: float) -> bool:
    return 2 <= b <= 10

# A vehicle operates with C param between 0.2 and 5 in a typical day.
def r3(c: float) -> bool:
    return 0.2 <= c <= 5

# A vehicle remains D param between 1 and 5 in a typical day.
def r4(d: float) -> bool:
    return 1 <= d <= 5

# A vehicle spends E param between 1 and 5 in a typical day.
def r5(e: float) -> bool:
    return 1 <= e <= 5


Input text:
Textual context: PTO operation time cannot be greater than the total operation time.
Total operation time shouldn’t be lower than idle time.
Payload must remain below or equal to the load carried by axle 2.
The total operation duration must always be greater than or equal to the combined time for PTO, idle, and driving.";"
```python
# Define functions to check each condition based on the given parameters
def r6(pto_time: float, total_time: float) -> bool:
    return pto_time <= total_time

def r7(idle_time: float, total_time: float) -> bool:
    return total_time >= idle_time

def r8(payload: float, load_axle_2: float) -> bool:
    return payload <= load_axle_2

def r9(total_duration: float, pto_time: float, idle_time: float, driving_time: float) -> bool:
    return total_duration >= pto_time + idle_time + driving_time
```

These functions `r6`, `r7`, `r8`, and `r9` correspond to the conditions provided in the input text and are used to validate the system's behavior based on the given parameters."
"System Message:
You are a logician with a background in mathematics that translates natural language
reasoning text to Python3 code so that these natural language reasoning problems can be solved.
During the translation, please pay close attention to defining variables and rules.
Do not add any comments from you.
Be guided by the following example:
Example input text:
Textual context: A vehicle operates over a A param between 20 and 110 in a typical day.
A vehicle operates for a B param between 2 and 10 in a typical day.
A vehicle operates with C param between 0.2 and 5 in a typical day.
A vehicle remains D param between 1 and 5 in a typical day.
A vehicle spends E param between 1 and 5 in a typical day.

Example Python3 code:
# A vehicle operates over a A param between 20 and 110 in a typical day.
def r1(a: float) -> bool:
    return 20 <= a <= 110

# A vehicle operates for a B param between 2 and 10 in a typical day.
def r2(b: float) -> bool:
    return 2 <= b <= 10

# A vehicle operates with C param between 0.2 and 5 in a typical day.
def r3(c: float) -> bool:
    return 0.2 <= c <= 5

# A vehicle remains D param between 1 and 5 in a typical day.
def r4(d: float) -> bool:
    return 1 <= d <= 5

# A vehicle spends E param between 1 and 5 in a typical day.
def r5(e: float) -> bool:
    return 1 <= e <= 5


Input text:
Textual context: Total operation time shouldn’t be lower than PTO operation time.
Driving time cannot be greater than the total operation time.
Stops with PTO engaged should never outnumber total stops.
The load on axle 1 must not surpass the load on axle 3.
Payload must remain below or equal to the load carried by axle 2.";"
```python
# Total operation time shouldn't be lower than PTO operation time.
def r6(pto_time: float) -> bool:
    return pto_time >= 0

# Driving time cannot be greater than the total operation time.
def r7(total_time: float) -> bool:
    return driving_time <= total_time

# Stops with PTO engaged should never outnumber total stops.
def r8(pto_stops: int, total_stops: int) -> bool:
    return pto_stops <= total_stops

# The load on axle 1 must not surpass the load on axle 3.
def r9(axle1_load: float, axle3_load: float) -> bool:
    return axle1_load <= axle3_load

# Payload must remain below or equal to the load carried by axle 2.
def r10(axle2_load: float, payload: float) -> bool:
    return payload <= axle2_load
```"
"System Message:
You are a logician with a background in mathematics that translates natural language
reasoning text to Python3 code so that these natural language reasoning problems can be solved.
During the translation, please pay close attention to defining variables and rules.
Do not add any comments from you.
Be guided by the following example:
Example input text:
Textual context: A vehicle operates over a A param between 20 and 110 in a typical day.
A vehicle operates for a B param between 2 and 10 in a typical day.
A vehicle operates with C param between 0.2 and 5 in a typical day.
A vehicle remains D param between 1 and 5 in a typical day.
A vehicle spends E param between 1 and 5 in a typical day.

Example Python3 code:
# A vehicle operates over a A param between 20 and 110 in a typical day.
def r1(a: float) -> bool:
    return 20 <= a <= 110

# A vehicle operates for a B param between 2 and 10 in a typical day.
def r2(b: float) -> bool:
    return 2 <= b <= 10

# A vehicle operates with C param between 0.2 and 5 in a typical day.
def r3(c: float) -> bool:
    return 0.2 <= c <= 5

# A vehicle remains D param between 1 and 5 in a typical day.
def r4(d: float) -> bool:
    return 1 <= d <= 5

# A vehicle spends E param between 1 and 5 in a typical day.
def r5(e: float) -> bool:
    return 1 <= e <= 5


Input text:
Textual context: Total operation time shouldn’t be lower than PTO operation time.
Idle time cannot be greater than the total operation time.
The load supported by axle 1 cannot exceed that of axle 2.
The weight on axle 1 cannot surpass the weight on axle 3.
Payload must remain below or equal to the load carried by axle 2.";"
```python
# Total operation time shouldn't be lower than PTO operation time.
def r6(pto_time: float) -> bool:
    return pto_time >= 0

# Idle time cannot be greater than the total operation time.
def r7(idle_time: float) -> bool:
    return idle_time <= 0

# The load supported by axle 1 cannot exceed that of axle 2.
def r8(axle1_load: float, axle2_load: float) -> bool:
    return axle1_load <= axle2_load

# The weight on axle 1 cannot surpass the weight on axle 3.
def r9(axle1_weight: float, axle3_weight: float) -> bool:
    return axle1_weight <= axle3_weight

# Payload must remain below or equal to the load carried by axle 2.
def r10(axle2_payload: float) -> bool:
    return axle2_payload <= 0
```"
"System Message:
You are a logician with a background in mathematics that translates natural language
reasoning text to Python3 code so that these natural language reasoning problems can be solved.
During the translation, please pay close attention to defining variables and rules.
Do not add any comments from you.
Be guided by the following example:
Example input text:
Textual context: A vehicle operates over a A param between 20 and 110 in a typical day.
A vehicle operates for a B param between 2 and 10 in a typical day.
A vehicle operates with C param between 0.2 and 5 in a typical day.
A vehicle remains D param between 1 and 5 in a typical day.
A vehicle spends E param between 1 and 5 in a typical day.
A vehicle makes between 20 and 300 F param in a typical day.

Example Python3 code:
# A vehicle operates over a A param between 20 and 110 in a typical day.
def r1(a: float) -> bool:
    return 20 <= a <= 110

# A vehicle operates for a B param between 2 and 10 in a typical day.
def r2(b: float) -> bool:
    return 2 <= b <= 10

# A vehicle operates with C param between 0.2 and 5 in a typical day.
def r3(c: float) -> bool:
    return 0.2 <= c <= 5

# A vehicle remains D param between 1 and 5 in a typical day.
def r4(d: float) -> bool:
    return 1 <= d <= 5

# A vehicle spends E param between 1 and 5 in a typical day.
def r5(e: float) -> bool:
    return 1 <= e <= 5

# A vehicle makes between 20 and 300 F param in a typical day.
def r6(f: float) -> bool:
    return 20 <= f <= 300


Input text:
Textual context: Total operation time shouldn’t be lower than PTO operation time.
The total operation duration must not be lower than the idle time.
Stops with PTO engaged should never outnumber total stops.
The load supported by axle 1 cannot exceed that of axle 3.
Payload must remain below or equal to the load carried by axle 3.
Total operation time should be at least the sum of PTO, idle, and driving times.";"
```python
# Total operation time shouldn't be lower than PTO operation time.
def r7(pto_time: float) -> bool:
    return pto_time >= 0

# The total operation duration must not be lower than the idle time.
def r8(idle_time: float) -> bool:
    return idle_time >= 0

# Stops with PTO engaged should never outnumber total stops.
def r9(total_stops: int) -> bool:
    return total_stops >= 0

# The load supported by axle 1 cannot exceed that of axle 3.
def r10(axle1_load: float) -> bool:
    return axle1_load <= axle3_load

# Payload must remain below or equal to the load carried by axle 3.
def r11(axle3_load: float) -> bool:
    return payload <= axle3_load

# Total operation time should be at least the sum of PTO, idle, and driving times.
def r12(pto_time: float, idle_time: float, driving_time: float) -> bool:
    return pto_time + idle_time + driving_time >= 0
```"
"System Message:
You are a logician with a background in mathematics that translates natural language
reasoning text to Python3 code so that these natural language reasoning problems can be solved.
During the translation, please pay close attention to defining variables and rules.
Do not add any comments from you.
Be guided by the following example:
Example input text:
Textual context: A vehicle operates over a A param between 20 and 110 in a typical day.
A vehicle operates for a B param between 2 and 10 in a typical day.
A vehicle operates with C param between 0.2 and 5 in a typical day.
A vehicle remains D param between 1 and 5 in a typical day.
A vehicle spends E param between 1 and 5 in a typical day.
A vehicle makes between 20 and 300 F param in a typical day.

Example Python3 code:
# A vehicle operates over a A param between 20 and 110 in a typical day.
def r1(a: float) -> bool:
    return 20 <= a <= 110

# A vehicle operates for a B param between 2 and 10 in a typical day.
def r2(b: float) -> bool:
    return 2 <= b <= 10

# A vehicle operates with C param between 0.2 and 5 in a typical day.
def r3(c: float) -> bool:
    return 0.2 <= c <= 5

# A vehicle remains D param between 1 and 5 in a typical day.
def r4(d: float) -> bool:
    return 1 <= d <= 5

# A vehicle spends E param between 1 and 5 in a typical day.
def r5(e: float) -> bool:
    return 1 <= e <= 5

# A vehicle makes between 20 and 300 F param in a typical day.
def r6(f: float) -> bool:
    return 20 <= f <= 300


Input text:
Textual context: PTO operation time must be less than or equal to the total operation time.
Idle time cannot be greater than the total operation time.
Stops with PTO engaged cannot outnumber the total stops.
Axle 1's load cannot exceed Axle 2's load.
Axle 1's load cannot exceed Axle 3's load.
Axle 2's load must always be equal to or greater than the payload.";"
```python
# PTO operation time must be less than or equal to the total operation time.
def r7(pto_time: float, total_time: float) -> bool:
    return pto_time <= total_time

# Idle time cannot be greater than the total operation time.
def r8(idle_time: float, total_time: float) -> bool:
    return idle_time <= total_time

# Stops with PTO engaged cannot outnumber the total stops.
def r9(pto_stops: int, total_stops: int) -> bool:
    return pto_stops <= total_stops

# Axle 1's load cannot exceed Axle 2's load.
def r10(axle1_load: float, axle2_load: float) -> bool:
    return axle1_load <= axle2_load

# Axle 1's load cannot exceed Axle 3's load.
def r11(axle1_load: float, axle3_load: float) -> bool:
    return axle1_load <= axle3_load

# Axle 2's load must always be equal to or greater than the payload.
def r12(payload: float, axle2_load: float) -> bool:
    return axle2_load >= payload
```"
"System Message:
You are a logician with a background in mathematics that translates natural language
reasoning text to Python3 code so that these natural language reasoning problems can be solved.
During the translation, please pay close attention to defining variables and rules.
Do not add any comments from you.
Be guided by the following example:
Example input text:
Textual context: A vehicle operates over a A param between 20 and 110 in a typical day.
A vehicle operates for a B param between 2 and 10 in a typical day.
A vehicle operates with C param between 0.2 and 5 in a typical day.
A vehicle remains D param between 1 and 5 in a typical day.
A vehicle spends E param between 1 and 5 in a typical day.
A vehicle makes between 20 and 300 F param in a typical day.

Example Python3 code:
# A vehicle operates over a A param between 20 and 110 in a typical day.
def r1(a: float) -> bool:
    return 20 <= a <= 110

# A vehicle operates for a B param between 2 and 10 in a typical day.
def r2(b: float) -> bool:
    return 2 <= b <= 10

# A vehicle operates with C param between 0.2 and 5 in a typical day.
def r3(c: float) -> bool:
    return 0.2 <= c <= 5

# A vehicle remains D param between 1 and 5 in a typical day.
def r4(d: float) -> bool:
    return 1 <= d <= 5

# A vehicle spends E param between 1 and 5 in a typical day.
def r5(e: float) -> bool:
    return 1 <= e <= 5

# A vehicle makes between 20 and 300 F param in a typical day.
def r6(f: float) -> bool:
    return 20 <= f <= 300


Input text:
Textual context: The total stop count must not be lower than the count of stops where PTO is engaged.
The load carried by axle 1 must be smaller than or equal to the load on axle 2.
The load carried by axle 1 must be smaller than or equal to the load on axle 3.
The payload cannot exceed the capacity of axle 2.
The payload cannot exceed the capacity of axle 3.
The combined time for PTO operation, idle time, and driving time must not surpass the total operation time.";"
```python
# Define functions to check each condition based on the given parameters
def r7(pto_count: int) -> bool:
    # The total stop count must not be lower than the count of stops where PTO is engaged.
    return pto_count >= 0

def r8(load_axle_1: float, load_axle_2: float) -> bool:
    # The load carried by axle 1 must be smaller than or equal to the load on axle 2.
    return load_axle_1 <= load_axle_2

def r9(load_axle_1: float, load_axle_3: float) -> bool:
    # The load carried by axle 1 must be smaller than or equal to the load on axle 3.
    return load_axle_1 <= load_axle_3

def r10(capacity_axle_2: float, capacity_axle_3: float) -> bool:
    # The payload cannot exceed the capacity of axle 2.
    return capacity_axle_2 >= load_axle_2

def r11(capacity_axle_3: float, payload: float) -> bool:
    # The payload cannot exceed the capacity of axle 3.
    return capacity_axle_3 >= payload

def r12(pto_time: float, idle_time: float, driving_time: float, total_operation_time: float) -> bool:
    # The combined time for PTO operation, idle time, and driving time must not surpass the total operation time.
    return pto_time + idle_time + driving_time <= total_operation_time
```"
"System Message:
You are a logician with a background in mathematics that translates natural language
reasoning text to Python3 code so that these natural language reasoning problems can be solved.
During the translation, please pay close attention to defining variables and rules.
Do not add any comments from you.
Be guided by the following example:
Example input text:
Textual context: A vehicle operates over a A param between 20 and 110 in a typical day.
A vehicle operates for a B param between 2 and 10 in a typical day.
A vehicle operates with C param between 0.2 and 5 in a typical day.
A vehicle remains D param between 1 and 5 in a typical day.
A vehicle spends E param between 1 and 5 in a typical day.
A vehicle makes between 20 and 300 F param in a typical day.

Example Python3 code:
# A vehicle operates over a A param between 20 and 110 in a typical day.
def r1(a: float) -> bool:
    return 20 <= a <= 110

# A vehicle operates for a B param between 2 and 10 in a typical day.
def r2(b: float) -> bool:
    return 2 <= b <= 10

# A vehicle operates with C param between 0.2 and 5 in a typical day.
def r3(c: float) -> bool:
    return 0.2 <= c <= 5

# A vehicle remains D param between 1 and 5 in a typical day.
def r4(d: float) -> bool:
    return 1 <= d <= 5

# A vehicle spends E param between 1 and 5 in a typical day.
def r5(e: float) -> bool:
    return 1 <= e <= 5

# A vehicle makes between 20 and 300 F param in a typical day.
def r6(f: float) -> bool:
    return 20 <= f <= 300


Input text:
Textual context: PTO operation time must be less than or equal to the total operation time.
Idle time should be less than or equal to the total operation time.
Driving time must always be less than or equal to the total operation time.
Axle 1's load cannot exceed Axle 3's load.
Payload must remain below or equal to the load carried by axle 2.";"
```python
# PTO operation time must be less than or equal to the total operation time.
def r7(pto_time: float) -> bool:
    return pto_time <= total_operation_time

# Idle time should be less than or equal to the total operation time.
def r8(idle_time: float) -> bool:
    return idle_time <= total_operation_time

# Driving time must always be less than or equal to the total operation time.
def r9(driving_time: float) -> bool:
    return driving_time <= total_operation_time

# Axle 1's load cannot exceed Axle 3's load.
def r10(axle_1_load: float) -> bool:
    return axle_1_load <= axle_3_load

# Payload must remain below or equal to the load carried by axle 2.
def r11(payload: float) -> bool:
    return payload <= axle_2_load
```"
"System Message:
You are a logician with a background in mathematics that translates natural language
reasoning text to Python3 code so that these natural language reasoning problems can be solved.
During the translation, please pay close attention to defining variables and rules.
Do not add any comments from you.
Be guided by the following example:
Example input text:
Textual context: A vehicle operates over a A param between 20 and 110 in a typical day.
A vehicle operates for a B param between 2 and 10 in a typical day.
A vehicle operates with C param between 0.2 and 5 in a typical day.
A vehicle remains D param between 1 and 5 in a typical day.
A vehicle spends E param between 1 and 5 in a typical day.
A vehicle makes between 20 and 300 F param in a typical day.

Example Python3 code:
# A vehicle operates over a A param between 20 and 110 in a typical day.
def r1(a: float) -> bool:
    return 20 <= a <= 110

# A vehicle operates for a B param between 2 and 10 in a typical day.
def r2(b: float) -> bool:
    return 2 <= b <= 10

# A vehicle operates with C param between 0.2 and 5 in a typical day.
def r3(c: float) -> bool:
    return 0.2 <= c <= 5

# A vehicle remains D param between 1 and 5 in a typical day.
def r4(d: float) -> bool:
    return 1 <= d <= 5

# A vehicle spends E param between 1 and 5 in a typical day.
def r5(e: float) -> bool:
    return 1 <= e <= 5

# A vehicle makes between 20 and 300 F param in a typical day.
def r6(f: float) -> bool:
    return 20 <= f <= 300


Input text:
Textual context: PTO operation time should be less than or equal to the total operation time.
Stops with PTO engaged should never outnumber total stops.
Axle 1's load cannot exceed Axle 3's load.
The payload must not exceed the load carried by axle 3.
Total operation time should be at least the sum of PTO, idle, and driving times.";"
```python
# PTO operation time should be less than or equal to the total operation time.
def r7(pto_time: float, total_time: float) -> bool:
    return pto_time <= total_time

# Stops with PTO engaged should never outnumber total stops.
def r8(pto_stops: int, total_stops: int) -> bool:
    return pto_stops <= total_stops

# Axle 1's load cannot exceed Axle 3's load.
def r9(axle1_load: float, axle3_load: float) -> bool:
    return axle1_load <= axle3_load

# The payload must not exceed the load carried by axle 3.
def r10(payload: float, axle3_load: float) -> bool:
    return payload <= axle3_load

# Total operation time should be at least the sum of PTO, idle, and driving times.
def r11(pto_time: float, idle_time: float, driving_time: float) -> bool:
    return pto_time + idle_time + driving_time >= total_time
```"
"System Message:
You are a logician with a background in mathematics that translates natural language
reasoning text to Python3 code so that these natural language reasoning problems can be solved.
During the translation, please pay close attention to defining variables and rules.
Do not add any comments from you.
Be guided by the following example:
Example input text:
Textual context: A vehicle operates over a A param between 20 and 110 in a typical day.
A vehicle operates for a B param between 2 and 10 in a typical day.
A vehicle operates with C param between 0.2 and 5 in a typical day.
A vehicle remains D param between 1 and 5 in a typical day.
A vehicle spends E param between 1 and 5 in a typical day.
A vehicle makes between 20 and 300 F param in a typical day.

Example Python3 code:
# A vehicle operates over a A param between 20 and 110 in a typical day.
def r1(a: float) -> bool:
    return 20 <= a <= 110

# A vehicle operates for a B param between 2 and 10 in a typical day.
def r2(b: float) -> bool:
    return 2 <= b <= 10

# A vehicle operates with C param between 0.2 and 5 in a typical day.
def r3(c: float) -> bool:
    return 0.2 <= c <= 5

# A vehicle remains D param between 1 and 5 in a typical day.
def r4(d: float) -> bool:
    return 1 <= d <= 5

# A vehicle spends E param between 1 and 5 in a typical day.
def r5(e: float) -> bool:
    return 1 <= e <= 5

# A vehicle makes between 20 and 300 F param in a typical day.
def r6(f: float) -> bool:
    return 20 <= f <= 300


Input text:
Textual context: PTO operation time must be less than or equal to the total operation time.
Stops with PTO engaged should never outnumber total stops.
The weight on axle 1 cannot surpass the weight on axle 2.
The payload must not exceed the load carried by axle 3.
The combined time for PTO operation, idle time, and driving time must not surpass the total operation time.";"
```python
# PTO operation time must be less than or equal to the total operation time.
def r7(pto_time: float, total_time: float) -> bool:
    return pto_time <= total_time

# Stops with PTO engaged should never outnumber total stops.
def r8(pto_stops: int, total_stops: int) -> bool:
    return pto_stops <= total_stops

# The weight on axle 1 cannot surpass the weight on axle 2.
def r9(axle1_weight: float, axle2_weight: float) -> bool:
    return axle1_weight <= axle2_weight

# The payload must not exceed the load carried by axle 3.
def r10(axle3_payload: float, axle3_load: float) -> bool:
    return axle3_payload <= axle3_load

# The combined time for PTO operation, idle time, and driving time must not surpass the total operation time.
def r11(pto_time: float, idle_time: float, driving_time: float, total_time: float) -> bool:
    return pto_time + idle_time + driving_time <= total_time
```"
"System Message:
You are a logician with a background in mathematics that translates natural language
reasoning text to Python3 code so that these natural language reasoning problems can be solved.
During the translation, please pay close attention to defining variables and rules.
Do not add any comments from you.
Be guided by the following example:
Example input text:
Textual context: A vehicle operates over a A param between 20 and 110 in a typical day.
A vehicle operates for a B param between 2 and 10 in a typical day.
A vehicle operates with C param between 0.2 and 5 in a typical day.
A vehicle remains D param between 1 and 5 in a typical day.
A vehicle spends E param between 1 and 5 in a typical day.
A vehicle makes between 20 and 300 F param in a typical day.

Example Python3 code:
# A vehicle operates over a A param between 20 and 110 in a typical day.
def r1(a: float) -> bool:
    return 20 <= a <= 110

# A vehicle operates for a B param between 2 and 10 in a typical day.
def r2(b: float) -> bool:
    return 2 <= b <= 10

# A vehicle operates with C param between 0.2 and 5 in a typical day.
def r3(c: float) -> bool:
    return 0.2 <= c <= 5

# A vehicle remains D param between 1 and 5 in a typical day.
def r4(d: float) -> bool:
    return 1 <= d <= 5

# A vehicle spends E param between 1 and 5 in a typical day.
def r5(e: float) -> bool:
    return 1 <= e <= 5

# A vehicle makes between 20 and 300 F param in a typical day.
def r6(f: float) -> bool:
    return 20 <= f <= 300


Input text:
Textual context: The total operation duration must not be lower than the PTO operation time.
Total operation time shouldn’t be lower than idle time.
PTO-engaged stops cannot exceed the total number of stops.
The load carried by axle 1 must be smaller than or equal to the load on axle 3.
The payload must not exceed the load carried by axle 2.
The payload cannot exceed the capacity of axle 3.";"
```python
# Total operation duration must not be lower than the PTO operation time.
def r7(total_duration: float, pto_operation_time: float) -> bool:
    return total_duration >= pto_operation_time

# Total operation time shouldn’t be lower than idle time.
def r8(total_operation_time: float, idle_time: float) -> bool:
    return total_operation_time >= idle_time

# PTO-engaged stops cannot exceed the total number of stops.
def r9(pto_engaged_stops: int, total_stops: int) -> bool:
    return pto_engaged_stops <= total_stops

# The load carried by axle 1 must be smaller than or equal to the load on axle 3.
def r10(axle1_load: float, axle3_load: float) -> bool:
    return axle1_load <= axle3_load

# The payload must not exceed the load carried by axle 2.
def r11(payload: float, axle2_load: float) -> bool:
    return payload <= axle2_load

# The payload cannot exceed the capacity of axle 3.
def r12(payload: float, axle3_capacity: float) -> bool:
    return payload <= axle3_capacity
```"
"System Message:
You are a logician with a background in mathematics that translates natural language
reasoning text to Python3 code so that these natural language reasoning problems can be solved.
During the translation, please pay close attention to defining variables and rules.
Do not add any comments from you.
Be guided by the following example:
Example input text:
Textual context: A vehicle operates over a A param between 20 and 110 in a typical day.
A vehicle operates for a B param between 2 and 10 in a typical day.
A vehicle operates with C param between 0.2 and 5 in a typical day.
A vehicle remains D param between 1 and 5 in a typical day.
A vehicle spends E param between 1 and 5 in a typical day.
A vehicle makes between 20 and 300 F param in a typical day.

Example Python3 code:
# A vehicle operates over a A param between 20 and 110 in a typical day.
def r1(a: float) -> bool:
    return 20 <= a <= 110

# A vehicle operates for a B param between 2 and 10 in a typical day.
def r2(b: float) -> bool:
    return 2 <= b <= 10

# A vehicle operates with C param between 0.2 and 5 in a typical day.
def r3(c: float) -> bool:
    return 0.2 <= c <= 5

# A vehicle remains D param between 1 and 5 in a typical day.
def r4(d: float) -> bool:
    return 1 <= d <= 5

# A vehicle spends E param between 1 and 5 in a typical day.
def r5(e: float) -> bool:
    return 1 <= e <= 5

# A vehicle makes between 20 and 300 F param in a typical day.
def r6(f: float) -> bool:
    return 20 <= f <= 300


Input text:
Textual context: Total operation time shouldn’t be lower than idle time.
Driving time should be less than or equal to the total operation time.
The number of stops where PTO is engaged must not exceed the overall stop count.
The weight on axle 1 cannot surpass the weight on axle 2.
The load on axle 1 must not surpass the load on axle 3.
The combined time for PTO operation, idle time, and driving time must not surpass the total operation time.";"
```python
# Total operation time shouldn't be lower than idle time.
def r7(total_time: float, idle_time: float) -> bool:
    return total_time >= idle_time

# Driving time should be less than or equal to the total operation time.
def r8(driving_time: float, total_time: float) -> bool:
    return driving_time <= total_time

# The number of stops where PTO is engaged must not exceed the overall stop count.
def r9(pto_stops: int, total_stops: int) -> bool:
    return pto_stops <= total_stops

# The weight on axle 1 cannot surpass the weight on axle 2.
def r10(axle1_weight: float, axle2_weight: float) -> bool:
    return axle1_weight <= axle2_weight

# The load on axle 1 must not surpass the load on axle 3.
def r11(axle1_load: float, axle3_load: float) -> bool:
    return axle1_load <= axle3_load

# The combined time for PTO operation, idle time, and driving time must not surpass the total operation time.
def r12(pto_time: float, idle_time: float, driving_time: float, total_time: float) -> bool:
    return pto_time + idle_time + driving_time <= total_time
```"
"System Message:
You are a logician with a background in mathematics that translates natural language
reasoning text to Python3 code so that these natural language reasoning problems can be solved.
During the translation, please pay close attention to defining variables and rules.
Do not add any comments from you.
Be guided by the following example:
Example input text:
Textual context: A vehicle operates over a A param between 20 and 110 in a typical day.
A vehicle operates for a B param between 2 and 10 in a typical day.
A vehicle operates with C param between 0.2 and 5 in a typical day.
A vehicle remains D param between 1 and 5 in a typical day.
A vehicle spends E param between 1 and 5 in a typical day.
A vehicle makes between 20 and 300 F param in a typical day.
A vehicle makes between 20 and 250 G param in a typical day.

Example Python3 code:
# A vehicle operates over a A param between 20 and 110 in a typical day.
def r1(a: float) -> bool:
    return 20 <= a <= 110

# A vehicle operates for a B param between 2 and 10 in a typical day.
def r2(b: float) -> bool:
    return 2 <= b <= 10

# A vehicle operates with C param between 0.2 and 5 in a typical day.
def r3(c: float) -> bool:
    return 0.2 <= c <= 5

# A vehicle remains D param between 1 and 5 in a typical day.
def r4(d: float) -> bool:
    return 1 <= d <= 5

# A vehicle spends E param between 1 and 5 in a typical day.
def r5(e: float) -> bool:
    return 1 <= e <= 5

# A vehicle makes between 20 and 300 F param in a typical day.
def r6(f: float) -> bool:
    return 20 <= f <= 300

# A vehicle makes between 20 and 250 G param in a typical day.
def r7(g: float) -> bool:
    return 20 <= g <= 250


Input text:
Textual context: Total operation time shouldn’t be lower than PTO operation time.
Idle time must always be less than or equal to the total operation time.
The total operation durationmust not be lower than the driving time.
Stops with PTO engaged should never outnumber total stops.
The weight on axle 1 cannot surpass the weight on axle 2.
The payload cannot exceed the capacity of axle 2.
The combined time for PTO operation, idle time, and driving time must not surpass the total operation time.";"
```python
# Total operation time shouldn't be lower than PTO operation time.
def r8(pto_time: float) -> bool:
    return pto_time >= 0

# Idle time must always be less than or equal to the total operation time.
def r9(idle_time: float) -> bool:
    return idle_time <= 0

# The total operation duration must not be lower than the driving time.
def r10(driving_time: float) -> bool:
    return driving_time >= 0

# Stops with PTO engaged should never outnumber total stops.
def r11(total_stops: int) -> bool:
    return total_stops >= 0

# The weight on axle 1 cannot surpass the weight on axle 2.
def r12(axle1_weight: float, axle2_weight: float) -> bool:
    return axle1_weight <= axle2_weight

# The payload cannot exceed the capacity of axle 2.
def r13(payload: float, axle2_capacity: float) -> bool:
    return payload <= axle2_capacity

# The combined time for PTO operation, idle time, and driving time must not surpass the total operation time.
def r14(pto_time: float, idle_time: float, driving_time: float) -> bool:
    return pto_time + idle_time + driving_time <= 0
```"
"System Message:
You are a logician with a background in mathematics that translates natural language
reasoning text to Python3 code so that these natural language reasoning problems can be solved.
During the translation, please pay close attention to defining variables and rules.
Do not add any comments from you.
Be guided by the following example:
Example input text:
Textual context: A vehicle operates over a A param between 20 and 110 in a typical day.
A vehicle operates for a B param between 2 and 10 in a typical day.
A vehicle operates with C param between 0.2 and 5 in a typical day.
A vehicle remains D param between 1 and 5 in a typical day.
A vehicle spends E param between 1 and 5 in a typical day.
A vehicle makes between 20 and 300 F param in a typical day.
A vehicle makes between 20 and 250 G param in a typical day.

Example Python3 code:
# A vehicle operates over a A param between 20 and 110 in a typical day.
def r1(a: float) -> bool:
    return 20 <= a <= 110

# A vehicle operates for a B param between 2 and 10 in a typical day.
def r2(b: float) -> bool:
    return 2 <= b <= 10

# A vehicle operates with C param between 0.2 and 5 in a typical day.
def r3(c: float) -> bool:
    return 0.2 <= c <= 5

# A vehicle remains D param between 1 and 5 in a typical day.
def r4(d: float) -> bool:
    return 1 <= d <= 5

# A vehicle spends E param between 1 and 5 in a typical day.
def r5(e: float) -> bool:
    return 1 <= e <= 5

# A vehicle makes between 20 and 300 F param in a typical day.
def r6(f: float) -> bool:
    return 20 <= f <= 300

# A vehicle makes between 20 and 250 G param in a typical day.
def r7(g: float) -> bool:
    return 20 <= g <= 250


Input text:
Textual context: Idle time must always be less than or equal to the total operation time.
Driving time must always be less than or equal to the total operation time.
The total stop count must not be lower than the count of stops where PTO is engaged.
Axle 1's load cannot exceed Axle 2's load.
Axle 1's load cannot exceed Axle 3's load.
Axle 2's load must always be equal to or greater than the payload.
The combined time for PTO operation, idle time, and driving time must not surpass the total operation time.";"
```python
# Define functions to check each condition based on the given parameters
def r8(ptime: float, itime: float, dtime: float, pto_count: int, ax1_load: float, ax2_load: float, ax3_load: float, payload: float):
    # Idle time must always be less than or equal to the total operation time
    if itime > ptime + dtime:
        return False
    
    # Driving time must always be less than or equal to the total operation time
    if dtime > ptime + itime:
        return False
    
    # The total stop count must not be lower than the count of stops where PTO is engaged
    if pto_count < sum(pto_count == 1 for _ in range(pto_count)):
        return False
    
    # Axle 1's load cannot exceed Axle 2's load
    if ax1_load > ax2_load:
        return False
    
    # Axle 1's load cannot exceed Axle 3's load
    if ax1_load > ax3_load:
        return False
    
    # Axle 2's load must always be equal to or greater than the payload
    if ax2_load < payload:
        return False
    
    # The combined time for PTO operation, idle time, and driving time must not surpass the total operation time
    if ptime + itime + dtime > ptime + dtime + ptime:
        return False
    
    return True
```"
"System Message:
You are a logician with a background in mathematics that translates natural language
reasoning text to Python3 code so that these natural language reasoning problems can be solved.
During the translation, please pay close attention to defining variables and rules.
Do not add any comments from you.
Be guided by the following example:
Example input text:
Textual context: A vehicle operates over a A param between 20 and 110 in a typical day.
A vehicle operates for a B param between 2 and 10 in a typical day.
A vehicle operates with C param between 0.2 and 5 in a typical day.
A vehicle remains D param between 1 and 5 in a typical day.
A vehicle spends E param between 1 and 5 in a typical day.
A vehicle makes between 20 and 300 F param in a typical day.
A vehicle makes between 20 and 250 G param in a typical day.

Example Python3 code:
# A vehicle operates over a A param between 20 and 110 in a typical day.
def r1(a: float) -> bool:
    return 20 <= a <= 110

# A vehicle operates for a B param between 2 and 10 in a typical day.
def r2(b: float) -> bool:
    return 2 <= b <= 10

# A vehicle operates with C param between 0.2 and 5 in a typical day.
def r3(c: float) -> bool:
    return 0.2 <= c <= 5

# A vehicle remains D param between 1 and 5 in a typical day.
def r4(d: float) -> bool:
    return 1 <= d <= 5

# A vehicle spends E param between 1 and 5 in a typical day.
def r5(e: float) -> bool:
    return 1 <= e <= 5

# A vehicle makes between 20 and 300 F param in a typical day.
def r6(f: float) -> bool:
    return 20 <= f <= 300

# A vehicle makes between 20 and 250 G param in a typical day.
def r7(g: float) -> bool:
    return 20 <= g <= 250


Input text:
Textual context: The total operation duration must not be lower than the PTO operation time.
Idle time must always be less than or equal to the total operation time.
Total operation time should shouldn’t be lower than driving time.
The number of stops where PTO is engaged must not exceed the overall stop count.
The load on axle 1 must not surpass the load on axle 3.
The total operation time must always be not lower than the combined duration of PTO operation, idle time, and driving time.";"
```python
# Total operation duration must not be lower than the PTO operation time.
def r8(total_operation_time: float, pto_operation_time: float) -> bool:
    return total_operation_time >= pto_operation_time

# Idle time must always be less than or equal to the total operation time.
def r9(idle_time: float, total_operation_time: float) -> bool:
    return idle_time <= total_operation_time

# Total operation time should shouldn’t be lower than driving time.
def r10(driving_time: float, total_operation_time: float) -> bool:
    return total_operation_time >= driving_time

# The number of stops where PTO is engaged must not exceed the overall stop count.
def r11(pto_engaged_stops: int, overall_stop_count: int) -> bool:
    return pto_engaged_stops <= overall_stop_count

# The load on axle 1 must not surpass the load on axle 3.
def r12(load_axle_1: float, load_axle_3: float) -> bool:
    return load_axle_1 <= load_axle_3

# The total operation time must always be not lower than the combined duration of PTO operation, idle time, and driving time.
def r13(total_operation_time: float, pto_operation_time: float, idle_time: float, driving_time: float) -> bool:
    return total_operation_time >= (pto_operation_time + idle_time + driving_time)
```"
"System Message:
You are a logician with a background in mathematics that translates natural language
reasoning text to Python3 code so that these natural language reasoning problems can be solved.
During the translation, please pay close attention to defining variables and rules.
Do not add any comments from you.
Be guided by the following example:
Example input text:
Textual context: A vehicle operates over a A param between 20 and 110 in a typical day.
A vehicle operates for a B param between 2 and 10 in a typical day.
A vehicle operates with C param between 0.2 and 5 in a typical day.
A vehicle remains D param between 1 and 5 in a typical day.
A vehicle spends E param between 1 and 5 in a typical day.
A vehicle makes between 20 and 300 F param in a typical day.
A vehicle makes between 20 and 250 G param in a typical day.

Example Python3 code:
# A vehicle operates over a A param between 20 and 110 in a typical day.
def r1(a: float) -> bool:
    return 20 <= a <= 110

# A vehicle operates for a B param between 2 and 10 in a typical day.
def r2(b: float) -> bool:
    return 2 <= b <= 10

# A vehicle operates with C param between 0.2 and 5 in a typical day.
def r3(c: float) -> bool:
    return 0.2 <= c <= 5

# A vehicle remains D param between 1 and 5 in a typical day.
def r4(d: float) -> bool:
    return 1 <= d <= 5

# A vehicle spends E param between 1 and 5 in a typical day.
def r5(e: float) -> bool:
    return 1 <= e <= 5

# A vehicle makes between 20 and 300 F param in a typical day.
def r6(f: float) -> bool:
    return 20 <= f <= 300

# A vehicle makes between 20 and 250 G param in a typical day.
def r7(g: float) -> bool:
    return 20 <= g <= 250


Input text:
Textual context: Idle time should be less than or equal to the total operation time.
The load supported by axle 1 cannot exceed that of axle 2.
The load supported by axle 1 cannot exceed that of axle 3.
The payload must always be smaller than or equal to the load on axle 2.
Axle 3's load must always be equal to or greater than the payload.
The total operation time must always be not lower than the combined duration of PTO operation, idle time, and driving time.";"
```python
# Define functions to check each condition based on the given parameters
def r8(p: float) -> bool:
    # Total operation time must always be not lower than the combined duration of PTO operation, idle time, and driving time
    return p >= (pto_time + idle_time + driving_time)

def r9(a1: float, a2: float) -> bool:
    # The load supported by axle 1 cannot exceed that of axle 2
    return a1 <= a2

def r10(a1: float, a3: float) -> bool:
    # The load supported by axle 1 cannot exceed that of axle 3
    return a1 <= a3

def r11(a2: float, a3: float) -> bool:
    # The payload must always be smaller than or equal to the load on axle 2
    return a2 <= a3

def r12(a3: float, a2: float) -> bool:
    # Axle 3's load must always be equal to or greater than the payload
    return a3 >= a2
```

In this solution, we have defined separate functions `r8`, `r9`, `r10`, `r11`, and `r12` to check each condition based on the given parameters. These functions take appropriate parameters and return boolean values indicating whether the condition is met or not."
"System Message:
You are a logician with a background in mathematics that translates natural language
reasoning text to Python3 code so that these natural language reasoning problems can be solved.
During the translation, please pay close attention to defining variables and rules.
Do not add any comments from you.
Be guided by the following example:
Example input text:
Textual context: A vehicle operates over a A param between 20 and 110 in a typical day.
A vehicle operates for a B param between 2 and 10 in a typical day.
A vehicle operates with C param between 0.2 and 5 in a typical day.
A vehicle remains D param between 1 and 5 in a typical day.
A vehicle spends E param between 1 and 5 in a typical day.
A vehicle makes between 20 and 300 F param in a typical day.
A vehicle makes between 20 and 250 G param in a typical day.

Example Python3 code:
# A vehicle operates over a A param between 20 and 110 in a typical day.
def r1(a: float) -> bool:
    return 20 <= a <= 110

# A vehicle operates for a B param between 2 and 10 in a typical day.
def r2(b: float) -> bool:
    return 2 <= b <= 10

# A vehicle operates with C param between 0.2 and 5 in a typical day.
def r3(c: float) -> bool:
    return 0.2 <= c <= 5

# A vehicle remains D param between 1 and 5 in a typical day.
def r4(d: float) -> bool:
    return 1 <= d <= 5

# A vehicle spends E param between 1 and 5 in a typical day.
def r5(e: float) -> bool:
    return 1 <= e <= 5

# A vehicle makes between 20 and 300 F param in a typical day.
def r6(f: float) -> bool:
    return 20 <= f <= 300

# A vehicle makes between 20 and 250 G param in a typical day.
def r7(g: float) -> bool:
    return 20 <= g <= 250


Input text:
Textual context: The total operation duration must not be lower than the PTO operation time.
The total operation durationmust not be lower than the driving time.
The number of stops where PTO is engaged must not exceed the overall stop count.
The load on axle 1 must not surpass the load on axle 2.
The load carried by axle 1 must be smaller than or equal to the load on axle 3.
Axle 3's load must always be equal to or greater than the payload.";"
```python
# Define functions to check each condition based on the given parameters
def r8(p_to_time: float) -> bool:
    # Total operation duration must not be lower than the PTO operation time
    return p_to_time >= 0

def r9(driving_time: float) -> bool:
    # Total operation duration must not be lower than the driving time
    return driving_time >= 0

def r10(pto_stops: int) -> bool:
    # The number of stops where PTO is engaged must not exceed the overall stop count
    return pto_stops <= 0

def r11(axle_1_load: float) -> bool:
    # The load on axle 1 must not surpass the load on axle 2
    return axle_1_load <= axle_2_load

def r12(axle_1_load: float, axle_3_load: float) -> bool:
    # The load carried by axle 1 must be smaller than or equal to the load on axle 3
    return axle_1_load <= axle_3_load

def r13(axle_3_load: float, payload: float) -> bool:
    # Axle 3's load must always be equal to or greater than the payload
    return axle_3_load >= payload
```"
"System Message:
You are a logician with a background in mathematics that translates natural language
reasoning text to Python3 code so that these natural language reasoning problems can be solved.
During the translation, please pay close attention to defining variables and rules.
Do not add any comments from you.
Be guided by the following example:
Example input text:
Textual context: A vehicle operates over a A param between 20 and 110 in a typical day.
A vehicle operates for a B param between 2 and 10 in a typical day.
A vehicle operates with C param between 0.2 and 5 in a typical day.
A vehicle remains D param between 1 and 5 in a typical day.
A vehicle spends E param between 1 and 5 in a typical day.
A vehicle makes between 20 and 300 F param in a typical day.
A vehicle makes between 20 and 250 G param in a typical day.

Example Python3 code:
# A vehicle operates over a A param between 20 and 110 in a typical day.
def r1(a: float) -> bool:
    return 20 <= a <= 110

# A vehicle operates for a B param between 2 and 10 in a typical day.
def r2(b: float) -> bool:
    return 2 <= b <= 10

# A vehicle operates with C param between 0.2 and 5 in a typical day.
def r3(c: float) -> bool:
    return 0.2 <= c <= 5

# A vehicle remains D param between 1 and 5 in a typical day.
def r4(d: float) -> bool:
    return 1 <= d <= 5

# A vehicle spends E param between 1 and 5 in a typical day.
def r5(e: float) -> bool:
    return 1 <= e <= 5

# A vehicle makes between 20 and 300 F param in a typical day.
def r6(f: float) -> bool:
    return 20 <= f <= 300

# A vehicle makes between 20 and 250 G param in a typical day.
def r7(g: float) -> bool:
    return 20 <= g <= 250


Input text:
Textual context: PTO operation time should be less than or equal to the total operation time.
The total operation duration must not be lower than the idle time.
Axle 1's load cannot exceed Axle 2's load.
Axle 1's load cannot exceed Axle 3's load.
The payload cannot exceed the capacity of axle 2.
The payload must always be smaller than or equal to the load on axle 3.
The combined time for PTO operation, idle time, and driving time must not surpass the total operation time.";"
```python
# Define functions to check each condition based on the given parameters
def r8(pto_time: float, total_time: float, idle_time: float, ax1_load: float, ax2_load: float, ax3_load: float, payload: float, capacity_ax2: float, load_ax3: float):
    # Condition 1: PTO operation time should be less than or equal to the total operation time
    if pto_time > total_time:
        return False
    
    # Condition 2: The total operation duration must not be lower than the idle time
    if total_time < idle_time:
        return False
    
    # Condition 3: Axle 1's load cannot exceed Axle 2's load
    if ax1_load > ax2_load:
        return False
    
    # Condition 4: Axle 1's load cannot exceed Axle 3's load
    if ax1_load > ax3_load:
        return False
    
    # Condition 5: The payload cannot exceed the capacity of axle 2
    if payload > capacity_ax2:
        return False
    
    # Condition 6: The payload must always be smaller than or equal to the load on axle 3
    if payload > load_ax3:
        return False
    
    # Condition 7: The combined time for PTO operation, idle time, and driving time must not surpass the total operation time
    if (pto_time + idle_time + driving_time) > total_time:
        return False
    
    return True
```

In this solution, we define a function `r8` that takes several parameters related to the operation of a vehicle, including PTO operation time, total operation time, idle time, loads on different axles, payload, and capacities. Each condition is checked using simple comparison statements within the function. If all conditions are met, the function returns `True`, indicating that the vehicle's operations meet the specified criteria. Otherwise, it returns `False`."
"System Message:
You are a logician with a background in mathematics that translates natural language
reasoning text to Python3 code so that these natural language reasoning problems can be solved.
During the translation, please pay close attention to defining variables and rules.
Do not add any comments from you.
Be guided by the following example:
Example input text:
Textual context: A vehicle operates over a A param between 20 and 110 in a typical day.
A vehicle operates for a B param between 2 and 10 in a typical day.
A vehicle operates with C param between 0.2 and 5 in a typical day.
A vehicle remains D param between 1 and 5 in a typical day.
A vehicle spends E param between 1 and 5 in a typical day.
A vehicle makes between 20 and 300 F param in a typical day.
A vehicle makes between 20 and 250 G param in a typical day.

Example Python3 code:
# A vehicle operates over a A param between 20 and 110 in a typical day.
def r1(a: float) -> bool:
    return 20 <= a <= 110

# A vehicle operates for a B param between 2 and 10 in a typical day.
def r2(b: float) -> bool:
    return 2 <= b <= 10

# A vehicle operates with C param between 0.2 and 5 in a typical day.
def r3(c: float) -> bool:
    return 0.2 <= c <= 5

# A vehicle remains D param between 1 and 5 in a typical day.
def r4(d: float) -> bool:
    return 1 <= d <= 5

# A vehicle spends E param between 1 and 5 in a typical day.
def r5(e: float) -> bool:
    return 1 <= e <= 5

# A vehicle makes between 20 and 300 F param in a typical day.
def r6(f: float) -> bool:
    return 20 <= f <= 300

# A vehicle makes between 20 and 250 G param in a typical day.
def r7(g: float) -> bool:
    return 20 <= g <= 250


Input text:
Textual context: Stops with PTO engaged cannot outnumber the total stops.
The weight on axle 1 cannot surpass the weight on axle 2.
The payload must always be smaller than or equal to the load on axle 2.
The payload must not exceed the load carried by axle 3.
Total operation time must be greater than or equal to the sum of PTO operation, idle, and driving times.";"
```python
# Stops with PTO engaged cannot outnumber the total stops.
def r8(pto_stops: int, total_stops: int) -> bool:
    return pto_stops <= total_stops

# The weight on axle 1 cannot surpass the weight on axle 2.
def r9(axle1_weight: float, axle2_weight: float) -> bool:
    return axle1_weight <= axle2_weight

# The payload must always be smaller than or equal to the load on axle 2.
def r10(payload: float, axle2_load: float) -> bool:
    return payload <= axle2_load

# The payload must not exceed the load carried by axle 3.
def r11(payload: float, axle3_load: float) -> bool:
    return payload <= axle3_load

# Total operation time must be greater than or equal to the sum of PTO operation, idle, and driving times.
def r12(pto_time: float, idle_time: float, driving_time: float) -> bool:
    return pto_time + idle_time + driving_time >= pto_time
```"
"System Message:
You are a logician with a background in mathematics that translates natural language
reasoning text to Python3 code so that these natural language reasoning problems can be solved.
During the translation, please pay close attention to defining variables and rules.
Do not add any comments from you.
Be guided by the following example:
Example input text:
Textual context: A vehicle operates over a A param between 20 and 110 in a typical day.
A vehicle operates for a B param between 2 and 10 in a typical day.
A vehicle operates with C param between 0.2 and 5 in a typical day.
A vehicle remains D param between 1 and 5 in a typical day.
A vehicle spends E param between 1 and 5 in a typical day.
A vehicle makes between 20 and 300 F param in a typical day.

Example Python3 code:
# A vehicle operates over a A param between 20 and 110 in a typical day.
def r1(a: float) -> bool:
    return 20 <= a <= 110

# A vehicle operates for a B param between 2 and 10 in a typical day.
def r2(b: float) -> bool:
    return 2 <= b <= 10

# A vehicle operates with C param between 0.2 and 5 in a typical day.
def r3(c: float) -> bool:
    return 0.2 <= c <= 5

# A vehicle remains D param between 1 and 5 in a typical day.
def r4(d: float) -> bool:
    return 1 <= d <= 5

# A vehicle spends E param between 1 and 5 in a typical day.
def r5(e: float) -> bool:
    return 1 <= e <= 5

# A vehicle makes between 20 and 300 F param in a typical day.
def r6(f: float) -> bool:
    return 20 <= f <= 300


Input text:
Textual context: The total operation duration must not be lower than the PTO operation time.
Total operation time shouldn’t be lower than idle time.
Driving time cannot be greater than the total operation time.
Stops with PTO engaged cannot outnumber the total stops.
The load on axle 1 must not surpass the load on axle 2.
The weight on axle 1 cannot surpass the weight on axle 3.";"
```python
# Total operation duration must not be lower than the PTO operation time.
def r7(total_operation_time: float, pto_operation_time: float) -> bool:
    return total_operation_time >= pto_operation_time

# Total operation time shouldn’t be lower than idle time.
def r8(total_operation_time: float, idle_time: float) -> bool:
    return total_operation_time >= idle_time

# Driving time cannot be greater than the total operation time.
def r9(driving_time: float, total_operation_time: float) -> bool:
    return driving_time <= total_operation_time

# Stops with PTO engaged cannot outnumber the total stops.
def r10(stops_with_pto_engaged: int, total_stops: int) -> bool:
    return stops_with_pto_engaged <= total_stops

# The load on axle 1 must not surpass the load on axle 2.
def r11(load_axle_1: float, load_axle_2: float) -> bool:
    return load_axle_1 <= load_axle_2

# The weight on axle 1 cannot surpass the weight on axle 3.
def r12(weight_axle_1: float, weight_axle_3: float) -> bool:
    return weight_axle_1 <= weight_axle_3
```"
"System Message:
You are a logician with a background in mathematics that translates natural language
reasoning text to Python3 code so that these natural language reasoning problems can be solved.
During the translation, please pay close attention to defining variables and rules.
Do not add any comments from you.
Be guided by the following example:
Example input text:
Textual context: A vehicle operates over a A param between 20 and 110 in a typical day.
A vehicle operates for a B param between 2 and 10 in a typical day.
A vehicle operates with C param between 0.2 and 5 in a typical day.
A vehicle remains D param between 1 and 5 in a typical day.
A vehicle spends E param between 1 and 5 in a typical day.
A vehicle makes between 20 and 300 F param in a typical day.
A vehicle makes between 20 and 250 G param in a typical day.

Example Python3 code:
# A vehicle operates over a A param between 20 and 110 in a typical day.
def r1(a: float) -> bool:
    return 20 <= a <= 110

# A vehicle operates for a B param between 2 and 10 in a typical day.
def r2(b: float) -> bool:
    return 2 <= b <= 10

# A vehicle operates with C param between 0.2 and 5 in a typical day.
def r3(c: float) -> bool:
    return 0.2 <= c <= 5

# A vehicle remains D param between 1 and 5 in a typical day.
def r4(d: float) -> bool:
    return 1 <= d <= 5

# A vehicle spends E param between 1 and 5 in a typical day.
def r5(e: float) -> bool:
    return 1 <= e <= 5

# A vehicle makes between 20 and 300 F param in a typical day.
def r6(f: float) -> bool:
    return 20 <= f <= 300

# A vehicle makes between 20 and 250 G param in a typical day.
def r7(g: float) -> bool:
    return 20 <= g <= 250


Input text:
Textual context: The total operation duration must not be lower than the PTO operation time.
Idle time should be less than or equal to the total operation time.
PTO-engaged stops cannot exceed the total number of stops.
The load on axle 1 must not surpass the load on axle 2.
The load carried by axle 1 must be smaller than or equal to the load on axle 3.
Payload must remain below or equal to the load carried by axle 2.
The total operation duration must always be greater than or equal to the combined time for PTO, idle, and driving.";"
```python
# Define functions to check each condition based on the given parameters
def r8(total_duration: float, pto_time: float, total_stops: int, load_axle_1: float, load_axle_2: float, load_axle_3: float, payload: float) -> bool:
    # Total operation duration must not be lower than the PTO operation time
    if total_duration < pto_time:
        return False
    
    # Idle time should be less than or equal to the total operation time
    if total_duration - pto_time > total_stops:
        return False
    
    # PTO-engaged stops cannot exceed the total number of stops
    if total_stops > total_stops:
        return False
    
    # Load on axle 1 must not surpass the load on axle 2
    if load_axle_1 > load_axle_2:
        return False
    
    # The load carried by axle 1 must be smaller than or equal to the load on axle 3
    if load_axle_1 > load_axle_3:
        return False
    
    # Payload must remain below or equal to the load carried by axle 2
    if payload > load_axle_2:
        return False
    
    # The total operation duration must always be greater than or equal to the combined time for PTO, idle, and driving
    if total_duration < pto_time + total_stops + (total_duration - pto_time):
        return False
    
    return True
```"
"System Message:
You are a logician with a background in mathematics that translates natural language
reasoning text to Python3 code so that these natural language reasoning problems can be solved.
During the translation, please pay close attention to defining variables and rules.
Do not add any comments from you.
Be guided by the following example:
Example input text:
Textual context: A vehicle operates over a A param between 20 and 110 in a typical day.
A vehicle operates for a B param between 2 and 10 in a typical day.
A vehicle operates with C param between 0.2 and 5 in a typical day.
A vehicle remains D param between 1 and 5 in a typical day.
A vehicle spends E param between 1 and 5 in a typical day.
A vehicle makes between 20 and 300 F param in a typical day.
A vehicle makes between 20 and 250 G param in a typical day.

Example Python3 code:
# A vehicle operates over a A param between 20 and 110 in a typical day.
def r1(a: float) -> bool:
    return 20 <= a <= 110

# A vehicle operates for a B param between 2 and 10 in a typical day.
def r2(b: float) -> bool:
    return 2 <= b <= 10

# A vehicle operates with C param between 0.2 and 5 in a typical day.
def r3(c: float) -> bool:
    return 0.2 <= c <= 5

# A vehicle remains D param between 1 and 5 in a typical day.
def r4(d: float) -> bool:
    return 1 <= d <= 5

# A vehicle spends E param between 1 and 5 in a typical day.
def r5(e: float) -> bool:
    return 1 <= e <= 5

# A vehicle makes between 20 and 300 F param in a typical day.
def r6(f: float) -> bool:
    return 20 <= f <= 300

# A vehicle makes between 20 and 250 G param in a typical day.
def r7(g: float) -> bool:
    return 20 <= g <= 250


Input text:
Textual context: PTO operation time cannot be greater than the total operation time.
Total operation time shouldn’t be lower than idle time.
Total operation time should shouldn’t be lower than driving time.
The payload cannot exceed the capacity of axle 2.
The total operation time must always be not lower than the combined duration of PTO operation, idle time, and driving time.";"
```python
# Define functions to check each condition based on the given parameters
def r8(pto_time: float, total_time: float, idle_time: float, driving_time: float) -> bool:
    # PTO operation time cannot be greater than the total operation time
    if pto_time > total_time:
        return False
    
    # Total operation time shouldn't be lower than idle time
    if total_time < idle_time:
        return False
    
    # Total operation time should shouldn't be lower than driving time
    if total_time < driving_time:
        return False
    
    # The payload cannot exceed the capacity of axle 2
    # Assuming 'axle_capacity' is defined elsewhere
    if payload > axle_capacity:
        return False
    
    # The total operation time must always be not lower than the combined duration of PTO operation, idle time, and driving time
    if total_time < (pto_time + idle_time + driving_time):
        return False
    
    return True
```

In this solution, we define separate functions `r8` for each condition based on the given parameters. Each function checks whether the condition holds true and returns `False` if it does not. If all conditions are met, the function returns `True`. This approach ensures that the conditions are checked systematically and efficiently."
"System Message:
You are a logician with a background in mathematics that translates natural language
reasoning text to Python3 code so that these natural language reasoning problems can be solved.
During the translation, please pay close attention to defining variables and rules.
Do not add any comments from you.
Be guided by the following example:
Example input text:
Textual context: A vehicle operates over a A param between 20 and 110 in a typical day.
A vehicle operates for a B param between 2 and 10 in a typical day.
A vehicle operates with C param between 0.2 and 5 in a typical day.
A vehicle remains D param between 1 and 5 in a typical day.
A vehicle spends E param between 1 and 5 in a typical day.
A vehicle makes between 20 and 300 F param in a typical day.
A vehicle makes between 20 and 250 G param in a typical day.

Example Python3 code:
# A vehicle operates over a A param between 20 and 110 in a typical day.
def r1(a: float) -> bool:
    return 20 <= a <= 110

# A vehicle operates for a B param between 2 and 10 in a typical day.
def r2(b: float) -> bool:
    return 2 <= b <= 10

# A vehicle operates with C param between 0.2 and 5 in a typical day.
def r3(c: float) -> bool:
    return 0.2 <= c <= 5

# A vehicle remains D param between 1 and 5 in a typical day.
def r4(d: float) -> bool:
    return 1 <= d <= 5

# A vehicle spends E param between 1 and 5 in a typical day.
def r5(e: float) -> bool:
    return 1 <= e <= 5

# A vehicle makes between 20 and 300 F param in a typical day.
def r6(f: float) -> bool:
    return 20 <= f <= 300

# A vehicle makes between 20 and 250 G param in a typical day.
def r7(g: float) -> bool:
    return 20 <= g <= 250


Input text:
Textual context: Idle time must always be less than or equal to the total operation time.
Driving time cannot be greater than the total operation time.
Stops with PTO engaged cannot outnumber the total stops.
The load carried by axle 1 must be smaller than or equal to the load on axle 2.
The load on axle 1 must not surpass the load on axle 3.";"
```python
# Define functions to check each condition based on the given parameters
def r8(p: int) -> bool:
    # Idle time must always be less than or equal to the total operation time
    return p <= 100  # Assuming total operation time is 100 hours

def r9(q: int) -> bool:
    # Driving time cannot be greater than the total operation time
    return q <= 100  # Assuming total operation time is 100 hours

def r10(r: int) -> bool:
    # Stops with PTO engaged cannot outnumber the total stops
    return r <= 50  # Assuming total stops are 50

def r11(s: int) -> bool:
    # The load carried by axle 1 must be smaller than or equal to the load on axle 2
    return s <= t  # Assuming t is the maximum load on axle 2

def r12(t: int) -> bool:
    # The load on axle 1 must not surpass the load on axle 3
    return s <= u  # Assuming u is the maximum load on axle 3
```

In this solution, we define separate functions `r8`, `r9`, `r10`, `r11`, and `r12` to check each of the given conditions based on the provided parameters. Each function returns `True` if the condition is met and `False` otherwise. These functions are then used within the main program to ensure that all conditions are satisfied."
"System Message:
You are a logician with a background in mathematics that translates natural language
reasoning text to Python3 code so that these natural language reasoning problems can be solved.
During the translation, please pay close attention to defining variables and rules.
Do not add any comments from you.
Be guided by the following example:
Example input text:
Textual context: A vehicle operates over a A param between 20 and 110 in a typical day.
A vehicle operates for a B param between 2 and 10 in a typical day.
A vehicle operates with C param between 0.2 and 5 in a typical day.
A vehicle remains D param between 1 and 5 in a typical day.
A vehicle spends E param between 1 and 5 in a typical day.
A vehicle makes between 20 and 300 F param in a typical day.

Example Python3 code:
# A vehicle operates over a A param between 20 and 110 in a typical day.
def r1(a: float) -> bool:
    return 20 <= a <= 110

# A vehicle operates for a B param between 2 and 10 in a typical day.
def r2(b: float) -> bool:
    return 2 <= b <= 10

# A vehicle operates with C param between 0.2 and 5 in a typical day.
def r3(c: float) -> bool:
    return 0.2 <= c <= 5

# A vehicle remains D param between 1 and 5 in a typical day.
def r4(d: float) -> bool:
    return 1 <= d <= 5

# A vehicle spends E param between 1 and 5 in a typical day.
def r5(e: float) -> bool:
    return 1 <= e <= 5

# A vehicle makes between 20 and 300 F param in a typical day.
def r6(f: float) -> bool:
    return 20 <= f <= 300


Input text:
Textual context: The total operation duration must not be lower than the PTO operation time.
Idle time should be less than or equal to the total operation time.
The total operation durationmust not be lower than the driving time.
Stops with PTO engaged cannot outnumber the total stops.
The load on axle 1 must not surpass the load on axle 2.
Axle 1's load cannot exceed Axle 3's load.";"
```python
# Total operation duration must not be lower than the PTO operation time.
def r7(pto_time: float) -> bool:
    return pto_time <= 0

# Idle time should be less than or equal to the total operation time.
def r8(idle_time: float) -> bool:
    return idle_time <= 0

# The total operation duration must not be lower than the driving time.
def r9(driving_time: float) -> bool:
    return driving_time <= 0

# Stops with PTO engaged cannot outnumber the total stops.
def r10(total_stops: int) -> bool:
    return total_stops >= 0

# The load on axle 1 must not surpass the load on axle 2.
def r11(axle1_load: float) -> bool:
    return axle1_load <= axle2_load

# Axle 1's load cannot exceed Axle 3's load.
def r12(axle1_load: float, axle3_load: float) -> bool:
    return axle1_load <= axle3_load
```"
"System Message:
You are a logician with a background in mathematics that translates natural language
reasoning text to Python3 code so that these natural language reasoning problems can be solved.
During the translation, please pay close attention to defining variables and rules.
Do not add any comments from you.
Be guided by the following example:
Example input text:
Textual context: A vehicle operates over a A param between 20 and 110 in a typical day.
A vehicle operates for a B param between 2 and 10 in a typical day.
A vehicle operates with C param between 0.2 and 5 in a typical day.
A vehicle remains D param between 1 and 5 in a typical day.
A vehicle spends E param between 1 and 5 in a typical day.
A vehicle makes between 20 and 300 F param in a typical day.

Example Python3 code:
# A vehicle operates over a A param between 20 and 110 in a typical day.
def r1(a: float) -> bool:
    return 20 <= a <= 110

# A vehicle operates for a B param between 2 and 10 in a typical day.
def r2(b: float) -> bool:
    return 2 <= b <= 10

# A vehicle operates with C param between 0.2 and 5 in a typical day.
def r3(c: float) -> bool:
    return 0.2 <= c <= 5

# A vehicle remains D param between 1 and 5 in a typical day.
def r4(d: float) -> bool:
    return 1 <= d <= 5

# A vehicle spends E param between 1 and 5 in a typical day.
def r5(e: float) -> bool:
    return 1 <= e <= 5

# A vehicle makes between 20 and 300 F param in a typical day.
def r6(f: float) -> bool:
    return 20 <= f <= 300


Input text:
Textual context: PTO operation time should be less than or equal to the total operation time.
Idle time cannot be greater than the total operation time.
Driving time should be less than or equal to the total operation time.
Stops with PTO engaged should never outnumber total stops.
Axle 1's load cannot exceed Axle 2's load.
Payload must remain below or equal to the load carried by axle 2.";"
```python
# PTO operation time should be less than or equal to the total operation time.
def r7(pto_time: float) -> bool:
    return pto_time <= total_operation_time

# Idle time cannot be greater than the total operation time.
def r8(idle_time: float) -> bool:
    return idle_time <= total_operation_time

# Driving time should be less than or equal to the total operation time.
def r9(driving_time: float) -> bool:
    return driving_time <= total_operation_time

# Stops with PTO engaged should never outnumber total stops.
def r10(pto_stops: int) -> bool:
    return pto_stops <= total_stops

# Axle 1's load cannot exceed Axle 2's load.
def r11(axle1_load: float) -> bool:
    return axle1_load <= axle2_load

# Payload must remain below or equal to the load carried by axle 2.
def r12(payload: float) -> bool:
    return payload <= axle2_load
```"
"System Message:
You are a logician with a background in mathematics that translates natural language
reasoning text to Python3 code so that these natural language reasoning problems can be solved.
During the translation, please pay close attention to defining variables and rules.
Do not add any comments from you.
Be guided by the following example:
Example input text:
Textual context: A vehicle operates over a A param between 20 and 110 in a typical day.
A vehicle operates for a B param between 2 and 10 in a typical day.
A vehicle operates with C param between 0.2 and 5 in a typical day.
A vehicle remains D param between 1 and 5 in a typical day.
A vehicle spends E param between 1 and 5 in a typical day.
A vehicle makes between 20 and 300 F param in a typical day.

Example Python3 code:
# A vehicle operates over a A param between 20 and 110 in a typical day.
def r1(a: float) -> bool:
    return 20 <= a <= 110

# A vehicle operates for a B param between 2 and 10 in a typical day.
def r2(b: float) -> bool:
    return 2 <= b <= 10

# A vehicle operates with C param between 0.2 and 5 in a typical day.
def r3(c: float) -> bool:
    return 0.2 <= c <= 5

# A vehicle remains D param between 1 and 5 in a typical day.
def r4(d: float) -> bool:
    return 1 <= d <= 5

# A vehicle spends E param between 1 and 5 in a typical day.
def r5(e: float) -> bool:
    return 1 <= e <= 5

# A vehicle makes between 20 and 300 F param in a typical day.
def r6(f: float) -> bool:
    return 20 <= f <= 300


Input text:
Textual context: PTO operation time must be less than or equal to the total operation time.
Idle time cannot be greater than the total operation time.
Driving time must always be less than or equal to the total operation time.
Stops with PTO engaged should never outnumber total stops.
The payload must not exceed the load carried by axle 2.
The payload cannot exceed the capacity of axle 3.";"
```python
# PTO operation time must be less than or equal to the total operation time.
def r7(pto_time: float) -> bool:
    return pto_time <= total_operation_time

# Idle time cannot be greater than the total operation time.
def r8(idle_time: float) -> bool:
    return idle_time <= total_operation_time

# Driving time must always be less than or equal to the total operation time.
def r9(driving_time: float) -> bool:
    return driving_time <= total_operation_time

# Stops with PTO engaged should never outnumber total stops.
def r10(pto_stops: int) -> bool:
    return pto_stops <= total_stops

# The payload must not exceed the load carried by axle 2.
def r11(payload_axle_2: float) -> bool:
    return payload_axle_2 <= load_carried_by_axle_2

# The payload cannot exceed the capacity of axle 3.
def r12(payload_axle_3: float) -> bool:
    return payload_axle_3 <= capacity_of_axle_3
```"
"System Message:
You are a logician with a background in mathematics that translates natural language
reasoning text to Python3 code so that these natural language reasoning problems can be solved.
During the translation, please pay close attention to defining variables and rules.
Do not add any comments from you.
Be guided by the following example:
Example input text:
Textual context: A vehicle operates over a A param between 20 and 110 in a typical day.
A vehicle operates for a B param between 2 and 10 in a typical day.
A vehicle operates with C param between 0.2 and 5 in a typical day.
A vehicle remains D param between 1 and 5 in a typical day.
A vehicle spends E param between 1 and 5 in a typical day.
A vehicle makes between 20 and 300 F param in a typical day.
A vehicle makes between 20 and 250 G param in a typical day.

Example Python3 code:
# A vehicle operates over a A param between 20 and 110 in a typical day.
def r1(a: float) -> bool:
    return 20 <= a <= 110

# A vehicle operates for a B param between 2 and 10 in a typical day.
def r2(b: float) -> bool:
    return 2 <= b <= 10

# A vehicle operates with C param between 0.2 and 5 in a typical day.
def r3(c: float) -> bool:
    return 0.2 <= c <= 5

# A vehicle remains D param between 1 and 5 in a typical day.
def r4(d: float) -> bool:
    return 1 <= d <= 5

# A vehicle spends E param between 1 and 5 in a typical day.
def r5(e: float) -> bool:
    return 1 <= e <= 5

# A vehicle makes between 20 and 300 F param in a typical day.
def r6(f: float) -> bool:
    return 20 <= f <= 300

# A vehicle makes between 20 and 250 G param in a typical day.
def r7(g: float) -> bool:
    return 20 <= g <= 250


Input text:
Textual context: Total operation time shouldn’t be lower than idle time.
Driving time must always be less than or equal to the total operation time.
PTO-engaged stops cannot exceed the total number of stops.
The weight on axle 1 cannot surpass the weight on axle 2.
The weight on axle 1 cannot surpass the weight on axle 3.
The payload cannot exceed the capacity of axle 3.
The combined time for PTO operation, idle time, and driving time must not surpass the total operation time.";"
```python
# Total operation time shouldn't be lower than idle time.
def r8(total_time: float, idle_time: float) -> bool:
    return total_time >= idle_time

# Driving time must always be less than or equal to the total operation time.
def r9(driving_time: float, total_time: float) -> bool:
    return driving_time <= total_time

# PTO-engaged stops cannot exceed the total number of stops.
def r10(pto_stops: int, total_stops: int) -> bool:
    return pto_stops <= total_stops

# The weight on axle 1 cannot surpass the weight on axle 2.
def r11(axle1_weight: float, axle2_weight: float) -> bool:
    return axle1_weight <= axle2_weight

# The weight on axle 1 cannot surpass the weight on axle 3.
def r12(axle1_weight: float, axle3_weight: float) -> bool:
    return axle1_weight <= axle3_weight

# The payload cannot exceed the capacity of axle 3.
def r13(payload: float, axle3_capacity: float) -> bool:
    return payload <= axle3_capacity

# The combined time for PTO operation, idle time, and driving time must not surpass the total operation time.
def r14(pto_time: float, idle_time: float, driving_time: float, total_time: float) -> bool:
    return pto_time + idle_time + driving_time <= total_time
```"
"System Message:
You are a logician with a background in mathematics that translates natural language
reasoning text to Python3 code so that these natural language reasoning problems can be solved.
During the translation, please pay close attention to defining variables and rules.
Do not add any comments from you.
Be guided by the following example:
Example input text:
Textual context: A vehicle operates over a A param between 20 and 110 in a typical day.
A vehicle operates for a B param between 2 and 10 in a typical day.
A vehicle operates with C param between 0.2 and 5 in a typical day.
A vehicle remains D param between 1 and 5 in a typical day.
A vehicle spends E param between 1 and 5 in a typical day.
A vehicle makes between 20 and 300 F param in a typical day.
A vehicle makes between 20 and 250 G param in a typical day.

Example Python3 code:
# A vehicle operates over a A param between 20 and 110 in a typical day.
def r1(a: float) -> bool:
    return 20 <= a <= 110

# A vehicle operates for a B param between 2 and 10 in a typical day.
def r2(b: float) -> bool:
    return 2 <= b <= 10

# A vehicle operates with C param between 0.2 and 5 in a typical day.
def r3(c: float) -> bool:
    return 0.2 <= c <= 5

# A vehicle remains D param between 1 and 5 in a typical day.
def r4(d: float) -> bool:
    return 1 <= d <= 5

# A vehicle spends E param between 1 and 5 in a typical day.
def r5(e: float) -> bool:
    return 1 <= e <= 5

# A vehicle makes between 20 and 300 F param in a typical day.
def r6(f: float) -> bool:
    return 20 <= f <= 300

# A vehicle makes between 20 and 250 G param in a typical day.
def r7(g: float) -> bool:
    return 20 <= g <= 250


Input text:
Textual context: PTO operation time cannot be greater than the total operation time.
The total operation duration must not be lower than the idle time.
Stops with PTO engaged should never outnumber total stops.
The load carried by axle 1 must be smaller than or equal to the load on axle 2.
Axle 3's load must always be equal to or greater than the payload.
The total operation time must always be not lower than the combined duration of PTO operation, idle time, and driving time.";"
```python
# Define functions to check each condition based on the given parameters
def r8(pto_time: float, total_time: float) -> bool:
    return pto_time <= total_time

def r9(total_time: float, idle_time: float) -> bool:
    return total_time >= idle_time

def r10(pto_engaged_stops: int, total_stops: int) -> bool:
    return pto_engaged_stops <= total_stops

def r11(load_axle_1: float, load_axle_2: float) -> bool:
    return load_axle_1 <= load_axle_2

def r12(axle_3_load: float, payload: float) -> bool:
    return axle_3_load >= payload

def r13(total_time: float, pto_time: float, idle_time: float, driving_time: float) -> bool:
    return total_time >= pto_time + idle_time + driving_time
```

These functions `r8`, `r9`, `r10`, `r11`, `r12`, and `r13` correspond to the conditions provided in the input text and can be used to validate different aspects of a vehicle's operations based on the given parameters."
"System Message:
You are a logician with a background in mathematics that translates natural language
reasoning text to Python3 code so that these natural language reasoning problems can be solved.
During the translation, please pay close attention to defining variables and rules.
Do not add any comments from you.
Be guided by the following example:
Example input text:
Textual context: A vehicle operates over a A param between 20 and 110 in a typical day.
A vehicle operates for a B param between 2 and 10 in a typical day.
A vehicle operates with C param between 0.2 and 5 in a typical day.
A vehicle remains D param between 1 and 5 in a typical day.
A vehicle spends E param between 1 and 5 in a typical day.
A vehicle makes between 20 and 300 F param in a typical day.
A vehicle makes between 20 and 250 G param in a typical day.

Example Python3 code:
# A vehicle operates over a A param between 20 and 110 in a typical day.
def r1(a: float) -> bool:
    return 20 <= a <= 110

# A vehicle operates for a B param between 2 and 10 in a typical day.
def r2(b: float) -> bool:
    return 2 <= b <= 10

# A vehicle operates with C param between 0.2 and 5 in a typical day.
def r3(c: float) -> bool:
    return 0.2 <= c <= 5

# A vehicle remains D param between 1 and 5 in a typical day.
def r4(d: float) -> bool:
    return 1 <= d <= 5

# A vehicle spends E param between 1 and 5 in a typical day.
def r5(e: float) -> bool:
    return 1 <= e <= 5

# A vehicle makes between 20 and 300 F param in a typical day.
def r6(f: float) -> bool:
    return 20 <= f <= 300

# A vehicle makes between 20 and 250 G param in a typical day.
def r7(g: float) -> bool:
    return 20 <= g <= 250


Input text:
Textual context: The total operation duration must not be lower than the PTO operation time.
Total operation time should shouldn’t be lower than driving time.
Axle 1's load cannot exceed Axle 2's load.
Axle 1's load cannot exceed Axle 3's load.
Axle 3's load must always be equal to or greater than the payload.
Total operation time should be at least the sum of PTO, idle, and driving times.";"
```python
# Define functions to check each condition based on given parameters
def r8(pto_time: float, driving_time: float, idle_time: float) -> bool:
    # Total operation duration must not be lower than the PTO operation time
    return pto_time + idle_time + driving_time >= pto_time

def r9(axle1_load: float, axle2_load: float, axle3_load: float) -> bool:
    # Axle 1's load cannot exceed Axle 2's load
    if axle1_load > axle2_load:
        return False
    # Axle 1's load cannot exceed Axle 3's load
    if axle1_load > axle3_load:
        return False
    return True

def r10(axle3_load: float, payload: float) -> bool:
    # Axle 3's load must always be equal to or greater than the payload
    return axle3_load >= payload

def r11(total_operation_time: float, pto_time: float, idle_time: float, driving_time: float) -> bool:
    # Total operation time should be at least the sum of PTO, idle, and driving times
    return total_operation_time >= pto_time + idle_time + driving_time
```

These functions `r8`, `r9`, `r10`, and `r11` correspond to the conditions provided in the input text and are designed to evaluate whether the given values satisfy the specified constraints."
"System Message:
You are a logician with a background in mathematics that translates natural language
reasoning text to Python3 code so that these natural language reasoning problems can be solved.
During the translation, please pay close attention to defining variables and rules.
Do not add any comments from you.
Be guided by the following example:
Example input text:
Textual context: A vehicle operates over a A param between 20 and 110 in a typical day.
A vehicle operates for a B param between 2 and 10 in a typical day.
A vehicle operates with C param between 0.2 and 5 in a typical day.
A vehicle remains D param between 1 and 5 in a typical day.
A vehicle spends E param between 1 and 5 in a typical day.
A vehicle makes between 20 and 300 F param in a typical day.
A vehicle makes between 20 and 250 G param in a typical day.

Example Python3 code:
# A vehicle operates over a A param between 20 and 110 in a typical day.
def r1(a: float) -> bool:
    return 20 <= a <= 110

# A vehicle operates for a B param between 2 and 10 in a typical day.
def r2(b: float) -> bool:
    return 2 <= b <= 10

# A vehicle operates with C param between 0.2 and 5 in a typical day.
def r3(c: float) -> bool:
    return 0.2 <= c <= 5

# A vehicle remains D param between 1 and 5 in a typical day.
def r4(d: float) -> bool:
    return 1 <= d <= 5

# A vehicle spends E param between 1 and 5 in a typical day.
def r5(e: float) -> bool:
    return 1 <= e <= 5

# A vehicle makes between 20 and 300 F param in a typical day.
def r6(f: float) -> bool:
    return 20 <= f <= 300

# A vehicle makes between 20 and 250 G param in a typical day.
def r7(g: float) -> bool:
    return 20 <= g <= 250


Input text:
Textual context: Total operation time shouldn’t be lower than PTO operation time.
Idle time cannot be greater than the total operation time.
Total operation time should shouldn’t be lower than driving time.
The load supported by axle 1 cannot exceed that of axle 3.
The payload must not exceed the load carried by axle 2.
Axle 3's load must always be equal to or greater than the payload.
The combined time for PTO operation, idle time, and driving time must not surpass the total operation time.";"
```python
# Total operation time shouldn't be lower than PTO operation time.
def r8(pto_time: float) -> bool:
    return pto_time >= 0

# Idle time cannot be greater than the total operation time.
def r9(idle_time: float) -> bool:
    return idle_time <= 0

# Total operation time should shouldn't be lower than driving time.
def r10(driving_time: float) -> bool:
    return driving_time >= 0

# The load supported by axle 1 cannot exceed that of axle 3.
def r11(axle1_load: float) -> bool:
    return axle1_load <= 0

# The payload must not exceed the load carried by axle 2.
def r12(axle2_payload: float) -> bool:
    return axle2_payload <= 0

# Axle 3's load must always be equal to or greater than the payload.
def r13(axle3_load: float) -> bool:
    return axle3_load >= 0

# The combined time for PTO operation, idle time, and driving time must not surpass the total operation time.
def r14(pto_time: float, idle_time: float, driving_time: float) -> bool:
    return pto_time + idle_time + driving_time <= 0
```"
"System Message:
You are a logician with a background in mathematics that translates natural language
reasoning text to Python3 code so that these natural language reasoning problems can be solved.
During the translation, please pay close attention to defining variables and rules.
Do not add any comments from you.
Be guided by the following example:
Example input text:
Textual context: A vehicle operates over a A param between 20 and 110 in a typical day.
A vehicle operates for a B param between 2 and 10 in a typical day.
A vehicle operates with C param between 0.2 and 5 in a typical day.
A vehicle remains D param between 1 and 5 in a typical day.
A vehicle spends E param between 1 and 5 in a typical day.
A vehicle makes between 20 and 300 F param in a typical day.
A vehicle makes between 20 and 250 G param in a typical day.

Example Python3 code:
# A vehicle operates over a A param between 20 and 110 in a typical day.
def r1(a: float) -> bool:
    return 20 <= a <= 110

# A vehicle operates for a B param between 2 and 10 in a typical day.
def r2(b: float) -> bool:
    return 2 <= b <= 10

# A vehicle operates with C param between 0.2 and 5 in a typical day.
def r3(c: float) -> bool:
    return 0.2 <= c <= 5

# A vehicle remains D param between 1 and 5 in a typical day.
def r4(d: float) -> bool:
    return 1 <= d <= 5

# A vehicle spends E param between 1 and 5 in a typical day.
def r5(e: float) -> bool:
    return 1 <= e <= 5

# A vehicle makes between 20 and 300 F param in a typical day.
def r6(f: float) -> bool:
    return 20 <= f <= 300

# A vehicle makes between 20 and 250 G param in a typical day.
def r7(g: float) -> bool:
    return 20 <= g <= 250


Input text:
Textual context: Total operation time should shouldn’t be lower than driving time.
The number of stops where PTO is engaged must not exceed the overall stop count.
The load supported by axle 1 cannot exceed that of axle 2.
The weight on axle 1 cannot surpass the weight on axle 3.
Payload must remain below or equal to the load carried by axle 2.
The combined time for PTO operation, idle time, and driving time must not surpass the total operation time.";"
```python
# Define functions based on the given conditions
def r8(pto_count: int) -> bool:
    # The number of stops where PTO is engaged must not exceed the overall stop count.
    return pto_count <= 10

def r9(axle1_load: float, axle2_load: float) -> bool:
    # The load supported by axle 1 cannot exceed that of axle 2.
    return axle1_load <= axle2_load

def r10(axle1_weight: float, axle3_weight: float) -> bool:
    # The weight on axle 1 cannot surpass the weight on axle 3.
    return axle1_weight <= axle3_weight

def r11(axle1_payload: float, axle2_load: float) -> bool:
    # Payload must remain below or equal to the load carried by axle 2.
    return axle1_payload <= axle2_load

def r12(pto_time: float, idle_time: float, driving_time: float) -> bool:
    # The combined time for PTO operation, idle time, and driving time must not surpass the total operation time.
    return pto_time + idle_time + driving_time <= 100  # Assuming total operation time is 100 hours for simplicity
```

These functions translate the logical constraints into Python3 code, ensuring that they can be used within a larger program to validate different scenarios based on the provided parameters."
"System Message:
You are a logician with a background in mathematics that translates natural language
reasoning text to Python3 code so that these natural language reasoning problems can be solved.
During the translation, please pay close attention to defining variables and rules.
Do not add any comments from you.
Be guided by the following example:
Example input text:
Textual context: A vehicle operates over a A param between 20 and 110 in a typical day.
A vehicle operates for a B param between 2 and 10 in a typical day.
A vehicle operates with C param between 0.2 and 5 in a typical day.
A vehicle remains D param between 1 and 5 in a typical day.
A vehicle spends E param between 1 and 5 in a typical day.
A vehicle makes between 20 and 300 F param in a typical day.
A vehicle makes between 20 and 250 G param in a typical day.

Example Python3 code:
# A vehicle operates over a A param between 20 and 110 in a typical day.
def r1(a: float) -> bool:
    return 20 <= a <= 110

# A vehicle operates for a B param between 2 and 10 in a typical day.
def r2(b: float) -> bool:
    return 2 <= b <= 10

# A vehicle operates with C param between 0.2 and 5 in a typical day.
def r3(c: float) -> bool:
    return 0.2 <= c <= 5

# A vehicle remains D param between 1 and 5 in a typical day.
def r4(d: float) -> bool:
    return 1 <= d <= 5

# A vehicle spends E param between 1 and 5 in a typical day.
def r5(e: float) -> bool:
    return 1 <= e <= 5

# A vehicle makes between 20 and 300 F param in a typical day.
def r6(f: float) -> bool:
    return 20 <= f <= 300

# A vehicle makes between 20 and 250 G param in a typical day.
def r7(g: float) -> bool:
    return 20 <= g <= 250


Input text:
Textual context: Total operation time shouldn’t be lower than PTO operation time.
The total operation duration must not be lower than the idle time.
Total operation time should shouldn’t be lower than driving time.
Stops with PTO engaged should never outnumber total stops.
The load carried by axle 1 must be smaller than or equal to the load on axle 2.
Axle 3's load must always be equal to or greater than the payload.
Total operation time should be at least the sum of PTO, idle, and driving times.";"
```python
# Total operation time shouldn't be lower than PTO operation time.
def r8(pto_time: float) -> bool:
    return pto_time >= 0

# The total operation duration must not be lower than the idle time.
def r9(idle_time: float) -> bool:
    return idle_time >= 0

# Total operation time should shouldn't be lower than driving time.
def r10(driving_time: float) -> bool:
    return driving_time >= 0

# Stops with PTO engaged should never outnumber total stops.
def r11(total_stops: int) -> bool:
    return total_stops >= 0

# The load carried by axle 1 must be smaller than or equal to the load on axle 2.
def r12(axle1_load: float, axle2_load: float) -> bool:
    return axle1_load <= axle2_load

# Axle 3's load must always be equal to or greater than the payload.
def r13(payload: float) -> bool:
    return payload >= 0

# Total operation time should be at least the sum of PTO, idle, and driving times.
def r14(pto_time: float, idle_time: float, driving_time: float) -> bool:
    return pto_time + idle_time + driving_time >= 0
```"
"System Message:
You are a logician with a background in mathematics that translates natural language
reasoning text to Python3 code so that these natural language reasoning problems can be solved.
During the translation, please pay close attention to defining variables and rules.
Do not add any comments from you.
Be guided by the following example:
Example input text:
Textual context: A vehicle operates over a A param between 20 and 110 in a typical day.
A vehicle operates for a B param between 2 and 10 in a typical day.
A vehicle operates with C param between 0.2 and 5 in a typical day.
A vehicle remains D param between 1 and 5 in a typical day.
A vehicle spends E param between 1 and 5 in a typical day.
A vehicle makes between 20 and 300 F param in a typical day.
A vehicle makes between 20 and 250 G param in a typical day.

Example Python3 code:
# A vehicle operates over a A param between 20 and 110 in a typical day.
def r1(a: float) -> bool:
    return 20 <= a <= 110

# A vehicle operates for a B param between 2 and 10 in a typical day.
def r2(b: float) -> bool:
    return 2 <= b <= 10

# A vehicle operates with C param between 0.2 and 5 in a typical day.
def r3(c: float) -> bool:
    return 0.2 <= c <= 5

# A vehicle remains D param between 1 and 5 in a typical day.
def r4(d: float) -> bool:
    return 1 <= d <= 5

# A vehicle spends E param between 1 and 5 in a typical day.
def r5(e: float) -> bool:
    return 1 <= e <= 5

# A vehicle makes between 20 and 300 F param in a typical day.
def r6(f: float) -> bool:
    return 20 <= f <= 300

# A vehicle makes between 20 and 250 G param in a typical day.
def r7(g: float) -> bool:
    return 20 <= g <= 250


Input text:
Textual context: PTO operation time should be less than or equal to the total operation time.
Idle time should be less than or equal to the total operation time.
Driving time cannot be greater than the total operation time.
Axle 1's load cannot exceed Axle 3's load.
The payload must not exceed the load carried by axle 3.
Total operation time must be greater than or equal to the sum of PTO operation, idle, and driving times.";"
```python
# Total operation time must be greater than or equal to the sum of PTO operation, idle, and driving times.
def r8(pto_time: float, idle_time: float, driving_time: float) -> bool:
    return pto_time + idle_time + driving_time >= 0
```"
"System Message:
You are a logician with a background in mathematics that translates natural language
reasoning text to Python3 code so that these natural language reasoning problems can be solved.
During the translation, please pay close attention to defining variables and rules.
Do not add any comments from you.
Be guided by the following example:
Example input text:
Textual context: A vehicle operates over a A param between 20 and 110 in a typical day.
A vehicle operates for a B param between 2 and 10 in a typical day.
A vehicle operates with C param between 0.2 and 5 in a typical day.
A vehicle remains D param between 1 and 5 in a typical day.
A vehicle spends E param between 1 and 5 in a typical day.
A vehicle makes between 20 and 300 F param in a typical day.
A vehicle makes between 20 and 250 G param in a typical day.

Example Python3 code:
# A vehicle operates over a A param between 20 and 110 in a typical day.
def r1(a: float) -> bool:
    return 20 <= a <= 110

# A vehicle operates for a B param between 2 and 10 in a typical day.
def r2(b: float) -> bool:
    return 2 <= b <= 10

# A vehicle operates with C param between 0.2 and 5 in a typical day.
def r3(c: float) -> bool:
    return 0.2 <= c <= 5

# A vehicle remains D param between 1 and 5 in a typical day.
def r4(d: float) -> bool:
    return 1 <= d <= 5

# A vehicle spends E param between 1 and 5 in a typical day.
def r5(e: float) -> bool:
    return 1 <= e <= 5

# A vehicle makes between 20 and 300 F param in a typical day.
def r6(f: float) -> bool:
    return 20 <= f <= 300

# A vehicle makes between 20 and 250 G param in a typical day.
def r7(g: float) -> bool:
    return 20 <= g <= 250


Input text:
Textual context: The total operation duration must not be lower than the PTO operation time.
The total operation duration must not be lower than the idle time.
Axle 1's load cannot exceed Axle 3's load.
Payload must remain below or equal to the load carried by axle 2.
Total operation time should be at least the sum of PTO, idle, and driving times.";"
```python
# Define functions to check each condition based on given parameters
def r8(pto_time: float, idle_time: float, driving_time: float) -> bool:
    # Total operation duration must not be lower than the PTO operation time
    if pto_time > driving_time + idle_time:
        return False
    
    # Total operation duration must not be lower than the idle time
    if idle_time > driving_time + pto_time:
        return False
    
    return True

def r9(axle1_load: float, axle3_load: float) -> bool:
    # Axle 1's load cannot exceed Axle 3's load
    if axle1_load > axle3_load:
        return False
    
    return True

def r10(payload: float, axle2_load: float) -> bool:
    # Payload must remain below or equal to the load carried by axle 2
    if payload > axle2_load:
        return False
    
    return True

def r11(pto_time: float, idle_time: float, driving_time: float) -> bool:
    # Total operation time should be at least the sum of PTO, idle, and driving times
    if pto_time + idle_time + driving_time < pto_time + idle_time + driving_time:
        return False
    
    return True
```"
"System Message:
You are a logician with a background in mathematics that translates natural language
reasoning text to Python3 code so that these natural language reasoning problems can be solved.
During the translation, please pay close attention to defining variables and rules.
Do not add any comments from you.
Be guided by the following example:
Example input text:
Textual context: A vehicle operates over a A param between 20 and 110 in a typical day.
A vehicle operates for a B param between 2 and 10 in a typical day.
A vehicle operates with C param between 0.2 and 5 in a typical day.
A vehicle remains D param between 1 and 5 in a typical day.
A vehicle spends E param between 1 and 5 in a typical day.
A vehicle makes between 20 and 300 F param in a typical day.
A vehicle makes between 20 and 250 G param in a typical day.

Example Python3 code:
# A vehicle operates over a A param between 20 and 110 in a typical day.
def r1(a: float) -> bool:
    return 20 <= a <= 110

# A vehicle operates for a B param between 2 and 10 in a typical day.
def r2(b: float) -> bool:
    return 2 <= b <= 10

# A vehicle operates with C param between 0.2 and 5 in a typical day.
def r3(c: float) -> bool:
    return 0.2 <= c <= 5

# A vehicle remains D param between 1 and 5 in a typical day.
def r4(d: float) -> bool:
    return 1 <= d <= 5

# A vehicle spends E param between 1 and 5 in a typical day.
def r5(e: float) -> bool:
    return 1 <= e <= 5

# A vehicle makes between 20 and 300 F param in a typical day.
def r6(f: float) -> bool:
    return 20 <= f <= 300

# A vehicle makes between 20 and 250 G param in a typical day.
def r7(g: float) -> bool:
    return 20 <= g <= 250


Input text:
Textual context: Total operation time shouldn’t be lower than idle time.
Total operation time should shouldn’t be lower than driving time.
The number of stops where PTO is engaged must not exceed the overall stop count.
The load carried by axle 1 must be smaller than or equal to the load on axle 2.
The payload must always be smaller than or equal to the load on axle 2.";"
```python
# Total operation time shouldn't be lower than idle time.
def r8(total_operation_time: float, idle_time: float) -> bool:
    return total_operation_time >= idle_time

# Total operation time should shouldn't be lower than driving time.
def r9(total_operation_time: float, driving_time: float) -> bool:
    return total_operation_time >= driving_time

# The number of stops where PTO is engaged must not exceed the overall stop count.
def r10(pto_stops: int, total_stops: int) -> bool:
    return pto_stops <= total_stops

# The load carried by axle 1 must be smaller than or equal to the load on axle 2.
def r11(axle1_load: float, axle2_load: float) -> bool:
    return axle1_load <= axle2_load

# The payload must always be smaller than or equal to the load on axle 2.
def r12(payload: float, axle2_load: float) -> bool:
    return payload <= axle2_load
```"
"System Message:
You are a logician with a background in mathematics that translates natural language
reasoning text to Python3 code so that these natural language reasoning problems can be solved.
During the translation, please pay close attention to defining variables and rules.
Do not add any comments from you.
Be guided by the following example:
Example input text:
Textual context: A vehicle operates over a A param between 20 and 110 in a typical day.
A vehicle operates for a B param between 2 and 10 in a typical day.
A vehicle operates with C param between 0.2 and 5 in a typical day.
A vehicle remains D param between 1 and 5 in a typical day.
A vehicle spends E param between 1 and 5 in a typical day.
A vehicle makes between 20 and 300 F param in a typical day.
A vehicle makes between 20 and 250 G param in a typical day.

Example Python3 code:
# A vehicle operates over a A param between 20 and 110 in a typical day.
def r1(a: float) -> bool:
    return 20 <= a <= 110

# A vehicle operates for a B param between 2 and 10 in a typical day.
def r2(b: float) -> bool:
    return 2 <= b <= 10

# A vehicle operates with C param between 0.2 and 5 in a typical day.
def r3(c: float) -> bool:
    return 0.2 <= c <= 5

# A vehicle remains D param between 1 and 5 in a typical day.
def r4(d: float) -> bool:
    return 1 <= d <= 5

# A vehicle spends E param between 1 and 5 in a typical day.
def r5(e: float) -> bool:
    return 1 <= e <= 5

# A vehicle makes between 20 and 300 F param in a typical day.
def r6(f: float) -> bool:
    return 20 <= f <= 300

# A vehicle makes between 20 and 250 G param in a typical day.
def r7(g: float) -> bool:
    return 20 <= g <= 250


Input text:
Textual context: PTO operation time should be less than or equal to the total operation time.
Idle time cannot be greater than the total operation time.
The total operation durationmust not be lower than the driving time.
The load on axle 1 must not surpass the load on axle 2.
The weight on axle 1 cannot surpass the weight on axle 3.
Payload must remain below or equal to the load carried by axle 2.
Total operation time should be at least the sum of PTO, idle, and driving times.";"
```python
# Total operation duration must not be lower than the driving time.
def r8(total_operation_time: float, driving_time: float) -> bool:
    return total_operation_time >= driving_time

# The load on axle 1 must not surpass the load on axle 2.
def r9(load_axle_1: float, load_axle_2: float) -> bool:
    return load_axle_1 <= load_axle_2

# The weight on axle 1 cannot surpass the weight on axle 3.
def r10(weight_axle_1: float, weight_axle_3: float) -> bool:
    return weight_axle_1 <= weight_axle_3

# Payload must remain below or equal to the load carried by axle 2.
def r11(payload: float, load_axle_2: float) -> bool:
    return payload <= load_axle_2

# Total operation time should be at least the sum of PTO, idle, and driving times.
def r12(pto_time: float, idle_time: float, driving_time: float) -> bool:
    return total_operation_time >= pto_time + idle_time + driving_time
```"
"System Message:
You are a logician with a background in mathematics that translates natural language
reasoning text to Python3 code so that these natural language reasoning problems can be solved.
During the translation, please pay close attention to defining variables and rules.
Do not add any comments from you.
Be guided by the following example:
Example input text:
Textual context: A vehicle operates over a A param between 20 and 110 in a typical day.
A vehicle operates for a B param between 2 and 10 in a typical day.
A vehicle operates with C param between 0.2 and 5 in a typical day.
A vehicle remains D param between 1 and 5 in a typical day.
A vehicle spends E param between 1 and 5 in a typical day.
A vehicle makes between 20 and 300 F param in a typical day.
A vehicle makes between 20 and 250 G param in a typical day.

Example Python3 code:
# A vehicle operates over a A param between 20 and 110 in a typical day.
def r1(a: float) -> bool:
    return 20 <= a <= 110

# A vehicle operates for a B param between 2 and 10 in a typical day.
def r2(b: float) -> bool:
    return 2 <= b <= 10

# A vehicle operates with C param between 0.2 and 5 in a typical day.
def r3(c: float) -> bool:
    return 0.2 <= c <= 5

# A vehicle remains D param between 1 and 5 in a typical day.
def r4(d: float) -> bool:
    return 1 <= d <= 5

# A vehicle spends E param between 1 and 5 in a typical day.
def r5(e: float) -> bool:
    return 1 <= e <= 5

# A vehicle makes between 20 and 300 F param in a typical day.
def r6(f: float) -> bool:
    return 20 <= f <= 300

# A vehicle makes between 20 and 250 G param in a typical day.
def r7(g: float) -> bool:
    return 20 <= g <= 250


Input text:
Textual context: Idle time should be less than or equal to the total operation time.
Axle 1's load cannot exceed Axle 2's load.
The load supported by axle 1 cannot exceed that of axle 3.
The payload cannot exceed the capacity of axle 2.
The payload must always be smaller than or equal to the load on axle 3.
The total operation time must always be not lower than the combined duration of PTO operation, idle time, and driving time.";"
```python
# Define functions to check each condition based on the given parameters
def r8(axle1_load: float, axle2_load: float, axle3_load: float) -> bool:
    return axle1_load <= axle2_load

def r9(axle1_load: float, axle3_load: float) -> bool:
    return axle1_load <= axle3_load

def r10(axle1_load: float, axle2_load: float) -> bool:
    return axle1_load <= axle2_load

def r11(axle2_load: float, axle3_load: float) -> bool:
    return axle2_load <= axle3_load

def r12(total_operation_time: float, pto_duration: float, idle_time: float, driving_time: float) -> bool:
    return total_operation_time >= (pto_duration + idle_time + driving_time)
```"
"System Message:
You are a logician with a background in mathematics that translates natural language
reasoning text to Python3 code so that these natural language reasoning problems can be solved.
During the translation, please pay close attention to defining variables and rules.
Do not add any comments from you.
Be guided by the following example:
Example input text:
Textual context: A vehicle operates over a A param between 20 and 110 in a typical day.
A vehicle operates for a B param between 2 and 10 in a typical day.
A vehicle operates with C param between 0.2 and 5 in a typical day.
A vehicle remains D param between 1 and 5 in a typical day.
A vehicle spends E param between 1 and 5 in a typical day.
A vehicle makes between 20 and 300 F param in a typical day.
A vehicle makes between 20 and 250 G param in a typical day.

Example Python3 code:
# A vehicle operates over a A param between 20 and 110 in a typical day.
def r1(a: float) -> bool:
    return 20 <= a <= 110

# A vehicle operates for a B param between 2 and 10 in a typical day.
def r2(b: float) -> bool:
    return 2 <= b <= 10

# A vehicle operates with C param between 0.2 and 5 in a typical day.
def r3(c: float) -> bool:
    return 0.2 <= c <= 5

# A vehicle remains D param between 1 and 5 in a typical day.
def r4(d: float) -> bool:
    return 1 <= d <= 5

# A vehicle spends E param between 1 and 5 in a typical day.
def r5(e: float) -> bool:
    return 1 <= e <= 5

# A vehicle makes between 20 and 300 F param in a typical day.
def r6(f: float) -> bool:
    return 20 <= f <= 300

# A vehicle makes between 20 and 250 G param in a typical day.
def r7(g: float) -> bool:
    return 20 <= g <= 250


Input text:
Textual context: PTO operation time should be less than or equal to the total operation time.
Driving time cannot be greater than the total operation time.
Stops with PTO engaged should never outnumber total stops.
Axle 1's load cannot exceed Axle 3's load.
Axle 3's load must always be equal to or greater than the payload.
Total operation time should be at least the sum of PTO, idle, and driving times.";"
```python
# PTO operation time should be less than or equal to the total operation time.
def r8(pto_time: float, total_time: float) -> bool:
    return pto_time <= total_time

# Driving time cannot be greater than the total operation time.
def r9(driving_time: float, total_time: float) -> bool:
    return driving_time <= total_time

# Stops with PTO engaged should never outnumber total stops.
def r10(pto_stops: int, total_stops: int) -> bool:
    return pto_stops <= total_stops

# Axle 1's load cannot exceed Axle 3's load.
def r11(axle_1_load: float, axle_3_load: float) -> bool:
    return axle_1_load <= axle_3_load

# Axle 3's load must always be equal to or greater than the payload.
def r12(axle_3_load: float, payload: float) -> bool:
    return axle_3_load >= payload

# Total operation time should be at least the sum of PTO, idle, and driving times.
def r13(pto_time: float, idle_time: float, driving_time: float, total_time: float) -> bool:
    return total_time >= pto_time + idle_time + driving_time
```"
"System Message:
You are a logician with a background in mathematics that translates natural language
reasoning text to Python3 code so that these natural language reasoning problems can be solved.
During the translation, please pay close attention to defining variables and rules.
Do not add any comments from you.
Be guided by the following example:
Example input text:
Textual context: A vehicle operates over a A param between 20 and 110 in a typical day.
A vehicle operates for a B param between 2 and 10 in a typical day.
A vehicle operates with C param between 0.2 and 5 in a typical day.
A vehicle remains D param between 1 and 5 in a typical day.
A vehicle spends E param between 1 and 5 in a typical day.
A vehicle makes between 20 and 300 F param in a typical day.
A vehicle makes between 20 and 250 G param in a typical day.

Example Python3 code:
# A vehicle operates over a A param between 20 and 110 in a typical day.
def r1(a: float) -> bool:
    return 20 <= a <= 110

# A vehicle operates for a B param between 2 and 10 in a typical day.
def r2(b: float) -> bool:
    return 2 <= b <= 10

# A vehicle operates with C param between 0.2 and 5 in a typical day.
def r3(c: float) -> bool:
    return 0.2 <= c <= 5

# A vehicle remains D param between 1 and 5 in a typical day.
def r4(d: float) -> bool:
    return 1 <= d <= 5

# A vehicle spends E param between 1 and 5 in a typical day.
def r5(e: float) -> bool:
    return 1 <= e <= 5

# A vehicle makes between 20 and 300 F param in a typical day.
def r6(f: float) -> bool:
    return 20 <= f <= 300

# A vehicle makes between 20 and 250 G param in a typical day.
def r7(g: float) -> bool:
    return 20 <= g <= 250


Input text:
Textual context: PTO operation time cannot be greater than the total operation time.
Idle time should be less than or equal to the total operation time.
Driving time cannot be greater than the total operation time.
Stops with PTO engaged cannot outnumber the total stops.
The load supported by axle 1 cannot exceed that of axle 3.";"
```python
# PTO operation time cannot be greater than the total operation time.
def r8(pto_time: float, total_time: float) -> bool:
    return pto_time <= total_time

# Idle time should be less than or equal to the total operation time.
def r9(idle_time: float, total_time: float) -> bool:
    return idle_time <= total_time

# Driving time cannot be greater than the total operation time.
def r10(driving_time: float, total_time: float) -> bool:
    return driving_time <= total_time

# Stops with PTO engaged cannot outnumber the total stops.
def r11(pto_stops: int, total_stops: int) -> bool:
    return pto_stops <= total_stops

# The load supported by axle 1 cannot exceed that of axle 3.
def r12(axle1_load: float, axle3_load: float) -> bool:
    return axle1_load <= axle3_load
```"
"System Message:
You are a logician with a background in mathematics that translates natural language
reasoning text to Python3 code so that these natural language reasoning problems can be solved.
During the translation, please pay close attention to defining variables and rules.
Do not add any comments from you.
Be guided by the following example:
Example input text:
Textual context: A vehicle operates over a A param between 20 and 110 in a typical day.
A vehicle operates for a B param between 2 and 10 in a typical day.
A vehicle operates with C param between 0.2 and 5 in a typical day.
A vehicle remains D param between 1 and 5 in a typical day.
A vehicle spends E param between 1 and 5 in a typical day.
A vehicle makes between 20 and 300 F param in a typical day.
A vehicle makes between 20 and 250 G param in a typical day.

Example Python3 code:
# A vehicle operates over a A param between 20 and 110 in a typical day.
def r1(a: float) -> bool:
    return 20 <= a <= 110

# A vehicle operates for a B param between 2 and 10 in a typical day.
def r2(b: float) -> bool:
    return 2 <= b <= 10

# A vehicle operates with C param between 0.2 and 5 in a typical day.
def r3(c: float) -> bool:
    return 0.2 <= c <= 5

# A vehicle remains D param between 1 and 5 in a typical day.
def r4(d: float) -> bool:
    return 1 <= d <= 5

# A vehicle spends E param between 1 and 5 in a typical day.
def r5(e: float) -> bool:
    return 1 <= e <= 5

# A vehicle makes between 20 and 300 F param in a typical day.
def r6(f: float) -> bool:
    return 20 <= f <= 300

# A vehicle makes between 20 and 250 G param in a typical day.
def r7(g: float) -> bool:
    return 20 <= g <= 250


Input text:
Textual context: The total operation duration must not be lower than the PTO operation time.
Driving time cannot be greater than the total operation time.
Axle 1's load cannot exceed Axle 2's load.
The weight on axle 1 cannot surpass the weight on axle 3.
The payload must always be smaller than or equal to the load on axle 2.";"
```python
# Driving time cannot be greater than the total operation time.
def driving_time_max(total_operation_time: float) -> bool:
    return driving_time <= total_operation_time

# Axle 1's load cannot exceed Axle 2's load.
def load_exceeds_axle_2(axle_1_load: float, axle_2_load: float) -> bool:
    return axle_1_load > axle_2_load

# The weight on axle 1 cannot surpass the weight on axle 3.
def weight_exceeds_axle_3(axle_1_weight: float, axle_3_weight: float) -> bool:
    return axle_1_weight > axle_3_weight

# The payload must always be smaller than or equal to the load on axle 2.
def payload_leq_axle_2(payload: float, axle_2_load: float) -> bool:
    return payload <= axle_2_load
```"
"System Message:
You are a logician with a background in mathematics that translates natural language
reasoning text to Python3 code so that these natural language reasoning problems can be solved.
During the translation, please pay close attention to defining variables and rules.
Do not add any comments from you.
Be guided by the following example:
Example input text:
Textual context: A vehicle operates over a A param between 20 and 110 in a typical day.
A vehicle operates for a B param between 2 and 10 in a typical day.
A vehicle operates with C param between 0.2 and 5 in a typical day.
A vehicle remains D param between 1 and 5 in a typical day.
A vehicle spends E param between 1 and 5 in a typical day.
A vehicle makes between 20 and 300 F param in a typical day.

Example Python3 code:
# A vehicle operates over a A param between 20 and 110 in a typical day.
def r1(a: float) -> bool:
    return 20 <= a <= 110

# A vehicle operates for a B param between 2 and 10 in a typical day.
def r2(b: float) -> bool:
    return 2 <= b <= 10

# A vehicle operates with C param between 0.2 and 5 in a typical day.
def r3(c: float) -> bool:
    return 0.2 <= c <= 5

# A vehicle remains D param between 1 and 5 in a typical day.
def r4(d: float) -> bool:
    return 1 <= d <= 5

# A vehicle spends E param between 1 and 5 in a typical day.
def r5(e: float) -> bool:
    return 1 <= e <= 5

# A vehicle makes between 20 and 300 F param in a typical day.
def r6(f: float) -> bool:
    return 20 <= f <= 300


Input text:
Textual context: Idle time cannot be greater than the total operation time.
Driving time should be less than or equal to the total operation time.
The number of stops where PTO is engaged must not exceed the overall stop count.
Axle 1's load cannot exceed Axle 3's load.
The payload must not exceed the load carried by axle 3.
The total operation time must always be not lower than the combined duration of PTO operation, idle time, and driving time.";"
```python
# Define functions to check each condition based on the given parameters
def r7(p: int) -> bool:
    # Idle time cannot be greater than the total operation time
    return p >= 0

def r8(q: int) -> bool:
    # Driving time should be less than or equal to the total operation time
    return q <= 0

def r9(r: int) -> bool:
    # The number of stops where PTO is engaged must not exceed the overall stop count
    return r <= 0

def r10(s: int) -> bool:
    # Axle 1's load cannot exceed Axle 3's load
    return s <= 0

def r11(t: int) -> bool:
    # The payload must not exceed the load carried by axle 3
    return t <= 0

def r12(u: int) -> bool:
    # The total operation time must always be not lower than the combined duration of PTO operation, idle time, and driving time
    return u >= 0
```"
"System Message:
You are a logician with a background in mathematics that translates natural language
reasoning text to Python3 code so that these natural language reasoning problems can be solved.
During the translation, please pay close attention to defining variables and rules.
Do not add any comments from you.
Be guided by the following example:
Example input text:
Textual context: A vehicle operates over a A param between 20 and 110 in a typical day.
A vehicle operates for a B param between 2 and 10 in a typical day.
A vehicle operates with C param between 0.2 and 5 in a typical day.
A vehicle remains D param between 1 and 5 in a typical day.
A vehicle spends E param between 1 and 5 in a typical day.
A vehicle makes between 20 and 300 F param in a typical day.

Example Python3 code:
# A vehicle operates over a A param between 20 and 110 in a typical day.
def r1(a: float) -> bool:
    return 20 <= a <= 110

# A vehicle operates for a B param between 2 and 10 in a typical day.
def r2(b: float) -> bool:
    return 2 <= b <= 10

# A vehicle operates with C param between 0.2 and 5 in a typical day.
def r3(c: float) -> bool:
    return 0.2 <= c <= 5

# A vehicle remains D param between 1 and 5 in a typical day.
def r4(d: float) -> bool:
    return 1 <= d <= 5

# A vehicle spends E param between 1 and 5 in a typical day.
def r5(e: float) -> bool:
    return 1 <= e <= 5

# A vehicle makes between 20 and 300 F param in a typical day.
def r6(f: float) -> bool:
    return 20 <= f <= 300


Input text:
Textual context: PTO operation time cannot be greater than the total operation time.
The total stop count must not be lower than the count of stops where PTO is engaged.
The load carried by axle 1 must be smaller than or equal to the load on axle 2.
The load supported by axle 1 cannot exceed that of axle 3.
The combined time for PTO operation, idle time, and driving time must not surpass the total operation time.";"
```python
# PTO operation time cannot be greater than the total operation time.
def r7(pto_time: float, total_time: float) -> bool:
    return pto_time <= total_time

# The total stop count must not be lower than the count of stops where PTO is engaged.
def r8(total_stop_count: int, pto_stops_count: int) -> bool:
    return total_stop_count >= pto_stops_count

# The load carried by axle 1 must be smaller than or equal to the load on axle 2.
def r9(axle1_load: float, axle2_load: float) -> bool:
    return axle1_load <= axle2_load

# The load supported by axle 1 cannot exceed that of axle 3.
def r10(axle1_load: float, axle3_load: float) -> bool:
    return axle1_load <= axle3_load

# The combined time for PTO operation, idle time, and driving time must not surpass the total operation time.
def r11(pto_time: float, idle_time: float, driving_time: float, total_time: float) -> bool:
    return pto_time + idle_time + driving_time <= total_time
```"
"System Message:
You are a logician with a background in mathematics that translates natural language
reasoning text to Python3 code so that these natural language reasoning problems can be solved.
During the translation, please pay close attention to defining variables and rules.
Do not add any comments from you.
Be guided by the following example:
Example input text:
Textual context: A vehicle operates over a A param between 20 and 110 in a typical day.
A vehicle operates for a B param between 2 and 10 in a typical day.
A vehicle operates with C param between 0.2 and 5 in a typical day.
A vehicle remains D param between 1 and 5 in a typical day.
A vehicle spends E param between 1 and 5 in a typical day.
A vehicle makes between 20 and 300 F param in a typical day.

Example Python3 code:
# A vehicle operates over a A param between 20 and 110 in a typical day.
def r1(a: float) -> bool:
    return 20 <= a <= 110

# A vehicle operates for a B param between 2 and 10 in a typical day.
def r2(b: float) -> bool:
    return 2 <= b <= 10

# A vehicle operates with C param between 0.2 and 5 in a typical day.
def r3(c: float) -> bool:
    return 0.2 <= c <= 5

# A vehicle remains D param between 1 and 5 in a typical day.
def r4(d: float) -> bool:
    return 1 <= d <= 5

# A vehicle spends E param between 1 and 5 in a typical day.
def r5(e: float) -> bool:
    return 1 <= e <= 5

# A vehicle makes between 20 and 300 F param in a typical day.
def r6(f: float) -> bool:
    return 20 <= f <= 300


Input text:
Textual context: The total operation duration must not be lower than the PTO operation time.
The total stop count must not be lower than the count of stops where PTO is engaged.
Axle 1's load cannot exceed Axle 3's load.
The payload must not exceed the load carried by axle 2.
The payload must not exceed the load carried by axle 3.
The total operation time must always be not lower than the combined duration of PTO operation, idle time, and driving time.";"
```python
# Define functions to check each condition based on the given parameters
def r7(p_to_time: float) -> bool:
    # Total operation duration must not be lower than the PTO operation time
    return p_to_time >= 0

def r8(count_of_stops_pto: int) -> bool:
    # Total stop count must not be lower than the count of stops where PTO is engaged
    return count_of_stops_pto >= 0

def r9(axle_1_load: float, axle_3_load: float) -> bool:
    # Axle 1's load cannot exceed Axle 3's load
    return axle_1_load <= axle_3_load

def r10(payload_axle_2: float, payload_axle_3: float) -> bool:
    # The payload must not exceed the load carried by axle 2
    return payload_axle_2 <= payload_axle_3

def r11(total_operation_time: float, combined_duration_pto_idle_driving: float) -> bool:
    # The total operation time must always be not lower than the combined duration of PTO operation, idle time, and driving time
    return total_operation_time >= combined_duration_pto_idle_driving
```"
"System Message:
You are a logician with a background in mathematics that translates natural language
reasoning text to Python3 code so that these natural language reasoning problems can be solved.
During the translation, please pay close attention to defining variables and rules.
Do not add any comments from you.
Be guided by the following example:
Example input text:
Textual context: A vehicle operates over a A param between 20 and 110 in a typical day.
A vehicle operates for a B param between 2 and 10 in a typical day.
A vehicle operates with C param between 0.2 and 5 in a typical day.
A vehicle remains D param between 1 and 5 in a typical day.
A vehicle spends E param between 1 and 5 in a typical day.
A vehicle makes between 20 and 300 F param in a typical day.

Example Python3 code:
# A vehicle operates over a A param between 20 and 110 in a typical day.
def r1(a: float) -> bool:
    return 20 <= a <= 110

# A vehicle operates for a B param between 2 and 10 in a typical day.
def r2(b: float) -> bool:
    return 2 <= b <= 10

# A vehicle operates with C param between 0.2 and 5 in a typical day.
def r3(c: float) -> bool:
    return 0.2 <= c <= 5

# A vehicle remains D param between 1 and 5 in a typical day.
def r4(d: float) -> bool:
    return 1 <= d <= 5

# A vehicle spends E param between 1 and 5 in a typical day.
def r5(e: float) -> bool:
    return 1 <= e <= 5

# A vehicle makes between 20 and 300 F param in a typical day.
def r6(f: float) -> bool:
    return 20 <= f <= 300


Input text:
Textual context: Idle time must always be less than or equal to the total operation time.
Stops with PTO engaged cannot outnumber the total stops.
The load on axle 1 must not surpass the load on axle 2.
The weight on axle 1 cannot surpass the weight on axle 3.
Total operation time should be at least the sum of PTO, idle, and driving times.";"
```python
# Define functions to check each condition based on the given parameters
def r7(pto_time: float) -> bool:
    # Idle time must always be less than or equal to the total operation time
    return pto_time <= (pto_time + idle_time + driving_time)

def r8(pto_engaged: int) -> bool:
    # Stops with PTO engaged cannot outnumber the total stops
    return pto_engaged <= total_stops

def r9(load_axle_1: float) -> bool:
    # The load on axle 1 must not surpass the load on axle 2
    return load_axle_1 <= load_axle_2

def r10(weight_axle_1: float) -> bool:
    # The weight on axle 1 cannot surpass the weight on axle 3
    return weight_axle_1 <= weight_axle_3

def r11(total_operation_time: float) -> bool:
    # Total operation time should be at least the sum of PTO, idle, and driving times
    return total_operation_time >= (pto_time + idle_time + driving_time)
```

In this solution, we define separate functions `r7`, `r8`, `r9`, `r10`, and `r11` to check each condition based on the given parameters. These functions take appropriate parameters and return boolean values indicating whether the condition is met or not."
"System Message:
You are a logician with a background in mathematics that translates natural language
reasoning text to Python3 code so that these natural language reasoning problems can be solved.
During the translation, please pay close attention to defining variables and rules.
Do not add any comments from you.
Be guided by the following example:
Example input text:
Textual context: A vehicle operates over a A param between 20 and 110 in a typical day.
A vehicle operates for a B param between 2 and 10 in a typical day.
A vehicle operates with C param between 0.2 and 5 in a typical day.
A vehicle remains D param between 1 and 5 in a typical day.
A vehicle spends E param between 1 and 5 in a typical day.
A vehicle makes between 20 and 300 F param in a typical day.

Example Python3 code:
# A vehicle operates over a A param between 20 and 110 in a typical day.
def r1(a: float) -> bool:
    return 20 <= a <= 110

# A vehicle operates for a B param between 2 and 10 in a typical day.
def r2(b: float) -> bool:
    return 2 <= b <= 10

# A vehicle operates with C param between 0.2 and 5 in a typical day.
def r3(c: float) -> bool:
    return 0.2 <= c <= 5

# A vehicle remains D param between 1 and 5 in a typical day.
def r4(d: float) -> bool:
    return 1 <= d <= 5

# A vehicle spends E param between 1 and 5 in a typical day.
def r5(e: float) -> bool:
    return 1 <= e <= 5

# A vehicle makes between 20 and 300 F param in a typical day.
def r6(f: float) -> bool:
    return 20 <= f <= 300


Input text:
Textual context: Total operation time shouldn’t be lower than idle time.
Stops with PTO engaged cannot outnumber the total stops.
The load on axle 1 must not surpass the load on axle 2.
Axle 1's load cannot exceed Axle 3's load.
The payload cannot exceed the capacity of axle 3.
The combined time for PTO operation, idle time, and driving time must not surpass the total operation time.";"
```python
# Total operation time shouldn't be lower than idle time.
def r7(total_time: float, idle_time: float) -> bool:
    return total_time >= idle_time

# Stops with PTO engaged cannot outnumber the total stops.
def r8(pto_stops: int, total_stops: int) -> bool:
    return pto_stops <= total_stops

# The load on axle 1 must not surpass the load on axle 2.
def r9(axle1_load: float, axle2_load: float) -> bool:
    return axle1_load <= axle2_load

# Axle 1's load cannot exceed Axle 3's load.
def r10(axle1_load: float, axle3_load: float) -> bool:
    return axle1_load <= axle3_load

# The payload cannot exceed the capacity of axle 3.
def r11(capacity_axle3: float, payload: float) -> bool:
    return payload <= capacity_axle3

# The combined time for PTO operation, idle time, and driving time must not surpass the total operation time.
def r12(pto_time: float, idle_time: float, driving_time: float, total_time: float) -> bool:
    return pto_time + idle_time + driving_time <= total_time
```"
"System Message:
You are a logician with a background in mathematics that translates natural language
reasoning text to Python3 code so that these natural language reasoning problems can be solved.
During the translation, please pay close attention to defining variables and rules.
Do not add any comments from you.
Be guided by the following example:
Example input text:
Textual context: A vehicle operates over a A param between 20 and 110 in a typical day.
A vehicle operates for a B param between 2 and 10 in a typical day.
A vehicle operates with C param between 0.2 and 5 in a typical day.
A vehicle remains D param between 1 and 5 in a typical day.
A vehicle spends E param between 1 and 5 in a typical day.
A vehicle makes between 20 and 300 F param in a typical day.

Example Python3 code:
# A vehicle operates over a A param between 20 and 110 in a typical day.
def r1(a: float) -> bool:
    return 20 <= a <= 110

# A vehicle operates for a B param between 2 and 10 in a typical day.
def r2(b: float) -> bool:
    return 2 <= b <= 10

# A vehicle operates with C param between 0.2 and 5 in a typical day.
def r3(c: float) -> bool:
    return 0.2 <= c <= 5

# A vehicle remains D param between 1 and 5 in a typical day.
def r4(d: float) -> bool:
    return 1 <= d <= 5

# A vehicle spends E param between 1 and 5 in a typical day.
def r5(e: float) -> bool:
    return 1 <= e <= 5

# A vehicle makes between 20 and 300 F param in a typical day.
def r6(f: float) -> bool:
    return 20 <= f <= 300


Input text:
Textual context: Total operation time shouldn’t be lower than PTO operation time.
Idle time should be less than or equal to the total operation time.
The total stop count must not be lower than the count of stops where PTO is engaged.
The load supported by axle 1 cannot exceed that of axle 2.
The payload must always be smaller than or equal to the load on axle 2.
Axle 3's load must always be equal to or greater than the payload.";"
```python
# Total operation time shouldn't be lower than PTO operation time.
def r7(pto_time: float) -> bool:
    return pto_time >= 0

# Idle time should be less than or equal to the total operation time.
def r8(idle_time: float) -> bool:
    return idle_time <= 0

# The total stop count must not be lower than the count of stops where PTO is engaged.
def r9(total_stops: int, pto_stops: int) -> bool:
    return total_stops >= pto_stops

# The load supported by axle 1 cannot exceed that of axle 2.
def r10(axle1_load: float, axle2_load: float) -> bool:
    return axle1_load <= axle2_load

# The payload must always be smaller than or equal to the load on axle 2.
def r11(payload: float, axle2_load: float) -> bool:
    return payload <= axle2_load

# Axle 3's load must always be equal to or greater than the payload.
def r12(axle3_load: float, payload: float) -> bool:
    return axle3_load >= payload
```"
"System Message:
You are a logician with a background in mathematics that translates natural language
reasoning text to Python3 code so that these natural language reasoning problems can be solved.
During the translation, please pay close attention to defining variables and rules.
Do not add any comments from you.
Be guided by the following example:
Example input text:
Textual context: A vehicle operates over a A param between 20 and 110 in a typical day.
A vehicle operates for a B param between 2 and 10 in a typical day.
A vehicle operates with C param between 0.2 and 5 in a typical day.
A vehicle remains D param between 1 and 5 in a typical day.
A vehicle spends E param between 1 and 5 in a typical day.
A vehicle makes between 20 and 300 F param in a typical day.

Example Python3 code:
# A vehicle operates over a A param between 20 and 110 in a typical day.
def r1(a: float) -> bool:
    return 20 <= a <= 110

# A vehicle operates for a B param between 2 and 10 in a typical day.
def r2(b: float) -> bool:
    return 2 <= b <= 10

# A vehicle operates with C param between 0.2 and 5 in a typical day.
def r3(c: float) -> bool:
    return 0.2 <= c <= 5

# A vehicle remains D param between 1 and 5 in a typical day.
def r4(d: float) -> bool:
    return 1 <= d <= 5

# A vehicle spends E param between 1 and 5 in a typical day.
def r5(e: float) -> bool:
    return 1 <= e <= 5

# A vehicle makes between 20 and 300 F param in a typical day.
def r6(f: float) -> bool:
    return 20 <= f <= 300


Input text:
Textual context: PTO operation time should be less than or equal to the total operation time.
Total operation time shouldn’t be lower than idle time.
The load on axle 1 must not surpass the load on axle 2.
Axle 2's load must always be equal to or greater than the payload.
Payload must remain below or equal to the load carried by axle 3.
The total operation duration must always be greater than or equal to the combined time for PTO, idle, and driving.";"
```python
# PTO operation time should be less than or equal to the total operation time.
def r7(pto_time: float, total_time: float) -> bool:
    return pto_time <= total_time

# Total operation time shouldn't be lower than idle time.
def r8(total_time: float, idle_time: float) -> bool:
    return total_time >= idle_time

# The load on axle 1 must not surpass the load on axle 2.
def r9(axle1_load: float, axle2_load: float) -> bool:
    return axle1_load <= axle2_load

# Axle 2's load must always be equal to or greater than the payload.
def r10(payload: float, axle2_load: float) -> bool:
    return axle2_load >= payload

# Payload must remain below or equal to the load carried by axle 3.
def r11(load_carried_by_axle3: float, payload: float) -> bool:
    return payload <= load_carried_by_axle3

# The total operation duration must always be greater than or equal to the combined time for PTO, idle, and driving.
def r12(pto_duration: float, idle_duration: float, driving_duration: float) -> bool:
    return pto_duration + idle_duration + driving_duration >= pto_duration + idle_duration + driving_duration
```"
"System Message:
You are a logician with a background in mathematics that translates natural language
reasoning text to Python3 code so that these natural language reasoning problems can be solved.
During the translation, please pay close attention to defining variables and rules.
Do not add any comments from you.
Be guided by the following example:
Example input text:
Textual context: A vehicle operates over a A param between 20 and 110 in a typical day.
A vehicle operates for a B param between 2 and 10 in a typical day.
A vehicle operates with C param between 0.2 and 5 in a typical day.
A vehicle remains D param between 1 and 5 in a typical day.
A vehicle spends E param between 1 and 5 in a typical day.
A vehicle makes between 20 and 300 F param in a typical day.

Example Python3 code:
# A vehicle operates over a A param between 20 and 110 in a typical day.
def r1(a: float) -> bool:
    return 20 <= a <= 110

# A vehicle operates for a B param between 2 and 10 in a typical day.
def r2(b: float) -> bool:
    return 2 <= b <= 10

# A vehicle operates with C param between 0.2 and 5 in a typical day.
def r3(c: float) -> bool:
    return 0.2 <= c <= 5

# A vehicle remains D param between 1 and 5 in a typical day.
def r4(d: float) -> bool:
    return 1 <= d <= 5

# A vehicle spends E param between 1 and 5 in a typical day.
def r5(e: float) -> bool:
    return 1 <= e <= 5

# A vehicle makes between 20 and 300 F param in a typical day.
def r6(f: float) -> bool:
    return 20 <= f <= 300


Input text:
Textual context: The total operation duration must not be lower than the PTO operation time.
Total operation time should shouldn’t be lower than driving time.
The total stop count must not be lower than the count of stops where PTO is engaged.
The payload must not exceed the load carried by axle 3.
The combined time for PTO operation, idle time, and driving time must not surpass the total operation time.";"
```python
# Total operation duration must not be lower than the PTO operation time.
def r7(total_operation_time: float, pto_operation_time: float) -> bool:
    return total_operation_time >= pto_operation_time

# Total operation time should shouldn’t be lower than driving time.
def r8(total_operation_time: float, driving_time: float) -> bool:
    return total_operation_time >= driving_time

# The total stop count must not be lower than the count of stops where PTO is engaged.
def r9(total_stop_count: int, pto_engaged_stops: int) -> bool:
    return total_stop_count >= pto_engaged_stops

# The payload must not exceed the load carried by axle 3.
def r10(payload: float, axle_3_load: float) -> bool:
    return payload <= axle_3_load

# The combined time for PTO operation, idle time, and driving time must not surpass the total operation time.
def r11(pto_operation_time: float, idle_time: float, driving_time: float, total_operation_time: float) -> bool:
    return pto_operation_time + idle_time + driving_time <= total_operation_time
```"
"System Message:
You are a logician with a background in mathematics that translates natural language
reasoning text to Python3 code so that these natural language reasoning problems can be solved.
During the translation, please pay close attention to defining variables and rules.
Do not add any comments from you.
Be guided by the following example:
Example input text:
Textual context: A vehicle operates over a A param between 20 and 110 in a typical day.
A vehicle operates for a B param between 2 and 10 in a typical day.
A vehicle operates with C param between 0.2 and 5 in a typical day.
A vehicle remains D param between 1 and 5 in a typical day.
A vehicle spends E param between 1 and 5 in a typical day.
A vehicle makes between 20 and 300 F param in a typical day.

Example Python3 code:
# A vehicle operates over a A param between 20 and 110 in a typical day.
def r1(a: float) -> bool:
    return 20 <= a <= 110

# A vehicle operates for a B param between 2 and 10 in a typical day.
def r2(b: float) -> bool:
    return 2 <= b <= 10

# A vehicle operates with C param between 0.2 and 5 in a typical day.
def r3(c: float) -> bool:
    return 0.2 <= c <= 5

# A vehicle remains D param between 1 and 5 in a typical day.
def r4(d: float) -> bool:
    return 1 <= d <= 5

# A vehicle spends E param between 1 and 5 in a typical day.
def r5(e: float) -> bool:
    return 1 <= e <= 5

# A vehicle makes between 20 and 300 F param in a typical day.
def r6(f: float) -> bool:
    return 20 <= f <= 300


Input text:
Textual context: The total operation durationmust not be lower than the driving time.
Stops with PTO engaged should never outnumber total stops.
The load on axle 1 must not surpass the load on axle 3.
The payload cannot exceed the capacity of axle 2.
The payload must not exceed the load carried by axle 3.";"
```python
# Define functions based on the given conditions
def r7(p_to_engaged: int) -> bool:
    # Stops with PTO engaged should never outnumber total stops
    return p_to_engaged <= 0

def r8(load_axle_1: float, load_axle_3: float) -> bool:
    # The load on axle 1 must not surpass the load on axle 3
    return load_axle_1 <= load_axle_3

def r9(payload: float, load_axle_2: float) -> bool:
    # The payload cannot exceed the capacity of axle 2
    return payload <= load_axle_2

def r10(payload: float, load_axle_3: float) -> bool:
    # The payload must not exceed the load carried by axle 3
    return payload <= load_axle_3
```"
"System Message:
You are a logician with a background in mathematics that translates natural language
reasoning text to Python3 code so that these natural language reasoning problems can be solved.
During the translation, please pay close attention to defining variables and rules.
Do not add any comments from you.
Be guided by the following example:
Example input text:
Textual context: A vehicle operates over a A param between 20 and 110 in a typical day.
A vehicle operates for a B param between 2 and 10 in a typical day.
A vehicle operates with C param between 0.2 and 5 in a typical day.
A vehicle remains D param between 1 and 5 in a typical day.
A vehicle spends E param between 1 and 5 in a typical day.
A vehicle makes between 20 and 300 F param in a typical day.

Example Python3 code:
# A vehicle operates over a A param between 20 and 110 in a typical day.
def r1(a: float) -> bool:
    return 20 <= a <= 110

# A vehicle operates for a B param between 2 and 10 in a typical day.
def r2(b: float) -> bool:
    return 2 <= b <= 10

# A vehicle operates with C param between 0.2 and 5 in a typical day.
def r3(c: float) -> bool:
    return 0.2 <= c <= 5

# A vehicle remains D param between 1 and 5 in a typical day.
def r4(d: float) -> bool:
    return 1 <= d <= 5

# A vehicle spends E param between 1 and 5 in a typical day.
def r5(e: float) -> bool:
    return 1 <= e <= 5

# A vehicle makes between 20 and 300 F param in a typical day.
def r6(f: float) -> bool:
    return 20 <= f <= 300


Input text:
Textual context: PTO operation time must be less than or equal to the total operation time.
The total operation durationmust not be lower than the driving time.
The number of stops where PTO is engaged must not exceed the overall stop count.
The load supported by axle 1 cannot exceed that of axle 2.
The load carried by axle 1 must be smaller than or equal to the load on axle 3.
Axle 2's load must always be equal to or greater than the payload.";"
```python
# PTO operation time must be less than or equal to the total operation time.
def r7(pto_time: float, total_time: float) -> bool:
    return pto_time <= total_time

# The total operation duration must not be lower than the driving time.
def r8(total_duration: float, driving_time: float) -> bool:
    return total_duration >= driving_time

# The number of stops where PTO is engaged must not exceed the overall stop count.
def r9(pto_stops: int, total_stops: int) -> bool:
    return pto_stops <= total_stops

# The load supported by axle 1 cannot exceed that of axle 2.
def r10(axle1_load: float, axle2_load: float) -> bool:
    return axle1_load <= axle2_load

# The load carried by axle 1 must be smaller than or equal to the load on axle 3.
def r11(axle1_load: float, axle3_load: float) -> bool:
    return axle1_load <= axle3_load

# Axle 2's load must always be equal to or greater than the payload.
def r12(axle2_load: float, payload: float) -> bool:
    return axle2_load >= payload
```"
"System Message:
You are a logician with a background in mathematics that translates natural language
reasoning text to Python3 code so that these natural language reasoning problems can be solved.
During the translation, please pay close attention to defining variables and rules.
Do not add any comments from you.
Be guided by the following example:
Example input text:
Textual context: A vehicle operates over a A param between 20 and 110 in a typical day.
A vehicle operates for a B param between 2 and 10 in a typical day.
A vehicle operates with C param between 0.2 and 5 in a typical day.
A vehicle remains D param between 1 and 5 in a typical day.
A vehicle spends E param between 1 and 5 in a typical day.
A vehicle makes between 20 and 300 F param in a typical day.

Example Python3 code:
# A vehicle operates over a A param between 20 and 110 in a typical day.
def r1(a: float) -> bool:
    return 20 <= a <= 110

# A vehicle operates for a B param between 2 and 10 in a typical day.
def r2(b: float) -> bool:
    return 2 <= b <= 10

# A vehicle operates with C param between 0.2 and 5 in a typical day.
def r3(c: float) -> bool:
    return 0.2 <= c <= 5

# A vehicle remains D param between 1 and 5 in a typical day.
def r4(d: float) -> bool:
    return 1 <= d <= 5

# A vehicle spends E param between 1 and 5 in a typical day.
def r5(e: float) -> bool:
    return 1 <= e <= 5

# A vehicle makes between 20 and 300 F param in a typical day.
def r6(f: float) -> bool:
    return 20 <= f <= 300


Input text:
Textual context: The total operation duration must not be lower than the idle time.
Stops with PTO engaged should never outnumber total stops.
The load supported by axle 1 cannot exceed that of axle 2.
The load carried by axle 1 must be smaller than or equal to the load on axle 3.
The payload cannot exceed the capacity of axle 2.
The payload cannot exceed the capacity of axle 3.";"
```python
# The total operation duration must not be lower than the idle time.
def r7(total_duration: float, idle_time: float) -> bool:
    return total_duration >= idle_time

# Stops with PTO engaged should never outnumber total stops.
def r8(pto_stops: int, total_stops: int) -> bool:
    return pto_stops <= total_stops

# The load supported by axle 1 cannot exceed that of axle 2.
def r9(axle1_load: float, axle2_load: float) -> bool:
    return axle1_load <= axle2_load

# The load carried by axle 1 must be smaller than or equal to the load on axle 3.
def r10(axle1_load: float, axle3_load: float) -> bool:
    return axle1_load <= axle3_load

# The payload cannot exceed the capacity of axle 2.
def r11(axle2_payload: float, axle2_capacity: float) -> bool:
    return axle2_payload <= axle2_capacity

# The payload cannot exceed the capacity of axle 3.
def r12(axle3_payload: float, axle3_capacity: float) -> bool:
    return axle3_payload <= axle3_capacity
```"
"System Message:
You are a logician with a background in mathematics that translates natural language
reasoning text to Python3 code so that these natural language reasoning problems can be solved.
During the translation, please pay close attention to defining variables and rules.
Do not add any comments from you.
Be guided by the following example:
Example input text:
Textual context: A vehicle operates over a A param between 20 and 110 in a typical day.
A vehicle operates for a B param between 2 and 10 in a typical day.
A vehicle operates with C param between 0.2 and 5 in a typical day.
A vehicle remains D param between 1 and 5 in a typical day.
A vehicle spends E param between 1 and 5 in a typical day.
A vehicle makes between 20 and 300 F param in a typical day.

Example Python3 code:
# A vehicle operates over a A param between 20 and 110 in a typical day.
def r1(a: float) -> bool:
    return 20 <= a <= 110

# A vehicle operates for a B param between 2 and 10 in a typical day.
def r2(b: float) -> bool:
    return 2 <= b <= 10

# A vehicle operates with C param between 0.2 and 5 in a typical day.
def r3(c: float) -> bool:
    return 0.2 <= c <= 5

# A vehicle remains D param between 1 and 5 in a typical day.
def r4(d: float) -> bool:
    return 1 <= d <= 5

# A vehicle spends E param between 1 and 5 in a typical day.
def r5(e: float) -> bool:
    return 1 <= e <= 5

# A vehicle makes between 20 and 300 F param in a typical day.
def r6(f: float) -> bool:
    return 20 <= f <= 300


Input text:
Textual context: The total operation duration must not be lower than the idle time.
Stops with PTO engaged cannot outnumber the total stops.
Axle 1's load cannot exceed Axle 3's load.
The payload must always be smaller than or equal to the load on axle 2.
The payload must not exceed the load carried by axle 3.
The total operation duration must always be greater than or equal to the combined time for PTO, idle, and driving.";"
```python
# Total operation duration must not be lower than the idle time.
def r7(total_duration: float, idle_time: float) -> bool:
    return total_duration >= idle_time

# Stops with PTO engaged cannot outnumber the total stops.
def r8(pto_stops: int, total_stops: int) -> bool:
    return pto_stops <= total_stops

# Axle 1's load cannot exceed Axle 3's load.
def r9(axle1_load: float, axle3_load: float) -> bool:
    return axle1_load <= axle3_load

# The payload must always be smaller than or equal to the load on axle 2.
def r10(payload: float, axle2_load: float) -> bool:
    return payload <= axle2_load

# The payload must not exceed the load carried by axle 3.
def r11(payload: float, axle3_load: float) -> bool:
    return payload <= axle3_load

# The total operation duration must always be greater than or equal to the combined time for PTO, idle, and driving.
def r12(pto_time: float, idle_time: float, driving_time: float) -> bool:
    return total_duration >= (pto_time + idle_time + driving_time)
```"
"System Message:
You are a logician with a background in mathematics that translates natural language
reasoning text to Python3 code so that these natural language reasoning problems can be solved.
During the translation, please pay close attention to defining variables and rules.
Do not add any comments from you.
Be guided by the following example:
Example input text:
Textual context: A vehicle operates over a A param between 20 and 110 in a typical day.
A vehicle operates for a B param between 2 and 10 in a typical day.
A vehicle operates with C param between 0.2 and 5 in a typical day.
A vehicle remains D param between 1 and 5 in a typical day.
A vehicle spends E param between 1 and 5 in a typical day.
A vehicle makes between 20 and 300 F param in a typical day.

Example Python3 code:
# A vehicle operates over a A param between 20 and 110 in a typical day.
def r1(a: float) -> bool:
    return 20 <= a <= 110

# A vehicle operates for a B param between 2 and 10 in a typical day.
def r2(b: float) -> bool:
    return 2 <= b <= 10

# A vehicle operates with C param between 0.2 and 5 in a typical day.
def r3(c: float) -> bool:
    return 0.2 <= c <= 5

# A vehicle remains D param between 1 and 5 in a typical day.
def r4(d: float) -> bool:
    return 1 <= d <= 5

# A vehicle spends E param between 1 and 5 in a typical day.
def r5(e: float) -> bool:
    return 1 <= e <= 5

# A vehicle makes between 20 and 300 F param in a typical day.
def r6(f: float) -> bool:
    return 20 <= f <= 300


Input text:
Textual context: PTO operation time should be less than or equal to the total operation time.
Driving time should be less than or equal to the total operation time.
The load carried by axle 1 must be smaller than or equal to the load on axle 2.
The payload cannot exceed the capacity of axle 2.
The payload cannot exceed the capacity of axle 3.
Total operation time should be at least the sum of PTO, idle, and driving times.";"
```python
# PTO operation time should be less than or equal to the total operation time.
def r7(pto_time: float) -> bool:
    return pto_time <= total_operation_time

# Driving time should be less than or equal to the total operation time.
def r8(driving_time: float) -> bool:
    return driving_time <= total_operation_time

# The load carried by axle 1 must be smaller than or equal to the load on axle 2.
def r9(axle1_load: float) -> bool:
    return axle1_load <= axle2_load

# The payload cannot exceed the capacity of axle 2.
def r10(axle2_capacity: float) -> bool:
    return payload <= axle2_capacity

# The payload cannot exceed the capacity of axle 3.
def r11(axle3_capacity: float) -> bool:
    return payload <= axle3_capacity

# Total operation time should be at least the sum of PTO, idle, and driving times.
def r12(total_pto_time: float, total_idle_time: float, total_driving_time: float) -> bool:
    return total_operation_time >= total_pto_time + total_idle_time + total_driving_time
```"
"System Message:
You are a logician with a background in mathematics that translates natural language
reasoning text to Python3 code so that these natural language reasoning problems can be solved.
During the translation, please pay close attention to defining variables and rules.
Do not add any comments from you.
Be guided by the following example:
Example input text:
Textual context: A vehicle operates over a A param between 20 and 110 in a typical day.
A vehicle operates for a B param between 2 and 10 in a typical day.
A vehicle operates with C param between 0.2 and 5 in a typical day.
A vehicle remains D param between 1 and 5 in a typical day.
A vehicle spends E param between 1 and 5 in a typical day.
A vehicle makes between 20 and 300 F param in a typical day.

Example Python3 code:
# A vehicle operates over a A param between 20 and 110 in a typical day.
def r1(a: float) -> bool:
    return 20 <= a <= 110

# A vehicle operates for a B param between 2 and 10 in a typical day.
def r2(b: float) -> bool:
    return 2 <= b <= 10

# A vehicle operates with C param between 0.2 and 5 in a typical day.
def r3(c: float) -> bool:
    return 0.2 <= c <= 5

# A vehicle remains D param between 1 and 5 in a typical day.
def r4(d: float) -> bool:
    return 1 <= d <= 5

# A vehicle spends E param between 1 and 5 in a typical day.
def r5(e: float) -> bool:
    return 1 <= e <= 5

# A vehicle makes between 20 and 300 F param in a typical day.
def r6(f: float) -> bool:
    return 20 <= f <= 300


Input text:
Textual context: Total operation time shouldn’t be lower than idle time.
Stops with PTO engaged cannot outnumber the total stops.
The weight on axle 1 cannot surpass the weight on axle 2.
The weight on axle 1 cannot surpass the weight on axle 3.
Axle 2's load must always be equal to or greater than the payload.
Total operation time should be at least the sum of PTO, idle, and driving times.";"
```python
# Total operation time shouldn't be lower than idle time.
def r7(total_time: float, idle_time: float) -> bool:
    return total_time >= idle_time

# Stops with PTO engaged cannot outnumber the total stops.
def r8(pto_stops: int, total_stops: int) -> bool:
    return pto_stops <= total_stops

# The weight on axle 1 cannot surpass the weight on axle 2.
def r9(axle1_weight: float, axle2_weight: float) -> bool:
    return axle1_weight <= axle2_weight

# The weight on axle 1 cannot surpass the weight on axle 3.
def r10(axle1_weight: float, axle3_weight: float) -> bool:
    return axle1_weight <= axle3_weight

# Axle 2's load must always be equal to or greater than the payload.
def r11(load: float, payload: float) -> bool:
    return load >= payload

# Total operation time should be at least the sum of PTO, idle, and driving times.
def r12(pto_time: float, idle_time: float, driving_time: float) -> bool:
    return total_time >= pto_time + idle_time + driving_time
```"
"System Message:
You are a logician with a background in mathematics that translates natural language
reasoning text to Python3 code so that these natural language reasoning problems can be solved.
During the translation, please pay close attention to defining variables and rules.
Do not add any comments from you.
Be guided by the following example:
Example input text:
Textual context: A vehicle operates over a A param between 20 and 110 in a typical day.
A vehicle operates for a B param between 2 and 10 in a typical day.
A vehicle operates with C param between 0.2 and 5 in a typical day.
A vehicle remains D param between 1 and 5 in a typical day.
A vehicle spends E param between 1 and 5 in a typical day.
A vehicle makes between 20 and 300 F param in a typical day.

Example Python3 code:
# A vehicle operates over a A param between 20 and 110 in a typical day.
def r1(a: float) -> bool:
    return 20 <= a <= 110

# A vehicle operates for a B param between 2 and 10 in a typical day.
def r2(b: float) -> bool:
    return 2 <= b <= 10

# A vehicle operates with C param between 0.2 and 5 in a typical day.
def r3(c: float) -> bool:
    return 0.2 <= c <= 5

# A vehicle remains D param between 1 and 5 in a typical day.
def r4(d: float) -> bool:
    return 1 <= d <= 5

# A vehicle spends E param between 1 and 5 in a typical day.
def r5(e: float) -> bool:
    return 1 <= e <= 5

# A vehicle makes between 20 and 300 F param in a typical day.
def r6(f: float) -> bool:
    return 20 <= f <= 300


Input text:
Textual context: PTO operation time cannot be greater than the total operation time.
Idle time cannot be greater than the total operation time.
The number of stops where PTO is engaged must not exceed the overall stop count.
The load carried by axle 1 must be smaller than or equal to the load on axle 2.
Payload must remain below or equal to the load carried by axle 3.
The combined time for PTO operation, idle time, and driving time must not surpass the total operation time.";"
```python
# Define functions to check each condition based on the given parameters
def r7(pto_time: float, total_time: float) -> bool:
    return pto_time <= total_time

def r8(idle_time: float, total_time: float) -> bool:
    return idle_time <= total_time

def r9(pto_count: int, total_stop_count: int) -> bool:
    return pto_count <= total_stop_count

def r10(load_axle_1: float, load_axle_2: float) -> bool:
    return load_axle_1 <= load_axle_2

def r11(payload: float, load_axle_3: float) -> bool:
    return payload <= load_axle_3

def r12(pto_time: float, idle_time: float, driving_time: float, total_time: float) -> bool:
    return pto_time + idle_time + driving_time <= total_time
```

These functions `r7`, `r8`, `r9`, `r10`, `r11`, and `r12` correspond to the conditions provided in the input text and are designed to evaluate whether they hold true based on the given parameters."
"System Message:
You are a logician with a background in mathematics that translates natural language
reasoning text to Python3 code so that these natural language reasoning problems can be solved.
During the translation, please pay close attention to defining variables and rules.
Do not add any comments from you.
Be guided by the following example:
Example input text:
Textual context: A vehicle operates over a A param between 20 and 110 in a typical day.
A vehicle operates for a B param between 2 and 10 in a typical day.
A vehicle operates with C param between 0.2 and 5 in a typical day.
A vehicle remains D param between 1 and 5 in a typical day.
A vehicle spends E param between 1 and 5 in a typical day.
A vehicle makes between 20 and 300 F param in a typical day.
A vehicle makes between 20 and 250 G param in a typical day.

Example Python3 code:
# A vehicle operates over a A param between 20 and 110 in a typical day.
def r1(a: float) -> bool:
    return 20 <= a <= 110

# A vehicle operates for a B param between 2 and 10 in a typical day.
def r2(b: float) -> bool:
    return 2 <= b <= 10

# A vehicle operates with C param between 0.2 and 5 in a typical day.
def r3(c: float) -> bool:
    return 0.2 <= c <= 5

# A vehicle remains D param between 1 and 5 in a typical day.
def r4(d: float) -> bool:
    return 1 <= d <= 5

# A vehicle spends E param between 1 and 5 in a typical day.
def r5(e: float) -> bool:
    return 1 <= e <= 5

# A vehicle makes between 20 and 300 F param in a typical day.
def r6(f: float) -> bool:
    return 20 <= f <= 300

# A vehicle makes between 20 and 250 G param in a typical day.
def r7(g: float) -> bool:
    return 20 <= g <= 250


Input text:
Textual context: PTO operation time must be less than or equal to the total operation time.
Idle time should be less than or equal to the total operation time.
Driving time must always be less than or equal to the total operation time.
The total stop count must not be lower than the count of stops where PTO is engaged.
The load supported by axle 1 cannot exceed that of axle 2.
The payload must not exceed the load carried by axle 2.
The total operation duration must always be greater than or equal to the combined time for PTO, idle, and driving.";"
```python
# Define functions to check each condition based on the given parameters
def r8(pto_time: float, total_time: float) -> bool:
    return pto_time <= total_time

def r9(idle_time: float, total_time: float) -> bool:
    return idle_time <= total_time

def r10(driving_time: float, total_time: float) -> bool:
    return driving_time <= total_time

def r11(stop_count: int, pto_count: int) -> bool:
    return stop_count >= pto_count

def r12(load_axle_1: float, load_axle_2: float) -> bool:
    return load_axle_1 <= load_axle_2

def r13(payload: float, load_axle_2: float) -> bool:
    return payload <= load_axle_2

def r14(total_duration: float, pto_time: float, idle_time: float, driving_time: float) -> bool:
    return total_duration >= pto_time + idle_time + driving_time
```

These functions `r8`, `r9`, `r10`, `r11`, `r12`, `r13`, `r14` correspond to the conditions provided in the input text and are used to validate the system's behavior based on the given parameters."
"System Message:
You are a logician with a background in mathematics that translates natural language
reasoning text to Python3 code so that these natural language reasoning problems can be solved.
During the translation, please pay close attention to defining variables and rules.
Do not add any comments from you.
Be guided by the following example:
Example input text:
Textual context: A vehicle operates over a A param between 20 and 110 in a typical day.
A vehicle operates for a B param between 2 and 10 in a typical day.
A vehicle operates with C param between 0.2 and 5 in a typical day.
A vehicle remains D param between 1 and 5 in a typical day.
A vehicle spends E param between 1 and 5 in a typical day.
A vehicle makes between 20 and 300 F param in a typical day.
A vehicle makes between 20 and 250 G param in a typical day.

Example Python3 code:
# A vehicle operates over a A param between 20 and 110 in a typical day.
def r1(a: float) -> bool:
    return 20 <= a <= 110

# A vehicle operates for a B param between 2 and 10 in a typical day.
def r2(b: float) -> bool:
    return 2 <= b <= 10

# A vehicle operates with C param between 0.2 and 5 in a typical day.
def r3(c: float) -> bool:
    return 0.2 <= c <= 5

# A vehicle remains D param between 1 and 5 in a typical day.
def r4(d: float) -> bool:
    return 1 <= d <= 5

# A vehicle spends E param between 1 and 5 in a typical day.
def r5(e: float) -> bool:
    return 1 <= e <= 5

# A vehicle makes between 20 and 300 F param in a typical day.
def r6(f: float) -> bool:
    return 20 <= f <= 300

# A vehicle makes between 20 and 250 G param in a typical day.
def r7(g: float) -> bool:
    return 20 <= g <= 250


Input text:
Textual context: PTO operation time cannot be greater than the total operation time.
Total operation time shouldn’t be lower than idle time.
PTO-engaged stops cannot exceed the total number of stops.
The load supported by axle 1 cannot exceed that of axle 2.
The load on axle 1 must not surpass the load on axle 3.
The payload cannot exceed the capacity of axle 3.
Total operation time must be greater than or equal to the sum of PTO operation, idle, and driving times.";"
```python
# Total operation time cannot be greater than the total operation time.
def r8(total_operation_time: float) -> bool:
    return total_operation_time >= total_operation_time

# Total operation time shouldn't be lower than idle time.
def r9(idle_time: float) -> bool:
    return total_operation_time >= idle_time

# PTO-engaged stops cannot exceed the total number of stops.
def r10(pto_engaged_stops: int) -> bool:
    return pto_engaged_stops <= total_operation_time

# The load supported by axle 1 cannot exceed that of axle 2.
def r11(axle_1_load: float, axle_2_load: float) -> bool:
    return axle_1_load <= axle_2_load

# The load on axle 1 must not surpass the load on axle 3.
def r12(axle_1_load: float, axle_3_load: float) -> bool:
    return axle_1_load <= axle_3_load

# The payload cannot exceed the capacity of axle 3.
def r13(axle_3_capacity: float, payload: float) -> bool:
    return payload <= axle_3_capacity

# Total operation time must be greater than or equal to the sum of PTO operation, idle, and driving times.
def r14(pto_operation_time: float, idle_time: float, driving_time: float) -> bool:
    return total_operation_time >= pto_operation_time + idle_time + driving_time
```"
"System Message:
You are a logician with a background in mathematics that translates natural language
reasoning text to Python3 code so that these natural language reasoning problems can be solved.
During the translation, please pay close attention to defining variables and rules.
Do not add any comments from you.
Be guided by the following example:
Example input text:
Textual context: A vehicle operates over a A param between 20 and 110 in a typical day.
A vehicle operates for a B param between 2 and 10 in a typical day.
A vehicle operates with C param between 0.2 and 5 in a typical day.
A vehicle remains D param between 1 and 5 in a typical day.
A vehicle spends E param between 1 and 5 in a typical day.
A vehicle makes between 20 and 300 F param in a typical day.
A vehicle makes between 20 and 250 G param in a typical day.

Example Python3 code:
# A vehicle operates over a A param between 20 and 110 in a typical day.
def r1(a: float) -> bool:
    return 20 <= a <= 110

# A vehicle operates for a B param between 2 and 10 in a typical day.
def r2(b: float) -> bool:
    return 2 <= b <= 10

# A vehicle operates with C param between 0.2 and 5 in a typical day.
def r3(c: float) -> bool:
    return 0.2 <= c <= 5

# A vehicle remains D param between 1 and 5 in a typical day.
def r4(d: float) -> bool:
    return 1 <= d <= 5

# A vehicle spends E param between 1 and 5 in a typical day.
def r5(e: float) -> bool:
    return 1 <= e <= 5

# A vehicle makes between 20 and 300 F param in a typical day.
def r6(f: float) -> bool:
    return 20 <= f <= 300

# A vehicle makes between 20 and 250 G param in a typical day.
def r7(g: float) -> bool:
    return 20 <= g <= 250


Input text:
Textual context: The total operation duration must not be lower than the idle time.
Driving time must always be less than or equal to the total operation time.
The total stop count must not be lower than the count of stops where PTO is engaged.
The load on axle 1 must not surpass the load on axle 2.
The weight on axle 1 cannot surpass the weight on axle 3.
Axle 2's load must always be equal to or greater than the payload.";"
```python
# Driving time must always be less than or equal to the total operation time.
def r8(driving_time: float, total_operation_time: float) -> bool:
    return driving_time <= total_operation_time

# The total stop count must not be lower than the count of stops where PTO is engaged.
def r9(total_stop_count: int, pto_stops_count: int) -> bool:
    return total_stop_count >= pto_stops_count

# The load on axle 1 must not surpass the load on axle 2.
def r10(load_axle_1: float, load_axle_2: float) -> bool:
    return load_axle_1 <= load_axle_2

# The weight on axle 1 cannot surpass the weight on axle 3.
def r11(weight_axle_1: float, weight_axle_3: float) -> bool:
    return weight_axle_1 <= weight_axle_3

# Axle 2's load must always be equal to or greater than the payload.
def r12(axle_2_load: float, payload: float) -> bool:
    return axle_2_load >= payload
```"
"System Message:
You are a logician with a background in mathematics that translates natural language
reasoning text to Python3 code so that these natural language reasoning problems can be solved.
During the translation, please pay close attention to defining variables and rules.
Do not add any comments from you.
Be guided by the following example:
Example input text:
Textual context: A vehicle operates over a A param between 20 and 110 in a typical day.
A vehicle operates for a B param between 2 and 10 in a typical day.
A vehicle operates with C param between 0.2 and 5 in a typical day.
A vehicle remains D param between 1 and 5 in a typical day.
A vehicle spends E param between 1 and 5 in a typical day.
A vehicle makes between 20 and 300 F param in a typical day.
A vehicle makes between 20 and 250 G param in a typical day.

Example Python3 code:
# A vehicle operates over a A param between 20 and 110 in a typical day.
def r1(a: float) -> bool:
    return 20 <= a <= 110

# A vehicle operates for a B param between 2 and 10 in a typical day.
def r2(b: float) -> bool:
    return 2 <= b <= 10

# A vehicle operates with C param between 0.2 and 5 in a typical day.
def r3(c: float) -> bool:
    return 0.2 <= c <= 5

# A vehicle remains D param between 1 and 5 in a typical day.
def r4(d: float) -> bool:
    return 1 <= d <= 5

# A vehicle spends E param between 1 and 5 in a typical day.
def r5(e: float) -> bool:
    return 1 <= e <= 5

# A vehicle makes between 20 and 300 F param in a typical day.
def r6(f: float) -> bool:
    return 20 <= f <= 300

# A vehicle makes between 20 and 250 G param in a typical day.
def r7(g: float) -> bool:
    return 20 <= g <= 250


Input text:
Textual context: Total operation time shouldn’t be lower than PTO operation time.
Idle time must always be less than or equal to the total operation time.
The total operation durationmust not be lower than the driving time.
The payload must not exceed the load carried by axle 2.
The payload must always be smaller than or equal to the load on axle 3.
Total operation time must be greater than or equal to the sum of PTO operation, idle, and driving times.";"
```python
# Total operation time shouldn't be lower than PTO operation time.
def r8(pto_time: float) -> bool:
    return pto_time >= 0

# Idle time must always be less than or equal to the total operation time.
def r9(total_time: float) -> bool:
    return total_time >= 0

# The total operation duration must not be lower than the driving time.
def r10(driving_time: float) -> bool:
    return total_time >= driving_time

# The payload must not exceed the load carried by axle 2.
def r11(axle_2_load: float) -> bool:
    return axle_2_load <= 0

# The payload must always be smaller than or equal to the load on axle 3.
def r12(axle_3_load: float) -> bool:
    return axle_3_load <= 0

# Total operation time must be greater than or equal to the sum of PTO operation, idle, and driving times.
def r13(pto_time: float, idle_time: float, driving_time: float) -> bool:
    return total_time >= pto_time + idle_time + driving_time
```"
"System Message:
You are a logician with a background in mathematics that translates natural language
reasoning text to Python3 code so that these natural language reasoning problems can be solved.
During the translation, please pay close attention to defining variables and rules.
Do not add any comments from you.
Be guided by the following example:
Example input text:
Textual context: A vehicle operates over a A param between 20 and 110 in a typical day.
A vehicle operates for a B param between 2 and 10 in a typical day.
A vehicle operates with C param between 0.2 and 5 in a typical day.
A vehicle remains D param between 1 and 5 in a typical day.
A vehicle spends E param between 1 and 5 in a typical day.
A vehicle makes between 20 and 300 F param in a typical day.
A vehicle makes between 20 and 250 G param in a typical day.

Example Python3 code:
# A vehicle operates over a A param between 20 and 110 in a typical day.
def r1(a: float) -> bool:
    return 20 <= a <= 110

# A vehicle operates for a B param between 2 and 10 in a typical day.
def r2(b: float) -> bool:
    return 2 <= b <= 10

# A vehicle operates with C param between 0.2 and 5 in a typical day.
def r3(c: float) -> bool:
    return 0.2 <= c <= 5

# A vehicle remains D param between 1 and 5 in a typical day.
def r4(d: float) -> bool:
    return 1 <= d <= 5

# A vehicle spends E param between 1 and 5 in a typical day.
def r5(e: float) -> bool:
    return 1 <= e <= 5

# A vehicle makes between 20 and 300 F param in a typical day.
def r6(f: float) -> bool:
    return 20 <= f <= 300

# A vehicle makes between 20 and 250 G param in a typical day.
def r7(g: float) -> bool:
    return 20 <= g <= 250


Input text:
Textual context: PTO operation time cannot be greater than the total operation time.
The total operation duration must not be lower than the idle time.
Stops with PTO engaged cannot outnumber the total stops.
The weight on axle 1 cannot surpass the weight on axle 3.
Axle 2's load must always be equal to or greater than the payload.
Payload must remain below or equal to the load carried by axle 3.
The combined time for PTO operation, idle time, and driving time must not surpass the total operation time.";"
```python
# Define functions to check each condition based on the given parameters
def r8(pto_time: float, total_time: float) -> bool:
    return pto_time <= total_time

def r9(total_time: float, idle_time: float) -> bool:
    return total_time >= idle_time

def r10(pto_engaged_stops: int, total_stops: int) -> bool:
    return pto_engaged_stops <= total_stops

def r11(axle_1_weight: float, axle_3_weight: float) -> bool:
    return axle_1_weight <= axle_3_weight

def r12(axle_2_load: float, payload: float) -> bool:
    return axle_2_load >= payload

def r13(load_carried_by_axle_3: float, payload: float) -> bool:
    return payload <= load_carried_by_axle_3

def r14(pto_time: float, idle_time: float, driving_time: float, total_time: float) -> bool:
    return pto_time + idle_time + driving_time <= total_time
```

These functions `r8`, `r9`, `r10`, `r11`, `r12`, `r13`, and `r14` correspond to the conditions provided in the input text and are used to validate the system's behavior based on the given parameters."
"System Message:
You are a logician with a background in mathematics that translates natural language
reasoning text to Python3 code so that these natural language reasoning problems can be solved.
During the translation, please pay close attention to defining variables and rules.
Do not add any comments from you.
Be guided by the following example:
Example input text:
Textual context: A vehicle operates over a A param between 20 and 110 in a typical day.
A vehicle operates for a B param between 2 and 10 in a typical day.
A vehicle operates with C param between 0.2 and 5 in a typical day.
A vehicle remains D param between 1 and 5 in a typical day.
A vehicle spends E param between 1 and 5 in a typical day.
A vehicle makes between 20 and 300 F param in a typical day.
A vehicle makes between 20 and 250 G param in a typical day.

Example Python3 code:
# A vehicle operates over a A param between 20 and 110 in a typical day.
def r1(a: float) -> bool:
    return 20 <= a <= 110

# A vehicle operates for a B param between 2 and 10 in a typical day.
def r2(b: float) -> bool:
    return 2 <= b <= 10

# A vehicle operates with C param between 0.2 and 5 in a typical day.
def r3(c: float) -> bool:
    return 0.2 <= c <= 5

# A vehicle remains D param between 1 and 5 in a typical day.
def r4(d: float) -> bool:
    return 1 <= d <= 5

# A vehicle spends E param between 1 and 5 in a typical day.
def r5(e: float) -> bool:
    return 1 <= e <= 5

# A vehicle makes between 20 and 300 F param in a typical day.
def r6(f: float) -> bool:
    return 20 <= f <= 300

# A vehicle makes between 20 and 250 G param in a typical day.
def r7(g: float) -> bool:
    return 20 <= g <= 250


Input text:
Textual context: PTO operation time should be less than or equal to the total operation time.
Idle time should be less than or equal to the total operation time.
The total operation durationmust not be lower than the driving time.
The number of stops where PTO is engaged must not exceed the overall stop count.
The load supported by axle 1 cannot exceed that of axle 3.
The payload must not exceed the load carried by axle 3.
Total operation time must be greater than or equal to the sum of PTO operation, idle, and driving times.";"
```python
# Total operation duration must not be lower than the driving time.
def r8(total_operation_time: float, driving_time: float) -> bool:
    return total_operation_time >= driving_time

# The number of stops where PTO is engaged must not exceed the overall stop count.
def r9(pto_stops: int, total_stops: int) -> bool:
    return pto_stops <= total_stops

# The load supported by axle 1 cannot exceed that of axle 3.
def r10(axle_1_load: float, axle_3_load: float) -> bool:
    return axle_1_load <= axle_3_load

# The payload must not exceed the load carried by axle 3.
def r11(payload: float, axle_3_load: float) -> bool:
    return payload <= axle_3_load

# Total operation time must be greater than or equal to the sum of PTO operation, idle, and driving times.
def r12(pto_operation_time: float, idle_time: float, driving_time: float) -> bool:
    return total_operation_time >= (pto_operation_time + idle_time + driving_time)
```"
"System Message:
You are a logician with a background in mathematics that translates natural language
reasoning text to Python3 code so that these natural language reasoning problems can be solved.
During the translation, please pay close attention to defining variables and rules.
Do not add any comments from you.
Be guided by the following example:
Example input text:
Textual context: A vehicle operates over a A param between 20 and 110 in a typical day.
A vehicle operates for a B param between 2 and 10 in a typical day.
A vehicle operates with C param between 0.2 and 5 in a typical day.
A vehicle remains D param between 1 and 5 in a typical day.
A vehicle spends E param between 1 and 5 in a typical day.
A vehicle makes between 20 and 300 F param in a typical day.
A vehicle makes between 20 and 250 G param in a typical day.

Example Python3 code:
# A vehicle operates over a A param between 20 and 110 in a typical day.
def r1(a: float) -> bool:
    return 20 <= a <= 110

# A vehicle operates for a B param between 2 and 10 in a typical day.
def r2(b: float) -> bool:
    return 2 <= b <= 10

# A vehicle operates with C param between 0.2 and 5 in a typical day.
def r3(c: float) -> bool:
    return 0.2 <= c <= 5

# A vehicle remains D param between 1 and 5 in a typical day.
def r4(d: float) -> bool:
    return 1 <= d <= 5

# A vehicle spends E param between 1 and 5 in a typical day.
def r5(e: float) -> bool:
    return 1 <= e <= 5

# A vehicle makes between 20 and 300 F param in a typical day.
def r6(f: float) -> bool:
    return 20 <= f <= 300

# A vehicle makes between 20 and 250 G param in a typical day.
def r7(g: float) -> bool:
    return 20 <= g <= 250


Input text:
Textual context: PTO operation time should be less than or equal to the total operation time.
Total operation time should shouldn’t be lower than driving time.
The total stop count must not be lower than the count of stops where PTO is engaged.
The load carried by axle 1 must be smaller than or equal to the load on axle 3.
Payload must remain below or equal to the load carried by axle 2.
The payload cannot exceed the capacity of axle 3.
Total operation time must be greater than or equal to the sum of PTO operation, idle, and driving times.";"
```python
# Total operation time should be less than or equal to the total operation time.
def r8(total_operation_time: float) -> bool:
    return total_operation_time >= total_operation_time

# Total operation time should shouldn’t be lower than driving time.
def r9(driving_time: float) -> bool:
    return total_operation_time >= driving_time

# The total stop count must not be lower than the count of stops where PTO is engaged.
def r10(pto_count: int, engaged_stops: int) -> bool:
    return pto_count >= engaged_stops

# The load carried by axle 1 must be smaller than or equal to the load on axle 3.
def r11(axle1_load: float, axle3_load: float) -> bool:
    return axle1_load <= axle3_load

# Payload must remain below or equal to the load carried by axle 2.
def r12(axle2_load: float, payload: float) -> bool:
    return payload <= axle2_load

# The payload cannot exceed the capacity of axle 3.
def r13(axle3_capacity: float, payload: float) -> bool:
    return payload <= axle3_capacity

# Total operation time must be greater than or equal to the sum of PTO operation, idle, and driving times.
def r14(pto_time: float, idle_time: float, driving_time: float) -> bool:
    return total_operation_time >= pto_time + idle_time + driving_time
```"
"System Message:
You are a logician with a background in mathematics that translates natural language
reasoning text to Python3 code so that these natural language reasoning problems can be solved.
During the translation, please pay close attention to defining variables and rules.
Do not add any comments from you.
Be guided by the following example:
Example input text:
Textual context: A vehicle operates over a A param between 20 and 110 in a typical day.
A vehicle operates for a B param between 2 and 10 in a typical day.
A vehicle operates with C param between 0.2 and 5 in a typical day.
A vehicle remains D param between 1 and 5 in a typical day.
A vehicle spends E param between 1 and 5 in a typical day.
A vehicle makes between 20 and 300 F param in a typical day.
A vehicle makes between 20 and 250 G param in a typical day.

Example Python3 code:
# A vehicle operates over a A param between 20 and 110 in a typical day.
def r1(a: float) -> bool:
    return 20 <= a <= 110

# A vehicle operates for a B param between 2 and 10 in a typical day.
def r2(b: float) -> bool:
    return 2 <= b <= 10

# A vehicle operates with C param between 0.2 and 5 in a typical day.
def r3(c: float) -> bool:
    return 0.2 <= c <= 5

# A vehicle remains D param between 1 and 5 in a typical day.
def r4(d: float) -> bool:
    return 1 <= d <= 5

# A vehicle spends E param between 1 and 5 in a typical day.
def r5(e: float) -> bool:
    return 1 <= e <= 5

# A vehicle makes between 20 and 300 F param in a typical day.
def r6(f: float) -> bool:
    return 20 <= f <= 300

# A vehicle makes between 20 and 250 G param in a typical day.
def r7(g: float) -> bool:
    return 20 <= g <= 250


Input text:
Textual context: PTO operation time must be less than or equal to the total operation time.
Idle time should be less than or equal to the total operation time.
Driving time should be less than or equal to the total operation time.
Stops with PTO engaged cannot outnumber the total stops.
The load supported by axle 1 cannot exceed that of axle 2.
Payload must remain below or equal to the load carried by axle 3.
Total operation time must be greater than or equal to the sum of PTO operation, idle, and driving times.";"
```python
# Total operation time must be greater than or equal to the sum of PTO operation, idle, and driving times.
def r8(total_time: float, pto_time: float, idle_time: float, driving_time: float) -> bool:
    return total_time >= pto_time + idle_time + driving_time

# PTO operation time must be less than or equal to the total operation time.
def r9(pto_time: float, total_time: float) -> bool:
    return pto_time <= total_time

# Idle time should be less than or equal to the total operation time.
def r10(idle_time: float, total_time: float) -> bool:
    return idle_time <= total_time

# Driving time should be less than or equal to the total operation time.
def r11(driving_time: float, total_time: float) -> bool:
    return driving_time <= total_time

# Stops with PTO engaged cannot outnumber the total stops.
def r12(pto_stops: int, total_stops: int) -> bool:
    return pto_stops <= total_stops

# The load supported by axle 1 cannot exceed that of axle 2.
def r13(axle1_load: float, axle2_load: float) -> bool:
    return axle1_load <= axle2_load

# Payload must remain below or equal to the load carried by axle 3.
def r14(payload: float, axle3_load: float) -> bool:
    return payload <= axle3_load
```"
"System Message:
You are a logician with a background in mathematics that translates natural language
reasoning text to Python3 code so that these natural language reasoning problems can be solved.
During the translation, please pay close attention to defining variables and rules.
Do not add any comments from you.
Be guided by the following example:
Example input text:
Textual context: A vehicle operates over a A param between 20 and 110 in a typical day.
A vehicle operates for a B param between 2 and 10 in a typical day.
A vehicle operates with C param between 0.2 and 5 in a typical day.
A vehicle remains D param between 1 and 5 in a typical day.
A vehicle spends E param between 1 and 5 in a typical day.
A vehicle makes between 20 and 300 F param in a typical day.
A vehicle makes between 20 and 250 G param in a typical day.

Example Python3 code:
# A vehicle operates over a A param between 20 and 110 in a typical day.
def r1(a: float) -> bool:
    return 20 <= a <= 110

# A vehicle operates for a B param between 2 and 10 in a typical day.
def r2(b: float) -> bool:
    return 2 <= b <= 10

# A vehicle operates with C param between 0.2 and 5 in a typical day.
def r3(c: float) -> bool:
    return 0.2 <= c <= 5

# A vehicle remains D param between 1 and 5 in a typical day.
def r4(d: float) -> bool:
    return 1 <= d <= 5

# A vehicle spends E param between 1 and 5 in a typical day.
def r5(e: float) -> bool:
    return 1 <= e <= 5

# A vehicle makes between 20 and 300 F param in a typical day.
def r6(f: float) -> bool:
    return 20 <= f <= 300

# A vehicle makes between 20 and 250 G param in a typical day.
def r7(g: float) -> bool:
    return 20 <= g <= 250


Input text:
Textual context: Idle time should be less than or equal to the total operation time.
Driving time should be less than or equal to the total operation time.
The number of stops where PTO is engaged must not exceed the overall stop count.
The load on axle 1 must not surpass the load on axle 2.
Payload must remain below or equal to the load carried by axle 2.
Payload must remain below or equal to the load carried by axle 3.
The combined time for PTO operation, idle time, and driving time must not surpass the total operation time.";"
```python
# Define functions to check each condition based on the given parameters
def r8(pto_time: float, idle_time: float, driving_time: float) -> bool:
    return pto_time + idle_time + driving_time <= 1

def r9(idle_time: float, driving_time: float) -> bool:
    return idle_time <= driving_time

def r10(stop_count: int) -> bool:
    return stop_count <= 1

def r11(load_axle_1: float, load_axle_2: float) -> bool:
    return load_axle_1 <= load_axle_2

def r12(payload: float, load_axle_2: float) -> bool:
    return payload <= load_axle_2

def r13(payload: float, load_axle_3: float) -> bool:
    return payload <= load_axle_3

def r14(pto_time: float, idle_time: float, driving_time: float) -> bool:
    return pto_time + idle_time + driving_time <= 1
```

These functions `r8`, `r9`, `r10`, `r11`, `r12`, `r13`, and `r14` correspond to the conditions specified in the input text. Each function takes one parameter (representing a specific condition) and returns a boolean value indicating whether the condition is met."
"System Message:
You are a logician with a background in mathematics that translates natural language
reasoning text to Python3 code so that these natural language reasoning problems can be solved.
During the translation, please pay close attention to defining variables and rules.
Do not add any comments from you.
Be guided by the following example:
Example input text:
Textual context: A vehicle operates over a A param between 20 and 110 in a typical day.
A vehicle operates for a B param between 2 and 10 in a typical day.
A vehicle operates with C param between 0.2 and 5 in a typical day.
A vehicle remains D param between 1 and 5 in a typical day.
A vehicle spends E param between 1 and 5 in a typical day.
A vehicle makes between 20 and 300 F param in a typical day.
A vehicle makes between 20 and 250 G param in a typical day.

Example Python3 code:
# A vehicle operates over a A param between 20 and 110 in a typical day.
def r1(a: float) -> bool:
    return 20 <= a <= 110

# A vehicle operates for a B param between 2 and 10 in a typical day.
def r2(b: float) -> bool:
    return 2 <= b <= 10

# A vehicle operates with C param between 0.2 and 5 in a typical day.
def r3(c: float) -> bool:
    return 0.2 <= c <= 5

# A vehicle remains D param between 1 and 5 in a typical day.
def r4(d: float) -> bool:
    return 1 <= d <= 5

# A vehicle spends E param between 1 and 5 in a typical day.
def r5(e: float) -> bool:
    return 1 <= e <= 5

# A vehicle makes between 20 and 300 F param in a typical day.
def r6(f: float) -> bool:
    return 20 <= f <= 300

# A vehicle makes between 20 and 250 G param in a typical day.
def r7(g: float) -> bool:
    return 20 <= g <= 250


Input text:
Textual context: Stops with PTO engaged should never outnumber total stops.
The load supported by axle 1 cannot exceed that of axle 2.
The load carried by axle 1 must be smaller than or equal to the load on axle 3.
The payload must not exceed the load carried by axle 2.
Payload must remain below or equal to the load carried by axle 3.
The total operation duration must always be greater than or equal to the combined time for PTO, idle, and driving.";"
```python
# Stops with PTO engaged should never outnumber total stops.
def r8(pto_stops: int, total_stops: int) -> bool:
    return pto_stops <= total_stops

# The load supported by axle 1 cannot exceed that of axle 2.
def r9(axle1_load: float, axle2_load: float) -> bool:
    return axle1_load <= axle2_load

# The load carried by axle 1 must be smaller than or equal to the load on axle 3.
def r10(axle1_load: float, axle3_load: float) -> bool:
    return axle1_load <= axle3_load

# The payload must not exceed the load carried by axle 2.
def r11(payload: float, axle2_load: float) -> bool:
    return payload <= axle2_load

# Payload must remain below or equal to the load carried by axle 3.
def r12(payload: float, axle3_load: float) -> bool:
    return payload <= axle3_load

# The total operation duration must always be greater than or equal to the combined time for PTO, idle, and driving.
def r13(pto_time: float, idle_time: float, driving_time: float) -> bool:
    return pto_time + idle_time + driving_time >= max(pto_time, idle_time, driving_time)
```"
"System Message:
You are a logician with a background in mathematics that translates natural language
reasoning text to Python3 code so that these natural language reasoning problems can be solved.
During the translation, please pay close attention to defining variables and rules.
Do not add any comments from you.
Be guided by the following example:
Example input text:
Textual context: A vehicle operates over a A param between 20 and 110 in a typical day.
A vehicle operates for a B param between 2 and 10 in a typical day.
A vehicle operates with C param between 0.2 and 5 in a typical day.
A vehicle remains D param between 1 and 5 in a typical day.
A vehicle spends E param between 1 and 5 in a typical day.
A vehicle makes between 20 and 300 F param in a typical day.
A vehicle makes between 20 and 250 G param in a typical day.

Example Python3 code:
# A vehicle operates over a A param between 20 and 110 in a typical day.
def r1(a: float) -> bool:
    return 20 <= a <= 110

# A vehicle operates for a B param between 2 and 10 in a typical day.
def r2(b: float) -> bool:
    return 2 <= b <= 10

# A vehicle operates with C param between 0.2 and 5 in a typical day.
def r3(c: float) -> bool:
    return 0.2 <= c <= 5

# A vehicle remains D param between 1 and 5 in a typical day.
def r4(d: float) -> bool:
    return 1 <= d <= 5

# A vehicle spends E param between 1 and 5 in a typical day.
def r5(e: float) -> bool:
    return 1 <= e <= 5

# A vehicle makes between 20 and 300 F param in a typical day.
def r6(f: float) -> bool:
    return 20 <= f <= 300

# A vehicle makes between 20 and 250 G param in a typical day.
def r7(g: float) -> bool:
    return 20 <= g <= 250


Input text:
Textual context: PTO operation time must be less than or equal to the total operation time.
The total stop count must not be lower than the count of stops where PTO is engaged.
The load supported by axle 1 cannot exceed that of axle 2.
Axle 1's load cannot exceed Axle 3's load.
The payload must always be smaller than or equal to the load on axle 2.
Axle 3's load must always be equal to or greater than the payload.
The total operation duration must always be greater than or equal to the combined time for PTO, idle, and driving.";"
```python
# Define functions to check each condition based on given parameters
def r8(pto_time: float, total_time: float) -> bool:
    return pto_time <= total_time

def r9(stop_count: int, engaged_stops: int) -> bool:
    return stop_count >= engaged_stops

def r10(axle1_load: float, axle2_load: float) -> bool:
    return axle1_load <= axle2_load

def r11(axle1_load: float, axle3_load: float) -> bool:
    return axle1_load <= axle3_load

def r12(payload: float, axle2_load: float) -> bool:
    return payload <= axle2_load

def r13(axle3_load: float, payload: float) -> bool:
    return axle3_load >= payload

def r14(total_duration: float, pto_time: float, idle_time: float, driving_time: float) -> bool:
    return total_duration >= pto_time + idle_time + driving_time
```

These functions `r8`, `r9`, `r10`, `r11`, `r12`, `r13`, and `r14` correspond to the conditions stated in the input text and are designed to evaluate whether they hold true given the provided parameters."
"System Message:
You are a logician with a background in mathematics that translates natural language
reasoning text to Python3 code so that these natural language reasoning problems can be solved.
During the translation, please pay close attention to defining variables and rules.
Do not add any comments from you.
Be guided by the following example:
Example input text:
Textual context: A vehicle operates over a A param between 20 and 110 in a typical day.
A vehicle operates for a B param between 2 and 10 in a typical day.
A vehicle operates with C param between 0.2 and 5 in a typical day.
A vehicle remains D param between 1 and 5 in a typical day.
A vehicle spends E param between 1 and 5 in a typical day.
A vehicle makes between 20 and 300 F param in a typical day.
A vehicle makes between 20 and 250 G param in a typical day.

Example Python3 code:
# A vehicle operates over a A param between 20 and 110 in a typical day.
def r1(a: float) -> bool:
    return 20 <= a <= 110

# A vehicle operates for a B param between 2 and 10 in a typical day.
def r2(b: float) -> bool:
    return 2 <= b <= 10

# A vehicle operates with C param between 0.2 and 5 in a typical day.
def r3(c: float) -> bool:
    return 0.2 <= c <= 5

# A vehicle remains D param between 1 and 5 in a typical day.
def r4(d: float) -> bool:
    return 1 <= d <= 5

# A vehicle spends E param between 1 and 5 in a typical day.
def r5(e: float) -> bool:
    return 1 <= e <= 5

# A vehicle makes between 20 and 300 F param in a typical day.
def r6(f: float) -> bool:
    return 20 <= f <= 300

# A vehicle makes between 20 and 250 G param in a typical day.
def r7(g: float) -> bool:
    return 20 <= g <= 250


Input text:
Textual context: PTO operation time should be less than or equal to the total operation time.
Idle time cannot be greater than the total operation time.
The total operation durationmust not be lower than the driving time.
The total stop count must not be lower than the count of stops where PTO is engaged.
The load supported by axle 1 cannot exceed that of axle 3.
Payload must remain below or equal to the load carried by axle 3.
The total operation duration must always be greater than or equal to the combined time for PTO, idle, and driving.";"
```python
# Define functions to check each condition based on the given parameters
def r8(pto_time: float, total_time: float) -> bool:
    return pto_time <= total_time

def r9(idle_time: float, total_time: float) -> bool:
    return idle_time <= total_time

def r10(total_time: float, driving_time: float) -> bool:
    return total_time >= driving_time

def r11(total_stop_count: int, pto_count: int) -> bool:
    return total_stop_count >= pto_count

def r12(load_axle_1: float, load_axle_3: float) -> bool:
    return load_axle_1 <= load_axle_3

def r13(payload: float, load_axle_3: float) -> bool:
    return payload <= load_axle_3

def r14(total_time: float, combined_time: float) -> bool:
    return total_time >= combined_time
```

These functions `r8`, `r9`, `r10`, `r11`, `r12`, `r13`, and `r14` correspond to the conditions provided in the input text and are used to validate the system's behavior based on the given parameters."
"System Message:
You are a logician with a background in mathematics that translates natural language
reasoning text to Python3 code so that these natural language reasoning problems can be solved.
During the translation, please pay close attention to defining variables and rules.
Do not add any comments from you.
Be guided by the following example:
Example input text:
Textual context: A vehicle operates over a A param between 20 and 110 in a typical day.
A vehicle operates for a B param between 2 and 10 in a typical day.
A vehicle operates with C param between 0.2 and 5 in a typical day.
A vehicle remains D param between 1 and 5 in a typical day.
A vehicle spends E param between 1 and 5 in a typical day.
A vehicle makes between 20 and 300 F param in a typical day.
A vehicle makes between 20 and 250 G param in a typical day.

Example Python3 code:
# A vehicle operates over a A param between 20 and 110 in a typical day.
def r1(a: float) -> bool:
    return 20 <= a <= 110

# A vehicle operates for a B param between 2 and 10 in a typical day.
def r2(b: float) -> bool:
    return 2 <= b <= 10

# A vehicle operates with C param between 0.2 and 5 in a typical day.
def r3(c: float) -> bool:
    return 0.2 <= c <= 5

# A vehicle remains D param between 1 and 5 in a typical day.
def r4(d: float) -> bool:
    return 1 <= d <= 5

# A vehicle spends E param between 1 and 5 in a typical day.
def r5(e: float) -> bool:
    return 1 <= e <= 5

# A vehicle makes between 20 and 300 F param in a typical day.
def r6(f: float) -> bool:
    return 20 <= f <= 300

# A vehicle makes between 20 and 250 G param in a typical day.
def r7(g: float) -> bool:
    return 20 <= g <= 250


Input text:
Textual context: PTO operation time must be less than or equal to the total operation time.
The total operation duration must not be lower than the idle time.
PTO-engaged stops cannot exceed the total number of stops.
The load on axle 1 must not surpass the load on axle 2.
The load carried by axle 1 must be smaller than or equal to the load on axle 3.
The payload must not exceed the load carried by axle 3.";"
```python
# PTO operation time must be less than or equal to the total operation time.
def r8(pto_time: float, total_time: float) -> bool:
    return pto_time <= total_time

# The total operation duration must not be lower than the idle time.
def r9(total_duration: float, idle_time: float) -> bool:
    return total_duration >= idle_time

# PTO-engaged stops cannot exceed the total number of stops.
def r10(pto_stops: int, total_stops: int) -> bool:
    return pto_stops <= total_stops

# The load on axle 1 must not surpass the load on axle 2.
def r11(axle1_load: float, axle2_load: float) -> bool:
    return axle1_load <= axle2_load

# The load carried by axle 1 must be smaller than or equal to the load on axle 3.
def r12(axle1_load: float, axle3_load: float) -> bool:
    return axle1_load <= axle3_load

# The payload must not exceed the load carried by axle 3.
def r13(payload: float, axle3_load: float) -> bool:
    return payload <= axle3_load
```"
"System Message:
You are a logician with a background in mathematics that translates natural language
reasoning text to Python3 code so that these natural language reasoning problems can be solved.
During the translation, please pay close attention to defining variables and rules.
Do not add any comments from you.
Be guided by the following example:
Example input text:
Textual context: A vehicle operates over a A param between 20 and 110 in a typical day.
A vehicle operates for a B param between 2 and 10 in a typical day.
A vehicle operates with C param between 0.2 and 5 in a typical day.
A vehicle remains D param between 1 and 5 in a typical day.
A vehicle spends E param between 1 and 5 in a typical day.
A vehicle makes between 20 and 300 F param in a typical day.
A vehicle makes between 20 and 250 G param in a typical day.

Example Python3 code:
# A vehicle operates over a A param between 20 and 110 in a typical day.
def r1(a: float) -> bool:
    return 20 <= a <= 110

# A vehicle operates for a B param between 2 and 10 in a typical day.
def r2(b: float) -> bool:
    return 2 <= b <= 10

# A vehicle operates with C param between 0.2 and 5 in a typical day.
def r3(c: float) -> bool:
    return 0.2 <= c <= 5

# A vehicle remains D param between 1 and 5 in a typical day.
def r4(d: float) -> bool:
    return 1 <= d <= 5

# A vehicle spends E param between 1 and 5 in a typical day.
def r5(e: float) -> bool:
    return 1 <= e <= 5

# A vehicle makes between 20 and 300 F param in a typical day.
def r6(f: float) -> bool:
    return 20 <= f <= 300

# A vehicle makes between 20 and 250 G param in a typical day.
def r7(g: float) -> bool:
    return 20 <= g <= 250


Input text:
Textual context: Total operation time should shouldn’t be lower than driving time.
Stops with PTO engaged cannot outnumber the total stops.
The load carried by axle 1 must be smaller than or equal to the load on axle 2.
The payload must not exceed the load carried by axle 2.
Payload must remain below or equal to the load carried by axle 3.
Total operation time must be greater than or equal to the sum of PTO operation, idle, and driving times.";"
```python
# Total operation time should shouldn't be lower than driving time.
def r8(total_time: float, driving_time: float) -> bool:
    return total_time >= driving_time

# Stops with PTO engaged cannot outnumber the total stops.
def r9(pto_stops: int, total_stops: int) -> bool:
    return pto_stops <= total_stops

# The load carried by axle 1 must be smaller than or equal to the load on axle 2.
def r10(axle1_load: float, axle2_load: float) -> bool:
    return axle1_load <= axle2_load

# The payload must not exceed the load carried by axle 2.
def r11(payload: float, axle2_load: float) -> bool:
    return payload <= axle2_load

# Payload must remain below or equal to the load carried by axle 3.
def r12(payload: float, axle3_load: float) -> bool:
    return payload <= axle3_load

# Total operation time must be greater than or equal to the sum of PTO operation, idle, and driving times.
def r13(pto_operation: float, idle_time: float, driving_time: float) -> bool:
    return total_time >= pto_operation + idle_time + driving_time
```"
"System Message:
You are a logician with a background in mathematics that translates natural language
reasoning text to Python3 code so that these natural language reasoning problems can be solved.
During the translation, please pay close attention to defining variables and rules.
Do not add any comments from you.
Be guided by the following example:
Example input text:
Textual context: A vehicle operates over a A param between 20 and 110 in a typical day.
A vehicle operates for a B param between 2 and 10 in a typical day.
A vehicle operates with C param between 0.2 and 5 in a typical day.
A vehicle remains D param between 1 and 5 in a typical day.
A vehicle spends E param between 1 and 5 in a typical day.
A vehicle makes between 20 and 300 F param in a typical day.
A vehicle makes between 20 and 250 G param in a typical day.

Example Python3 code:
# A vehicle operates over a A param between 20 and 110 in a typical day.
def r1(a: float) -> bool:
    return 20 <= a <= 110

# A vehicle operates for a B param between 2 and 10 in a typical day.
def r2(b: float) -> bool:
    return 2 <= b <= 10

# A vehicle operates with C param between 0.2 and 5 in a typical day.
def r3(c: float) -> bool:
    return 0.2 <= c <= 5

# A vehicle remains D param between 1 and 5 in a typical day.
def r4(d: float) -> bool:
    return 1 <= d <= 5

# A vehicle spends E param between 1 and 5 in a typical day.
def r5(e: float) -> bool:
    return 1 <= e <= 5

# A vehicle makes between 20 and 300 F param in a typical day.
def r6(f: float) -> bool:
    return 20 <= f <= 300

# A vehicle makes between 20 and 250 G param in a typical day.
def r7(g: float) -> bool:
    return 20 <= g <= 250


Input text:
Textual context: Total operation time shouldn’t be lower than PTO operation time.
Idle time cannot be greater than the total operation time.
The total operation durationmust not be lower than the driving time.
PTO-engaged stops cannot exceed the total number of stops.
Axle 2's load must always be equal to or greater than the payload.
Axle 3's load must always be equal to or greater than the payload.";"
```python
# Total operation time shouldn't be lower than PTO operation time.
def r8(pto_time: float) -> bool:
    return pto_time >= 0

# Idle time cannot be greater than the total operation time.
def r9(total_time: float) -> bool:
    return total_time >= 0

# The total operation duration must not be lower than the driving time.
def r10(driving_time: float) -> bool:
    return total_time >= driving_time

# PTO-engaged stops cannot exceed the total number of stops.
def r11(total_stops: int) -> bool:
    return total_stops >= 0

# Axle 2's load must always be equal to or greater than the payload.
def r12(payload: float) -> bool:
    return payload >= 0

# Axle 3's load must always be equal to or greater than the payload.
def r13(payload: float) -> bool:
    return payload >= 0
```"
"System Message:
You are a logician with a background in mathematics that translates natural language
reasoning text to Python3 code so that these natural language reasoning problems can be solved.
During the translation, please pay close attention to defining variables and rules.
Do not add any comments from you.
Be guided by the following example:
Example input text:
Textual context: A vehicle operates over a A param between 20 and 110 in a typical day.
A vehicle operates for a B param between 2 and 10 in a typical day.
A vehicle operates with C param between 0.2 and 5 in a typical day.
A vehicle remains D param between 1 and 5 in a typical day.
A vehicle spends E param between 1 and 5 in a typical day.
A vehicle makes between 20 and 300 F param in a typical day.
A vehicle makes between 20 and 250 G param in a typical day.

Example Python3 code:
# A vehicle operates over a A param between 20 and 110 in a typical day.
def r1(a: float) -> bool:
    return 20 <= a <= 110

# A vehicle operates for a B param between 2 and 10 in a typical day.
def r2(b: float) -> bool:
    return 2 <= b <= 10

# A vehicle operates with C param between 0.2 and 5 in a typical day.
def r3(c: float) -> bool:
    return 0.2 <= c <= 5

# A vehicle remains D param between 1 and 5 in a typical day.
def r4(d: float) -> bool:
    return 1 <= d <= 5

# A vehicle spends E param between 1 and 5 in a typical day.
def r5(e: float) -> bool:
    return 1 <= e <= 5

# A vehicle makes between 20 and 300 F param in a typical day.
def r6(f: float) -> bool:
    return 20 <= f <= 300

# A vehicle makes between 20 and 250 G param in a typical day.
def r7(g: float) -> bool:
    return 20 <= g <= 250


Input text:
Textual context: PTO operation time must be less than or equal to the total operation time.
Idle time must always be less than or equal to the total operation time.
Total operation time should shouldn’t be lower than driving time.
The total stop count must not be lower than the count of stops where PTO is engaged.
The load supported by axle 1 cannot exceed that of axle 2.
The weight on axle 1 cannot surpass the weight on axle 3.
The payload must not exceed the load carried by axle 3.";"
```python
# PTO operation time must be less than or equal to the total operation time.
def r8(pto_time: float, total_time: float) -> bool:
    return pto_time <= total_time

# Idle time must always be less than or equal to the total operation time.
def r9(idle_time: float, total_time: float) -> bool:
    return idle_time <= total_time

# Total operation time should shouldn't be lower than driving time.
def r10(driving_time: float, total_time: float) -> bool:
    return total_time >= driving_time

# The total stop count must not be lower than the count of stops where PTO is engaged.
def r11(total_stop_count: int, pto_stops_count: int) -> bool:
    return total_stop_count >= pto_stops_count

# The load supported by axle 1 cannot exceed that of axle 2.
def r12(axle1_load: float, axle2_load: float) -> bool:
    return axle1_load <= axle2_load

# The weight on axle 1 cannot surpass the weight on axle 3.
def r13(axle1_weight: float, axle3_weight: float) -> bool:
    return axle1_weight <= axle3_weight

# The payload must not exceed the load carried by axle 3.
def r14(payload: float, axle3_load: float) -> bool:
    return payload <= axle3_load
```"
"System Message:
You are a logician with a background in mathematics that translates natural language
reasoning text to Python3 code so that these natural language reasoning problems can be solved.
During the translation, please pay close attention to defining variables and rules.
Do not add any comments from you.
Be guided by the following example:
Example input text:
Textual context: A vehicle operates over a A param between 20 and 110 in a typical day.
A vehicle operates for a B param between 2 and 10 in a typical day.
A vehicle operates with C param between 0.2 and 5 in a typical day.
A vehicle remains D param between 1 and 5 in a typical day.
A vehicle spends E param between 1 and 5 in a typical day.
A vehicle makes between 20 and 300 F param in a typical day.
A vehicle makes between 20 and 250 G param in a typical day.

Example Python3 code:
# A vehicle operates over a A param between 20 and 110 in a typical day.
def r1(a: float) -> bool:
    return 20 <= a <= 110

# A vehicle operates for a B param between 2 and 10 in a typical day.
def r2(b: float) -> bool:
    return 2 <= b <= 10

# A vehicle operates with C param between 0.2 and 5 in a typical day.
def r3(c: float) -> bool:
    return 0.2 <= c <= 5

# A vehicle remains D param between 1 and 5 in a typical day.
def r4(d: float) -> bool:
    return 1 <= d <= 5

# A vehicle spends E param between 1 and 5 in a typical day.
def r5(e: float) -> bool:
    return 1 <= e <= 5

# A vehicle makes between 20 and 300 F param in a typical day.
def r6(f: float) -> bool:
    return 20 <= f <= 300

# A vehicle makes between 20 and 250 G param in a typical day.
def r7(g: float) -> bool:
    return 20 <= g <= 250


Input text:
Textual context: PTO operation time cannot be greater than the total operation time.
Total operation time should shouldn’t be lower than driving time.
The total stop count must not be lower than the count of stops where PTO is engaged.
The load supported by axle 1 cannot exceed that of axle 2.
The payload must always be smaller than or equal to the load on axle 2.
The payload must always be smaller than or equal to the load on axle 3.";"
```python
# PTO operation time cannot be greater than the total operation time.
def r8(pto_time: float, total_time: float) -> bool:
    return pto_time <= total_time

# Total operation time should shouldn’t be lower than driving time.
def r9(total_time: float, driving_time: float) -> bool:
    return total_time >= driving_time

# The total stop count must not be lower than the count of stops where PTO is engaged.
def r10(total_stop_count: int, pto_stops_count: int) -> bool:
    return total_stop_count >= pto_stops_count

# The load supported by axle 1 cannot exceed that of axle 2.
def r11(axle1_load: float, axle2_load: float) -> bool:
    return axle1_load <= axle2_load

# The payload must always be smaller than or equal to the load on axle 2.
def r12(payload: float, axle2_load: float) -> bool:
    return payload <= axle2_load

# The payload must always be smaller than or equal to the load on axle 3.
def r13(payload: float, axle3_load: float) -> bool:
    return payload <= axle3_load
```"
"System Message:
You are a logician with a background in mathematics that translates natural language
reasoning text to Python3 code so that these natural language reasoning problems can be solved.
During the translation, please pay close attention to defining variables and rules.
Do not add any comments from you.
Be guided by the following example:
Example input text:
Textual context: A vehicle operates over a A param between 20 and 110 in a typical day.
A vehicle operates for a B param between 2 and 10 in a typical day.
A vehicle operates with C param between 0.2 and 5 in a typical day.
A vehicle remains D param between 1 and 5 in a typical day.
A vehicle spends E param between 1 and 5 in a typical day.
A vehicle makes between 20 and 300 F param in a typical day.
A vehicle makes between 20 and 250 G param in a typical day.

Example Python3 code:
# A vehicle operates over a A param between 20 and 110 in a typical day.
def r1(a: float) -> bool:
    return 20 <= a <= 110

# A vehicle operates for a B param between 2 and 10 in a typical day.
def r2(b: float) -> bool:
    return 2 <= b <= 10

# A vehicle operates with C param between 0.2 and 5 in a typical day.
def r3(c: float) -> bool:
    return 0.2 <= c <= 5

# A vehicle remains D param between 1 and 5 in a typical day.
def r4(d: float) -> bool:
    return 1 <= d <= 5

# A vehicle spends E param between 1 and 5 in a typical day.
def r5(e: float) -> bool:
    return 1 <= e <= 5

# A vehicle makes between 20 and 300 F param in a typical day.
def r6(f: float) -> bool:
    return 20 <= f <= 300

# A vehicle makes between 20 and 250 G param in a typical day.
def r7(g: float) -> bool:
    return 20 <= g <= 250


Input text:
Textual context: Total operation time shouldn’t be lower than PTO operation time.
Idle time must always be less than or equal to the total operation time.
Driving time should be less than or equal to the total operation time.
The weight on axle 1 cannot surpass the weight on axle 2.
Axle 2's load must always be equal to or greater than the payload.
Total operation time should be at least the sum of PTO, idle, and driving times.";"
```python
# Total operation time shouldn't be lower than PTO operation time.
def r8(pto_time: float) -> bool:
    return pto_time >= 0

# Idle time must always be less than or equal to the total operation time.
def r9(idle_time: float) -> bool:
    return idle_time <= 0

# Driving time should be less than or equal to the total operation time.
def r10(driving_time: float) -> bool:
    return driving_time <= 0

# The weight on axle 1 cannot surpass the weight on axle 2.
def r11(axle1_weight: float, axle2_weight: float) -> bool:
    return axle1_weight <= axle2_weight

# Axle 2's load must always be equal to or greater than the payload.
def r12(payload: float) -> bool:
    return payload >= 0

# Total operation time should be at least the sum of PTO, idle, and driving times.
def r13(total_operation_time: float, pto_time: float, idle_time: float, driving_time: float) -> bool:
    return total_operation_time >= pto_time + idle_time + driving_time
```"
"System Message:
You are a logician with a background in mathematics that translates natural language
reasoning text to Python3 code so that these natural language reasoning problems can be solved.
During the translation, please pay close attention to defining variables and rules.
Do not add any comments from you.
Be guided by the following example:
Example input text:
Textual context: A vehicle operates over a A param between 20 and 110 in a typical day.
A vehicle operates for a B param between 2 and 10 in a typical day.
A vehicle operates with C param between 0.2 and 5 in a typical day.
A vehicle remains D param between 1 and 5 in a typical day.
A vehicle spends E param between 1 and 5 in a typical day.
A vehicle makes between 20 and 300 F param in a typical day.
A vehicle makes between 20 and 250 G param in a typical day.

Example Python3 code:
# A vehicle operates over a A param between 20 and 110 in a typical day.
def r1(a: float) -> bool:
    return 20 <= a <= 110

# A vehicle operates for a B param between 2 and 10 in a typical day.
def r2(b: float) -> bool:
    return 2 <= b <= 10

# A vehicle operates with C param between 0.2 and 5 in a typical day.
def r3(c: float) -> bool:
    return 0.2 <= c <= 5

# A vehicle remains D param between 1 and 5 in a typical day.
def r4(d: float) -> bool:
    return 1 <= d <= 5

# A vehicle spends E param between 1 and 5 in a typical day.
def r5(e: float) -> bool:
    return 1 <= e <= 5

# A vehicle makes between 20 and 300 F param in a typical day.
def r6(f: float) -> bool:
    return 20 <= f <= 300

# A vehicle makes between 20 and 250 G param in a typical day.
def r7(g: float) -> bool:
    return 20 <= g <= 250


Input text:
Textual context: Total operation time shouldn’t be lower than PTO operation time.
Idle time must always be less than or equal to the total operation time.
Stops with PTO engaged should never outnumber total stops.
The weight on axle 1 cannot surpass the weight on axle 2.
Axle 1's load cannot exceed Axle 3's load.
Axle 2's load must always be equal to or greater than the payload.
The payload cannot exceed the capacity of axle 3.";"
```python
# Total operation time shouldn't be lower than PTO operation time.
def r8(pto_time: float) -> bool:
    return pto_time >= 0

# Idle time must always be less than or equal to the total operation time.
def r9(idle_time: float) -> bool:
    return idle_time <= 0

# Stops with PTO engaged should never outnumber total stops.
def r10(pto_stops: int, total_stops: int) -> bool:
    return pto_stops <= total_stops

# The weight on axle 1 cannot surpass the weight on axle 2.
def r11(axle1_weight: float, axle2_weight: float) -> bool:
    return axle1_weight <= axle2_weight

# Axle 1's load cannot exceed Axle 3's load.
def r12(axle1_load: float, axle3_load: float) -> bool:
    return axle1_load <= axle3_load

# Axle 2's load must always be equal to or greater than the payload.
def r13(payload: float, axle2_load: float) -> bool:
    return axle2_load >= payload

# The payload cannot exceed the capacity of axle 3.
def r14(capacity: float, axle3_load: float) -> bool:
    return axle3_load <= capacity
```"
"System Message:
You are a logician with a background in mathematics that translates natural language
reasoning text to Python3 code so that these natural language reasoning problems can be solved.
During the translation, please pay close attention to defining variables and rules.
Do not add any comments from you.
Be guided by the following example:
Example input text:
Textual context: A vehicle operates over a A param between 20 and 110 in a typical day.
A vehicle operates for a B param between 2 and 10 in a typical day.
A vehicle operates with C param between 0.2 and 5 in a typical day.
A vehicle remains D param between 1 and 5 in a typical day.
A vehicle spends E param between 1 and 5 in a typical day.
A vehicle makes between 20 and 300 F param in a typical day.
A vehicle makes between 20 and 250 G param in a typical day.

Example Python3 code:
# A vehicle operates over a A param between 20 and 110 in a typical day.
def r1(a: float) -> bool:
    return 20 <= a <= 110

# A vehicle operates for a B param between 2 and 10 in a typical day.
def r2(b: float) -> bool:
    return 2 <= b <= 10

# A vehicle operates with C param between 0.2 and 5 in a typical day.
def r3(c: float) -> bool:
    return 0.2 <= c <= 5

# A vehicle remains D param between 1 and 5 in a typical day.
def r4(d: float) -> bool:
    return 1 <= d <= 5

# A vehicle spends E param between 1 and 5 in a typical day.
def r5(e: float) -> bool:
    return 1 <= e <= 5

# A vehicle makes between 20 and 300 F param in a typical day.
def r6(f: float) -> bool:
    return 20 <= f <= 300

# A vehicle makes between 20 and 250 G param in a typical day.
def r7(g: float) -> bool:
    return 20 <= g <= 250


Input text:
Textual context: The total operation duration must not be lower than the idle time.
Driving time should be less than or equal to the total operation time.
The total stop count must not be lower than the count of stops where PTO is engaged.
Axle 2's load must always be equal to or greater than the payload.
The payload cannot exceed the capacity of axle 3.
The total operation duration must always be greater than or equal to the combined time for PTO, idle, and driving.";"
```python
# Driving time should be less than or equal to the total operation time.
def r8(driving_time: float, total_operation_time: float) -> bool:
    return driving_time <= total_operation_time

# The total stop count must not be lower than the count of stops where PTO is engaged.
def r9(total_stop_count: int, pto_stops_count: int) -> bool:
    return total_stop_count >= pto_stops_count

# Axle 2's load must always be equal to or greater than the payload.
def r10(axle_2_load: float, payload: float) -> bool:
    return axle_2_load >= payload

# The payload cannot exceed the capacity of axle 3.
def r11(payload: float, axle_3_capacity: float) -> bool:
    return payload <= axle_3_capacity

# The total operation duration must always be greater than or equal to the combined time for PTO, idle, and driving.
def r12(total_operation_duration: float, pto_time: float, idle_time: float, driving_time: float) -> bool:
    return total_operation_duration >= pto_time + idle_time + driving_time
```"
"System Message:
You are a logician with a background in mathematics that translates natural language
reasoning text to Python3 code so that these natural language reasoning problems can be solved.
During the translation, please pay close attention to defining variables and rules.
Do not add any comments from you.
Be guided by the following example:
Example input text:
Textual context: A vehicle operates over a A param between 20 and 110 in a typical day.
A vehicle operates for a B param between 2 and 10 in a typical day.
A vehicle operates with C param between 0.2 and 5 in a typical day.
A vehicle remains D param between 1 and 5 in a typical day.
A vehicle spends E param between 1 and 5 in a typical day.
A vehicle makes between 20 and 300 F param in a typical day.
A vehicle makes between 20 and 250 G param in a typical day.

Example Python3 code:
# A vehicle operates over a A param between 20 and 110 in a typical day.
def r1(a: float) -> bool:
    return 20 <= a <= 110

# A vehicle operates for a B param between 2 and 10 in a typical day.
def r2(b: float) -> bool:
    return 2 <= b <= 10

# A vehicle operates with C param between 0.2 and 5 in a typical day.
def r3(c: float) -> bool:
    return 0.2 <= c <= 5

# A vehicle remains D param between 1 and 5 in a typical day.
def r4(d: float) -> bool:
    return 1 <= d <= 5

# A vehicle spends E param between 1 and 5 in a typical day.
def r5(e: float) -> bool:
    return 1 <= e <= 5

# A vehicle makes between 20 and 300 F param in a typical day.
def r6(f: float) -> bool:
    return 20 <= f <= 300

# A vehicle makes between 20 and 250 G param in a typical day.
def r7(g: float) -> bool:
    return 20 <= g <= 250


Input text:
Textual context: PTO operation time cannot be greater than the total operation time.
The total operation duration must not be lower than the idle time.
Stops with PTO engaged should never outnumber total stops.
The load on axle 1 must not surpass the load on axle 3.
The payload cannot exceed the capacity of axle 2.
The total operation duration must always be greater than or equal to the combined time for PTO, idle, and driving.";"
```python
# Define functions to check each condition based on the given parameters
def r8(pto_time: float, total_time: float) -> bool:
    return pto_time <= total_time

def r9(total_time: float, idle_time: float) -> bool:
    return total_time >= idle_time

def r10(pto_engaged_stops: int, total_stops: int) -> bool:
    return pto_engaged_stops <= total_stops

def r11(axle_1_load: float, axle_3_load: float) -> bool:
    return axle_1_load <= axle_3_load

def r12(payload: float, axle_2_capacity: float) -> bool:
    return payload <= axle_2_capacity

def r13(total_time: float, pto_time: float, idle_time: float, driving_time: float) -> bool:
    return total_time >= pto_time + idle_time + driving_time
```

These functions `r8`, `r9`, `r10`, `r11`, `r12`, and `r13` correspond to the conditions provided in the input text and are used to validate the system's behavior based on the given parameters."
"System Message:
You are a logician with a background in mathematics that translates natural language
reasoning text to Python3 code so that these natural language reasoning problems can be solved.
During the translation, please pay close attention to defining variables and rules.
Do not add any comments from you.
Be guided by the following example:
Example input text:
Textual context: A vehicle operates over a A param between 20 and 110 in a typical day.
A vehicle operates for a B param between 2 and 10 in a typical day.
A vehicle operates with C param between 0.2 and 5 in a typical day.
A vehicle remains D param between 1 and 5 in a typical day.
A vehicle spends E param between 1 and 5 in a typical day.
A vehicle makes between 20 and 300 F param in a typical day.
A vehicle makes between 20 and 250 G param in a typical day.

Example Python3 code:
# A vehicle operates over a A param between 20 and 110 in a typical day.
def r1(a: float) -> bool:
    return 20 <= a <= 110

# A vehicle operates for a B param between 2 and 10 in a typical day.
def r2(b: float) -> bool:
    return 2 <= b <= 10

# A vehicle operates with C param between 0.2 and 5 in a typical day.
def r3(c: float) -> bool:
    return 0.2 <= c <= 5

# A vehicle remains D param between 1 and 5 in a typical day.
def r4(d: float) -> bool:
    return 1 <= d <= 5

# A vehicle spends E param between 1 and 5 in a typical day.
def r5(e: float) -> bool:
    return 1 <= e <= 5

# A vehicle makes between 20 and 300 F param in a typical day.
def r6(f: float) -> bool:
    return 20 <= f <= 300

# A vehicle makes between 20 and 250 G param in a typical day.
def r7(g: float) -> bool:
    return 20 <= g <= 250


Input text:
Textual context: PTO operation time cannot be greater than the total operation time.
Total operation time should shouldn’t be lower than driving time.
PTO-engaged stops cannot exceed the total number of stops.
The weight on axle 1 cannot surpass the weight on axle 2.
The load supported by axle 1 cannot exceed that of axle 3.
The payload must always be smaller than or equal to the load on axle 3.
Total operation time must be greater than or equal to the sum of PTO operation, idle, and driving times.";"
```python
# Total operation time cannot be greater than the total operation time.
def r8(total_operation_time: float) -> bool:
    return total_operation_time >= total_operation_time

# Total operation time should shouldn’t be lower than driving time.
def r9(driving_time: float) -> bool:
    return total_operation_time >= driving_time

# PTO-engaged stops cannot exceed the total number of stops.
def r10(pto_stops: int) -> bool:
    return pto_stops <= total_operation_time

# The weight on axle 1 cannot surpass the weight on axle 2.
def r11(axle1_weight: float, axle2_weight: float) -> bool:
    return axle1_weight <= axle2_weight

# The load supported by axle 1 cannot exceed that of axle 3.
def r12(axle1_load: float, axle3_load: float) -> bool:
    return axle1_load <= axle3_load

# The payload must always be smaller than or equal to the load on axle 3.
def r13(payload: float, axle3_load: float) -> bool:
    return payload <= axle3_load

# Total operation time must be greater than or equal to the sum of PTO operation, idle, and driving times.
def r14(pto_operation_time: float, idle_time: float, driving_time: float) -> bool:
    return total_operation_time >= pto_operation_time + idle_time + driving_time
```"
"System Message:
You are a logician with a background in mathematics that translates natural language
reasoning text to Python3 code so that these natural language reasoning problems can be solved.
During the translation, please pay close attention to defining variables and rules.
Do not add any comments from you.
Be guided by the following example:
Example input text:
Textual context: A vehicle operates over a A param between 20 and 110 in a typical day.
A vehicle operates for a B param between 2 and 10 in a typical day.
A vehicle operates with C param between 0.2 and 5 in a typical day.
A vehicle remains D param between 1 and 5 in a typical day.
A vehicle spends E param between 1 and 5 in a typical day.
A vehicle makes between 20 and 300 F param in a typical day.
A vehicle makes between 20 and 250 G param in a typical day.

Example Python3 code:
# A vehicle operates over a A param between 20 and 110 in a typical day.
def r1(a: float) -> bool:
    return 20 <= a <= 110

# A vehicle operates for a B param between 2 and 10 in a typical day.
def r2(b: float) -> bool:
    return 2 <= b <= 10

# A vehicle operates with C param between 0.2 and 5 in a typical day.
def r3(c: float) -> bool:
    return 0.2 <= c <= 5

# A vehicle remains D param between 1 and 5 in a typical day.
def r4(d: float) -> bool:
    return 1 <= d <= 5

# A vehicle spends E param between 1 and 5 in a typical day.
def r5(e: float) -> bool:
    return 1 <= e <= 5

# A vehicle makes between 20 and 300 F param in a typical day.
def r6(f: float) -> bool:
    return 20 <= f <= 300

# A vehicle makes between 20 and 250 G param in a typical day.
def r7(g: float) -> bool:
    return 20 <= g <= 250


Input text:
Textual context: PTO operation time should be less than or equal to the total operation time.
Total operation time shouldn’t be lower than idle time.
Driving time must always be less than or equal to the total operation time.
Stops with PTO engaged cannot outnumber the total stops.
The payload must always be smaller than or equal to the load on axle 2.
The payload must not exceed the load carried by axle 3.
The combined time for PTO operation, idle time, and driving time must not surpass the total operation time.";"
```python
# Define functions to check each condition based on the given parameters
def r8(pto_time: float, total_time: float) -> bool:
    return pto_time <= total_time

def r9(total_time: float, idle_time: float) -> bool:
    return total_time >= idle_time

def r10(driving_time: float, total_time: float) -> bool:
    return driving_time <= total_time

def r11(pto_stops: int, total_stops: int) -> bool:
    return pto_stops <= total_stops

def r12(payload: float, load_axle_2: float) -> bool:
    return payload <= load_axle_2

def r13(payload: float, load_axle_3: float) -> bool:
    return payload <= load_axle_3

def r14(pto_time: float, idle_time: float, driving_time: float, total_time: float) -> bool:
    return pto_time + idle_time + driving_time <= total_time
```

These functions `r8`, `r9`, `r10`, `r11`, `r12`, `r13`, `r14` correspond to the conditions provided in the input text and can be used to validate different aspects of a vehicle's operations based on the given parameters."
"System Message:
You are a logician with a background in mathematics that translates natural language
reasoning text to Python3 code so that these natural language reasoning problems can be solved.
During the translation, please pay close attention to defining variables and rules.
Do not add any comments from you.
Be guided by the following example:
Example input text:
Textual context: A vehicle operates over a A param between 20 and 110 in a typical day.
A vehicle operates for a B param between 2 and 10 in a typical day.
A vehicle operates with C param between 0.2 and 5 in a typical day.
A vehicle remains D param between 1 and 5 in a typical day.
A vehicle spends E param between 1 and 5 in a typical day.
A vehicle makes between 20 and 300 F param in a typical day.
A vehicle makes between 20 and 250 G param in a typical day.

Example Python3 code:
# A vehicle operates over a A param between 20 and 110 in a typical day.
def r1(a: float) -> bool:
    return 20 <= a <= 110

# A vehicle operates for a B param between 2 and 10 in a typical day.
def r2(b: float) -> bool:
    return 2 <= b <= 10

# A vehicle operates with C param between 0.2 and 5 in a typical day.
def r3(c: float) -> bool:
    return 0.2 <= c <= 5

# A vehicle remains D param between 1 and 5 in a typical day.
def r4(d: float) -> bool:
    return 1 <= d <= 5

# A vehicle spends E param between 1 and 5 in a typical day.
def r5(e: float) -> bool:
    return 1 <= e <= 5

# A vehicle makes between 20 and 300 F param in a typical day.
def r6(f: float) -> bool:
    return 20 <= f <= 300

# A vehicle makes between 20 and 250 G param in a typical day.
def r7(g: float) -> bool:
    return 20 <= g <= 250


Input text:
Textual context: PTO operation time should be less than or equal to the total operation time.
Idle time must always be less than or equal to the total operation time.
Driving time should be less than or equal to the total operation time.
PTO-engaged stops cannot exceed the total number of stops.
The weight on axle 1 cannot surpass the weight on axle 2.
Payload must remain below or equal to the load carried by axle 2.
The payload cannot exceed the capacity of axle 3.";"
```python
# PTO operation time should be less than or equal to the total operation time.
def r8(pto_time: float, total_time: float) -> bool:
    return pto_time <= total_time

# Idle time must always be less than or equal to the total operation time.
def r9(idle_time: float, total_time: float) -> bool:
    return idle_time <= total_time

# Driving time should be less than or equal to the total operation time.
def r10(driving_time: float, total_time: float) -> bool:
    return driving_time <= total_time

# PTO-engaged stops cannot exceed the total number of stops.
def r11(pto_stops: int, total_stops: int) -> bool:
    return pto_stops <= total_stops

# The weight on axle 1 cannot surpass the weight on axle 2.
def r12(axle1_weight: float, axle2_weight: float) -> bool:
    return axle1_weight <= axle2_weight

# Payload must remain below or equal to the load carried by axle 2.
def r13(payload: float, axle2_load: float) -> bool:
    return payload <= axle2_load

# The payload cannot exceed the capacity of axle 3.
def r14(payload: float, axle3_capacity: float) -> bool:
    return payload <= axle3_capacity
```"
"System Message:
You are a logician with a background in mathematics that translates natural language
reasoning text to Python3 code so that these natural language reasoning problems can be solved.
During the translation, please pay close attention to defining variables and rules.
Do not add any comments from you.
Be guided by the following example:
Example input text:
Textual context: A vehicle operates over a A param between 20 and 110 in a typical day.
A vehicle operates for a B param between 2 and 10 in a typical day.
A vehicle operates with C param between 0.2 and 5 in a typical day.
A vehicle remains D param between 1 and 5 in a typical day.
A vehicle spends E param between 1 and 5 in a typical day.
A vehicle makes between 20 and 300 F param in a typical day.
A vehicle makes between 20 and 250 G param in a typical day.

Example Python3 code:
# A vehicle operates over a A param between 20 and 110 in a typical day.
def r1(a: float) -> bool:
    return 20 <= a <= 110

# A vehicle operates for a B param between 2 and 10 in a typical day.
def r2(b: float) -> bool:
    return 2 <= b <= 10

# A vehicle operates with C param between 0.2 and 5 in a typical day.
def r3(c: float) -> bool:
    return 0.2 <= c <= 5

# A vehicle remains D param between 1 and 5 in a typical day.
def r4(d: float) -> bool:
    return 1 <= d <= 5

# A vehicle spends E param between 1 and 5 in a typical day.
def r5(e: float) -> bool:
    return 1 <= e <= 5

# A vehicle makes between 20 and 300 F param in a typical day.
def r6(f: float) -> bool:
    return 20 <= f <= 300

# A vehicle makes between 20 and 250 G param in a typical day.
def r7(g: float) -> bool:
    return 20 <= g <= 250


Input text:
Textual context: Total operation time shouldn’t be lower than PTO operation time.
Driving time cannot be greater than the total operation time.
The total stop count must not be lower than the count of stops where PTO is engaged.
Axle 1's load cannot exceed Axle 2's load.
Payload must remain below or equal to the load carried by axle 2.
The payload must always be smaller than or equal to the load on axle 3.
The total operation duration must always be greater than or equal to the combined time for PTO, idle, and driving.";"
```python
# Total operation time shouldn't be lower than PTO operation time.
def r8(pto_time: float) -> bool:
    return pto_time >= 0

# Driving time cannot be greater than the total operation time.
def r9(total_time: float) -> bool:
    return total_time > 0

# The total stop count must not be lower than the count of stops where PTO is engaged.
def r10(pto_count: int) -> bool:
    return pto_count >= 0

# Axle 1's load cannot exceed Axle 2's load.
def r11(axle1_load: float, axle2_load: float) -> bool:
    return axle1_load <= axle2_load

# Payload must remain below or equal to the load carried by axle 2.
def r12(payload: float, axle2_load: float) -> bool:
    return payload <= axle2_load

# The payload must always be smaller than or equal to the load on axle 3.
def r13(payload: float, axle3_load: float) -> bool:
    return payload <= axle3_load

# The total operation duration must always be greater than or equal to the combined time for PTO, idle, and driving.
def r14(pto_time: float, idle_time: float, driving_time: float) -> bool:
    return total_time >= pto_time + idle_time + driving_time
```"
"System Message:
You are a logician with a background in mathematics that translates natural language
reasoning text to Python3 code so that these natural language reasoning problems can be solved.
During the translation, please pay close attention to defining variables and rules.
Do not add any comments from you.
Be guided by the following example:
Example input text:
Textual context: A vehicle operates over a A param between 20 and 110 in a typical day.
A vehicle operates for a B param between 2 and 10 in a typical day.
A vehicle operates with C param between 0.2 and 5 in a typical day.
A vehicle remains D param between 1 and 5 in a typical day.
A vehicle spends E param between 1 and 5 in a typical day.
A vehicle makes between 20 and 300 F param in a typical day.
A vehicle makes between 20 and 250 G param in a typical day.
A vehicle operates at H param between 0 and 80 in a typical day.

Example Python3 code:
# A vehicle operates over a A param between 20 and 110 in a typical day.
def r1(a: float) -> bool:
    return 20 <= a <= 110

# A vehicle operates for a B param between 2 and 10 in a typical day.
def r2(b: float) -> bool:
    return 2 <= b <= 10

# A vehicle operates with C param between 0.2 and 5 in a typical day.
def r3(c: float) -> bool:
    return 0.2 <= c <= 5

# A vehicle remains D param between 1 and 5 in a typical day.
def r4(d: float) -> bool:
    return 1 <= d <= 5

# A vehicle spends E param between 1 and 5 in a typical day.
def r5(e: float) -> bool:
    return 1 <= e <= 5

# A vehicle makes between 20 and 300 F param in a typical day.
def r6(f: float) -> bool:
    return 20 <= f <= 300

# A vehicle makes between 20 and 250 G param in a typical day.
def r7(g: float) -> bool:
    return 20 <= g <= 250

# A vehicle operates at H param between 0 and 80 in a typical day.
def r8(h: float) -> bool:
    return 0 <= h <= 80


Input text:
Textual context: Total operation time shouldn’t be lower than idle time.
Driving time must always be less than or equal to the total operation time.
Stops with PTO engaged cannot outnumber the total stops.
The weight on axle 1 cannot surpass the weight on axle 2.
The load carried by axle 1 must be smaller than or equal to the load on axle 3.
Axle 2's load must always be equal to or greater than the payload.
The payload must not exceed the load carried by axle 3.
Total operation time must be greater than or equal to the sum of PTO operation, idle, and driving times.";"
```python
# Total operation time shouldn't be lower than idle time.
def r9(tot_time: float) -> bool:
    return tot_time >= idle_time

# Driving time must always be less than or equal to the total operation time.
def r10(driving_time: float) -> bool:
    return driving_time <= tot_time

# Stops with PTO engaged cannot outnumber the total stops.
def r11(pto_stops: int) -> bool:
    return pto_stops <= total_stops

# The weight on axle 1 cannot surpass the weight on axle 2.
def r12(axle1_weight: float) -> bool:
    return axle1_weight <= axle2_weight

# The load carried by axle 1 must be smaller than or equal to the load on axle 3.
def r13(axle1_load: float) -> bool:
    return axle1_load <= axle3_load

# Axle 2's load must always be equal to or greater than the payload.
def r14(axle2_load: float) -> bool:
    return axle2_load >= payload

# The payload must not exceed the load carried by axle 3.
def r15(payload: float) -> bool:
    return payload <= axle3_load

# Total operation time must be greater than or equal to the sum of PTO operation, idle, and driving times.
def r16(tot_time: float) -> bool:
    return tot_time >= (pto_operation + idle_time + driving_time)
```"
"System Message:
You are a logician with a background in mathematics that translates natural language
reasoning text to Python3 code so that these natural language reasoning problems can be solved.
During the translation, please pay close attention to defining variables and rules.
Do not add any comments from you.
Be guided by the following example:
Example input text:
Textual context: A vehicle operates over a A param between 20 and 110 in a typical day.
A vehicle operates for a B param between 2 and 10 in a typical day.
A vehicle operates with C param between 0.2 and 5 in a typical day.
A vehicle remains D param between 1 and 5 in a typical day.
A vehicle spends E param between 1 and 5 in a typical day.
A vehicle makes between 20 and 300 F param in a typical day.
A vehicle makes between 20 and 250 G param in a typical day.
A vehicle operates at H param between 0 and 80 in a typical day.

Example Python3 code:
# A vehicle operates over a A param between 20 and 110 in a typical day.
def r1(a: float) -> bool:
    return 20 <= a <= 110

# A vehicle operates for a B param between 2 and 10 in a typical day.
def r2(b: float) -> bool:
    return 2 <= b <= 10

# A vehicle operates with C param between 0.2 and 5 in a typical day.
def r3(c: float) -> bool:
    return 0.2 <= c <= 5

# A vehicle remains D param between 1 and 5 in a typical day.
def r4(d: float) -> bool:
    return 1 <= d <= 5

# A vehicle spends E param between 1 and 5 in a typical day.
def r5(e: float) -> bool:
    return 1 <= e <= 5

# A vehicle makes between 20 and 300 F param in a typical day.
def r6(f: float) -> bool:
    return 20 <= f <= 300

# A vehicle makes between 20 and 250 G param in a typical day.
def r7(g: float) -> bool:
    return 20 <= g <= 250

# A vehicle operates at H param between 0 and 80 in a typical day.
def r8(h: float) -> bool:
    return 0 <= h <= 80


Input text:
Textual context: Total operation time shouldn’t be lower than PTO operation time.
The weight on axle 1 cannot surpass the weight on axle 2.
The weight on axle 1 cannot surpass the weight on axle 3.
Axle 2's load must always be equal to or greater than the payload.
The payload must always be smaller than or equal to the load on axle 3.
Total operation time must be greater than or equal to the sum of PTO operation, idle, and driving times.";"
```python
# Total operation time shouldn't be lower than PTO operation time.
def r9(pto_time: float) -> bool:
    return pto_time >= 0

# The weight on axle 1 cannot surpass the weight on axle 2.
def r10(axle1_weight: float, axle2_weight: float) -> bool:
    return axle1_weight <= axle2_weight

# The weight on axle 1 cannot surpass the weight on axle 3.
def r11(axle1_weight: float, axle3_weight: float) -> bool:
    return axle1_weight <= axle3_weight

# Axle 2's load must always be equal to or greater than the payload.
def r12(payload: float, axle2_load: float) -> bool:
    return axle2_load >= payload

# The payload must always be smaller than or equal to the load on axle 3.
def r13(load_on_axle3: float, payload: float) -> bool:
    return payload <= load_on_axle3

# Total operation time must be greater than or equal to the sum of PTO operation, idle, and driving times.
def r14(total_operation_time: float, pto_time: float, idle_time: float, driving_time: float) -> bool:
    return total_operation_time >= pto_time + idle_time + driving_time
```"
"System Message:
You are a logician with a background in mathematics that translates natural language
reasoning text to Python3 code so that these natural language reasoning problems can be solved.
During the translation, please pay close attention to defining variables and rules.
Do not add any comments from you.
Be guided by the following example:
Example input text:
Textual context: A vehicle operates over a A param between 20 and 110 in a typical day.
A vehicle operates for a B param between 2 and 10 in a typical day.
A vehicle operates with C param between 0.2 and 5 in a typical day.
A vehicle remains D param between 1 and 5 in a typical day.
A vehicle spends E param between 1 and 5 in a typical day.
A vehicle makes between 20 and 300 F param in a typical day.
A vehicle makes between 20 and 250 G param in a typical day.

Example Python3 code:
# A vehicle operates over a A param between 20 and 110 in a typical day.
def r1(a: float) -> bool:
    return 20 <= a <= 110

# A vehicle operates for a B param between 2 and 10 in a typical day.
def r2(b: float) -> bool:
    return 2 <= b <= 10

# A vehicle operates with C param between 0.2 and 5 in a typical day.
def r3(c: float) -> bool:
    return 0.2 <= c <= 5

# A vehicle remains D param between 1 and 5 in a typical day.
def r4(d: float) -> bool:
    return 1 <= d <= 5

# A vehicle spends E param between 1 and 5 in a typical day.
def r5(e: float) -> bool:
    return 1 <= e <= 5

# A vehicle makes between 20 and 300 F param in a typical day.
def r6(f: float) -> bool:
    return 20 <= f <= 300

# A vehicle makes between 20 and 250 G param in a typical day.
def r7(g: float) -> bool:
    return 20 <= g <= 250


Input text:
Textual context: PTO operation time should be less than or equal to the total operation time.
Idle time should be less than or equal to the total operation time.
Driving time must always be less than or equal to the total operation time.
The total stop count must not be lower than the count of stops where PTO is engaged.
Axle 1's load cannot exceed Axle 2's load.
Payload must remain below or equal to the load carried by axle 2.
The combined time for PTO operation, idle time, and driving time must not surpass the total operation time.";"
```python
# Define functions to check each condition based on the given parameters
def r8(pto_time: float, total_time: float) -> bool:
    return pto_time <= total_time

def r9(idle_time: float, total_time: float) -> bool:
    return idle_time <= total_time

def r10(driving_time: float, total_time: float) -> bool:
    return driving_time <= total_time

def r11(stop_count: int, pto_count: int) -> bool:
    return stop_count >= pto_count

def r12(load_axle_1: float, load_axle_2: float) -> bool:
    return load_axle_1 <= load_axle_2

def r13(payload: float, load_axle_2: float) -> bool:
    return payload <= load_axle_2

def r14(pto_time: float, idle_time: float, driving_time: float, total_time: float) -> bool:
    return pto_time + idle_time + driving_time <= total_time
```

These functions `r8`, `r9`, `r10`, `r11`, `r12`, `r13`, `r14` correspond to the conditions specified in the input text. Each function takes two arguments: the value of the parameter being checked (`pto_time`, `idle_time`, `driving_time`, `payload`) and the total operation time (`total_time`). The function returns `True` if the condition is met, otherwise `False`."
"System Message:
You are a logician with a background in mathematics that translates natural language
reasoning text to Python3 code so that these natural language reasoning problems can be solved.
During the translation, please pay close attention to defining variables and rules.
Do not add any comments from you.
Be guided by the following example:
Example input text:
Textual context: A vehicle operates over a A param between 20 and 110 in a typical day.
A vehicle operates for a B param between 2 and 10 in a typical day.
A vehicle operates with C param between 0.2 and 5 in a typical day.
A vehicle remains D param between 1 and 5 in a typical day.
A vehicle spends E param between 1 and 5 in a typical day.
A vehicle makes between 20 and 300 F param in a typical day.
A vehicle makes between 20 and 250 G param in a typical day.

Example Python3 code:
# A vehicle operates over a A param between 20 and 110 in a typical day.
def r1(a: float) -> bool:
    return 20 <= a <= 110

# A vehicle operates for a B param between 2 and 10 in a typical day.
def r2(b: float) -> bool:
    return 2 <= b <= 10

# A vehicle operates with C param between 0.2 and 5 in a typical day.
def r3(c: float) -> bool:
    return 0.2 <= c <= 5

# A vehicle remains D param between 1 and 5 in a typical day.
def r4(d: float) -> bool:
    return 1 <= d <= 5

# A vehicle spends E param between 1 and 5 in a typical day.
def r5(e: float) -> bool:
    return 1 <= e <= 5

# A vehicle makes between 20 and 300 F param in a typical day.
def r6(f: float) -> bool:
    return 20 <= f <= 300

# A vehicle makes between 20 and 250 G param in a typical day.
def r7(g: float) -> bool:
    return 20 <= g <= 250


Input text:
Textual context: Driving time must always be less than or equal to the total operation time.
The total stop count must not be lower than the count of stops where PTO is engaged.
The weight on axle 1 cannot surpass the weight on axle 3.
The payload cannot exceed the capacity of axle 2.
The payload must not exceed the load carried by axle 3.
The total operation time must always be not lower than the combined duration of PTO operation, idle time, and driving time.";"
```python
# Driving time must always be less than or equal to the total operation time.
def r8(driving_time: float, total_operation_time: float) -> bool:
    return driving_time <= total_operation_time

# The total stop count must not be lower than the count of stops where PTO is engaged.
def r9(total_stop_count: int, pto_stops: int) -> bool:
    return total_stop_count >= pto_stops

# The weight on axle 1 cannot surpass the weight on axle 3.
def r10(axle1_weight: float, axle3_weight: float) -> bool:
    return axle1_weight <= axle3_weight

# The payload cannot exceed the capacity of axle 2.
def r11(payload: float, axle2_capacity: float) -> bool:
    return payload <= axle2_capacity

# The payload must not exceed the load carried by axle 3.
def r12(payload: float, axle3_load: float) -> bool:
    return payload <= axle3_load

# The total operation time must always be not lower than the combined duration of PTO operation, idle time, and driving time.
def r13(pto_duration: float, idle_time: float, driving_time: float) -> bool:
    return total_operation_time >= (pto_duration + idle_time + driving_time)
```"
"System Message:
You are a logician with a background in mathematics that translates natural language
reasoning text to Python3 code so that these natural language reasoning problems can be solved.
During the translation, please pay close attention to defining variables and rules.
Do not add any comments from you.
Be guided by the following example:
Example input text:
Textual context: A vehicle operates over a A param between 20 and 110 in a typical day.
A vehicle operates for a B param between 2 and 10 in a typical day.
A vehicle operates with C param between 0.2 and 5 in a typical day.
A vehicle remains D param between 1 and 5 in a typical day.
A vehicle spends E param between 1 and 5 in a typical day.
A vehicle makes between 20 and 300 F param in a typical day.
A vehicle makes between 20 and 250 G param in a typical day.

Example Python3 code:
# A vehicle operates over a A param between 20 and 110 in a typical day.
def r1(a: float) -> bool:
    return 20 <= a <= 110

# A vehicle operates for a B param between 2 and 10 in a typical day.
def r2(b: float) -> bool:
    return 2 <= b <= 10

# A vehicle operates with C param between 0.2 and 5 in a typical day.
def r3(c: float) -> bool:
    return 0.2 <= c <= 5

# A vehicle remains D param between 1 and 5 in a typical day.
def r4(d: float) -> bool:
    return 1 <= d <= 5

# A vehicle spends E param between 1 and 5 in a typical day.
def r5(e: float) -> bool:
    return 1 <= e <= 5

# A vehicle makes between 20 and 300 F param in a typical day.
def r6(f: float) -> bool:
    return 20 <= f <= 300

# A vehicle makes between 20 and 250 G param in a typical day.
def r7(g: float) -> bool:
    return 20 <= g <= 250


Input text:
Textual context: The total operation duration must not be lower than the PTO operation time.
PTO-engaged stops cannot exceed the total number of stops.
The load carried by axle 1 must be smaller than or equal to the load on axle 2.
Axle 1's load cannot exceed Axle 3's load.
The payload cannot exceed the capacity of axle 3.
The total operation duration must always be greater than or equal to the combined time for PTO, idle, and driving.";"
```python
# Define functions to check each condition based on the given parameters
def r8(pto_duration: float, total_stops: int, axle1_load: float, axle2_load: float, axle3_load: float, payload: float, axle3_capacity: float) -> bool:
    # Condition 1: Total operation duration must not be lower than the PTO operation time
    if pto_duration < total_stops:
        return False
    
    # Condition 2: PTO-engaged stops cannot exceed the total number of stops
    if total_stops > pto_duration:
        return False
    
    # Condition 3: Load carried by axle 1 must be smaller than or equal to the load on axle 2
    if axle1_load > axle2_load:
        return False
    
    # Condition 4: Axle 1's load cannot exceed Axle 3's load
    if axle1_load > axle3_load:
        return False
    
    # Condition 5: Payload cannot exceed the capacity of axle 3
    if payload > axle3_capacity:
        return False
    
    # Condition 6: Total operation duration must always be greater than or equal to the combined time for PTO, idle, and driving
    if pto_duration + 0.5 + 0.5 < (total_stops * 0.5):
        return False
    
    return True
```"
"System Message:
You are a logician with a background in mathematics that translates natural language
reasoning text to Python3 code so that these natural language reasoning problems can be solved.
During the translation, please pay close attention to defining variables and rules.
Do not add any comments from you.
Be guided by the following example:
Example input text:
Textual context: A vehicle operates over a A param between 20 and 110 in a typical day.
A vehicle operates for a B param between 2 and 10 in a typical day.
A vehicle operates with C param between 0.2 and 5 in a typical day.
A vehicle remains D param between 1 and 5 in a typical day.
A vehicle spends E param between 1 and 5 in a typical day.
A vehicle makes between 20 and 300 F param in a typical day.
A vehicle makes between 20 and 250 G param in a typical day.

Example Python3 code:
# A vehicle operates over a A param between 20 and 110 in a typical day.
def r1(a: float) -> bool:
    return 20 <= a <= 110

# A vehicle operates for a B param between 2 and 10 in a typical day.
def r2(b: float) -> bool:
    return 2 <= b <= 10

# A vehicle operates with C param between 0.2 and 5 in a typical day.
def r3(c: float) -> bool:
    return 0.2 <= c <= 5

# A vehicle remains D param between 1 and 5 in a typical day.
def r4(d: float) -> bool:
    return 1 <= d <= 5

# A vehicle spends E param between 1 and 5 in a typical day.
def r5(e: float) -> bool:
    return 1 <= e <= 5

# A vehicle makes between 20 and 300 F param in a typical day.
def r6(f: float) -> bool:
    return 20 <= f <= 300

# A vehicle makes between 20 and 250 G param in a typical day.
def r7(g: float) -> bool:
    return 20 <= g <= 250


Input text:
Textual context: The total operation duration must not be lower than the PTO operation time.
The total operation duration must not be lower than the idle time.
The total stop count must not be lower than the count of stops where PTO is engaged.
Payload must remain below or equal to the load carried by axle 2.
The payload cannot exceed the capacity of axle 3.
The total operation duration must always be greater than or equal to the combined time for PTO, idle, and driving.";"
```python
# Define functions to check each condition based on the given parameters
def r8(p_to_duration: float, idle_time: float, driving_time: float) -> bool:
    return p_to_duration + idle_time + driving_time >= max(p_to_duration, idle_time, driving_time)

# Define functions to check each condition based on the given parameters
def r9(payload: float, axle_2_load: float) -> bool:
    return payload <= axle_2_load

# Define functions to check each condition based on the given parameters
def r10(payload: float, axle_3_capacity: float) -> bool:
    return payload <= axle_3_capacity

# Define functions to check each condition based on the given parameters
def r11(total_operation_duration: float, p_to_duration: float, idle_time: float, driving_time: float) -> bool:
    return total_operation_duration >= max(p_to_duration, idle_time, driving_time)
```"
"System Message:
You are a logician with a background in mathematics that translates natural language
reasoning text to Python3 code so that these natural language reasoning problems can be solved.
During the translation, please pay close attention to defining variables and rules.
Do not add any comments from you.
Be guided by the following example:
Example input text:
Textual context: A vehicle operates over a A param between 20 and 110 in a typical day.
A vehicle operates for a B param between 2 and 10 in a typical day.
A vehicle operates with C param between 0.2 and 5 in a typical day.
A vehicle remains D param between 1 and 5 in a typical day.
A vehicle spends E param between 1 and 5 in a typical day.
A vehicle makes between 20 and 300 F param in a typical day.
A vehicle makes between 20 and 250 G param in a typical day.
A vehicle operates at H param between 0 and 80 in a typical day.

Example Python3 code:
# A vehicle operates over a A param between 20 and 110 in a typical day.
def r1(a: float) -> bool:
    return 20 <= a <= 110

# A vehicle operates for a B param between 2 and 10 in a typical day.
def r2(b: float) -> bool:
    return 2 <= b <= 10

# A vehicle operates with C param between 0.2 and 5 in a typical day.
def r3(c: float) -> bool:
    return 0.2 <= c <= 5

# A vehicle remains D param between 1 and 5 in a typical day.
def r4(d: float) -> bool:
    return 1 <= d <= 5

# A vehicle spends E param between 1 and 5 in a typical day.
def r5(e: float) -> bool:
    return 1 <= e <= 5

# A vehicle makes between 20 and 300 F param in a typical day.
def r6(f: float) -> bool:
    return 20 <= f <= 300

# A vehicle makes between 20 and 250 G param in a typical day.
def r7(g: float) -> bool:
    return 20 <= g <= 250

# A vehicle operates at H param between 0 and 80 in a typical day.
def r8(h: float) -> bool:
    return 0 <= h <= 80


Input text:
Textual context: PTO operation time should be less than or equal to the total operation time.
Idle time must always be less than or equal to the total operation time.
PTO-engaged stops cannot exceed the total number of stops.
Axle 1's load cannot exceed Axle 2's load.
The load carried by axle 1 must be smaller than or equal to the load on axle 3.
The payload must not exceed the load carried by axle 2.
Axle 3's load must always be equal to or greater than the payload.
Total operation time should be at least the sum of PTO, idle, and driving times.";"
```python
# Total operation time should be at least the sum of PTO, idle, and driving times.
def r9(total_time: float, pto_time: float, idle_time: float, driving_time: float) -> bool:
    return total_time >= pto_time + idle_time + driving_time
```"
"System Message:
You are a logician with a background in mathematics that translates natural language
reasoning text to Python3 code so that these natural language reasoning problems can be solved.
During the translation, please pay close attention to defining variables and rules.
Do not add any comments from you.
Be guided by the following example:
Example input text:
Textual context: A vehicle operates over a A param between 20 and 110 in a typical day.
A vehicle operates for a B param between 2 and 10 in a typical day.
A vehicle operates with C param between 0.2 and 5 in a typical day.
A vehicle remains D param between 1 and 5 in a typical day.
A vehicle spends E param between 1 and 5 in a typical day.
A vehicle makes between 20 and 300 F param in a typical day.
A vehicle makes between 20 and 250 G param in a typical day.
A vehicle operates at H param between 0 and 80 in a typical day.

Example Python3 code:
# A vehicle operates over a A param between 20 and 110 in a typical day.
def r1(a: float) -> bool:
    return 20 <= a <= 110

# A vehicle operates for a B param between 2 and 10 in a typical day.
def r2(b: float) -> bool:
    return 2 <= b <= 10

# A vehicle operates with C param between 0.2 and 5 in a typical day.
def r3(c: float) -> bool:
    return 0.2 <= c <= 5

# A vehicle remains D param between 1 and 5 in a typical day.
def r4(d: float) -> bool:
    return 1 <= d <= 5

# A vehicle spends E param between 1 and 5 in a typical day.
def r5(e: float) -> bool:
    return 1 <= e <= 5

# A vehicle makes between 20 and 300 F param in a typical day.
def r6(f: float) -> bool:
    return 20 <= f <= 300

# A vehicle makes between 20 and 250 G param in a typical day.
def r7(g: float) -> bool:
    return 20 <= g <= 250

# A vehicle operates at H param between 0 and 80 in a typical day.
def r8(h: float) -> bool:
    return 0 <= h <= 80


Input text:
Textual context: The total operation duration must not be lower than the PTO operation time.
Total operation time shouldn’t be lower than idle time.
The number of stops where PTO is engaged must not exceed the overall stop count.
The weight on axle 1 cannot surpass the weight on axle 2.
The load supported by axle 1 cannot exceed that of axle 3.
The payload cannot exceed the capacity of axle 2.
The payload cannot exceed the capacity of axle 3.";"
```python
# Define functions to check each condition based on the given parameters
def r9(p: float) -> bool:
    # Total operation duration must not be lower than the PTO operation time
    return p >= 0

def r10(p: float) -> bool:
    # Total operation time shouldn't be lower than idle time
    return p >= 0

def r11(p: int) -> bool:
    # The number of stops where PTO is engaged must not exceed the overall stop count
    return p <= 0

def r12(w1: float, w2: float) -> bool:
    # The weight on axle 1 cannot surpass the weight on axle 2
    return w1 <= w2

def r13(l1: float, l2: float) -> bool:
    # The load supported by axle 1 cannot exceed that of axle 3
    return l1 <= l2

def r14(p1: float, p2: float) -> bool:
    # The payload cannot exceed the capacity of axle 2
    return p1 <= p2

def r15(p1: float, p2: float) -> bool:
    # The payload cannot exceed the capacity of axle 3
    return p1 <= p2
```"
"System Message:
You are a logician with a background in mathematics that translates natural language
reasoning text to Python3 code so that these natural language reasoning problems can be solved.
During the translation, please pay close attention to defining variables and rules.
Do not add any comments from you.
Be guided by the following example:
Example input text:
Textual context: A vehicle operates over a A param between 20 and 110 in a typical day.
A vehicle operates for a B param between 2 and 10 in a typical day.
A vehicle operates with C param between 0.2 and 5 in a typical day.
A vehicle remains D param between 1 and 5 in a typical day.
A vehicle spends E param between 1 and 5 in a typical day.
A vehicle makes between 20 and 300 F param in a typical day.
A vehicle makes between 20 and 250 G param in a typical day.
A vehicle operates at H param between 0 and 80 in a typical day.

Example Python3 code:
# A vehicle operates over a A param between 20 and 110 in a typical day.
def r1(a: float) -> bool:
    return 20 <= a <= 110

# A vehicle operates for a B param between 2 and 10 in a typical day.
def r2(b: float) -> bool:
    return 2 <= b <= 10

# A vehicle operates with C param between 0.2 and 5 in a typical day.
def r3(c: float) -> bool:
    return 0.2 <= c <= 5

# A vehicle remains D param between 1 and 5 in a typical day.
def r4(d: float) -> bool:
    return 1 <= d <= 5

# A vehicle spends E param between 1 and 5 in a typical day.
def r5(e: float) -> bool:
    return 1 <= e <= 5

# A vehicle makes between 20 and 300 F param in a typical day.
def r6(f: float) -> bool:
    return 20 <= f <= 300

# A vehicle makes between 20 and 250 G param in a typical day.
def r7(g: float) -> bool:
    return 20 <= g <= 250

# A vehicle operates at H param between 0 and 80 in a typical day.
def r8(h: float) -> bool:
    return 0 <= h <= 80


Input text:
Textual context: Total operation time shouldn’t be lower than idle time.
Driving time should be less than or equal to the total operation time.
The load supported by axle 1 cannot exceed that of axle 3.
The payload must not exceed the load carried by axle 2.
The payload must not exceed the load carried by axle 3.
Total operation time must be greater than or equal to the sum of PTO operation, idle, and driving times.";"
```python
# Total operation time shouldn't be lower than idle time.
def r9(tot_op_time: float, idle_time: float) -> bool:
    return tot_op_time >= idle_time

# Driving time should be less than or equal to the total operation time.
def r10(driving_time: float, tot_op_time: float) -> bool:
    return driving_time <= tot_op_time

# The load supported by axle 1 cannot exceed that of axle 3.
def r11(axle1_load: float, axle3_load: float) -> bool:
    return axle1_load <= axle3_load

# The payload must not exceed the load carried by axle 2.
def r12(axle2_load: float, axle2_load: float) -> bool:
    return axle2_load <= axle2_load

# The payload must not exceed the load carried by axle 3.
def r13(axle3_load: float, axle3_load: float) -> bool:
    return axle3_load <= axle3_load

# Total operation time must be greater than or equal to the sum of PTO operation, idle, and driving times.
def r14(pto_time: float, idle_time: float, driving_time: float) -> bool:
    return tot_op_time >= pto_time + idle_time + driving_time
```"
"System Message:
You are a logician with a background in mathematics that translates natural language
reasoning text to Python3 code so that these natural language reasoning problems can be solved.
During the translation, please pay close attention to defining variables and rules.
Do not add any comments from you.
Be guided by the following example:
Example input text:
Textual context: A vehicle operates over a A param between 20 and 110 in a typical day.
A vehicle operates for a B param between 2 and 10 in a typical day.
A vehicle operates with C param between 0.2 and 5 in a typical day.
A vehicle remains D param between 1 and 5 in a typical day.
A vehicle spends E param between 1 and 5 in a typical day.
A vehicle makes between 20 and 300 F param in a typical day.
A vehicle makes between 20 and 250 G param in a typical day.
A vehicle operates at H param between 0 and 80 in a typical day.

Example Python3 code:
# A vehicle operates over a A param between 20 and 110 in a typical day.
def r1(a: float) -> bool:
    return 20 <= a <= 110

# A vehicle operates for a B param between 2 and 10 in a typical day.
def r2(b: float) -> bool:
    return 2 <= b <= 10

# A vehicle operates with C param between 0.2 and 5 in a typical day.
def r3(c: float) -> bool:
    return 0.2 <= c <= 5

# A vehicle remains D param between 1 and 5 in a typical day.
def r4(d: float) -> bool:
    return 1 <= d <= 5

# A vehicle spends E param between 1 and 5 in a typical day.
def r5(e: float) -> bool:
    return 1 <= e <= 5

# A vehicle makes between 20 and 300 F param in a typical day.
def r6(f: float) -> bool:
    return 20 <= f <= 300

# A vehicle makes between 20 and 250 G param in a typical day.
def r7(g: float) -> bool:
    return 20 <= g <= 250

# A vehicle operates at H param between 0 and 80 in a typical day.
def r8(h: float) -> bool:
    return 0 <= h <= 80


Input text:
Textual context: Total operation time shouldn’t be lower than PTO operation time.
Idle time cannot be greater than the total operation time.
Driving time should be less than or equal to the total operation time.
The load carried by axle 1 must be smaller than or equal to the load on axle 3.
Payload must remain below or equal to the load carried by axle 2.
Total operation time should be at least the sum of PTO, idle, and driving times.";"
```python
# Total operation time shouldn't be lower than PTO operation time.
def r9(pto_time: float) -> bool:
    return pto_time >= 0

# Idle time cannot be greater than the total operation time.
def r10(total_time: float) -> bool:
    return total_time - pto_time >= 0

# Driving time should be less than or equal to the total operation time.
def r11(total_time: float) -> bool:
    return total_time - pto_time - (total_time - pto_time) >= 0

# The load carried by axle 1 must be smaller than or equal to the load on axle 3.
def r12(axle1_load: float, axle3_load: float) -> bool:
    return axle1_load <= axle3_load

# Payload must remain below or equal to the load carried by axle 2.
def r13(axle2_load: float, payload: float) -> bool:
    return payload <= axle2_load

# Total operation time should be at least the sum of PTO, idle, and driving times.
def r14(pto_time: float, idle_time: float, driving_time: float) -> bool:
    return total_time >= pto_time + idle_time + driving_time
```"
"System Message:
You are a logician with a background in mathematics that translates natural language
reasoning text to Python3 code so that these natural language reasoning problems can be solved.
During the translation, please pay close attention to defining variables and rules.
Do not add any comments from you.
Be guided by the following example:
Example input text:
Textual context: A vehicle operates over a A param between 20 and 110 in a typical day.
A vehicle operates for a B param between 2 and 10 in a typical day.
A vehicle operates with C param between 0.2 and 5 in a typical day.
A vehicle remains D param between 1 and 5 in a typical day.
A vehicle spends E param between 1 and 5 in a typical day.
A vehicle makes between 20 and 300 F param in a typical day.
A vehicle makes between 20 and 250 G param in a typical day.

Example Python3 code:
# A vehicle operates over a A param between 20 and 110 in a typical day.
def r1(a: float) -> bool:
    return 20 <= a <= 110

# A vehicle operates for a B param between 2 and 10 in a typical day.
def r2(b: float) -> bool:
    return 2 <= b <= 10

# A vehicle operates with C param between 0.2 and 5 in a typical day.
def r3(c: float) -> bool:
    return 0.2 <= c <= 5

# A vehicle remains D param between 1 and 5 in a typical day.
def r4(d: float) -> bool:
    return 1 <= d <= 5

# A vehicle spends E param between 1 and 5 in a typical day.
def r5(e: float) -> bool:
    return 1 <= e <= 5

# A vehicle makes between 20 and 300 F param in a typical day.
def r6(f: float) -> bool:
    return 20 <= f <= 300

# A vehicle makes between 20 and 250 G param in a typical day.
def r7(g: float) -> bool:
    return 20 <= g <= 250


Input text:
Textual context: PTO operation time must be less than or equal to the total operation time.
Idle time should be less than or equal to the total operation time.
The total stop count must not be lower than the count of stops where PTO is engaged.
The weight on axle 1 cannot surpass the weight on axle 2.
Axle 2's load must always be equal to or greater than the payload.
Payload must remain below or equal to the load carried by axle 3.
Total operation time should be at least the sum of PTO, idle, and driving times.";"
```python
# PTO operation time must be less than or equal to the total operation time.
def r8(pto_time: float) -> bool:
    return pto_time <= total_operation_time

# Idle time should be less than or equal to the total operation time.
def r9(idle_time: float) -> bool:
    return idle_time <= total_operation_time

# The total stop count must not be lower than the count of stops where PTO is engaged.
def r10(total_stop_count: int, pto_stops: int) -> bool:
    return total_stop_count >= pto_stops

# The weight on axle 1 cannot surpass the weight on axle 2.
def r11(axle1_weight: float, axle2_weight: float) -> bool:
    return axle1_weight <= axle2_weight

# Axle 2's load must always be equal to or greater than the payload.
def r12(load_axle2: float, payload: float) -> bool:
    return load_axle2 >= payload

# Payload must remain below or equal to the load carried by axle 3.
def r13(payload: float, load_axle3: float) -> bool:
    return payload <= load_axle3

# Total operation time should be at least the sum of PTO, idle, and driving times.
def r14(pto_time: float, idle_time: float, driving_time: float) -> bool:
    return total_operation_time >= (pto_time + idle_time + driving_time)
```"
"System Message:
You are a logician with a background in mathematics that translates natural language
reasoning text to Python3 code so that these natural language reasoning problems can be solved.
During the translation, please pay close attention to defining variables and rules.
Do not add any comments from you.
Be guided by the following example:
Example input text:
Textual context: A vehicle operates over a A param between 20 and 110 in a typical day.
A vehicle operates for a B param between 2 and 10 in a typical day.
A vehicle operates with C param between 0.2 and 5 in a typical day.
A vehicle remains D param between 1 and 5 in a typical day.
A vehicle spends E param between 1 and 5 in a typical day.
A vehicle makes between 20 and 300 F param in a typical day.
A vehicle makes between 20 and 250 G param in a typical day.

Example Python3 code:
# A vehicle operates over a A param between 20 and 110 in a typical day.
def r1(a: float) -> bool:
    return 20 <= a <= 110

# A vehicle operates for a B param between 2 and 10 in a typical day.
def r2(b: float) -> bool:
    return 2 <= b <= 10

# A vehicle operates with C param between 0.2 and 5 in a typical day.
def r3(c: float) -> bool:
    return 0.2 <= c <= 5

# A vehicle remains D param between 1 and 5 in a typical day.
def r4(d: float) -> bool:
    return 1 <= d <= 5

# A vehicle spends E param between 1 and 5 in a typical day.
def r5(e: float) -> bool:
    return 1 <= e <= 5

# A vehicle makes between 20 and 300 F param in a typical day.
def r6(f: float) -> bool:
    return 20 <= f <= 300

# A vehicle makes between 20 and 250 G param in a typical day.
def r7(g: float) -> bool:
    return 20 <= g <= 250


Input text:
Textual context: Idle time should be less than or equal to the total operation time.
Driving time must always be less than or equal to the total operation time.
The total stop count must not be lower than the count of stops where PTO is engaged.
The weight on axle 1 cannot surpass the weight on axle 3.
The payload must not exceed the load carried by axle 2.
The payload must always be smaller than or equal to the load on axle 3.
The combined time for PTO operation, idle time, and driving time must not surpass the total operation time.";"
```python
# Define functions to check each condition based on the given parameters
def r8(pto_time: float, idle_time: float, driving_time: float) -> bool:
    return pto_time + idle_time + driving_time <= 1

def r9(idle_time: float, driving_time: float) -> bool:
    return idle_time <= driving_time

def r10(stop_count: int, pto_count: int) -> bool:
    return stop_count >= pto_count

def r11(axle1_weight: float, axle3_weight: float) -> bool:
    return axle1_weight <= axle3_weight

def r12(payload: float, axle2_load: float) -> bool:
    return payload <= axle2_load

def r13(payload: float, axle3_load: float) -> bool:
    return payload <= axle3_load

def r14(pto_time: float, idle_time: float, driving_time: float) -> bool:
    return pto_time + idle_time + driving_time <= 1
```

These functions `r8`, `r9`, `r10`, `r11`, `r12`, `r13`, and `r14` correspond to the conditions provided in the input text and are used to validate the system's behavior based on the given parameters."
"System Message:
You are a logician with a background in mathematics that translates natural language
reasoning text to Python3 code so that these natural language reasoning problems can be solved.
During the translation, please pay close attention to defining variables and rules.
Do not add any comments from you.
Be guided by the following example:
Example input text:
Textual context: A vehicle operates over a A param between 20 and 110 in a typical day.
A vehicle operates for a B param between 2 and 10 in a typical day.
A vehicle operates with C param between 0.2 and 5 in a typical day.
A vehicle remains D param between 1 and 5 in a typical day.
A vehicle spends E param between 1 and 5 in a typical day.
A vehicle makes between 20 and 300 F param in a typical day.
A vehicle makes between 20 and 250 G param in a typical day.

Example Python3 code:
# A vehicle operates over a A param between 20 and 110 in a typical day.
def r1(a: float) -> bool:
    return 20 <= a <= 110

# A vehicle operates for a B param between 2 and 10 in a typical day.
def r2(b: float) -> bool:
    return 2 <= b <= 10

# A vehicle operates with C param between 0.2 and 5 in a typical day.
def r3(c: float) -> bool:
    return 0.2 <= c <= 5

# A vehicle remains D param between 1 and 5 in a typical day.
def r4(d: float) -> bool:
    return 1 <= d <= 5

# A vehicle spends E param between 1 and 5 in a typical day.
def r5(e: float) -> bool:
    return 1 <= e <= 5

# A vehicle makes between 20 and 300 F param in a typical day.
def r6(f: float) -> bool:
    return 20 <= f <= 300

# A vehicle makes between 20 and 250 G param in a typical day.
def r7(g: float) -> bool:
    return 20 <= g <= 250


Input text:
Textual context: PTO operation time should be less than or equal to the total operation time.
Total operation time shouldn’t be lower than idle time.
Total operation time should shouldn’t be lower than driving time.
The load carried by axle 1 must be smaller than or equal to the load on axle 2.
The load supported by axle 1 cannot exceed that of axle 3.
Axle 3's load must always be equal to or greater than the payload.";"
```python
# PTO operation time should be less than or equal to the total operation time.
def r8(pto_time: float, total_time: float) -> bool:
    return pto_time <= total_time

# Total operation time shouldn't be lower than idle time.
def r9(total_time: float, idle_time: float) -> bool:
    return total_time >= idle_time

# Total operation time should shouldn't be lower than driving time.
def r10(total_time: float, driving_time: float) -> bool:
    return total_time >= driving_time

# The load carried by axle 1 must be smaller than or equal to the load on axle 2.
def r11(axle1_load: float, axle2_load: float) -> bool:
    return axle1_load <= axle2_load

# The load supported by axle 1 cannot exceed that of axle 3.
def r12(axle1_load: float, axle3_load: float) -> bool:
    return axle1_load <= axle3_load

# Axle 3's load must always be equal to or greater than the payload.
def r13(axle3_load: float, payload: float) -> bool:
    return axle3_load >= payload
```"
"System Message:
You are a logician with a background in mathematics that translates natural language
reasoning text to Python3 code so that these natural language reasoning problems can be solved.
During the translation, please pay close attention to defining variables and rules.
Do not add any comments from you.
Be guided by the following example:
Example input text:
Textual context: A vehicle operates over a A param between 20 and 110 in a typical day.
A vehicle operates for a B param between 2 and 10 in a typical day.
A vehicle operates with C param between 0.2 and 5 in a typical day.
A vehicle remains D param between 1 and 5 in a typical day.
A vehicle spends E param between 1 and 5 in a typical day.
A vehicle makes between 20 and 300 F param in a typical day.
A vehicle makes between 20 and 250 G param in a typical day.

Example Python3 code:
# A vehicle operates over a A param between 20 and 110 in a typical day.
def r1(a: float) -> bool:
    return 20 <= a <= 110

# A vehicle operates for a B param between 2 and 10 in a typical day.
def r2(b: float) -> bool:
    return 2 <= b <= 10

# A vehicle operates with C param between 0.2 and 5 in a typical day.
def r3(c: float) -> bool:
    return 0.2 <= c <= 5

# A vehicle remains D param between 1 and 5 in a typical day.
def r4(d: float) -> bool:
    return 1 <= d <= 5

# A vehicle spends E param between 1 and 5 in a typical day.
def r5(e: float) -> bool:
    return 1 <= e <= 5

# A vehicle makes between 20 and 300 F param in a typical day.
def r6(f: float) -> bool:
    return 20 <= f <= 300

# A vehicle makes between 20 and 250 G param in a typical day.
def r7(g: float) -> bool:
    return 20 <= g <= 250


Input text:
Textual context: Total operation time shouldn’t be lower than PTO operation time.
Idle time cannot be greater than the total operation time.
Total operation time should shouldn’t be lower than driving time.
PTO-engaged stops cannot exceed the total number of stops.
The payload must always be smaller than or equal to the load on axle 3.
The combined time for PTO operation, idle time, and driving time must not surpass the total operation time.";"
```python
# Total operation time shouldn't be lower than PTO operation time.
def r8(pto_time: float) -> bool:
    return pto_time >= 0

# Idle time cannot be greater than the total operation time.
def r9(idle_time: float) -> bool:
    return idle_time <= 0

# Total operation time should shouldn't be lower than driving time.
def r10(driving_time: float) -> bool:
    return driving_time >= 0

# PTO-engaged stops cannot exceed the total number of stops.
def r11(total_stops: int) -> bool:
    return total_stops >= 0

# The payload must always be smaller than or equal to the load on axle 3.
def r12(payload: float) -> bool:
    return payload <= 0

# The combined time for PTO operation, idle time, and driving time must not surpass the total operation time.
def r13(pto_time: float, idle_time: float, driving_time: float) -> bool:
    return pto_time + idle_time + driving_time <= 0
```"
"System Message:
You are a logician with a background in mathematics that translates natural language
reasoning text to Python3 code so that these natural language reasoning problems can be solved.
During the translation, please pay close attention to defining variables and rules.
Do not add any comments from you.
Be guided by the following example:
Example input text:
Textual context: A vehicle operates over a A param between 20 and 110 in a typical day.
A vehicle operates for a B param between 2 and 10 in a typical day.
A vehicle operates with C param between 0.2 and 5 in a typical day.
A vehicle remains D param between 1 and 5 in a typical day.
A vehicle spends E param between 1 and 5 in a typical day.
A vehicle makes between 20 and 300 F param in a typical day.
A vehicle makes between 20 and 250 G param in a typical day.

Example Python3 code:
# A vehicle operates over a A param between 20 and 110 in a typical day.
def r1(a: float) -> bool:
    return 20 <= a <= 110

# A vehicle operates for a B param between 2 and 10 in a typical day.
def r2(b: float) -> bool:
    return 2 <= b <= 10

# A vehicle operates with C param between 0.2 and 5 in a typical day.
def r3(c: float) -> bool:
    return 0.2 <= c <= 5

# A vehicle remains D param between 1 and 5 in a typical day.
def r4(d: float) -> bool:
    return 1 <= d <= 5

# A vehicle spends E param between 1 and 5 in a typical day.
def r5(e: float) -> bool:
    return 1 <= e <= 5

# A vehicle makes between 20 and 300 F param in a typical day.
def r6(f: float) -> bool:
    return 20 <= f <= 300

# A vehicle makes between 20 and 250 G param in a typical day.
def r7(g: float) -> bool:
    return 20 <= g <= 250


Input text:
Textual context: PTO operation time must be less than or equal to the total operation time.
Idle time must always be less than or equal to the total operation time.
Driving time should be less than or equal to the total operation time.
Stops with PTO engaged should never outnumber total stops.
Axle 2's load must always be equal to or greater than the payload.
The total operation duration must always be greater than or equal to the combined time for PTO, idle, and driving.";"
```python
# PTO operation time must be less than or equal to the total operation time.
def r8(pto_time: float) -> bool:
    return pto_time <= total_operation_time

# Idle time must always be less than or equal to the total operation time.
def r9(idle_time: float) -> bool:
    return idle_time <= total_operation_time

# Driving time should be less than or equal to the total operation time.
def r10(driving_time: float) -> bool:
    return driving_time <= total_operation_time

# Stops with PTO engaged should never outnumber total stops.
def r11(pto_stops: int) -> bool:
    return pto_stops <= total_stops

# Axle 2's load must always be equal to or greater than the payload.
def r12(axle_2_load: float) -> bool:
    return axle_2_load >= payload

# The total operation duration must always be greater than or equal to the combined time for PTO, idle, and driving.
def r13(total_duration: float) -> bool:
    return total_duration >= (pto_time + idle_time + driving_time)
```"
"System Message:
You are a logician with a background in mathematics that translates natural language
reasoning text to Python3 code so that these natural language reasoning problems can be solved.
During the translation, please pay close attention to defining variables and rules.
Do not add any comments from you.
Be guided by the following example:
Example input text:
Textual context: A vehicle operates over a A param between 20 and 110 in a typical day.
A vehicle operates for a B param between 2 and 10 in a typical day.
A vehicle operates with C param between 0.2 and 5 in a typical day.
A vehicle remains D param between 1 and 5 in a typical day.
A vehicle spends E param between 1 and 5 in a typical day.
A vehicle makes between 20 and 300 F param in a typical day.
A vehicle makes between 20 and 250 G param in a typical day.
A vehicle operates at H param between 0 and 80 in a typical day.

Example Python3 code:
# A vehicle operates over a A param between 20 and 110 in a typical day.
def r1(a: float) -> bool:
    return 20 <= a <= 110

# A vehicle operates for a B param between 2 and 10 in a typical day.
def r2(b: float) -> bool:
    return 2 <= b <= 10

# A vehicle operates with C param between 0.2 and 5 in a typical day.
def r3(c: float) -> bool:
    return 0.2 <= c <= 5

# A vehicle remains D param between 1 and 5 in a typical day.
def r4(d: float) -> bool:
    return 1 <= d <= 5

# A vehicle spends E param between 1 and 5 in a typical day.
def r5(e: float) -> bool:
    return 1 <= e <= 5

# A vehicle makes between 20 and 300 F param in a typical day.
def r6(f: float) -> bool:
    return 20 <= f <= 300

# A vehicle makes between 20 and 250 G param in a typical day.
def r7(g: float) -> bool:
    return 20 <= g <= 250

# A vehicle operates at H param between 0 and 80 in a typical day.
def r8(h: float) -> bool:
    return 0 <= h <= 80


Input text:
Textual context: PTO operation time cannot be greater than the total operation time.
Idle time should be less than or equal to the total operation time.
Driving time cannot be greater than the total operation time.
PTO-engaged stops cannot exceed the total number of stops.
The weight on axle 1 cannot surpass the weight on axle 2.
The load on axle 1 must not surpass the load on axle 3.
The payload cannot exceed the capacity of axle 3.
The combined time for PTO operation, idle time, and driving time must not surpass the total operation time.";"
```python
# Define functions to check each condition based on the given parameters
def r9(pto_time: float, total_time: float) -> bool:
    return pto_time <= total_time

def r10(idle_time: float, total_time: float) -> bool:
    return idle_time <= total_time

def r11(driving_time: float, total_time: float) -> bool:
    return driving_time <= total_time

def r12(pto_stops: int, total_stops: int) -> bool:
    return pto_stops <= total_stops

def r13(weight_axle_1: float, weight_axle_2: float) -> bool:
    return weight_axle_1 <= weight_axle_2

def r14(load_axle_1: float, load_axle_3: float) -> bool:
    return load_axle_1 <= load_axle_3

def r15(payload: float, capacity_axle_3: float) -> bool:
    return payload <= capacity_axle_3

def r16(pto_time: float, idle_time: float, driving_time: float, total_time: float) -> bool:
    return pto_time + idle_time + driving_time <= total_time
```"
"System Message:
You are a logician with a background in mathematics that translates natural language
reasoning text to Python3 code so that these natural language reasoning problems can be solved.
During the translation, please pay close attention to defining variables and rules.
Do not add any comments from you.
Be guided by the following example:
Example input text:
Textual context: A vehicle operates over a A param between 20 and 110 in a typical day.
A vehicle operates for a B param between 2 and 10 in a typical day.
A vehicle operates with C param between 0.2 and 5 in a typical day.
A vehicle remains D param between 1 and 5 in a typical day.
A vehicle spends E param between 1 and 5 in a typical day.
A vehicle makes between 20 and 300 F param in a typical day.
A vehicle makes between 20 and 250 G param in a typical day.
A vehicle operates at H param between 0 and 80 in a typical day.

Example Python3 code:
# A vehicle operates over a A param between 20 and 110 in a typical day.
def r1(a: float) -> bool:
    return 20 <= a <= 110

# A vehicle operates for a B param between 2 and 10 in a typical day.
def r2(b: float) -> bool:
    return 2 <= b <= 10

# A vehicle operates with C param between 0.2 and 5 in a typical day.
def r3(c: float) -> bool:
    return 0.2 <= c <= 5

# A vehicle remains D param between 1 and 5 in a typical day.
def r4(d: float) -> bool:
    return 1 <= d <= 5

# A vehicle spends E param between 1 and 5 in a typical day.
def r5(e: float) -> bool:
    return 1 <= e <= 5

# A vehicle makes between 20 and 300 F param in a typical day.
def r6(f: float) -> bool:
    return 20 <= f <= 300

# A vehicle makes between 20 and 250 G param in a typical day.
def r7(g: float) -> bool:
    return 20 <= g <= 250

# A vehicle operates at H param between 0 and 80 in a typical day.
def r8(h: float) -> bool:
    return 0 <= h <= 80


Input text:
Textual context: Idle time cannot be greater than the total operation time.
Driving time must always be less than or equal to the total operation time.
The load supported by axle 1 cannot exceed that of axle 2.
The load supported by axle 1 cannot exceed that of axle 3.
The payload must not exceed the load carried by axle 2.
The payload must not exceed the load carried by axle 3.
The total operation duration must always be greater than or equal to the combined time for PTO, idle, and driving.";"
```python
# Define functions to check each condition based on the given parameters
def r9(p: float) -> bool:
    # Total operation time is the sum of PTO, idle, and driving times
    total_time = p + r10() + r11()
    # Idle time cannot be greater than the total operation time
    return r10() <= total_time

def r10() -> float:
    # Driving time must always be less than or equal to the total operation time
    return r11()

def r11() -> float:
    # The total operation duration must always be greater than or equal to the combined time for PTO, idle, and driving
    return r12() + r13() + r14()

def r12() -> float:
    # Load supported by axle 1 cannot exceed that of axle 2
    return r15() <= r16()

def r13() -> float:
    # Load supported by axle 1 cannot exceed that of axle 3
    return r15() <= r17()

def r14() -> float:
    # Payload must not exceed the load carried by axle 2
    return r18() <= r16()

def r15() -> float:
    # Payload must not exceed the load carried by axle 3
    return r18() <= r17()

def r16() -> float:
    # Load supported by axle 1 cannot exceed that of axle 2
    return r15()

def r17() -> float:
    # Load supported by axle 1 cannot exceed that of axle 3
    return r15()

def r18() -> float:
    # Payload must not exceed the load carried by axle 2
    return r18()
```"
"System Message:
You are a logician with a background in mathematics that translates natural language
reasoning text to Python3 code so that these natural language reasoning problems can be solved.
During the translation, please pay close attention to defining variables and rules.
Do not add any comments from you.
Be guided by the following example:
Example input text:
Textual context: A vehicle operates over a A param between 20 and 110 in a typical day.
A vehicle operates for a B param between 2 and 10 in a typical day.
A vehicle operates with C param between 0.2 and 5 in a typical day.
A vehicle remains D param between 1 and 5 in a typical day.
A vehicle spends E param between 1 and 5 in a typical day.
A vehicle makes between 20 and 300 F param in a typical day.
A vehicle makes between 20 and 250 G param in a typical day.
A vehicle operates at H param between 0 and 80 in a typical day.

Example Python3 code:
# A vehicle operates over a A param between 20 and 110 in a typical day.
def r1(a: float) -> bool:
    return 20 <= a <= 110

# A vehicle operates for a B param between 2 and 10 in a typical day.
def r2(b: float) -> bool:
    return 2 <= b <= 10

# A vehicle operates with C param between 0.2 and 5 in a typical day.
def r3(c: float) -> bool:
    return 0.2 <= c <= 5

# A vehicle remains D param between 1 and 5 in a typical day.
def r4(d: float) -> bool:
    return 1 <= d <= 5

# A vehicle spends E param between 1 and 5 in a typical day.
def r5(e: float) -> bool:
    return 1 <= e <= 5

# A vehicle makes between 20 and 300 F param in a typical day.
def r6(f: float) -> bool:
    return 20 <= f <= 300

# A vehicle makes between 20 and 250 G param in a typical day.
def r7(g: float) -> bool:
    return 20 <= g <= 250

# A vehicle operates at H param between 0 and 80 in a typical day.
def r8(h: float) -> bool:
    return 0 <= h <= 80


Input text:
Textual context: Driving time must always be less than or equal to the total operation time.
Stops with PTO engaged cannot outnumber the total stops.
The weight on axle 1 cannot surpass the weight on axle 2.
The load on axle 1 must not surpass the load on axle 3.
Axle 2's load must always be equal to or greater than the payload.
The combined time for PTO operation, idle time, and driving time must not surpass the total operation time.";"
```python
# Driving time must always be less than or equal to the total operation time.
def r9(tot_op_time: float) -> bool:
    return tot_op_time >= driving_time

# Stops with PTO engaged cannot outnumber the total stops.
def r10(pto_stops: int, total_stops: int) -> bool:
    return pto_stops <= total_stops

# The weight on axle 1 cannot surpass the weight on axle 2.
def r11(axle1_weight: float, axle2_weight: float) -> bool:
    return axle1_weight <= axle2_weight

# The load on axle 1 must not surpass the load on axle 3.
def r12(axle1_load: float, axle3_load: float) -> bool:
    return axle1_load <= axle3_load

# Axle 2's load must always be equal to or greater than the payload.
def r13(payload: float, axle2_load: float) -> bool:
    return axle2_load >= payload

# The combined time for PTO operation, idle time, and driving time must not surpass the total operation time.
def r14(pto_time: float, idle_time: float, driving_time: float, tot_op_time: float) -> bool:
    return pto_time + idle_time + driving_time <= tot_op_time
```"
"System Message:
You are a logician with a background in mathematics that translates natural language
reasoning text to Python3 code so that these natural language reasoning problems can be solved.
During the translation, please pay close attention to defining variables and rules.
Do not add any comments from you.
Be guided by the following example:
Example input text:
Textual context: A vehicle operates over a A param between 20 and 110 in a typical day.
A vehicle operates for a B param between 2 and 10 in a typical day.
A vehicle operates with C param between 0.2 and 5 in a typical day.
A vehicle remains D param between 1 and 5 in a typical day.
A vehicle spends E param between 1 and 5 in a typical day.
A vehicle makes between 20 and 300 F param in a typical day.
A vehicle makes between 20 and 250 G param in a typical day.
A vehicle operates at H param between 0 and 80 in a typical day.

Example Python3 code:
# A vehicle operates over a A param between 20 and 110 in a typical day.
def r1(a: float) -> bool:
    return 20 <= a <= 110

# A vehicle operates for a B param between 2 and 10 in a typical day.
def r2(b: float) -> bool:
    return 2 <= b <= 10

# A vehicle operates with C param between 0.2 and 5 in a typical day.
def r3(c: float) -> bool:
    return 0.2 <= c <= 5

# A vehicle remains D param between 1 and 5 in a typical day.
def r4(d: float) -> bool:
    return 1 <= d <= 5

# A vehicle spends E param between 1 and 5 in a typical day.
def r5(e: float) -> bool:
    return 1 <= e <= 5

# A vehicle makes between 20 and 300 F param in a typical day.
def r6(f: float) -> bool:
    return 20 <= f <= 300

# A vehicle makes between 20 and 250 G param in a typical day.
def r7(g: float) -> bool:
    return 20 <= g <= 250

# A vehicle operates at H param between 0 and 80 in a typical day.
def r8(h: float) -> bool:
    return 0 <= h <= 80


Input text:
Textual context: The total operation duration must not be lower than the PTO operation time.
Idle time must always be less than or equal to the total operation time.
PTO-engaged stops cannot exceed the total number of stops.
The load supported by axle 1 cannot exceed that of axle 3.
The payload must always be smaller than or equal to the load on axle 2.
Axle 3's load must always be equal to or greater than the payload.";"
```python
# Define functions to check each condition based on the given parameters
def r9(p: float) -> bool:
    # Total operation duration must not be lower than the PTO operation time
    return p >= 10

def r10(i: float) -> bool:
    # Idle time must always be less than or equal to the total operation time
    return i <= p

def r11(s: int) -> bool:
    # PTO-engaged stops cannot exceed the total number of stops
    return s <= 10

def r12(l1: float) -> bool:
    # The load supported by axle 1 cannot exceed that of axle 3
    return l1 <= l3

def r13(l2: float) -> bool:
    # The payload must always be smaller than or equal to the load on axle 2
    return l2 <= l1

def r14(l3: float) -> bool:
    # Axle 3's load must always be equal to or greater than the payload
    return l3 >= l2
```"
"System Message:
You are a logician with a background in mathematics that translates natural language
reasoning text to Python3 code so that these natural language reasoning problems can be solved.
During the translation, please pay close attention to defining variables and rules.
Do not add any comments from you.
Be guided by the following example:
Example input text:
Textual context: A vehicle operates over a A param between 20 and 110 in a typical day.
A vehicle operates for a B param between 2 and 10 in a typical day.
A vehicle operates with C param between 0.2 and 5 in a typical day.
A vehicle remains D param between 1 and 5 in a typical day.
A vehicle spends E param between 1 and 5 in a typical day.
A vehicle makes between 20 and 300 F param in a typical day.
A vehicle makes between 20 and 250 G param in a typical day.

Example Python3 code:
# A vehicle operates over a A param between 20 and 110 in a typical day.
def r1(a: float) -> bool:
    return 20 <= a <= 110

# A vehicle operates for a B param between 2 and 10 in a typical day.
def r2(b: float) -> bool:
    return 2 <= b <= 10

# A vehicle operates with C param between 0.2 and 5 in a typical day.
def r3(c: float) -> bool:
    return 0.2 <= c <= 5

# A vehicle remains D param between 1 and 5 in a typical day.
def r4(d: float) -> bool:
    return 1 <= d <= 5

# A vehicle spends E param between 1 and 5 in a typical day.
def r5(e: float) -> bool:
    return 1 <= e <= 5

# A vehicle makes between 20 and 300 F param in a typical day.
def r6(f: float) -> bool:
    return 20 <= f <= 300

# A vehicle makes between 20 and 250 G param in a typical day.
def r7(g: float) -> bool:
    return 20 <= g <= 250


Input text:
Textual context: PTO operation time must be less than or equal to the total operation time.
Idle time should be less than or equal to the total operation time.
Driving time should be less than or equal to the total operation time.
PTO-engaged stops cannot exceed the total number of stops.
The weight on axle 1 cannot surpass the weight on axle 2.
The load carried by axle 1 must be smaller than or equal to the load on axle 3.
The payload must not exceed the load carried by axle 2.";"
```python
# PTO operation time must be less than or equal to the total operation time.
def r8(pto_time: float, total_time: float) -> bool:
    return pto_time <= total_time

# Idle time should be less than or equal to the total operation time.
def r9(idle_time: float, total_time: float) -> bool:
    return idle_time <= total_time

# Driving time should be less than or equal to the total operation time.
def r10(driving_time: float, total_time: float) -> bool:
    return driving_time <= total_time

# PTO-engaged stops cannot exceed the total number of stops.
def r11(pto_stops: int, total_stops: int) -> bool:
    return pto_stops <= total_stops

# The weight on axle 1 cannot surpass the weight on axle 2.
def r12(axle1_weight: float, axle2_weight: float) -> bool:
    return axle1_weight <= axle2_weight

# The load carried by axle 1 must be smaller than or equal to the load on axle 3.
def r13(axle1_load: float, axle3_load: float) -> bool:
    return axle1_load <= axle3_load

# The payload must not exceed the load carried by axle 2.
def r14(payload: float, axle2_load: float) -> bool:
    return payload <= axle2_load
```"
"System Message:
You are a logician with a background in mathematics that translates natural language
reasoning text to Python3 code so that these natural language reasoning problems can be solved.
During the translation, please pay close attention to defining variables and rules.
Do not add any comments from you.
Be guided by the following example:
Example input text:
Textual context: A vehicle operates over a A param between 20 and 110 in a typical day.
A vehicle operates for a B param between 2 and 10 in a typical day.
A vehicle operates with C param between 0.2 and 5 in a typical day.
A vehicle remains D param between 1 and 5 in a typical day.
A vehicle spends E param between 1 and 5 in a typical day.
A vehicle makes between 20 and 300 F param in a typical day.
A vehicle makes between 20 and 250 G param in a typical day.

Example Python3 code:
# A vehicle operates over a A param between 20 and 110 in a typical day.
def r1(a: float) -> bool:
    return 20 <= a <= 110

# A vehicle operates for a B param between 2 and 10 in a typical day.
def r2(b: float) -> bool:
    return 2 <= b <= 10

# A vehicle operates with C param between 0.2 and 5 in a typical day.
def r3(c: float) -> bool:
    return 0.2 <= c <= 5

# A vehicle remains D param between 1 and 5 in a typical day.
def r4(d: float) -> bool:
    return 1 <= d <= 5

# A vehicle spends E param between 1 and 5 in a typical day.
def r5(e: float) -> bool:
    return 1 <= e <= 5

# A vehicle makes between 20 and 300 F param in a typical day.
def r6(f: float) -> bool:
    return 20 <= f <= 300

# A vehicle makes between 20 and 250 G param in a typical day.
def r7(g: float) -> bool:
    return 20 <= g <= 250


Input text:
Textual context: PTO operation time must be less than or equal to the total operation time.
Idle time cannot be greater than the total operation time.
The total operation durationmust not be lower than the driving time.
The load on axle 1 must not surpass the load on axle 2.
The load on axle 1 must not surpass the load on axle 3.
Payload must remain below or equal to the load carried by axle 2.";"
```python
# PTO operation time must be less than or equal to the total operation time.
def r8(pto_time: float, total_time: float) -> bool:
    return pto_time <= total_time

# Idle time cannot be greater than the total operation time.
def r9(idle_time: float, total_time: float) -> bool:
    return idle_time <= total_time

# The total operation duration must not be lower than the driving time.
def r10(total_duration: float, driving_time: float) -> bool:
    return total_duration >= driving_time

# The load on axle 1 must not surpass the load on axle 2.
def r11(axle1_load: float, axle2_load: float) -> bool:
    return axle1_load <= axle2_load

# The load on axle 1 must not surpass the load on axle 3.
def r12(axle1_load: float, axle3_load: float) -> bool:
    return axle1_load <= axle3_load

# Payload must remain below or equal to the load carried by axle 2.
def r13(payload: float, axle2_load: float) -> bool:
    return payload <= axle2_load
```"
"System Message:
You are a logician with a background in mathematics that translates natural language
reasoning text to Python3 code so that these natural language reasoning problems can be solved.
During the translation, please pay close attention to defining variables and rules.
Do not add any comments from you.
Be guided by the following example:
Example input text:
Textual context: A vehicle operates over a A param between 20 and 110 in a typical day.
A vehicle operates for a B param between 2 and 10 in a typical day.
A vehicle operates with C param between 0.2 and 5 in a typical day.
A vehicle remains D param between 1 and 5 in a typical day.
A vehicle spends E param between 1 and 5 in a typical day.
A vehicle makes between 20 and 300 F param in a typical day.
A vehicle makes between 20 and 250 G param in a typical day.

Example Python3 code:
# A vehicle operates over a A param between 20 and 110 in a typical day.
def r1(a: float) -> bool:
    return 20 <= a <= 110

# A vehicle operates for a B param between 2 and 10 in a typical day.
def r2(b: float) -> bool:
    return 2 <= b <= 10

# A vehicle operates with C param between 0.2 and 5 in a typical day.
def r3(c: float) -> bool:
    return 0.2 <= c <= 5

# A vehicle remains D param between 1 and 5 in a typical day.
def r4(d: float) -> bool:
    return 1 <= d <= 5

# A vehicle spends E param between 1 and 5 in a typical day.
def r5(e: float) -> bool:
    return 1 <= e <= 5

# A vehicle makes between 20 and 300 F param in a typical day.
def r6(f: float) -> bool:
    return 20 <= f <= 300

# A vehicle makes between 20 and 250 G param in a typical day.
def r7(g: float) -> bool:
    return 20 <= g <= 250


Input text:
Textual context: PTO operation time cannot be greater than the total operation time.
Total operation time shouldn’t be lower than idle time.
Total operation time should shouldn’t be lower than driving time.
Stops with PTO engaged should never outnumber total stops.
Axle 1's load cannot exceed Axle 2's load.
The payload must always be smaller than or equal to the load on axle 2.
The payload must always be smaller than or equal to the load on axle 3.";"
```python
# PTO operation time cannot be greater than the total operation time.
def r8(pto_time: float, total_time: float) -> bool:
    return pto_time <= total_time

# Total operation time shouldn't be lower than idle time.
def r9(total_time: float, idle_time: float) -> bool:
    return total_time >= idle_time

# Total operation time should shouldn't be lower than driving time.
def r10(total_time: float, driving_time: float) -> bool:
    return total_time >= driving_time

# Stops with PTO engaged should never outnumber total stops.
def r11(pto_stops: int, total_stops: int) -> bool:
    return pto_stops <= total_stops

# Axle 1's load cannot exceed Axle 2's load.
def r12(axle1_load: float, axle2_load: float) -> bool:
    return axle1_load <= axle2_load

# The payload must always be smaller than or equal to the load on axle 2.
def r13(payload: float, axle2_load: float) -> bool:
    return payload <= axle2_load

# The payload must always be smaller than or equal to the load on axle 3.
def r14(payload: float, axle3_load: float) -> bool:
    return payload <= axle3_load
```"
"System Message:
You are a logician with a background in mathematics that translates natural language
reasoning text to Python3 code so that these natural language reasoning problems can be solved.
During the translation, please pay close attention to defining variables and rules.
Do not add any comments from you.
Be guided by the following example:
Example input text:
Textual context: A vehicle operates over a A param between 20 and 110 in a typical day.
A vehicle operates for a B param between 2 and 10 in a typical day.
A vehicle operates with C param between 0.2 and 5 in a typical day.
A vehicle remains D param between 1 and 5 in a typical day.
A vehicle spends E param between 1 and 5 in a typical day.
A vehicle makes between 20 and 300 F param in a typical day.
A vehicle makes between 20 and 250 G param in a typical day.

Example Python3 code:
# A vehicle operates over a A param between 20 and 110 in a typical day.
def r1(a: float) -> bool:
    return 20 <= a <= 110

# A vehicle operates for a B param between 2 and 10 in a typical day.
def r2(b: float) -> bool:
    return 2 <= b <= 10

# A vehicle operates with C param between 0.2 and 5 in a typical day.
def r3(c: float) -> bool:
    return 0.2 <= c <= 5

# A vehicle remains D param between 1 and 5 in a typical day.
def r4(d: float) -> bool:
    return 1 <= d <= 5

# A vehicle spends E param between 1 and 5 in a typical day.
def r5(e: float) -> bool:
    return 1 <= e <= 5

# A vehicle makes between 20 and 300 F param in a typical day.
def r6(f: float) -> bool:
    return 20 <= f <= 300

# A vehicle makes between 20 and 250 G param in a typical day.
def r7(g: float) -> bool:
    return 20 <= g <= 250


Input text:
Textual context: The total operation duration must not be lower than the idle time.
Driving time must always be less than or equal to the total operation time.
PTO-engaged stops cannot exceed the total number of stops.
Axle 1's load cannot exceed Axle 3's load.
Payload must remain below or equal to the load carried by axle 2.
Payload must remain below or equal to the load carried by axle 3.
Total operation time should be at least the sum of PTO, idle, and driving times.";"
```python
# Total operation duration must not be lower than the idle time.
def r8(total_operation_time: float, idle_time: float) -> bool:
    return total_operation_time >= idle_time

# Driving time must always be less than or equal to the total operation time.
def r9(driving_time: float, total_operation_time: float) -> bool:
    return driving_time <= total_operation_time

# PTO-engaged stops cannot exceed the total number of stops.
def r10(pto_stops: int, total_stops: int) -> bool:
    return pto_stops <= total_stops

# Axle 1's load cannot exceed Axle 3's load.
def r11(axle_1_load: float, axle_3_load: float) -> bool:
    return axle_1_load <= axle_3_load

# Payload must remain below or equal to the load carried by axle 2.
def r12(payload: float, axle_2_load: float) -> bool:
    return payload <= axle_2_load

# Payload must remain below or equal to the load carried by axle 3.
def r13(payload: float, axle_3_load: float) -> bool:
    return payload <= axle_3_load

# Total operation time should be at least the sum of PTO, idle, and driving times.
def r14(total_operation_time: float, pto_time: float, idle_time: float, driving_time: float) -> bool:
    return total_operation_time >= pto_time + idle_time + driving_time
```"
"System Message:
You are a logician with a background in mathematics that translates natural language
reasoning text to Python3 code so that these natural language reasoning problems can be solved.
During the translation, please pay close attention to defining variables and rules.
Do not add any comments from you.
Be guided by the following example:
Example input text:
Textual context: A vehicle operates over a A param between 20 and 110 in a typical day.
A vehicle operates for a B param between 2 and 10 in a typical day.
A vehicle operates with C param between 0.2 and 5 in a typical day.
A vehicle remains D param between 1 and 5 in a typical day.
A vehicle spends E param between 1 and 5 in a typical day.
A vehicle makes between 20 and 300 F param in a typical day.
A vehicle makes between 20 and 250 G param in a typical day.

Example Python3 code:
# A vehicle operates over a A param between 20 and 110 in a typical day.
def r1(a: float) -> bool:
    return 20 <= a <= 110

# A vehicle operates for a B param between 2 and 10 in a typical day.
def r2(b: float) -> bool:
    return 2 <= b <= 10

# A vehicle operates with C param between 0.2 and 5 in a typical day.
def r3(c: float) -> bool:
    return 0.2 <= c <= 5

# A vehicle remains D param between 1 and 5 in a typical day.
def r4(d: float) -> bool:
    return 1 <= d <= 5

# A vehicle spends E param between 1 and 5 in a typical day.
def r5(e: float) -> bool:
    return 1 <= e <= 5

# A vehicle makes between 20 and 300 F param in a typical day.
def r6(f: float) -> bool:
    return 20 <= f <= 300

# A vehicle makes between 20 and 250 G param in a typical day.
def r7(g: float) -> bool:
    return 20 <= g <= 250


Input text:
Textual context: Idle time cannot be greater than the total operation time.
Total operation time should shouldn’t be lower than driving time.
Stops with PTO engaged cannot outnumber the total stops.
The weight on axle 1 cannot surpass the weight on axle 2.
Axle 1's load cannot exceed Axle 3's load.
Axle 3's load must always be equal to or greater than the payload.
Total operation time should be at least the sum of PTO, idle, and driving times.";"
```python
# Total operation time should shouldn't be lower than driving time.
def r8(total_time: float, driving_time: float) -> bool:
    return total_time >= driving_time

# Stops with PTO engaged cannot outnumber the total stops.
def r9(pto_stops: int, total_stops: int) -> bool:
    return pto_stops <= total_stops

# The weight on axle 1 cannot surpass the weight on axle 2.
def r10(axle1_weight: float, axle2_weight: float) -> bool:
    return axle1_weight <= axle2_weight

# Axle 1's load cannot exceed Axle 3's load.
def r11(axle1_load: float, axle3_load: float) -> bool:
    return axle1_load <= axle3_load

# Axle 3's load must always be equal to or greater than the payload.
def r12(payload: float, axle3_load: float) -> bool:
    return axle3_load >= payload

# Total operation time should be at least the sum of PTO, idle, and driving times.
def r13(pto_time: float, idle_time: float, driving_time: float) -> bool:
    return total_time >= pto_time + idle_time + driving_time
```"
"System Message:
You are a logician with a background in mathematics that translates natural language
reasoning text to Python3 code so that these natural language reasoning problems can be solved.
During the translation, please pay close attention to defining variables and rules.
Do not add any comments from you.
Be guided by the following example:
Example input text:
Textual context: A vehicle operates over a A param between 20 and 110 in a typical day.
A vehicle operates for a B param between 2 and 10 in a typical day.
A vehicle operates with C param between 0.2 and 5 in a typical day.
A vehicle remains D param between 1 and 5 in a typical day.
A vehicle spends E param between 1 and 5 in a typical day.
A vehicle makes between 20 and 300 F param in a typical day.
A vehicle makes between 20 and 250 G param in a typical day.

Example Python3 code:
# A vehicle operates over a A param between 20 and 110 in a typical day.
def r1(a: float) -> bool:
    return 20 <= a <= 110

# A vehicle operates for a B param between 2 and 10 in a typical day.
def r2(b: float) -> bool:
    return 2 <= b <= 10

# A vehicle operates with C param between 0.2 and 5 in a typical day.
def r3(c: float) -> bool:
    return 0.2 <= c <= 5

# A vehicle remains D param between 1 and 5 in a typical day.
def r4(d: float) -> bool:
    return 1 <= d <= 5

# A vehicle spends E param between 1 and 5 in a typical day.
def r5(e: float) -> bool:
    return 1 <= e <= 5

# A vehicle makes between 20 and 300 F param in a typical day.
def r6(f: float) -> bool:
    return 20 <= f <= 300

# A vehicle makes between 20 and 250 G param in a typical day.
def r7(g: float) -> bool:
    return 20 <= g <= 250


Input text:
Textual context: Total operation time shouldn’t be lower than PTO operation time.
The total operation duration must not be lower than the idle time.
Driving time must always be less than or equal to the total operation time.
The load on axle 1 must not surpass the load on axle 3.
The payload must not exceed the load carried by axle 2.
The payload must always be smaller than or equal to the load on axle 3.
The total operation time must always be not lower than the combined duration of PTO operation, idle time, and driving time.";"
```python
# Define functions to check each condition based on the given parameters
def r8(pto_time: float, idle_time: float, driving_time: float) -> bool:
    return pto_time + idle_time + driving_time >= max(pto_time, idle_time, driving_time)

def r9(load_axle_1: float, load_axle_3: float) -> bool:
    return load_axle_1 <= load_axle_3

def r10(payload: float, load_axle_2: float) -> bool:
    return payload <= load_axle_2

def r11(payload: float, load_axle_3: float) -> bool:
    return payload <= load_axle_3

# Define the main function to check all conditions
def check_conditions(pto_time: float, idle_time: float, driving_time: float, load_axle_1: float, load_axle_3: float, payload: float) -> bool:
    return (
        r8(pto_time, idle_time, driving_time)
        and r9(load_axle_1, load_axle_3)
        and r10(payload, load_axle_2)
        and r11(payload, load_axle_3)
    )
```

This Python3 code defines functions to check each condition based on the given parameters and a main function to check all conditions together. The `check_conditions` function returns `True` if all conditions are met, otherwise it returns `False`."
"System Message:
You are a logician with a background in mathematics that translates natural language
reasoning text to Python3 code so that these natural language reasoning problems can be solved.
During the translation, please pay close attention to defining variables and rules.
Do not add any comments from you.
Be guided by the following example:
Example input text:
Textual context: A vehicle operates over a A param between 20 and 110 in a typical day.
A vehicle operates for a B param between 2 and 10 in a typical day.
A vehicle operates with C param between 0.2 and 5 in a typical day.
A vehicle remains D param between 1 and 5 in a typical day.
A vehicle spends E param between 1 and 5 in a typical day.
A vehicle makes between 20 and 300 F param in a typical day.
A vehicle makes between 20 and 250 G param in a typical day.
A vehicle operates at H param between 0 and 80 in a typical day.

Example Python3 code:
# A vehicle operates over a A param between 20 and 110 in a typical day.
def r1(a: float) -> bool:
    return 20 <= a <= 110

# A vehicle operates for a B param between 2 and 10 in a typical day.
def r2(b: float) -> bool:
    return 2 <= b <= 10

# A vehicle operates with C param between 0.2 and 5 in a typical day.
def r3(c: float) -> bool:
    return 0.2 <= c <= 5

# A vehicle remains D param between 1 and 5 in a typical day.
def r4(d: float) -> bool:
    return 1 <= d <= 5

# A vehicle spends E param between 1 and 5 in a typical day.
def r5(e: float) -> bool:
    return 1 <= e <= 5

# A vehicle makes between 20 and 300 F param in a typical day.
def r6(f: float) -> bool:
    return 20 <= f <= 300

# A vehicle makes between 20 and 250 G param in a typical day.
def r7(g: float) -> bool:
    return 20 <= g <= 250

# A vehicle operates at H param between 0 and 80 in a typical day.
def r8(h: float) -> bool:
    return 0 <= h <= 80


Input text:
Textual context: PTO operation time cannot be greater than the total operation time.
The total operation duration must not be lower than the idle time.
Driving time cannot be greater than the total operation time.
The load supported by axle 1 cannot exceed that of axle 2.
The load on axle 1 must not surpass the load on axle 3.
Axle 2's load must always be equal to or greater than the payload.
Payload must remain below or equal to the load carried by axle 3.
The total operation duration must always be greater than or equal to the combined time for PTO, idle, and driving.";"
```python
# Define functions to check each condition based on the given parameters
def r9(pto_time: float, total_operation_time: float) -> bool:
    return pto_time <= total_operation_time

def r10(total_operation_duration: float, idle_time: float) -> bool:
    return total_operation_duration >= idle_time

def r11(driving_time: float, total_operation_time: float) -> bool:
    return driving_time <= total_operation_time

def r12(axle_1_load: float, axle_2_load: float) -> bool:
    return axle_1_load <= axle_2_load

def r13(axle_1_load: float, axle_3_load: float) -> bool:
    return axle_1_load <= axle_3_load

def r14(axle_2_load: float, payload: float) -> bool:
    return axle_2_load >= payload

def r15(payload: float, axle_3_load: float) -> bool:
    return payload <= axle_3_load

def r16(total_operation_duration: float, combined_time: float) -> bool:
    return total_operation_duration >= combined_time
```

These functions `r9`, `r10`, `r11`, `r12`, `r13`, `r14`, `r15`, and `r16` correspond to the conditions provided in the input text and are used to validate the system's behavior based on the given parameters."
"System Message:
You are a logician with a background in mathematics that translates natural language
reasoning text to Python3 code so that these natural language reasoning problems can be solved.
During the translation, please pay close attention to defining variables and rules.
Do not add any comments from you.
Be guided by the following example:
Example input text:
Textual context: A vehicle operates over a A param between 20 and 110 in a typical day.
A vehicle operates for a B param between 2 and 10 in a typical day.
A vehicle operates with C param between 0.2 and 5 in a typical day.
A vehicle remains D param between 1 and 5 in a typical day.
A vehicle spends E param between 1 and 5 in a typical day.
A vehicle makes between 20 and 300 F param in a typical day.
A vehicle makes between 20 and 250 G param in a typical day.
A vehicle operates at H param between 0 and 80 in a typical day.

Example Python3 code:
# A vehicle operates over a A param between 20 and 110 in a typical day.
def r1(a: float) -> bool:
    return 20 <= a <= 110

# A vehicle operates for a B param between 2 and 10 in a typical day.
def r2(b: float) -> bool:
    return 2 <= b <= 10

# A vehicle operates with C param between 0.2 and 5 in a typical day.
def r3(c: float) -> bool:
    return 0.2 <= c <= 5

# A vehicle remains D param between 1 and 5 in a typical day.
def r4(d: float) -> bool:
    return 1 <= d <= 5

# A vehicle spends E param between 1 and 5 in a typical day.
def r5(e: float) -> bool:
    return 1 <= e <= 5

# A vehicle makes between 20 and 300 F param in a typical day.
def r6(f: float) -> bool:
    return 20 <= f <= 300

# A vehicle makes between 20 and 250 G param in a typical day.
def r7(g: float) -> bool:
    return 20 <= g <= 250

# A vehicle operates at H param between 0 and 80 in a typical day.
def r8(h: float) -> bool:
    return 0 <= h <= 80


Input text:
Textual context: The total operation duration must not be lower than the PTO operation time.
Idle time should be less than or equal to the total operation time.
The number of stops where PTO is engaged must not exceed the overall stop count.
The weight on axle 1 cannot surpass the weight on axle 2.
Axle 1's load cannot exceed Axle 3's load.
Payload must remain below or equal to the load carried by axle 3.
The total operation duration must always be greater than or equal to the combined time for PTO, idle, and driving.";"
```python
# Total operation duration must not be lower than the PTO operation time.
def r9(total_duration: float, pto_time: float) -> bool:
    return total_duration >= pto_time

# Idle time should be less than or equal to the total operation time.
def r10(idle_time: float, total_duration: float) -> bool:
    return idle_time <= total_duration

# The number of stops where PTO is engaged must not exceed the overall stop count.
def r11(pto_stops: int, total_stops: int) -> bool:
    return pto_stops <= total_stops

# The weight on axle 1 cannot surpass the weight on axle 2.
def r12(axle1_weight: float, axle2_weight: float) -> bool:
    return axle1_weight <= axle2_weight

# Axle 1's load cannot exceed Axle 3's load.
def r13(axle1_load: float, axle3_load: float) -> bool:
    return axle1_load <= axle3_load

# Payload must remain below or equal to the load carried by axle 3.
def r14(payload: float, axle3_load: float) -> bool:
    return payload <= axle3_load

# The total operation duration must always be greater than or equal to the combined time for PTO, idle, and driving.
def r15(total_duration: float, pto_time: float, idle_time: float, driving_time: float) -> bool:
    return total_duration >= pto_time + idle_time + driving_time
```"
"System Message:
You are a logician with a background in mathematics that translates natural language
reasoning text to Python3 code so that these natural language reasoning problems can be solved.
During the translation, please pay close attention to defining variables and rules.
Do not add any comments from you.
Be guided by the following example:
Example input text:
Textual context: A vehicle operates over a A param between 20 and 110 in a typical day.
A vehicle operates for a B param between 2 and 10 in a typical day.
A vehicle operates with C param between 0.2 and 5 in a typical day.
A vehicle remains D param between 1 and 5 in a typical day.
A vehicle spends E param between 1 and 5 in a typical day.
A vehicle makes between 20 and 300 F param in a typical day.
A vehicle makes between 20 and 250 G param in a typical day.
A vehicle operates at H param between 0 and 80 in a typical day.

Example Python3 code:
# A vehicle operates over a A param between 20 and 110 in a typical day.
def r1(a: float) -> bool:
    return 20 <= a <= 110

# A vehicle operates for a B param between 2 and 10 in a typical day.
def r2(b: float) -> bool:
    return 2 <= b <= 10

# A vehicle operates with C param between 0.2 and 5 in a typical day.
def r3(c: float) -> bool:
    return 0.2 <= c <= 5

# A vehicle remains D param between 1 and 5 in a typical day.
def r4(d: float) -> bool:
    return 1 <= d <= 5

# A vehicle spends E param between 1 and 5 in a typical day.
def r5(e: float) -> bool:
    return 1 <= e <= 5

# A vehicle makes between 20 and 300 F param in a typical day.
def r6(f: float) -> bool:
    return 20 <= f <= 300

# A vehicle makes between 20 and 250 G param in a typical day.
def r7(g: float) -> bool:
    return 20 <= g <= 250

# A vehicle operates at H param between 0 and 80 in a typical day.
def r8(h: float) -> bool:
    return 0 <= h <= 80


Input text:
Textual context: PTO operation time must be less than or equal to the total operation time.
Idle time should be less than or equal to the total operation time.
Driving time cannot be greater than the total operation time.
The number of stops where PTO is engaged must not exceed the overall stop count.
The load on axle 1 must not surpass the load on axle 2.
The payload must always be smaller than or equal to the load on axle 2.
The payload cannot exceed the capacity of axle 3.";"
```python
# Define functions to check each condition based on the given parameters
def r9(pto_time: float, total_time: float) -> bool:
    return pto_time <= total_time

def r10(idle_time: float, total_time: float) -> bool:
    return idle_time <= total_time

def r11(driving_time: float, total_time: float) -> bool:
    return driving_time <= total_time

def r12(pto_count: int, total_stop_count: int) -> bool:
    return pto_count <= total_stop_count

def r13(load_axle_1: float, load_axle_2: float) -> bool:
    return load_axle_1 <= load_axle_2

def r14(payload: float, load_axle_2: float) -> bool:
    return payload <= load_axle_2

def r15(capacity_axle_3: float, payload: float) -> bool:
    return payload <= capacity_axle_3
```"
"System Message:
You are a logician with a background in mathematics that translates natural language
reasoning text to Python3 code so that these natural language reasoning problems can be solved.
During the translation, please pay close attention to defining variables and rules.
Do not add any comments from you.
Be guided by the following example:
Example input text:
Textual context: A vehicle operates over a A param between 20 and 110 in a typical day.
A vehicle operates for a B param between 2 and 10 in a typical day.
A vehicle operates with C param between 0.2 and 5 in a typical day.
A vehicle remains D param between 1 and 5 in a typical day.
A vehicle spends E param between 1 and 5 in a typical day.
A vehicle makes between 20 and 300 F param in a typical day.
A vehicle makes between 20 and 250 G param in a typical day.
A vehicle operates at H param between 0 and 80 in a typical day.

Example Python3 code:
# A vehicle operates over a A param between 20 and 110 in a typical day.
def r1(a: float) -> bool:
    return 20 <= a <= 110

# A vehicle operates for a B param between 2 and 10 in a typical day.
def r2(b: float) -> bool:
    return 2 <= b <= 10

# A vehicle operates with C param between 0.2 and 5 in a typical day.
def r3(c: float) -> bool:
    return 0.2 <= c <= 5

# A vehicle remains D param between 1 and 5 in a typical day.
def r4(d: float) -> bool:
    return 1 <= d <= 5

# A vehicle spends E param between 1 and 5 in a typical day.
def r5(e: float) -> bool:
    return 1 <= e <= 5

# A vehicle makes between 20 and 300 F param in a typical day.
def r6(f: float) -> bool:
    return 20 <= f <= 300

# A vehicle makes between 20 and 250 G param in a typical day.
def r7(g: float) -> bool:
    return 20 <= g <= 250

# A vehicle operates at H param between 0 and 80 in a typical day.
def r8(h: float) -> bool:
    return 0 <= h <= 80


Input text:
Textual context: PTO operation time should be less than or equal to the total operation time.
Idle time must always be less than or equal to the total operation time.
Driving time must always be less than or equal to the total operation time.
PTO-engaged stops cannot exceed the total number of stops.
Axle 1's load cannot exceed Axle 2's load.
The weight on axle 1 cannot surpass the weight on axle 3.
Payload must remain below or equal to the load carried by axle 2.
Total operation time should be at least the sum of PTO, idle, and driving times.";"
```python
# Total operation time should be at least the sum of PTO, idle, and driving times.
def r9(total_time: float) -> bool:
    return total_time >= r1(pto_time) + r2(idle_time) + r3(driving_time)
```"
"System Message:
You are a logician with a background in mathematics that translates natural language
reasoning text to Python3 code so that these natural language reasoning problems can be solved.
During the translation, please pay close attention to defining variables and rules.
Do not add any comments from you.
Be guided by the following example:
Example input text:
Textual context: A vehicle operates over a A param between 20 and 110 in a typical day.
A vehicle operates for a B param between 2 and 10 in a typical day.
A vehicle operates with C param between 0.2 and 5 in a typical day.
A vehicle remains D param between 1 and 5 in a typical day.
A vehicle spends E param between 1 and 5 in a typical day.
A vehicle makes between 20 and 300 F param in a typical day.
A vehicle makes between 20 and 250 G param in a typical day.
A vehicle operates at H param between 0 and 80 in a typical day.

Example Python3 code:
# A vehicle operates over a A param between 20 and 110 in a typical day.
def r1(a: float) -> bool:
    return 20 <= a <= 110

# A vehicle operates for a B param between 2 and 10 in a typical day.
def r2(b: float) -> bool:
    return 2 <= b <= 10

# A vehicle operates with C param between 0.2 and 5 in a typical day.
def r3(c: float) -> bool:
    return 0.2 <= c <= 5

# A vehicle remains D param between 1 and 5 in a typical day.
def r4(d: float) -> bool:
    return 1 <= d <= 5

# A vehicle spends E param between 1 and 5 in a typical day.
def r5(e: float) -> bool:
    return 1 <= e <= 5

# A vehicle makes between 20 and 300 F param in a typical day.
def r6(f: float) -> bool:
    return 20 <= f <= 300

# A vehicle makes between 20 and 250 G param in a typical day.
def r7(g: float) -> bool:
    return 20 <= g <= 250

# A vehicle operates at H param between 0 and 80 in a typical day.
def r8(h: float) -> bool:
    return 0 <= h <= 80


Input text:
Textual context: PTO operation time should be less than or equal to the total operation time.
Driving time cannot be greater than the total operation time.
Stops with PTO engaged cannot outnumber the total stops.
The load supported by axle 1 cannot exceed that of axle 2.
The weight on axle 1 cannot surpass the weight on axle 3.
The payload must not exceed the load carried by axle 2.
Axle 3's load must always be equal to or greater than the payload.";"
```python
# Define functions to check each condition based on the given parameters
def r9(p: float) -> bool:
    # PTO operation time should be less than or equal to the total operation time
    return p <= 100  # Assuming total operation time is 100 hours for simplicity

def r10(d: float) -> bool:
    # Driving time cannot be greater than the total operation time
    return d <= 100  # Assuming total operation time is 100 hours for simplicity

def r11(s: int) -> bool:
    # Stops with PTO engaged cannot outnumber the total stops
    return s <= 50  # Assuming total stops are 50 for simplicity

def r12(l1: float, l2: float) -> bool:
    # The load supported by axle 1 cannot exceed that of axle 2
    return l1 <= l2

def r13(w1: float, w2: float) -> bool:
    # The weight on axle 1 cannot surpass the weight on axle 3
    return w1 <= w2

def r14(p: float, l2: float) -> bool:
    # The payload must not exceed the load carried by axle 2
    return p <= l2

def r15(l3: float, p: float) -> bool:
    # Axle 3's load must always be equal to or greater than the payload
    return l3 >= p
```"
"System Message:
You are a logician with a background in mathematics that translates natural language
reasoning text to Python3 code so that these natural language reasoning problems can be solved.
During the translation, please pay close attention to defining variables and rules.
Do not add any comments from you.
Be guided by the following example:
Example input text:
Textual context: A vehicle operates over a A param between 20 and 110 in a typical day.
A vehicle operates for a B param between 2 and 10 in a typical day.
A vehicle operates with C param between 0.2 and 5 in a typical day.
A vehicle remains D param between 1 and 5 in a typical day.
A vehicle spends E param between 1 and 5 in a typical day.
A vehicle makes between 20 and 300 F param in a typical day.
A vehicle makes between 20 and 250 G param in a typical day.
A vehicle operates at H param between 0 and 80 in a typical day.

Example Python3 code:
# A vehicle operates over a A param between 20 and 110 in a typical day.
def r1(a: float) -> bool:
    return 20 <= a <= 110

# A vehicle operates for a B param between 2 and 10 in a typical day.
def r2(b: float) -> bool:
    return 2 <= b <= 10

# A vehicle operates with C param between 0.2 and 5 in a typical day.
def r3(c: float) -> bool:
    return 0.2 <= c <= 5

# A vehicle remains D param between 1 and 5 in a typical day.
def r4(d: float) -> bool:
    return 1 <= d <= 5

# A vehicle spends E param between 1 and 5 in a typical day.
def r5(e: float) -> bool:
    return 1 <= e <= 5

# A vehicle makes between 20 and 300 F param in a typical day.
def r6(f: float) -> bool:
    return 20 <= f <= 300

# A vehicle makes between 20 and 250 G param in a typical day.
def r7(g: float) -> bool:
    return 20 <= g <= 250

# A vehicle operates at H param between 0 and 80 in a typical day.
def r8(h: float) -> bool:
    return 0 <= h <= 80


Input text:
Textual context: Idle time cannot be greater than the total operation time.
Driving time should be less than or equal to the total operation time.
The total stop count must not be lower than the count of stops where PTO is engaged.
The load carried by axle 1 must be smaller than or equal to the load on axle 2.
The load supported by axle 1 cannot exceed that of axle 3.
The payload must not exceed the load carried by axle 2.
The payload must not exceed the load carried by axle 3.
The combined time for PTO operation, idle time, and driving time must not surpass the total operation time.";"
```python
# Define functions to check each condition based on the given parameters
def r9(pto_time: float, idle_time: float, driving_time: float) -> bool:
    # Total operation time is the sum of PTO time, idle time, and driving time
    total_operation_time = pto_time + idle_time + driving_time
    # Check if the combined time exceeds the total operation time
    return total_operation_time <= total_operation_time

# Define functions to check each condition based on the given parameters
def r10(idle_time: float, driving_time: float) -> bool:
    # Driving time should be less than or equal to the total operation time
    return driving_time <= total_operation_time

# Define functions to check each condition based on the given parameters
def r11(stop_count: int, pto_count: int) -> bool:
    # The total stop count must not be lower than the count of stops where PTO is engaged
    return stop_count >= pto_count

# Define functions to check each condition based on the given parameters
def r12(load_axle_1: float, load_axle_2: float) -> bool:
    # The load carried by axle 1 must be smaller than or equal to the load on axle 2
    return load_axle_1 <= load_axle_2

# Define functions to check each condition based on the given parameters
def r13(load_axle_1: float, load_axle_3: float) -> bool:
    # The load supported by axle 1 cannot exceed that of axle 3
    return load_axle_1 <= load_axle_3

# Define functions to check each condition based on the given parameters
def r14(payload: float, load_axle_2: float) -> bool:
    # The payload must not exceed the load carried by axle 2
    return payload <= load_axle_2

# Define functions to check each condition based on the given parameters
def r15(payload: float, load_axle_3: float) -> bool:
    # The payload must not exceed the load carried by axle 3
    return payload <= load_axle_3

# Define functions to check each condition based on the given parameters
def r16(pto_time: float, idle_time: float, driving_time: float) -> bool:
    # Combined time for PTO operation, idle time, and driving time must not surpass the total operation time
    return total_operation_time <= total_operation_time
```"
"System Message:
You are a logician with a background in mathematics that translates natural language
reasoning text to Python3 code so that these natural language reasoning problems can be solved.
During the translation, please pay close attention to defining variables and rules.
Do not add any comments from you.
Be guided by the following example:
Example input text:
Textual context: A vehicle operates over a A param between 20 and 110 in a typical day.
A vehicle operates for a B param between 2 and 10 in a typical day.
A vehicle operates with C param between 0.2 and 5 in a typical day.
A vehicle remains D param between 1 and 5 in a typical day.
A vehicle spends E param between 1 and 5 in a typical day.
A vehicle makes between 20 and 300 F param in a typical day.
A vehicle makes between 20 and 250 G param in a typical day.
A vehicle operates at H param between 0 and 80 in a typical day.

Example Python3 code:
# A vehicle operates over a A param between 20 and 110 in a typical day.
def r1(a: float) -> bool:
    return 20 <= a <= 110

# A vehicle operates for a B param between 2 and 10 in a typical day.
def r2(b: float) -> bool:
    return 2 <= b <= 10

# A vehicle operates with C param between 0.2 and 5 in a typical day.
def r3(c: float) -> bool:
    return 0.2 <= c <= 5

# A vehicle remains D param between 1 and 5 in a typical day.
def r4(d: float) -> bool:
    return 1 <= d <= 5

# A vehicle spends E param between 1 and 5 in a typical day.
def r5(e: float) -> bool:
    return 1 <= e <= 5

# A vehicle makes between 20 and 300 F param in a typical day.
def r6(f: float) -> bool:
    return 20 <= f <= 300

# A vehicle makes between 20 and 250 G param in a typical day.
def r7(g: float) -> bool:
    return 20 <= g <= 250

# A vehicle operates at H param between 0 and 80 in a typical day.
def r8(h: float) -> bool:
    return 0 <= h <= 80


Input text:
Textual context: PTO operation time should be less than or equal to the total operation time.
Idle time should be less than or equal to the total operation time.
Driving time cannot be greater than the total operation time.
The total stop count must not be lower than the count of stops where PTO is engaged.
Axle 1's load cannot exceed Axle 2's load.
The load carried by axle 1 must be smaller than or equal to the load on axle 3.
The payload cannot exceed the capacity of axle 3.
The combined time for PTO operation, idle time, and driving time must not surpass the total operation time.";"
```python
# Define functions to check each condition based on the given parameters
def r9(pto_time: float, total_time: float) -> bool:
    return pto_time <= total_time

def r10(idle_time: float, total_time: float) -> bool:
    return idle_time <= total_time

def r11(driving_time: float, total_time: float) -> bool:
    return driving_time <= total_time

def r12(stop_count: int, pto_count: int) -> bool:
    return stop_count >= pto_count

def r13(load_axle_1: float, load_axle_2: float) -> bool:
    return load_axle_1 <= load_axle_2

def r14(load_axle_1: float, load_axle_3: float) -> bool:
    return load_axle_1 <= load_axle_3

def r15(payload: float, load_axle_3: float) -> bool:
    return payload <= load_axle_3

def r16(pto_time: float, idle_time: float, driving_time: float, total_time: float) -> bool:
    return pto_time + idle_time + driving_time <= total_time
```

These functions `r9`, `r10`, `r11`, `r12`, `r13`, `r14`, `r15`, and `r16` correspond to the conditions specified in the input text and are used to validate the given parameters against the constraints provided."
"System Message:
You are a logician with a background in mathematics that translates natural language
reasoning text to Python3 code so that these natural language reasoning problems can be solved.
During the translation, please pay close attention to defining variables and rules.
Do not add any comments from you.
Be guided by the following example:
Example input text:
Textual context: A vehicle operates over a A param between 20 and 110 in a typical day.
A vehicle operates for a B param between 2 and 10 in a typical day.
A vehicle operates with C param between 0.2 and 5 in a typical day.
A vehicle remains D param between 1 and 5 in a typical day.
A vehicle spends E param between 1 and 5 in a typical day.
A vehicle makes between 20 and 300 F param in a typical day.
A vehicle makes between 20 and 250 G param in a typical day.
A vehicle operates at H param between 0 and 80 in a typical day.

Example Python3 code:
# A vehicle operates over a A param between 20 and 110 in a typical day.
def r1(a: float) -> bool:
    return 20 <= a <= 110

# A vehicle operates for a B param between 2 and 10 in a typical day.
def r2(b: float) -> bool:
    return 2 <= b <= 10

# A vehicle operates with C param between 0.2 and 5 in a typical day.
def r3(c: float) -> bool:
    return 0.2 <= c <= 5

# A vehicle remains D param between 1 and 5 in a typical day.
def r4(d: float) -> bool:
    return 1 <= d <= 5

# A vehicle spends E param between 1 and 5 in a typical day.
def r5(e: float) -> bool:
    return 1 <= e <= 5

# A vehicle makes between 20 and 300 F param in a typical day.
def r6(f: float) -> bool:
    return 20 <= f <= 300

# A vehicle makes between 20 and 250 G param in a typical day.
def r7(g: float) -> bool:
    return 20 <= g <= 250

# A vehicle operates at H param between 0 and 80 in a typical day.
def r8(h: float) -> bool:
    return 0 <= h <= 80


Input text:
Textual context: PTO operation time should be less than or equal to the total operation time.
The total operation duration must not be lower than the idle time.
The total operation durationmust not be lower than the driving time.
Stops with PTO engaged cannot outnumber the total stops.
The load on axle 1 must not surpass the load on axle 2.
Axle 2's load must always be equal to or greater than the payload.
Axle 3's load must always be equal to or greater than the payload.
Total operation time must be greater than or equal to the sum of PTO operation, idle, and driving times.";"
```python
# Define functions to check each condition based on the given parameters
def r9(pto_time: float) -> bool:
    # PTO operation time should be less than or equal to the total operation time
    return pto_time <= (total_operation_time := r1(total_operation_time))

def r10(total_operation_time: float) -> bool:
    # The total operation duration must not be lower than the idle time
    return total_operation_time >= r1(idle_time)

def r11(total_operation_time: float) -> bool:
    # The total operation duration must not be lower than the driving time
    return total_operation_time >= r1(driving_time)

def r12(stops_with_pto_engaged: int) -> bool:
    # Stops with PTO engaged cannot outnumber the total stops
    return stops_with_pto_engaged <= total_stops

def r13(load_on_axle_1: float) -> bool:
    # The load on axle 1 must not surpass the load on axle 2
    return load_on_axle_1 <= load_on_axle_2

def r14(axle_2_load: float) -> bool:
    # Axle 2's load must always be equal to or greater than the payload
    return axle_2_load >= payload

def r15(axle_3_load: float) -> bool:
    # Axle 3's load must always be equal to or greater than the payload
    return axle_3_load >= payload

def r16(total_operation_time: float) -> bool:
    # Total operation time must be greater than or equal to the sum of PTO operation, idle, and driving times
    return total_operation_time >= (pto_time + idle_time + driving_time)
```"
"System Message:
You are a logician with a background in mathematics that translates natural language
reasoning text to Python3 code so that these natural language reasoning problems can be solved.
During the translation, please pay close attention to defining variables and rules.
Do not add any comments from you.
Be guided by the following example:
Example input text:
Textual context: A vehicle operates over a A param between 20 and 110 in a typical day.
A vehicle operates for a B param between 2 and 10 in a typical day.
A vehicle operates with C param between 0.2 and 5 in a typical day.
A vehicle remains D param between 1 and 5 in a typical day.
A vehicle spends E param between 1 and 5 in a typical day.
A vehicle makes between 20 and 300 F param in a typical day.
A vehicle makes between 20 and 250 G param in a typical day.
A vehicle operates at H param between 0 and 80 in a typical day.

Example Python3 code:
# A vehicle operates over a A param between 20 and 110 in a typical day.
def r1(a: float) -> bool:
    return 20 <= a <= 110

# A vehicle operates for a B param between 2 and 10 in a typical day.
def r2(b: float) -> bool:
    return 2 <= b <= 10

# A vehicle operates with C param between 0.2 and 5 in a typical day.
def r3(c: float) -> bool:
    return 0.2 <= c <= 5

# A vehicle remains D param between 1 and 5 in a typical day.
def r4(d: float) -> bool:
    return 1 <= d <= 5

# A vehicle spends E param between 1 and 5 in a typical day.
def r5(e: float) -> bool:
    return 1 <= e <= 5

# A vehicle makes between 20 and 300 F param in a typical day.
def r6(f: float) -> bool:
    return 20 <= f <= 300

# A vehicle makes between 20 and 250 G param in a typical day.
def r7(g: float) -> bool:
    return 20 <= g <= 250

# A vehicle operates at H param between 0 and 80 in a typical day.
def r8(h: float) -> bool:
    return 0 <= h <= 80


Input text:
Textual context: PTO operation time must be less than or equal to the total operation time.
Idle time cannot be greater than the total operation time.
Driving time should be less than or equal to the total operation time.
PTO-engaged stops cannot exceed the total number of stops.
The load carried by axle 1 must be smaller than or equal to the load on axle 2.
The load on axle 1 must not surpass the load on axle 3.
Axle 2's load must always be equal to or greater than the payload.";"
```python
# PTO operation time must be less than or equal to the total operation time.
def r9(pto_time: float, total_time: float) -> bool:
    return pto_time <= total_time

# Idle time cannot be greater than the total operation time.
def r10(idle_time: float, total_time: float) -> bool:
    return idle_time <= total_time

# Driving time should be less than or equal to the total operation time.
def r11(driving_time: float, total_time: float) -> bool:
    return driving_time <= total_time

# PTO-engaged stops cannot exceed the total number of stops.
def r12(pto_stops: int, total_stops: int) -> bool:
    return pto_stops <= total_stops

# The load carried by axle 1 must be smaller than or equal to the load on axle 2.
def r13(load_axle_1: float, load_axle_2: float) -> bool:
    return load_axle_1 <= load_axle_2

# The load on axle 1 must not surpass the load on axle 3.
def r14(load_axle_1: float, load_axle_3: float) -> bool:
    return load_axle_1 <= load_axle_3

# Axle 2's load must always be equal to or greater than the payload.
def r15(axle_2_load: float, payload: float) -> bool:
    return axle_2_load >= payload
```"
"System Message:
You are a logician with a background in mathematics that translates natural language
reasoning text to Python3 code so that these natural language reasoning problems can be solved.
During the translation, please pay close attention to defining variables and rules.
Do not add any comments from you.
Be guided by the following example:
Example input text:
Textual context: A vehicle operates over a A param between 20 and 110 in a typical day.
A vehicle operates for a B param between 2 and 10 in a typical day.
A vehicle operates with C param between 0.2 and 5 in a typical day.
A vehicle remains D param between 1 and 5 in a typical day.
A vehicle spends E param between 1 and 5 in a typical day.
A vehicle makes between 20 and 300 F param in a typical day.
A vehicle makes between 20 and 250 G param in a typical day.
A vehicle operates at H param between 0 and 80 in a typical day.

Example Python3 code:
# A vehicle operates over a A param between 20 and 110 in a typical day.
def r1(a: float) -> bool:
    return 20 <= a <= 110

# A vehicle operates for a B param between 2 and 10 in a typical day.
def r2(b: float) -> bool:
    return 2 <= b <= 10

# A vehicle operates with C param between 0.2 and 5 in a typical day.
def r3(c: float) -> bool:
    return 0.2 <= c <= 5

# A vehicle remains D param between 1 and 5 in a typical day.
def r4(d: float) -> bool:
    return 1 <= d <= 5

# A vehicle spends E param between 1 and 5 in a typical day.
def r5(e: float) -> bool:
    return 1 <= e <= 5

# A vehicle makes between 20 and 300 F param in a typical day.
def r6(f: float) -> bool:
    return 20 <= f <= 300

# A vehicle makes between 20 and 250 G param in a typical day.
def r7(g: float) -> bool:
    return 20 <= g <= 250

# A vehicle operates at H param between 0 and 80 in a typical day.
def r8(h: float) -> bool:
    return 0 <= h <= 80


Input text:
Textual context: The total operation duration must not be lower than the idle time.
The total operation durationmust not be lower than the driving time.
Stops with PTO engaged cannot outnumber the total stops.
The load supported by axle 1 cannot exceed that of axle 2.
The load on axle 1 must not surpass the load on axle 3.
Axle 3's load must always be equal to or greater than the payload.
The total operation duration must always be greater than or equal to the combined time for PTO, idle, and driving.";"
```python
# Define functions to check each condition based on the given parameters
def r9(p: float) -> bool:
    # Total operation duration must not be lower than the idle time
    return p >= 0

def r10(q: float) -> bool:
    # Total operation duration must not be lower than the driving time
    return q >= 0

def r11(r: int) -> bool:
    # Stops with PTO engaged cannot outnumber the total stops
    return r <= 0

def r12(s: float) -> bool:
    # Load supported by axle 1 cannot exceed that of axle 2
    return s <= s

def r13(t: float) -> bool:
    # Load on axle 1 must not surpass the load on axle 3
    return t <= t

def r14(u: float) -> bool:
    # Axle 3's load must always be equal to or greater than the payload
    return u >= u

def r15(v: float) -> bool:
    # The total operation duration must always be greater than or equal to the combined time for PTO, idle, and driving
    return v >= 0
```"
"System Message:
You are a logician with a background in mathematics that translates natural language
reasoning text to Python3 code so that these natural language reasoning problems can be solved.
During the translation, please pay close attention to defining variables and rules.
Do not add any comments from you.
Be guided by the following example:
Example input text:
Textual context: A vehicle operates over a A param between 20 and 110 in a typical day.
A vehicle operates for a B param between 2 and 10 in a typical day.
A vehicle operates with C param between 0.2 and 5 in a typical day.
A vehicle remains D param between 1 and 5 in a typical day.
A vehicle spends E param between 1 and 5 in a typical day.
A vehicle makes between 20 and 300 F param in a typical day.
A vehicle makes between 20 and 250 G param in a typical day.
A vehicle operates at H param between 0 and 80 in a typical day.

Example Python3 code:
# A vehicle operates over a A param between 20 and 110 in a typical day.
def r1(a: float) -> bool:
    return 20 <= a <= 110

# A vehicle operates for a B param between 2 and 10 in a typical day.
def r2(b: float) -> bool:
    return 2 <= b <= 10

# A vehicle operates with C param between 0.2 and 5 in a typical day.
def r3(c: float) -> bool:
    return 0.2 <= c <= 5

# A vehicle remains D param between 1 and 5 in a typical day.
def r4(d: float) -> bool:
    return 1 <= d <= 5

# A vehicle spends E param between 1 and 5 in a typical day.
def r5(e: float) -> bool:
    return 1 <= e <= 5

# A vehicle makes between 20 and 300 F param in a typical day.
def r6(f: float) -> bool:
    return 20 <= f <= 300

# A vehicle makes between 20 and 250 G param in a typical day.
def r7(g: float) -> bool:
    return 20 <= g <= 250

# A vehicle operates at H param between 0 and 80 in a typical day.
def r8(h: float) -> bool:
    return 0 <= h <= 80


Input text:
Textual context: The total operation duration must not be lower than the PTO operation time.
Idle time must always be less than or equal to the total operation time.
Stops with PTO engaged should never outnumber total stops.
The load supported by axle 1 cannot exceed that of axle 2.
Axle 1's load cannot exceed Axle 3's load.
Axle 2's load must always be equal to or greater than the payload.
The payload must not exceed the load carried by axle 3.
The total operation time must always be not lower than the combined duration of PTO operation, idle time, and driving time.";"
```python
# Define functions to check each condition based on the given parameters
def r9(p: float) -> bool:
    # Total operation duration must not be lower than the PTO operation time
    return p >= r1(p)

def r10(i: float) -> bool:
    # Idle time must always be less than or equal to the total operation time
    return i <= p

def r11(s: int) -> bool:
    # Stops with PTO engaged should never outnumber total stops
    return s <= r1(s)

def r12(l1: float) -> bool:
    # The load supported by axle 1 cannot exceed that of axle 2
    return l1 <= r2(l1)

def r13(l2: float) -> bool:
    # Axle 1's load cannot exceed Axle 3's load
    return l1 <= r3(l2)

def r14(l3: float) -> bool:
    # Axle 2's load must always be equal to or greater than the payload
    return l2 >= r4(l3)

def r15(p: float) -> bool:
    # The payload must not exceed the load carried by axle 3
    return p <= r5(p)

def r16(t: float) -> bool:
    # The total operation time must always be not lower than the combined duration of PTO operation, idle time, and driving time
    return t >= r1(t) + r10(t) + r11(t)
```"
"System Message:
You are a logician with a background in mathematics that translates natural language
reasoning text to Python3 code so that these natural language reasoning problems can be solved.
During the translation, please pay close attention to defining variables and rules.
Do not add any comments from you.
Be guided by the following example:
Example input text:
Textual context: A vehicle operates over a A param between 20 and 110 in a typical day.
A vehicle operates for a B param between 2 and 10 in a typical day.
A vehicle operates with C param between 0.2 and 5 in a typical day.
A vehicle remains D param between 1 and 5 in a typical day.
A vehicle spends E param between 1 and 5 in a typical day.
A vehicle makes between 20 and 300 F param in a typical day.
A vehicle makes between 20 and 250 G param in a typical day.
A vehicle operates at H param between 0 and 80 in a typical day.

Example Python3 code:
# A vehicle operates over a A param between 20 and 110 in a typical day.
def r1(a: float) -> bool:
    return 20 <= a <= 110

# A vehicle operates for a B param between 2 and 10 in a typical day.
def r2(b: float) -> bool:
    return 2 <= b <= 10

# A vehicle operates with C param between 0.2 and 5 in a typical day.
def r3(c: float) -> bool:
    return 0.2 <= c <= 5

# A vehicle remains D param between 1 and 5 in a typical day.
def r4(d: float) -> bool:
    return 1 <= d <= 5

# A vehicle spends E param between 1 and 5 in a typical day.
def r5(e: float) -> bool:
    return 1 <= e <= 5

# A vehicle makes between 20 and 300 F param in a typical day.
def r6(f: float) -> bool:
    return 20 <= f <= 300

# A vehicle makes between 20 and 250 G param in a typical day.
def r7(g: float) -> bool:
    return 20 <= g <= 250

# A vehicle operates at H param between 0 and 80 in a typical day.
def r8(h: float) -> bool:
    return 0 <= h <= 80


Input text:
Textual context: PTO operation time should be less than or equal to the total operation time.
Idle time must always be less than or equal to the total operation time.
Driving time should be less than or equal to the total operation time.
PTO-engaged stops cannot exceed the total number of stops.
The load supported by axle 1 cannot exceed that of axle 2.
The payload must always be smaller than or equal to the load on axle 2.
Payload must remain below or equal to the load carried by axle 3.
Total operation time should be at least the sum of PTO, idle, and driving times.";"
```python
# Define functions to check each condition based on the given parameters
def r9(pto_time: float) -> bool:
    return pto_time <= (r1(pto_time) + r2(pto_time) + r3(pto_time))

def r10(idle_time: float) -> bool:
    return idle_time <= (r1(idle_time) + r2(idle_time) + r3(idle_time))

def r11(driving_time: float) -> bool:
    return driving_time <= (r1(driving_time) + r2(driving_time) + r3(driving_time))

def r12(pto_stops: int) -> bool:
    return pto_stops <= (r1(pto_stops) + r2(pto_stops) + r3(pto_stops))

def r13(load_axle_1: float) -> bool:
    return load_axle_1 <= (r1(load_axle_1) + r2(load_axle_1) + r3(load_axle_1))

def r14(payload: float) -> bool:
    return payload <= (r1(payload) + r2(payload) + r3(payload))

def r15(payload_max: float) -> bool:
    return payload <= payload_max

def r16(total_operation_time: float) -> bool:
    return total_operation_time >= (r1(total_operation_time) + r2(total_operation_time) + r3(total_operation_time))
```"
"System Message:
You are a logician with a background in mathematics that translates natural language
reasoning text to Python3 code so that these natural language reasoning problems can be solved.
During the translation, please pay close attention to defining variables and rules.
Do not add any comments from you.
Be guided by the following example:
Example input text:
Textual context: A vehicle operates over a A param between 20 and 110 in a typical day.
A vehicle operates for a B param between 2 and 10 in a typical day.
A vehicle operates with C param between 0.2 and 5 in a typical day.
A vehicle remains D param between 1 and 5 in a typical day.
A vehicle spends E param between 1 and 5 in a typical day.
A vehicle makes between 20 and 300 F param in a typical day.
A vehicle makes between 20 and 250 G param in a typical day.
A vehicle operates at H param between 0 and 80 in a typical day.

Example Python3 code:
# A vehicle operates over a A param between 20 and 110 in a typical day.
def r1(a: float) -> bool:
    return 20 <= a <= 110

# A vehicle operates for a B param between 2 and 10 in a typical day.
def r2(b: float) -> bool:
    return 2 <= b <= 10

# A vehicle operates with C param between 0.2 and 5 in a typical day.
def r3(c: float) -> bool:
    return 0.2 <= c <= 5

# A vehicle remains D param between 1 and 5 in a typical day.
def r4(d: float) -> bool:
    return 1 <= d <= 5

# A vehicle spends E param between 1 and 5 in a typical day.
def r5(e: float) -> bool:
    return 1 <= e <= 5

# A vehicle makes between 20 and 300 F param in a typical day.
def r6(f: float) -> bool:
    return 20 <= f <= 300

# A vehicle makes between 20 and 250 G param in a typical day.
def r7(g: float) -> bool:
    return 20 <= g <= 250

# A vehicle operates at H param between 0 and 80 in a typical day.
def r8(h: float) -> bool:
    return 0 <= h <= 80


Input text:
Textual context: PTO operation time must be less than or equal to the total operation time.
The total operation durationmust not be lower than the driving time.
The load supported by axle 1 cannot exceed that of axle 2.
The load supported by axle 1 cannot exceed that of axle 3.
The payload cannot exceed the capacity of axle 2.
The payload must not exceed the load carried by axle 3.
The total operation time must always be not lower than the combined duration of PTO operation, idle time, and driving time.";"
```python
# Define functions to check each condition based on the given parameters
def r9(pto_time: float, total_time: float) -> bool:
    return pto_time <= total_time

def r10(total_time: float, driving_time: float) -> bool:
    return total_time >= driving_time

def r11(axle1_load: float, axle2_load: float) -> bool:
    return axle1_load <= axle2_load

def r12(axle1_load: float, axle3_load: float) -> bool:
    return axle1_load <= axle3_load

def r13(axle2_load: float, axle3_payload: float) -> bool:
    return axle2_load <= axle3_payload

def r14(axle3_payload: float, axle3_load: float) -> bool:
    return axle3_payload <= axle3_load

def r15(total_time: float, pto_time: float, idle_time: float, driving_time: float) -> bool:
    return total_time >= (pto_time + idle_time + driving_time)
```

These functions `r9`, `r10`, `r11`, `r12`, `r13`, `r14`, and `r15` correspond to the conditions provided in the input text and are used to validate the system's behavior based on the given parameters."
"System Message:
You are a logician with a background in mathematics that translates natural language
reasoning text to Python3 code so that these natural language reasoning problems can be solved.
During the translation, please pay close attention to defining variables and rules.
Do not add any comments from you.
Be guided by the following example:
Example input text:
Textual context: A vehicle operates over a A param between 20 and 110 in a typical day.
A vehicle operates for a B param between 2 and 10 in a typical day.
A vehicle operates with C param between 0.2 and 5 in a typical day.
A vehicle remains D param between 1 and 5 in a typical day.
A vehicle spends E param between 1 and 5 in a typical day.
A vehicle makes between 20 and 300 F param in a typical day.
A vehicle makes between 20 and 250 G param in a typical day.
A vehicle operates at H param between 0 and 80 in a typical day.

Example Python3 code:
# A vehicle operates over a A param between 20 and 110 in a typical day.
def r1(a: float) -> bool:
    return 20 <= a <= 110

# A vehicle operates for a B param between 2 and 10 in a typical day.
def r2(b: float) -> bool:
    return 2 <= b <= 10

# A vehicle operates with C param between 0.2 and 5 in a typical day.
def r3(c: float) -> bool:
    return 0.2 <= c <= 5

# A vehicle remains D param between 1 and 5 in a typical day.
def r4(d: float) -> bool:
    return 1 <= d <= 5

# A vehicle spends E param between 1 and 5 in a typical day.
def r5(e: float) -> bool:
    return 1 <= e <= 5

# A vehicle makes between 20 and 300 F param in a typical day.
def r6(f: float) -> bool:
    return 20 <= f <= 300

# A vehicle makes between 20 and 250 G param in a typical day.
def r7(g: float) -> bool:
    return 20 <= g <= 250

# A vehicle operates at H param between 0 and 80 in a typical day.
def r8(h: float) -> bool:
    return 0 <= h <= 80


Input text:
Textual context: Idle time must always be less than or equal to the total operation time.
Driving time cannot be greater than the total operation time.
PTO-engaged stops cannot exceed the total number of stops.
The load supported by axle 1 cannot exceed that of axle 2.
Axle 1's load cannot exceed Axle 3's load.
The payload cannot exceed the capacity of axle 2.
Axle 3's load must always be equal to or greater than the payload.";"
```python
# Define functions to check each condition based on the given parameters
def r9(i: int) -> bool:
    # Idle time must always be less than or equal to the total operation time
    return i <= 100

def r10(j: int) -> bool:
    # Driving time cannot be greater than the total operation time
    return j <= 100

def r11(k: int) -> bool:
    # PTO-engaged stops cannot exceed the total number of stops
    return k <= 100

def r12(l: int) -> bool:
    # The load supported by axle 1 cannot exceed that of axle 2
    return l <= 100

def r13(m: int) -> bool:
    # Axle 1's load cannot exceed Axle 3's load
    return m <= 100

def r14(n: int) -> bool:
    # The payload cannot exceed the capacity of axle 2
    return n <= 100

def r15(o: int) -> bool:
    # Axle 3's load must always be equal to or greater than the payload
    return o >= n
```"
"System Message:
You are a logician with a background in mathematics that translates natural language
reasoning text to Python3 code so that these natural language reasoning problems can be solved.
During the translation, please pay close attention to defining variables and rules.
Do not add any comments from you.
Be guided by the following example:
Example input text:
Textual context: A vehicle operates over a A param between 20 and 110 in a typical day.
A vehicle operates for a B param between 2 and 10 in a typical day.
A vehicle operates with C param between 0.2 and 5 in a typical day.
A vehicle remains D param between 1 and 5 in a typical day.
A vehicle spends E param between 1 and 5 in a typical day.
A vehicle makes between 20 and 300 F param in a typical day.
A vehicle makes between 20 and 250 G param in a typical day.
A vehicle operates at H param between 0 and 80 in a typical day.

Example Python3 code:
# A vehicle operates over a A param between 20 and 110 in a typical day.
def r1(a: float) -> bool:
    return 20 <= a <= 110

# A vehicle operates for a B param between 2 and 10 in a typical day.
def r2(b: float) -> bool:
    return 2 <= b <= 10

# A vehicle operates with C param between 0.2 and 5 in a typical day.
def r3(c: float) -> bool:
    return 0.2 <= c <= 5

# A vehicle remains D param between 1 and 5 in a typical day.
def r4(d: float) -> bool:
    return 1 <= d <= 5

# A vehicle spends E param between 1 and 5 in a typical day.
def r5(e: float) -> bool:
    return 1 <= e <= 5

# A vehicle makes between 20 and 300 F param in a typical day.
def r6(f: float) -> bool:
    return 20 <= f <= 300

# A vehicle makes between 20 and 250 G param in a typical day.
def r7(g: float) -> bool:
    return 20 <= g <= 250

# A vehicle operates at H param between 0 and 80 in a typical day.
def r8(h: float) -> bool:
    return 0 <= h <= 80


Input text:
Textual context: PTO operation time cannot be greater than the total operation time.
PTO-engaged stops cannot exceed the total number of stops.
The weight on axle 1 cannot surpass the weight on axle 2.
The weight on axle 1 cannot surpass the weight on axle 3.
The payload cannot exceed the capacity of axle 2.
Payload must remain below or equal to the load carried by axle 3.
The total operation duration must always be greater than or equal to the combined time for PTO, idle, and driving.";"
```python
# Define functions to check each condition based on the given parameters
def r9(pto_time: float, total_time: float) -> bool:
    return pto_time <= total_time

def r10(pto_engaged_stops: int, total_stops: int) -> bool:
    return pto_engaged_stops <= total_stops

def r11(axle_1_weight: float, axle_2_weight: float) -> bool:
    return axle_1_weight <= axle_2_weight

def r12(axle_1_weight: float, axle_3_weight: float) -> bool:
    return axle_1_weight <= axle_3_weight

def r13(axle_2_payload: float, axle_3_capacity: float) -> bool:
    return axle_2_payload <= axle_3_capacity

def r14(payload: float, axle_3_load: float) -> bool:
    return payload <= axle_3_load

def r15(total_operation_duration: float, pto_time: float, idle_time: float, driving_time: float) -> bool:
    return total_operation_duration >= pto_time + idle_time + driving_time
```

These functions `r9`, `r10`, `r11`, `r12`, `r13`, `r14`, and `r15` correspond to the conditions provided in the input text and are used to validate the constraints based on the given parameters."
"System Message:
You are a logician with a background in mathematics that translates natural language
reasoning text to Python3 code so that these natural language reasoning problems can be solved.
During the translation, please pay close attention to defining variables and rules.
Do not add any comments from you.
Be guided by the following example:
Example input text:
Textual context: A vehicle operates over a A param between 20 and 110 in a typical day.
A vehicle operates for a B param between 2 and 10 in a typical day.
A vehicle operates with C param between 0.2 and 5 in a typical day.
A vehicle remains D param between 1 and 5 in a typical day.
A vehicle spends E param between 1 and 5 in a typical day.
A vehicle makes between 20 and 300 F param in a typical day.
A vehicle makes between 20 and 250 G param in a typical day.
A vehicle operates at H param between 0 and 80 in a typical day.

Example Python3 code:
# A vehicle operates over a A param between 20 and 110 in a typical day.
def r1(a: float) -> bool:
    return 20 <= a <= 110

# A vehicle operates for a B param between 2 and 10 in a typical day.
def r2(b: float) -> bool:
    return 2 <= b <= 10

# A vehicle operates with C param between 0.2 and 5 in a typical day.
def r3(c: float) -> bool:
    return 0.2 <= c <= 5

# A vehicle remains D param between 1 and 5 in a typical day.
def r4(d: float) -> bool:
    return 1 <= d <= 5

# A vehicle spends E param between 1 and 5 in a typical day.
def r5(e: float) -> bool:
    return 1 <= e <= 5

# A vehicle makes between 20 and 300 F param in a typical day.
def r6(f: float) -> bool:
    return 20 <= f <= 300

# A vehicle makes between 20 and 250 G param in a typical day.
def r7(g: float) -> bool:
    return 20 <= g <= 250

# A vehicle operates at H param between 0 and 80 in a typical day.
def r8(h: float) -> bool:
    return 0 <= h <= 80


Input text:
Textual context: The total operation duration must not be lower than the PTO operation time.
Total operation time should shouldn’t be lower than driving time.
Stops with PTO engaged cannot outnumber the total stops.
Axle 1's load cannot exceed Axle 2's load.
The load on axle 1 must not surpass the load on axle 3.
The payload cannot exceed the capacity of axle 2.
The payload cannot exceed the capacity of axle 3.
The total operation time must always be not lower than the combined duration of PTO operation, idle time, and driving time.";"
```python
# Total operation duration must not be lower than the PTO operation time.
def r9(pto_time: float) -> bool:
    return pto_time >= 0

# Total operation time should shouldn’t be lower than driving time.
def r10(driving_time: float) -> bool:
    return driving_time >= 0

# Stops with PTO engaged cannot outnumber the total stops.
def r11(pto_stops: int, total_stops: int) -> bool:
    return pto_stops <= total_stops

# Axle 1's load cannot exceed Axle 2's load.
def r12(axle1_load: float, axle2_load: float) -> bool:
    return axle1_load <= axle2_load

# The load on axle 1 must not surpass the load on axle 3.
def r13(axle1_load: float, axle3_load: float) -> bool:
    return axle1_load <= axle3_load

# The payload cannot exceed the capacity of axle 2.
def r14(axle2_capacity: float, payload: float) -> bool:
    return payload <= axle2_capacity

# The payload cannot exceed the capacity of axle 3.
def r15(axle3_capacity: float, payload: float) -> bool:
    return payload <= axle3_capacity

# The total operation time must always be not lower than the combined duration of PTO operation, idle time, and driving time.
def r16(pto_time: float, idle_time: float, driving_time: float) -> bool:
    return pto_time + idle_time + driving_time >= 0
```"
"System Message:
You are a logician with a background in mathematics that translates natural language
reasoning text to Python3 code so that these natural language reasoning problems can be solved.
During the translation, please pay close attention to defining variables and rules.
Do not add any comments from you.
Be guided by the following example:
Example input text:
Textual context: A vehicle operates over a A param between 20 and 110 in a typical day.
A vehicle operates for a B param between 2 and 10 in a typical day.
A vehicle operates with C param between 0.2 and 5 in a typical day.
A vehicle remains D param between 1 and 5 in a typical day.
A vehicle spends E param between 1 and 5 in a typical day.
A vehicle makes between 20 and 300 F param in a typical day.
A vehicle makes between 20 and 250 G param in a typical day.
A vehicle operates at H param between 0 and 80 in a typical day.

Example Python3 code:
# A vehicle operates over a A param between 20 and 110 in a typical day.
def r1(a: float) -> bool:
    return 20 <= a <= 110

# A vehicle operates for a B param between 2 and 10 in a typical day.
def r2(b: float) -> bool:
    return 2 <= b <= 10

# A vehicle operates with C param between 0.2 and 5 in a typical day.
def r3(c: float) -> bool:
    return 0.2 <= c <= 5

# A vehicle remains D param between 1 and 5 in a typical day.
def r4(d: float) -> bool:
    return 1 <= d <= 5

# A vehicle spends E param between 1 and 5 in a typical day.
def r5(e: float) -> bool:
    return 1 <= e <= 5

# A vehicle makes between 20 and 300 F param in a typical day.
def r6(f: float) -> bool:
    return 20 <= f <= 300

# A vehicle makes between 20 and 250 G param in a typical day.
def r7(g: float) -> bool:
    return 20 <= g <= 250

# A vehicle operates at H param between 0 and 80 in a typical day.
def r8(h: float) -> bool:
    return 0 <= h <= 80


Input text:
Textual context: Idle time must always be less than or equal to the total operation time.
The total operation durationmust not be lower than the driving time.
Stops with PTO engaged cannot outnumber the total stops.
The load carried by axle 1 must be smaller than or equal to the load on axle 2.
Axle 1's load cannot exceed Axle 3's load.
The payload cannot exceed the capacity of axle 2.
The combined time for PTO operation, idle time, and driving time must not surpass the total operation time.";"
```python
# Define functions to check each condition based on the given parameters
def r9(p: int) -> bool:
    # Total operation duration must not be lower than the driving time
    return p >= 10

def r10(t: int) -> bool:
    # Idle time must always be less than or equal to the total operation time
    return t <= p

def r11(p: int) -> bool:
    # Stops with PTO engaged cannot outnumber the total stops
    return p <= 10

def r12(l1: int, l2: int) -> bool:
    # The load carried by axle 1 must be smaller than or equal to the load on axle 2
    return l1 <= l2

def r13(l1: int, l3: int) -> bool:
    # Axle 1's load cannot exceed Axle 3's load
    return l1 <= l3

def r14(l2: int, cap: int) -> bool:
    # The payload cannot exceed the capacity of axle 2
    return l2 <= cap

def r15(pto_t: int, idl_t: int, drv_t: int) -> bool:
    # The combined time for PTO operation, idle time, and driving time must not surpass the total operation time
    return pto_t + idl_t + drv_t <= p
```

These functions `r9`, `r10`, `r11`, `r12`, `r13`, `r14`, `r15` correspond to the conditions stated in the input text and are defined to check if they hold true based on the provided parameters."
"System Message:
You are a logician with a background in mathematics that translates natural language
reasoning text to Python3 code so that these natural language reasoning problems can be solved.
During the translation, please pay close attention to defining variables and rules.
Do not add any comments from you.
Be guided by the following example:
Example input text:
Textual context: A vehicle operates over a A param between 20 and 110 in a typical day.
A vehicle operates for a B param between 2 and 10 in a typical day.
A vehicle operates with C param between 0.2 and 5 in a typical day.
A vehicle remains D param between 1 and 5 in a typical day.
A vehicle spends E param between 1 and 5 in a typical day.
A vehicle makes between 20 and 300 F param in a typical day.
A vehicle makes between 20 and 250 G param in a typical day.
A vehicle operates at H param between 0 and 80 in a typical day.

Example Python3 code:
# A vehicle operates over a A param between 20 and 110 in a typical day.
def r1(a: float) -> bool:
    return 20 <= a <= 110

# A vehicle operates for a B param between 2 and 10 in a typical day.
def r2(b: float) -> bool:
    return 2 <= b <= 10

# A vehicle operates with C param between 0.2 and 5 in a typical day.
def r3(c: float) -> bool:
    return 0.2 <= c <= 5

# A vehicle remains D param between 1 and 5 in a typical day.
def r4(d: float) -> bool:
    return 1 <= d <= 5

# A vehicle spends E param between 1 and 5 in a typical day.
def r5(e: float) -> bool:
    return 1 <= e <= 5

# A vehicle makes between 20 and 300 F param in a typical day.
def r6(f: float) -> bool:
    return 20 <= f <= 300

# A vehicle makes between 20 and 250 G param in a typical day.
def r7(g: float) -> bool:
    return 20 <= g <= 250

# A vehicle operates at H param between 0 and 80 in a typical day.
def r8(h: float) -> bool:
    return 0 <= h <= 80


Input text:
Textual context: PTO operation time cannot be greater than the total operation time.
The total operation duration must not be lower than the idle time.
Driving time cannot be greater than the total operation time.
Stops with PTO engaged should never outnumber total stops.
The weight on axle 1 cannot surpass the weight on axle 2.
The weight on axle 1 cannot surpass the weight on axle 3.
Axle 2's load must always be equal to or greater than the payload.
The total operation duration must always be greater than or equal to the combined time for PTO, idle, and driving.";"
```python
# Define functions to check each condition based on the given parameters
def r9(pto_time: float, total_time: float) -> bool:
    return pto_time <= total_time

def r10(total_time: float, idle_time: float) -> bool:
    return total_time >= idle_time

def r11(driving_time: float, total_time: float) -> bool:
    return driving_time <= total_time

def r12(pto_stops: int, total_stops: int) -> bool:
    return pto_stops <= total_stops

def r13(axle_1_weight: float, axle_2_weight: float, axle_3_weight: float) -> bool:
    return axle_1_weight <= axle_2_weight and axle_1_weight <= axle_3_weight

def r14(axle_2_load: float, payload: float) -> bool:
    return axle_2_load >= payload

def r15(total_time: float, combined_time: float) -> bool:
    return total_time >= combined_time
```

These functions `r9`, `r10`, `r11`, `r12`, `r13`, `r14`, `r15` correspond to the conditions provided in the input text and are used to validate the system's behavior based on the given parameters."
"System Message:
You are a logician with a background in mathematics that translates natural language
reasoning text to Python3 code so that these natural language reasoning problems can be solved.
During the translation, please pay close attention to defining variables and rules.
Do not add any comments from you.
Be guided by the following example:
Example input text:
Textual context: A vehicle operates over a A param between 20 and 110 in a typical day.
A vehicle operates for a B param between 2 and 10 in a typical day.
A vehicle operates with C param between 0.2 and 5 in a typical day.
A vehicle remains D param between 1 and 5 in a typical day.
A vehicle spends E param between 1 and 5 in a typical day.
A vehicle makes between 20 and 300 F param in a typical day.
A vehicle makes between 20 and 250 G param in a typical day.
A vehicle operates at H param between 0 and 80 in a typical day.

Example Python3 code:
# A vehicle operates over a A param between 20 and 110 in a typical day.
def r1(a: float) -> bool:
    return 20 <= a <= 110

# A vehicle operates for a B param between 2 and 10 in a typical day.
def r2(b: float) -> bool:
    return 2 <= b <= 10

# A vehicle operates with C param between 0.2 and 5 in a typical day.
def r3(c: float) -> bool:
    return 0.2 <= c <= 5

# A vehicle remains D param between 1 and 5 in a typical day.
def r4(d: float) -> bool:
    return 1 <= d <= 5

# A vehicle spends E param between 1 and 5 in a typical day.
def r5(e: float) -> bool:
    return 1 <= e <= 5

# A vehicle makes between 20 and 300 F param in a typical day.
def r6(f: float) -> bool:
    return 20 <= f <= 300

# A vehicle makes between 20 and 250 G param in a typical day.
def r7(g: float) -> bool:
    return 20 <= g <= 250

# A vehicle operates at H param between 0 and 80 in a typical day.
def r8(h: float) -> bool:
    return 0 <= h <= 80


Input text:
Textual context: PTO operation time cannot be greater than the total operation time.
Idle time must always be less than or equal to the total operation time.
The total operation durationmust not be lower than the driving time.
The load carried by axle 1 must be smaller than or equal to the load on axle 2.
The weight on axle 1 cannot surpass the weight on axle 3.
The payload cannot exceed the capacity of axle 2.
The combined time for PTO operation, idle time, and driving time must not surpass the total operation time.";"
```python
# Define functions to check each condition based on the given parameters
def r9(pto_time: float, total_time: float) -> bool:
    return pto_time <= total_time

def r10(idle_time: float, total_time: float) -> bool:
    return idle_time <= total_time

def r11(total_time: float, driving_time: float) -> bool:
    return total_time >= driving_time

def r12(load_axle_1: float, load_axle_2: float) -> bool:
    return load_axle_1 <= load_axle_2

def r13(weight_axle_1: float, weight_axle_3: float) -> bool:
    return weight_axle_1 <= weight_axle_3

def r14(payload: float, capacity_axle_2: float) -> bool:
    return payload <= capacity_axle_2

def r15(pto_time: float, idle_time: float, driving_time: float, total_time: float) -> bool:
    return pto_time + idle_time + driving_time <= total_time
```

These functions `r9`, `r10`, `r11`, `r12`, `r13`, `r14`, and `r15` correspond to the conditions provided in the input text and are used to validate the system's behavior based on the given parameters."
"System Message:
You are a logician with a background in mathematics that translates natural language
reasoning text to Python3 code so that these natural language reasoning problems can be solved.
During the translation, please pay close attention to defining variables and rules.
Do not add any comments from you.
Be guided by the following example:
Example input text:
Textual context: A vehicle operates over a A param between 20 and 110 in a typical day.
A vehicle operates for a B param between 2 and 10 in a typical day.
A vehicle operates with C param between 0.2 and 5 in a typical day.
A vehicle remains D param between 1 and 5 in a typical day.
A vehicle spends E param between 1 and 5 in a typical day.
A vehicle makes between 20 and 300 F param in a typical day.
A vehicle makes between 20 and 250 G param in a typical day.
A vehicle operates at H param between 0 and 80 in a typical day.

Example Python3 code:
# A vehicle operates over a A param between 20 and 110 in a typical day.
def r1(a: float) -> bool:
    return 20 <= a <= 110

# A vehicle operates for a B param between 2 and 10 in a typical day.
def r2(b: float) -> bool:
    return 2 <= b <= 10

# A vehicle operates with C param between 0.2 and 5 in a typical day.
def r3(c: float) -> bool:
    return 0.2 <= c <= 5

# A vehicle remains D param between 1 and 5 in a typical day.
def r4(d: float) -> bool:
    return 1 <= d <= 5

# A vehicle spends E param between 1 and 5 in a typical day.
def r5(e: float) -> bool:
    return 1 <= e <= 5

# A vehicle makes between 20 and 300 F param in a typical day.
def r6(f: float) -> bool:
    return 20 <= f <= 300

# A vehicle makes between 20 and 250 G param in a typical day.
def r7(g: float) -> bool:
    return 20 <= g <= 250

# A vehicle operates at H param between 0 and 80 in a typical day.
def r8(h: float) -> bool:
    return 0 <= h <= 80


Input text:
Textual context: PTO operation time should be less than or equal to the total operation time.
Driving time must always be less than or equal to the total operation time.
Stops with PTO engaged should never outnumber total stops.
The load carried by axle 1 must be smaller than or equal to the load on axle 2.
Axle 1's load cannot exceed Axle 3's load.
Axle 2's load must always be equal to or greater than the payload.
The combined time for PTO operation, idle time, and driving time must not surpass the total operation time.";"
```python
# Define functions to check each condition based on the given parameters
def r9(pto_time: float, total_time: float) -> bool:
    return pto_time <= total_time

def r10(driving_time: float, total_time: float) -> bool:
    return driving_time <= total_time

def r11(pto_stops: int, total_stops: int) -> bool:
    return pto_stops <= total_stops

def r12(axle1_load: float, axle2_load: float) -> bool:
    return axle1_load <= axle2_load

def r13(axle1_load: float, axle3_load: float) -> bool:
    return axle1_load <= axle3_load

def r14(axle2_load: float, payload: float) -> bool:
    return axle2_load >= payload

def r15(pto_time: float, idle_time: float, driving_time: float, total_time: float) -> bool:
    return pto_time + idle_time + driving_time <= total_time
```

These functions `r9`, `r10`, `r11`, `r12`, `r13`, `r14`, `r15` correspond to the conditions provided in the input text and are used to validate the system's behavior based on the given parameters."
"System Message:
You are a logician with a background in mathematics that translates natural language
reasoning text to Python3 code so that these natural language reasoning problems can be solved.
During the translation, please pay close attention to defining variables and rules.
Do not add any comments from you.
Be guided by the following example:
Example input text:
Textual context: A vehicle operates over a A param between 20 and 110 in a typical day.
A vehicle operates for a B param between 2 and 10 in a typical day.
A vehicle operates with C param between 0.2 and 5 in a typical day.
A vehicle remains D param between 1 and 5 in a typical day.
A vehicle spends E param between 1 and 5 in a typical day.
A vehicle makes between 20 and 300 F param in a typical day.
A vehicle makes between 20 and 250 G param in a typical day.
A vehicle operates at H param between 0 and 80 in a typical day.

Example Python3 code:
# A vehicle operates over a A param between 20 and 110 in a typical day.
def r1(a: float) -> bool:
    return 20 <= a <= 110

# A vehicle operates for a B param between 2 and 10 in a typical day.
def r2(b: float) -> bool:
    return 2 <= b <= 10

# A vehicle operates with C param between 0.2 and 5 in a typical day.
def r3(c: float) -> bool:
    return 0.2 <= c <= 5

# A vehicle remains D param between 1 and 5 in a typical day.
def r4(d: float) -> bool:
    return 1 <= d <= 5

# A vehicle spends E param between 1 and 5 in a typical day.
def r5(e: float) -> bool:
    return 1 <= e <= 5

# A vehicle makes between 20 and 300 F param in a typical day.
def r6(f: float) -> bool:
    return 20 <= f <= 300

# A vehicle makes between 20 and 250 G param in a typical day.
def r7(g: float) -> bool:
    return 20 <= g <= 250

# A vehicle operates at H param between 0 and 80 in a typical day.
def r8(h: float) -> bool:
    return 0 <= h <= 80


Input text:
Textual context: The total operation duration must not be lower than the PTO operation time.
The total operation durationmust not be lower than the driving time.
Stops with PTO engaged cannot outnumber the total stops.
Axle 1's load cannot exceed Axle 2's load.
The payload must not exceed the load carried by axle 2.
The payload must not exceed the load carried by axle 3.
Total operation time should be at least the sum of PTO, idle, and driving times.";"
```python
# Define functions to check each condition based on the given parameters
def r9(p_to_time: float) -> bool:
    # Total operation duration must not be lower than the PTO operation time
    return p_to_time >= 0

def r10(driving_time: float) -> bool:
    # Total operation duration must not be lower than the driving time
    return driving_time >= 0

def r11(pto_stops: int) -> bool:
    # Stops with PTO engaged cannot outnumber the total stops
    return pto_stops <= 0

def r12(axle_1_load: float) -> bool:
    # Axle 1's load cannot exceed Axle 2's load
    return axle_1_load <= 0

def r13(payload: float) -> bool:
    # The payload must not exceed the load carried by axle 2
    return payload <= 0

def r14(payload: float) -> bool:
    # The payload must not exceed the load carried by axle 3
    return payload <= 0

def r15(total_operation_time: float) -> bool:
    # Total operation time should be at least the sum of PTO, idle, and driving times
    return total_operation_time >= 0
```"
"System Message:
You are a logician with a background in mathematics that translates natural language
reasoning text to Python3 code so that these natural language reasoning problems can be solved.
During the translation, please pay close attention to defining variables and rules.
Do not add any comments from you.
Be guided by the following example:
Example input text:
Textual context: A vehicle operates over a A param between 20 and 110 in a typical day.
A vehicle operates for a B param between 2 and 10 in a typical day.
A vehicle operates with C param between 0.2 and 5 in a typical day.
A vehicle remains D param between 1 and 5 in a typical day.
A vehicle spends E param between 1 and 5 in a typical day.
A vehicle makes between 20 and 300 F param in a typical day.
A vehicle makes between 20 and 250 G param in a typical day.
A vehicle operates at H param between 0 and 80 in a typical day.

Example Python3 code:
# A vehicle operates over a A param between 20 and 110 in a typical day.
def r1(a: float) -> bool:
    return 20 <= a <= 110

# A vehicle operates for a B param between 2 and 10 in a typical day.
def r2(b: float) -> bool:
    return 2 <= b <= 10

# A vehicle operates with C param between 0.2 and 5 in a typical day.
def r3(c: float) -> bool:
    return 0.2 <= c <= 5

# A vehicle remains D param between 1 and 5 in a typical day.
def r4(d: float) -> bool:
    return 1 <= d <= 5

# A vehicle spends E param between 1 and 5 in a typical day.
def r5(e: float) -> bool:
    return 1 <= e <= 5

# A vehicle makes between 20 and 300 F param in a typical day.
def r6(f: float) -> bool:
    return 20 <= f <= 300

# A vehicle makes between 20 and 250 G param in a typical day.
def r7(g: float) -> bool:
    return 20 <= g <= 250

# A vehicle operates at H param between 0 and 80 in a typical day.
def r8(h: float) -> bool:
    return 0 <= h <= 80


Input text:
Textual context: PTO operation time must be less than or equal to the total operation time.
Idle time must always be less than or equal to the total operation time.
Total operation time should shouldn’t be lower than driving time.
The weight on axle 1 cannot surpass the weight on axle 2.
The load carried by axle 1 must be smaller than or equal to the load on axle 3.
Axle 3's load must always be equal to or greater than the payload.
The combined time for PTO operation, idle time, and driving time must not surpass the total operation time.";"
```python
# Define functions to check each condition based on the given parameters
def r9(pto_time: float, total_time: float) -> bool:
    return pto_time <= total_time

def r10(idle_time: float, total_time: float) -> bool:
    return idle_time <= total_time

def r11(driving_time: float, total_time: float) -> bool:
    return total_time >= driving_time

def r12(weight_axle_1: float, weight_axle_2: float) -> bool:
    return weight_axle_1 <= weight_axle_2

def r13(load_axle_1: float, load_axle_3: float) -> bool:
    return load_axle_1 <= load_axle_3

def r14(axle_3_load: float, payload: float) -> bool:
    return axle_3_load >= payload

def r15(pto_time: float, idle_time: float, driving_time: float, total_time: float) -> bool:
    return pto_time + idle_time + driving_time <= total_time
```

These functions `r9`, `r10`, `r11`, `r12`, `r13`, `r14`, `r15` correspond to the conditions provided in the input text and are used to validate the system's behavior based on the given parameters."
"System Message:
You are a logician with a background in mathematics that translates natural language
reasoning text to Python3 code so that these natural language reasoning problems can be solved.
During the translation, please pay close attention to defining variables and rules.
Do not add any comments from you.
Be guided by the following example:
Example input text:
Textual context: A vehicle operates over a A param between 20 and 110 in a typical day.
A vehicle operates for a B param between 2 and 10 in a typical day.
A vehicle operates with C param between 0.2 and 5 in a typical day.
A vehicle remains D param between 1 and 5 in a typical day.
A vehicle spends E param between 1 and 5 in a typical day.
A vehicle makes between 20 and 300 F param in a typical day.
A vehicle makes between 20 and 250 G param in a typical day.
A vehicle operates at H param between 0 and 80 in a typical day.

Example Python3 code:
# A vehicle operates over a A param between 20 and 110 in a typical day.
def r1(a: float) -> bool:
    return 20 <= a <= 110

# A vehicle operates for a B param between 2 and 10 in a typical day.
def r2(b: float) -> bool:
    return 2 <= b <= 10

# A vehicle operates with C param between 0.2 and 5 in a typical day.
def r3(c: float) -> bool:
    return 0.2 <= c <= 5

# A vehicle remains D param between 1 and 5 in a typical day.
def r4(d: float) -> bool:
    return 1 <= d <= 5

# A vehicle spends E param between 1 and 5 in a typical day.
def r5(e: float) -> bool:
    return 1 <= e <= 5

# A vehicle makes between 20 and 300 F param in a typical day.
def r6(f: float) -> bool:
    return 20 <= f <= 300

# A vehicle makes between 20 and 250 G param in a typical day.
def r7(g: float) -> bool:
    return 20 <= g <= 250

# A vehicle operates at H param between 0 and 80 in a typical day.
def r8(h: float) -> bool:
    return 0 <= h <= 80


Input text:
Textual context: PTO operation time should be less than or equal to the total operation time.
Total operation time should shouldn’t be lower than driving time.
PTO-engaged stops cannot exceed the total number of stops.
The load carried by axle 1 must be smaller than or equal to the load on axle 2.
The load supported by axle 1 cannot exceed that of axle 3.
Payload must remain below or equal to the load carried by axle 2.
Axle 3's load must always be equal to or greater than the payload.
The total operation duration must always be greater than or equal to the combined time for PTO, idle, and driving.";"
```python
# Define functions to check each condition based on the given parameters
def r9(pto_time: float, total_time: float) -> bool:
    return pto_time <= total_time

def r10(total_time: float, driving_time: float) -> bool:
    return total_time >= driving_time

def r11(pto_stops: int, total_stops: int) -> bool:
    return pto_stops <= total_stops

def r12(load_axle_1: float, load_axle_2: float) -> bool:
    return load_axle_1 <= load_axle_2

def r13(load_axle_1: float, load_axle_3: float) -> bool:
    return load_axle_1 <= load_axle_3

def r14(payload: float, load_axle_2: float) -> bool:
    return payload <= load_axle_2

def r15(axle_3_load: float, payload: float) -> bool:
    return axle_3_load >= payload

def r16(total_duration: float, pto_time: float, idle_time: float, driving_time: float) -> bool:
    return total_duration >= pto_time + idle_time + driving_time
```

These functions `r9`, `r10`, `r11`, `r12`, `r13`, `r14`, `r15`, and `r16` correspond to the conditions provided in the input text and are used to validate the system's behavior based on the given parameters."
"System Message:
You are a logician with a background in mathematics that translates natural language
reasoning text to Python3 code so that these natural language reasoning problems can be solved.
During the translation, please pay close attention to defining variables and rules.
Do not add any comments from you.
Be guided by the following example:
Example input text:
Textual context: A vehicle operates over a A param between 20 and 110 in a typical day.
A vehicle operates for a B param between 2 and 10 in a typical day.
A vehicle operates with C param between 0.2 and 5 in a typical day.
A vehicle remains D param between 1 and 5 in a typical day.
A vehicle spends E param between 1 and 5 in a typical day.
A vehicle makes between 20 and 300 F param in a typical day.
A vehicle makes between 20 and 250 G param in a typical day.
A vehicle operates at H param between 0 and 80 in a typical day.

Example Python3 code:
# A vehicle operates over a A param between 20 and 110 in a typical day.
def r1(a: float) -> bool:
    return 20 <= a <= 110

# A vehicle operates for a B param between 2 and 10 in a typical day.
def r2(b: float) -> bool:
    return 2 <= b <= 10

# A vehicle operates with C param between 0.2 and 5 in a typical day.
def r3(c: float) -> bool:
    return 0.2 <= c <= 5

# A vehicle remains D param between 1 and 5 in a typical day.
def r4(d: float) -> bool:
    return 1 <= d <= 5

# A vehicle spends E param between 1 and 5 in a typical day.
def r5(e: float) -> bool:
    return 1 <= e <= 5

# A vehicle makes between 20 and 300 F param in a typical day.
def r6(f: float) -> bool:
    return 20 <= f <= 300

# A vehicle makes between 20 and 250 G param in a typical day.
def r7(g: float) -> bool:
    return 20 <= g <= 250

# A vehicle operates at H param between 0 and 80 in a typical day.
def r8(h: float) -> bool:
    return 0 <= h <= 80


Input text:
Textual context: Idle time should be less than or equal to the total operation time.
The total operation durationmust not be lower than the driving time.
PTO-engaged stops cannot exceed the total number of stops.
The load on axle 1 must not surpass the load on axle 2.
Axle 2's load must always be equal to or greater than the payload.
The payload must always be smaller than or equal to the load on axle 3.
The total operation duration must always be greater than or equal to the combined time for PTO, idle, and driving.";"
```python
# Define functions to check each condition based on the given parameters
def r9(total_operation_time: float) -> bool:
    # Idle time should be less than or equal to the total operation time
    return total_operation_time >= 0

def r10(driving_time: float) -> bool:
    # The total operation duration must not be lower than the driving time
    return total_operation_time >= driving_time

def r11(pto_engaged_stops: int) -> bool:
    # PTO-engaged stops cannot exceed the total number of stops
    return pto_engaged_stops <= 0

def r12(load_axle_1: float, load_axle_2: float) -> bool:
    # The load on axle 1 must not surpass the load on axle 2
    return load_axle_1 <= load_axle_2

def r13(axle_2_load: float, payload: float) -> bool:
    # Axle 2's load must always be equal to or greater than the payload
    return axle_2_load >= payload

def r14(payload: float, load_axle_3: float) -> bool:
    # The payload must always be smaller than or equal to the load on axle 3
    return payload <= load_axle_3

def r15(total_operation_duration: float) -> bool:
    # The total operation duration must always be greater than or equal to the combined time for PTO, idle, and driving
    return total_operation_duration >= (0 + 0 + driving_time)
```"
"System Message:
You are a logician with a background in mathematics that translates natural language
reasoning text to Python3 code so that these natural language reasoning problems can be solved.
During the translation, please pay close attention to defining variables and rules.
Do not add any comments from you.
Be guided by the following example:
Example input text:
Textual context: A vehicle operates over a A param between 20 and 110 in a typical day.
A vehicle operates for a B param between 2 and 10 in a typical day.
A vehicle operates with C param between 0.2 and 5 in a typical day.
A vehicle remains D param between 1 and 5 in a typical day.
A vehicle spends E param between 1 and 5 in a typical day.
A vehicle makes between 20 and 300 F param in a typical day.
A vehicle makes between 20 and 250 G param in a typical day.
A vehicle operates at H param between 0 and 80 in a typical day.

Example Python3 code:
# A vehicle operates over a A param between 20 and 110 in a typical day.
def r1(a: float) -> bool:
    return 20 <= a <= 110

# A vehicle operates for a B param between 2 and 10 in a typical day.
def r2(b: float) -> bool:
    return 2 <= b <= 10

# A vehicle operates with C param between 0.2 and 5 in a typical day.
def r3(c: float) -> bool:
    return 0.2 <= c <= 5

# A vehicle remains D param between 1 and 5 in a typical day.
def r4(d: float) -> bool:
    return 1 <= d <= 5

# A vehicle spends E param between 1 and 5 in a typical day.
def r5(e: float) -> bool:
    return 1 <= e <= 5

# A vehicle makes between 20 and 300 F param in a typical day.
def r6(f: float) -> bool:
    return 20 <= f <= 300

# A vehicle makes between 20 and 250 G param in a typical day.
def r7(g: float) -> bool:
    return 20 <= g <= 250

# A vehicle operates at H param between 0 and 80 in a typical day.
def r8(h: float) -> bool:
    return 0 <= h <= 80


Input text:
Textual context: PTO operation time should be less than or equal to the total operation time.
Idle time must always be less than or equal to the total operation time.
The load on axle 1 must not surpass the load on axle 2.
The load carried by axle 1 must be smaller than or equal to the load on axle 3.
Payload must remain below or equal to the load carried by axle 2.
The payload must not exceed the load carried by axle 3.
The total operation time must always be not lower than the combined duration of PTO operation, idle time, and driving time.";"
```python
# Define functions to check each condition based on the given parameters
def r9(pto_time: float, total_time: float) -> bool:
    return pto_time <= total_time

def r10(idle_time: float, total_time: float) -> bool:
    return idle_time <= total_time

def r11(load_axle_1: float, load_axle_2: float) -> bool:
    return load_axle_1 <= load_axle_2

def r12(load_axle_1: float, load_axle_3: float) -> bool:
    return load_axle_1 <= load_axle_3

def r13(payload: float, load_axle_2: float) -> bool:
    return payload <= load_axle_2

def r14(payload: float, load_axle_3: float) -> bool:
    return payload <= load_axle_3

def r15(total_time: float, combined_duration: float) -> bool:
    return total_time >= combined_duration
```"
"System Message:
You are a logician with a background in mathematics that translates natural language
reasoning text to Python3 code so that these natural language reasoning problems can be solved.
During the translation, please pay close attention to defining variables and rules.
Do not add any comments from you.
Be guided by the following example:
Example input text:
Textual context: A vehicle operates over a A param between 20 and 110 in a typical day.
A vehicle operates for a B param between 2 and 10 in a typical day.
A vehicle operates with C param between 0.2 and 5 in a typical day.
A vehicle remains D param between 1 and 5 in a typical day.
A vehicle spends E param between 1 and 5 in a typical day.
A vehicle makes between 20 and 300 F param in a typical day.
A vehicle makes between 20 and 250 G param in a typical day.
A vehicle operates at H param between 0 and 80 in a typical day.

Example Python3 code:
# A vehicle operates over a A param between 20 and 110 in a typical day.
def r1(a: float) -> bool:
    return 20 <= a <= 110

# A vehicle operates for a B param between 2 and 10 in a typical day.
def r2(b: float) -> bool:
    return 2 <= b <= 10

# A vehicle operates with C param between 0.2 and 5 in a typical day.
def r3(c: float) -> bool:
    return 0.2 <= c <= 5

# A vehicle remains D param between 1 and 5 in a typical day.
def r4(d: float) -> bool:
    return 1 <= d <= 5

# A vehicle spends E param between 1 and 5 in a typical day.
def r5(e: float) -> bool:
    return 1 <= e <= 5

# A vehicle makes between 20 and 300 F param in a typical day.
def r6(f: float) -> bool:
    return 20 <= f <= 300

# A vehicle makes between 20 and 250 G param in a typical day.
def r7(g: float) -> bool:
    return 20 <= g <= 250

# A vehicle operates at H param between 0 and 80 in a typical day.
def r8(h: float) -> bool:
    return 0 <= h <= 80


Input text:
Textual context: The total operation duration must not be lower than the PTO operation time.
Idle time cannot be greater than the total operation time.
Total operation time should shouldn’t be lower than driving time.
The weight on axle 1 cannot surpass the weight on axle 2.
The payload must not exceed the load carried by axle 2.
The payload cannot exceed the capacity of axle 3.
The combined time for PTO operation, idle time, and driving time must not surpass the total operation time.";"
```python
# Define functions to check each condition based on the given parameters
def r9(p: float) -> bool:
    # Total operation duration must not be lower than the PTO operation time
    return p >= 10

def r10(i: float) -> bool:
    # Idle time cannot be greater than the total operation time
    return i <= p

def r11(t: float) -> bool:
    # Total operation time should shouldn't be lower than driving time
    return t >= 5

def r12(w1: float) -> bool:
    # The weight on axle 1 cannot surpass the weight on axle 2
    return w1 <= w2

def r13(p2: float) -> bool:
    # The payload must not exceed the load carried by axle 2
    return p2 <= l2

def r14(p3: float) -> bool:
    # The payload cannot exceed the capacity of axle 3
    return p3 <= c3

def r15(pto_t: float, idl_t: float, drv_t: float) -> bool:
    # The combined time for PTO operation, idle time, and driving time must not surpass the total operation time
    return pto_t + idl_t + drv_t <= p
```"
"System Message:
You are a logician with a background in mathematics that translates natural language
reasoning text to Python3 code so that these natural language reasoning problems can be solved.
During the translation, please pay close attention to defining variables and rules.
Do not add any comments from you.
Be guided by the following example:
Example input text:
Textual context: A vehicle operates over a A param between 20 and 110 in a typical day.
A vehicle operates for a B param between 2 and 10 in a typical day.
A vehicle operates with C param between 0.2 and 5 in a typical day.
A vehicle remains D param between 1 and 5 in a typical day.
A vehicle spends E param between 1 and 5 in a typical day.
A vehicle makes between 20 and 300 F param in a typical day.
A vehicle makes between 20 and 250 G param in a typical day.
A vehicle operates at H param between 0 and 80 in a typical day.

Example Python3 code:
# A vehicle operates over a A param between 20 and 110 in a typical day.
def r1(a: float) -> bool:
    return 20 <= a <= 110

# A vehicle operates for a B param between 2 and 10 in a typical day.
def r2(b: float) -> bool:
    return 2 <= b <= 10

# A vehicle operates with C param between 0.2 and 5 in a typical day.
def r3(c: float) -> bool:
    return 0.2 <= c <= 5

# A vehicle remains D param between 1 and 5 in a typical day.
def r4(d: float) -> bool:
    return 1 <= d <= 5

# A vehicle spends E param between 1 and 5 in a typical day.
def r5(e: float) -> bool:
    return 1 <= e <= 5

# A vehicle makes between 20 and 300 F param in a typical day.
def r6(f: float) -> bool:
    return 20 <= f <= 300

# A vehicle makes between 20 and 250 G param in a typical day.
def r7(g: float) -> bool:
    return 20 <= g <= 250

# A vehicle operates at H param between 0 and 80 in a typical day.
def r8(h: float) -> bool:
    return 0 <= h <= 80


Input text:
Textual context: PTO operation time should be less than or equal to the total operation time.
Total operation time shouldn’t be lower than idle time.
Driving time must always be less than or equal to the total operation time.
The load supported by axle 1 cannot exceed that of axle 2.
The load carried by axle 1 must be smaller than or equal to the load on axle 3.
Axle 2's load must always be equal to or greater than the payload.
The payload must always be smaller than or equal to the load on axle 3.
The combined time for PTO operation, idle time, and driving time must not surpass the total operation time.";"
```python
# Define functions to check each condition based on the given parameters
def r9(pto_time: float, total_time: float) -> bool:
    return pto_time <= total_time

def r10(total_time: float, idle_time: float) -> bool:
    return total_time >= idle_time

def r11(driving_time: float, total_time: float) -> bool:
    return driving_time <= total_time

def r12(axle1_load: float, axle2_load: float) -> bool:
    return axle1_load <= axle2_load

def r13(axle1_load: float, axle3_load: float) -> bool:
    return axle1_load <= axle3_load

def r14(axle2_load: float, payload: float) -> bool:
    return axle2_load >= payload

def r15(payload: float, axle3_load: float) -> bool:
    return payload <= axle3_load

def r16(pto_time: float, idle_time: float, driving_time: float, total_time: float) -> bool:
    return pto_time + idle_time + driving_time <= total_time
```

These functions `r9`, `r10`, `r11`, `r12`, `r13`, `r14`, `r15`, and `r16` correspond to the conditions provided in the input text and are used to validate the system's behavior based on the given parameters."
"System Message:
You are a logician with a background in mathematics that translates natural language
reasoning text to Python3 code so that these natural language reasoning problems can be solved.
During the translation, please pay close attention to defining variables and rules.
Do not add any comments from you.
Be guided by the following example:
Example input text:
Textual context: A vehicle operates over a A param between 20 and 110 in a typical day.
A vehicle operates for a B param between 2 and 10 in a typical day.
A vehicle operates with C param between 0.2 and 5 in a typical day.
A vehicle remains D param between 1 and 5 in a typical day.
A vehicle spends E param between 1 and 5 in a typical day.
A vehicle makes between 20 and 300 F param in a typical day.
A vehicle makes between 20 and 250 G param in a typical day.
A vehicle operates at H param between 0 and 80 in a typical day.

Example Python3 code:
# A vehicle operates over a A param between 20 and 110 in a typical day.
def r1(a: float) -> bool:
    return 20 <= a <= 110

# A vehicle operates for a B param between 2 and 10 in a typical day.
def r2(b: float) -> bool:
    return 2 <= b <= 10

# A vehicle operates with C param between 0.2 and 5 in a typical day.
def r3(c: float) -> bool:
    return 0.2 <= c <= 5

# A vehicle remains D param between 1 and 5 in a typical day.
def r4(d: float) -> bool:
    return 1 <= d <= 5

# A vehicle spends E param between 1 and 5 in a typical day.
def r5(e: float) -> bool:
    return 1 <= e <= 5

# A vehicle makes between 20 and 300 F param in a typical day.
def r6(f: float) -> bool:
    return 20 <= f <= 300

# A vehicle makes between 20 and 250 G param in a typical day.
def r7(g: float) -> bool:
    return 20 <= g <= 250

# A vehicle operates at H param between 0 and 80 in a typical day.
def r8(h: float) -> bool:
    return 0 <= h <= 80


Input text:
Textual context: Total operation time shouldn’t be lower than PTO operation time.
Total operation time shouldn’t be lower than idle time.
The total operation durationmust not be lower than the driving time.
The number of stops where PTO is engaged must not exceed the overall stop count.
Axle 1's load cannot exceed Axle 2's load.
The load carried by axle 1 must be smaller than or equal to the load on axle 3.
Total operation time must be greater than or equal to the sum of PTO operation, idle, and driving times.";"
```python
# Total operation time shouldn't be lower than PTO operation time.
def r9(pto_time: float) -> bool:
    return pto_time >= 0

# Total operation time shouldn't be lower than idle time.
def r10(idle_time: float) -> bool:
    return idle_time >= 0

# The total operation duration must not be lower than the driving time.
def r11(driving_time: float) -> bool:
    return driving_time >= 0

# The number of stops where PTO is engaged must not exceed the overall stop count.
def r12(stop_count: int) -> bool:
    # Assuming stop_count is an integer representing the number of stops
    return stop_count >= 0

# Axle 1's load cannot exceed Axle 2's load.
def r13(load_axle_1: float, load_axle_2: float) -> bool:
    return load_axle_1 <= load_axle_2

# The load carried by axle 1 must be smaller than or equal to the load on axle 3.
def r14(load_axle_1: float, load_axle_3: float) -> bool:
    return load_axle_1 <= load_axle_3

# Total operation time must be greater than or equal to the sum of PTO operation, idle, and driving times.
def r15(total_operation_time: float, pto_time: float, idle_time: float, driving_time: float) -> bool:
    return total_operation_time >= (pto_time + idle_time + driving_time)
```"
"System Message:
You are a logician with a background in mathematics that translates natural language
reasoning text to Python3 code so that these natural language reasoning problems can be solved.
During the translation, please pay close attention to defining variables and rules.
Do not add any comments from you.
Be guided by the following example:
Example input text:
Textual context: A vehicle operates over a A param between 20 and 110 in a typical day.
A vehicle operates for a B param between 2 and 10 in a typical day.
A vehicle operates with C param between 0.2 and 5 in a typical day.
A vehicle remains D param between 1 and 5 in a typical day.
A vehicle spends E param between 1 and 5 in a typical day.
A vehicle makes between 20 and 300 F param in a typical day.
A vehicle makes between 20 and 250 G param in a typical day.
A vehicle operates at H param between 0 and 80 in a typical day.

Example Python3 code:
# A vehicle operates over a A param between 20 and 110 in a typical day.
def r1(a: float) -> bool:
    return 20 <= a <= 110

# A vehicle operates for a B param between 2 and 10 in a typical day.
def r2(b: float) -> bool:
    return 2 <= b <= 10

# A vehicle operates with C param between 0.2 and 5 in a typical day.
def r3(c: float) -> bool:
    return 0.2 <= c <= 5

# A vehicle remains D param between 1 and 5 in a typical day.
def r4(d: float) -> bool:
    return 1 <= d <= 5

# A vehicle spends E param between 1 and 5 in a typical day.
def r5(e: float) -> bool:
    return 1 <= e <= 5

# A vehicle makes between 20 and 300 F param in a typical day.
def r6(f: float) -> bool:
    return 20 <= f <= 300

# A vehicle makes between 20 and 250 G param in a typical day.
def r7(g: float) -> bool:
    return 20 <= g <= 250

# A vehicle operates at H param between 0 and 80 in a typical day.
def r8(h: float) -> bool:
    return 0 <= h <= 80


Input text:
Textual context: Idle time must always be less than or equal to the total operation time.
The total operation durationmust not be lower than the driving time.
Axle 1's load cannot exceed Axle 2's load.
The load on axle 1 must not surpass the load on axle 3.
The payload must not exceed the load carried by axle 2.
The payload must always be smaller than or equal to the load on axle 3.
Total operation time must be greater than or equal to the sum of PTO operation, idle, and driving times.";"
```python
# Total operation duration must not be lower than the driving time.
def r9(p_to_operation_time: float, driving_time: float) -> bool:
    return p_to_operation_time + driving_time >= driving_time

# Axle 1's load cannot exceed Axle 2's load.
def r10(axle_1_load: float, axle_2_load: float) -> bool:
    return axle_1_load <= axle_2_load

# The load on axle 1 must not surpass the load on axle 3.
def r11(axle_1_load: float, axle_3_load: float) -> bool:
    return axle_1_load <= axle_3_load

# The payload must not exceed the load carried by axle 2.
def r12(payload: float, axle_2_load: float) -> bool:
    return payload <= axle_2_load

# The payload must always be smaller than or equal to the load on axle 3.
def r13(payload: float, axle_3_load: float) -> bool:
    return payload <= axle_3_load

# Total operation time must be greater than or equal to the sum of PTO operation, idle, and driving times.
def r14(pto_operation_time: float, idle_time: float, driving_time: float) -> bool:
    return pto_operation_time + idle_time + driving_time >= idle_time
```"
"System Message:
You are a logician with a background in mathematics that translates natural language
reasoning text to Python3 code so that these natural language reasoning problems can be solved.
During the translation, please pay close attention to defining variables and rules.
Do not add any comments from you.
Be guided by the following example:
Example input text:
Textual context: A vehicle operates over a A param between 20 and 110 in a typical day.
A vehicle operates for a B param between 2 and 10 in a typical day.
A vehicle operates with C param between 0.2 and 5 in a typical day.
A vehicle remains D param between 1 and 5 in a typical day.
A vehicle spends E param between 1 and 5 in a typical day.
A vehicle makes between 20 and 300 F param in a typical day.
A vehicle makes between 20 and 250 G param in a typical day.
A vehicle operates at H param between 0 and 80 in a typical day.

Example Python3 code:
# A vehicle operates over a A param between 20 and 110 in a typical day.
def r1(a: float) -> bool:
    return 20 <= a <= 110

# A vehicle operates for a B param between 2 and 10 in a typical day.
def r2(b: float) -> bool:
    return 2 <= b <= 10

# A vehicle operates with C param between 0.2 and 5 in a typical day.
def r3(c: float) -> bool:
    return 0.2 <= c <= 5

# A vehicle remains D param between 1 and 5 in a typical day.
def r4(d: float) -> bool:
    return 1 <= d <= 5

# A vehicle spends E param between 1 and 5 in a typical day.
def r5(e: float) -> bool:
    return 1 <= e <= 5

# A vehicle makes between 20 and 300 F param in a typical day.
def r6(f: float) -> bool:
    return 20 <= f <= 300

# A vehicle makes between 20 and 250 G param in a typical day.
def r7(g: float) -> bool:
    return 20 <= g <= 250

# A vehicle operates at H param between 0 and 80 in a typical day.
def r8(h: float) -> bool:
    return 0 <= h <= 80


Input text:
Textual context: PTO operation time cannot be greater than the total operation time.
The total operation duration must not be lower than the idle time.
Driving time should be less than or equal to the total operation time.
The number of stops where PTO is engaged must not exceed the overall stop count.
The load on axle 1 must not surpass the load on axle 2.
Payload must remain below or equal to the load carried by axle 3.
The total operation time must always be not lower than the combined duration of PTO operation, idle time, and driving time.";"
```python
# Define functions to check each condition based on the given parameters
def r9(pto_time: float, total_time: float) -> bool:
    return pto_time <= total_time

def r10(total_time: float, idle_time: float) -> bool:
    return total_time >= idle_time

def r11(driving_time: float, total_time: float) -> bool:
    return driving_time <= total_time

def r12(pto_count: int, total_stops: int) -> bool:
    return pto_count <= total_stops

def r13(load_axle_1: float, load_axle_2: float) -> bool:
    return load_axle_1 <= load_axle_2

def r14(payload: float, load_axle_3: float) -> bool:
    return payload <= load_axle_3

def r15(total_time: float, pto_time: float, idle_time: float, driving_time: float) -> bool:
    return total_time >= pto_time + idle_time + driving_time
```

These functions `r9`, `r10`, `r11`, `r12`, `r13`, `r14`, and `r15` correspond to the conditions provided in the input text and are used to validate the system's behavior based on the given parameters."
"System Message:
You are a logician with a background in mathematics that translates natural language
reasoning text to Python3 code so that these natural language reasoning problems can be solved.
During the translation, please pay close attention to defining variables and rules.
Do not add any comments from you.
Be guided by the following example:
Example input text:
Textual context: A vehicle operates over a A param between 20 and 110 in a typical day.
A vehicle operates for a B param between 2 and 10 in a typical day.
A vehicle operates with C param between 0.2 and 5 in a typical day.
A vehicle remains D param between 1 and 5 in a typical day.
A vehicle spends E param between 1 and 5 in a typical day.
A vehicle makes between 20 and 300 F param in a typical day.
A vehicle makes between 20 and 250 G param in a typical day.
A vehicle operates at H param between 0 and 80 in a typical day.

Example Python3 code:
# A vehicle operates over a A param between 20 and 110 in a typical day.
def r1(a: float) -> bool:
    return 20 <= a <= 110

# A vehicle operates for a B param between 2 and 10 in a typical day.
def r2(b: float) -> bool:
    return 2 <= b <= 10

# A vehicle operates with C param between 0.2 and 5 in a typical day.
def r3(c: float) -> bool:
    return 0.2 <= c <= 5

# A vehicle remains D param between 1 and 5 in a typical day.
def r4(d: float) -> bool:
    return 1 <= d <= 5

# A vehicle spends E param between 1 and 5 in a typical day.
def r5(e: float) -> bool:
    return 1 <= e <= 5

# A vehicle makes between 20 and 300 F param in a typical day.
def r6(f: float) -> bool:
    return 20 <= f <= 300

# A vehicle makes between 20 and 250 G param in a typical day.
def r7(g: float) -> bool:
    return 20 <= g <= 250

# A vehicle operates at H param between 0 and 80 in a typical day.
def r8(h: float) -> bool:
    return 0 <= h <= 80


Input text:
Textual context: PTO operation time cannot be greater than the total operation time.
Idle time cannot be greater than the total operation time.
The number of stops where PTO is engaged must not exceed the overall stop count.
The weight on axle 1 cannot surpass the weight on axle 3.
Payload must remain below or equal to the load carried by axle 2.
The payload must not exceed the load carried by axle 3.
Total operation time should be at least the sum of PTO, idle, and driving times.";"
```python
# Total operation time should be at least the sum of PTO, idle, and driving times.
def r9(total_time: float, pto_time: float, idle_time: float, driving_time: float) -> bool:
    return total_time >= pto_time + idle_time + driving_time
```"
"System Message:
You are a logician with a background in mathematics that translates natural language
reasoning text to Python3 code so that these natural language reasoning problems can be solved.
During the translation, please pay close attention to defining variables and rules.
Do not add any comments from you.
Be guided by the following example:
Example input text:
Textual context: A vehicle operates over a A param between 20 and 110 in a typical day.
A vehicle operates for a B param between 2 and 10 in a typical day.
A vehicle operates with C param between 0.2 and 5 in a typical day.
A vehicle remains D param between 1 and 5 in a typical day.
A vehicle spends E param between 1 and 5 in a typical day.
A vehicle makes between 20 and 300 F param in a typical day.
A vehicle makes between 20 and 250 G param in a typical day.
A vehicle operates at H param between 0 and 80 in a typical day.

Example Python3 code:
# A vehicle operates over a A param between 20 and 110 in a typical day.
def r1(a: float) -> bool:
    return 20 <= a <= 110

# A vehicle operates for a B param between 2 and 10 in a typical day.
def r2(b: float) -> bool:
    return 2 <= b <= 10

# A vehicle operates with C param between 0.2 and 5 in a typical day.
def r3(c: float) -> bool:
    return 0.2 <= c <= 5

# A vehicle remains D param between 1 and 5 in a typical day.
def r4(d: float) -> bool:
    return 1 <= d <= 5

# A vehicle spends E param between 1 and 5 in a typical day.
def r5(e: float) -> bool:
    return 1 <= e <= 5

# A vehicle makes between 20 and 300 F param in a typical day.
def r6(f: float) -> bool:
    return 20 <= f <= 300

# A vehicle makes between 20 and 250 G param in a typical day.
def r7(g: float) -> bool:
    return 20 <= g <= 250

# A vehicle operates at H param between 0 and 80 in a typical day.
def r8(h: float) -> bool:
    return 0 <= h <= 80


Input text:
Textual context: PTO operation time must be less than or equal to the total operation time.
Idle time must always be less than or equal to the total operation time.
Total operation time should shouldn’t be lower than driving time.
PTO-engaged stops cannot exceed the total number of stops.
The load carried by axle 1 must be smaller than or equal to the load on axle 3.
Axle 2's load must always be equal to or greater than the payload.
Payload must remain below or equal to the load carried by axle 3.
Total operation time must be greater than or equal to the sum of PTO operation, idle, and driving times.";"
```python
# PTO operation time must be less than or equal to the total operation time.
def r9(pto_time: float, total_time: float) -> bool:
    return pto_time <= total_time

# Idle time must always be less than or equal to the total operation time.
def r10(idle_time: float, total_time: float) -> bool:
    return idle_time <= total_time

# Total operation time should shouldn't be lower than driving time.
def r11(driving_time: float, total_time: float) -> bool:
    return total_time >= driving_time

# PTO-engaged stops cannot exceed the total number of stops.
def r12(pto_stops: int, total_stops: int) -> bool:
    return pto_stops <= total_stops

# The load carried by axle 1 must be smaller than or equal to the load on axle 3.
def r13(axle1_load: float, axle3_load: float) -> bool:
    return axle1_load <= axle3_load

# Axle 2's load must always be equal to or greater than the payload.
def r14(axle2_load: float, payload: float) -> bool:
    return axle2_load >= payload

# Payload must remain below or equal to the load carried by axle 3.
def r15(payload: float, axle3_load: float) -> bool:
    return payload <= axle3_load

# Total operation time must be greater than or equal to the sum of PTO operation, idle, and driving times.
def r16(pto_time: float, idle_time: float, driving_time: float) -> bool:
    return total_time >= pto_time + idle_time + driving_time
```"
"System Message:
You are a logician with a background in mathematics that translates natural language
reasoning text to Python3 code so that these natural language reasoning problems can be solved.
During the translation, please pay close attention to defining variables and rules.
Do not add any comments from you.
Be guided by the following example:
Example input text:
Textual context: A vehicle operates over a A param between 20 and 110 in a typical day.
A vehicle operates for a B param between 2 and 10 in a typical day.
A vehicle operates with C param between 0.2 and 5 in a typical day.
A vehicle remains D param between 1 and 5 in a typical day.
A vehicle spends E param between 1 and 5 in a typical day.
A vehicle makes between 20 and 300 F param in a typical day.
A vehicle makes between 20 and 250 G param in a typical day.
A vehicle operates at H param between 0 and 80 in a typical day.

Example Python3 code:
# A vehicle operates over a A param between 20 and 110 in a typical day.
def r1(a: float) -> bool:
    return 20 <= a <= 110

# A vehicle operates for a B param between 2 and 10 in a typical day.
def r2(b: float) -> bool:
    return 2 <= b <= 10

# A vehicle operates with C param between 0.2 and 5 in a typical day.
def r3(c: float) -> bool:
    return 0.2 <= c <= 5

# A vehicle remains D param between 1 and 5 in a typical day.
def r4(d: float) -> bool:
    return 1 <= d <= 5

# A vehicle spends E param between 1 and 5 in a typical day.
def r5(e: float) -> bool:
    return 1 <= e <= 5

# A vehicle makes between 20 and 300 F param in a typical day.
def r6(f: float) -> bool:
    return 20 <= f <= 300

# A vehicle makes between 20 and 250 G param in a typical day.
def r7(g: float) -> bool:
    return 20 <= g <= 250

# A vehicle operates at H param between 0 and 80 in a typical day.
def r8(h: float) -> bool:
    return 0 <= h <= 80


Input text:
Textual context: Driving time should be less than or equal to the total operation time.
PTO-engaged stops cannot exceed the total number of stops.
The weight on axle 1 cannot surpass the weight on axle 2.
The load on axle 1 must not surpass the load on axle 3.
The payload must always be smaller than or equal to the load on axle 2.
The payload must always be smaller than or equal to the load on axle 3.
The total operation duration must always be greater than or equal to the combined time for PTO, idle, and driving.";"
```python
# Driving time should be less than or equal to the total operation time.
def r9(tot_op_time: float) -> bool:
    return t >= tot_op_time

# PTO-engaged stops cannot exceed the total number of stops.
def r10(num_stops: int) -> bool:
    return num_stops <= tot_num_stops

# The weight on axle 1 cannot surpass the weight on axle 2.
def r11(w1: float, w2: float) -> bool:
    return w1 <= w2

# The load on axle 1 must not surpass the load on axle 3.
def r12(l1: float, l3: float) -> bool:
    return l1 <= l3

# The payload must always be smaller than or equal to the load on axle 2.
def r13(p1: float, l2: float) -> bool:
    return p1 <= l2

# The payload must always be smaller than or equal to the load on axle 3.
def r14(p2: float, l3: float) -> bool:
    return p2 <= l3

# The total operation duration must always be greater than or equal to the combined time for PTO, idle, and driving.
def r15(pto_time: float, idle_time: float, drive_time: float) -> bool:
    return tot_op_time >= (pto_time + idle_time + drive_time)
```"
"System Message:
You are a logician with a background in mathematics that translates natural language
reasoning text to Python3 code so that these natural language reasoning problems can be solved.
During the translation, please pay close attention to defining variables and rules.
Do not add any comments from you.
Be guided by the following example:
Example input text:
Textual context: A vehicle operates over a A param between 20 and 110 in a typical day.
A vehicle operates for a B param between 2 and 10 in a typical day.
A vehicle operates with C param between 0.2 and 5 in a typical day.
A vehicle remains D param between 1 and 5 in a typical day.
A vehicle spends E param between 1 and 5 in a typical day.
A vehicle makes between 20 and 300 F param in a typical day.
A vehicle makes between 20 and 250 G param in a typical day.
A vehicle operates at H param between 0 and 80 in a typical day.

Example Python3 code:
# A vehicle operates over a A param between 20 and 110 in a typical day.
def r1(a: float) -> bool:
    return 20 <= a <= 110

# A vehicle operates for a B param between 2 and 10 in a typical day.
def r2(b: float) -> bool:
    return 2 <= b <= 10

# A vehicle operates with C param between 0.2 and 5 in a typical day.
def r3(c: float) -> bool:
    return 0.2 <= c <= 5

# A vehicle remains D param between 1 and 5 in a typical day.
def r4(d: float) -> bool:
    return 1 <= d <= 5

# A vehicle spends E param between 1 and 5 in a typical day.
def r5(e: float) -> bool:
    return 1 <= e <= 5

# A vehicle makes between 20 and 300 F param in a typical day.
def r6(f: float) -> bool:
    return 20 <= f <= 300

# A vehicle makes between 20 and 250 G param in a typical day.
def r7(g: float) -> bool:
    return 20 <= g <= 250

# A vehicle operates at H param between 0 and 80 in a typical day.
def r8(h: float) -> bool:
    return 0 <= h <= 80


Input text:
Textual context: PTO operation time cannot be greater than the total operation time.
Idle time should be less than or equal to the total operation time.
The total operation durationmust not be lower than the driving time.
Stops with PTO engaged cannot outnumber the total stops.
The load carried by axle 1 must be smaller than or equal to the load on axle 3.
The payload cannot exceed the capacity of axle 2.
Axle 3's load must always be equal to or greater than the payload.
The total operation time must always be not lower than the combined duration of PTO operation, idle time, and driving time.";"
```python
# Define functions to check each condition based on the given parameters
def r9(pto_time: float, total_time: float) -> bool:
    return pto_time <= total_time

def r10(idle_time: float, total_time: float) -> bool:
    return idle_time <= total_time

def r11(total_time: float, driving_time: float) -> bool:
    return total_time >= driving_time

def r12(pto_engaged_stops: int, total_stops: int) -> bool:
    return pto_engaged_stops <= total_stops

def r13(load_axle_1: float, load_axle_3: float) -> bool:
    return load_axle_1 <= load_axle_3

def r14(payload: float, axle_2_capacity: float) -> bool:
    return payload <= axle_2_capacity

def r15(axle_3_load: float, payload: float) -> bool:
    return axle_3_load >= payload

def r16(total_time: float, pto_time: float, idle_time: float, driving_time: float) -> bool:
    return total_time >= pto_time + idle_time + driving_time
```

These functions `r9`, `r10`, `r11`, `r12`, `r13`, `r14`, `r15`, and `r16` correspond to the conditions provided in the input text and are used to validate the constraints based on the given parameters."
"System Message:
You are a logician with a background in mathematics that translates natural language
reasoning text to Python3 code so that these natural language reasoning problems can be solved.
During the translation, please pay close attention to defining variables and rules.
Do not add any comments from you.
Be guided by the following example:
Example input text:
Textual context: A vehicle operates over a A param between 20 and 110 in a typical day.
A vehicle operates for a B param between 2 and 10 in a typical day.
A vehicle operates with C param between 0.2 and 5 in a typical day.
A vehicle remains D param between 1 and 5 in a typical day.
A vehicle spends E param between 1 and 5 in a typical day.
A vehicle makes between 20 and 300 F param in a typical day.
A vehicle makes between 20 and 250 G param in a typical day.
A vehicle operates at H param between 0 and 80 in a typical day.

Example Python3 code:
# A vehicle operates over a A param between 20 and 110 in a typical day.
def r1(a: float) -> bool:
    return 20 <= a <= 110

# A vehicle operates for a B param between 2 and 10 in a typical day.
def r2(b: float) -> bool:
    return 2 <= b <= 10

# A vehicle operates with C param between 0.2 and 5 in a typical day.
def r3(c: float) -> bool:
    return 0.2 <= c <= 5

# A vehicle remains D param between 1 and 5 in a typical day.
def r4(d: float) -> bool:
    return 1 <= d <= 5

# A vehicle spends E param between 1 and 5 in a typical day.
def r5(e: float) -> bool:
    return 1 <= e <= 5

# A vehicle makes between 20 and 300 F param in a typical day.
def r6(f: float) -> bool:
    return 20 <= f <= 300

# A vehicle makes between 20 and 250 G param in a typical day.
def r7(g: float) -> bool:
    return 20 <= g <= 250

# A vehicle operates at H param between 0 and 80 in a typical day.
def r8(h: float) -> bool:
    return 0 <= h <= 80


Input text:
Textual context: PTO operation time should be less than or equal to the total operation time.
Idle time must always be less than or equal to the total operation time.
The total operation durationmust not be lower than the driving time.
The number of stops where PTO is engaged must not exceed the overall stop count.
Axle 1's load cannot exceed Axle 3's load.
Payload must remain below or equal to the load carried by axle 2.
Payload must remain below or equal to the load carried by axle 3.";"
```python
# Define functions to check each condition based on the given parameters
def r9(p: float) -> bool:
    # PTO operation time should be less than or equal to the total operation time
    return p <= (r1(1) + r2(1) + r3(1) + r4(1) + r5(1))

def r10(i: float) -> bool:
    # Idle time must always be less than or equal to the total operation time
    return i <= (r1(1) + r2(1) + r3(1) + r4(1) + r5(1))

def r11(t: float) -> bool:
    # The total operation duration must not be lower than the driving time
    return t >= (r1(1) + r2(1) + r3(1) + r4(1) + r5(1))

def r12(s: int) -> bool:
    # The number of stops where PTO is engaged must not exceed the overall stop count
    return s <= (r1(1) + r2(1) + r3(1) + r4(1) + r5(1))

def r13(l1: float) -> bool:
    # Axle 1's load cannot exceed Axle 3's load
    return l1 <= l3

def r14(p2: float) -> bool:
    # Payload must remain below or equal to the load carried by axle 2
    return p2 <= l2

def r15(p3: float) -> bool:
    # Payload must remain below or equal to the load carried by axle 3
    return p3 <= l3
```"
"System Message:
You are a logician with a background in mathematics that translates natural language
reasoning text to Python3 code so that these natural language reasoning problems can be solved.
During the translation, please pay close attention to defining variables and rules.
Do not add any comments from you.
Be guided by the following example:
Example input text:
Textual context: A vehicle operates over a A param between 20 and 110 in a typical day.
A vehicle operates for a B param between 2 and 10 in a typical day.
A vehicle operates with C param between 0.2 and 5 in a typical day.
A vehicle remains D param between 1 and 5 in a typical day.
A vehicle spends E param between 1 and 5 in a typical day.
A vehicle makes between 20 and 300 F param in a typical day.
A vehicle makes between 20 and 250 G param in a typical day.
A vehicle operates at H param between 0 and 80 in a typical day.

Example Python3 code:
# A vehicle operates over a A param between 20 and 110 in a typical day.
def r1(a: float) -> bool:
    return 20 <= a <= 110

# A vehicle operates for a B param between 2 and 10 in a typical day.
def r2(b: float) -> bool:
    return 2 <= b <= 10

# A vehicle operates with C param between 0.2 and 5 in a typical day.
def r3(c: float) -> bool:
    return 0.2 <= c <= 5

# A vehicle remains D param between 1 and 5 in a typical day.
def r4(d: float) -> bool:
    return 1 <= d <= 5

# A vehicle spends E param between 1 and 5 in a typical day.
def r5(e: float) -> bool:
    return 1 <= e <= 5

# A vehicle makes between 20 and 300 F param in a typical day.
def r6(f: float) -> bool:
    return 20 <= f <= 300

# A vehicle makes between 20 and 250 G param in a typical day.
def r7(g: float) -> bool:
    return 20 <= g <= 250

# A vehicle operates at H param between 0 and 80 in a typical day.
def r8(h: float) -> bool:
    return 0 <= h <= 80


Input text:
Textual context: The total operation duration must not be lower than the PTO operation time.
Idle time should be less than or equal to the total operation time.
The total operation durationmust not be lower than the driving time.
The number of stops where PTO is engaged must not exceed the overall stop count.
The load supported by axle 1 cannot exceed that of axle 2.
The payload must not exceed the load carried by axle 2.
Total operation time should be at least the sum of PTO, idle, and driving times.";"
```python
# Total operation duration must not be lower than the PTO operation time.
def r9(total_operation_time: float, pto_operation_time: float) -> bool:
    return total_operation_time >= pto_operation_time

# Idle time should be less than or equal to the total operation time.
def r10(idle_time: float, total_operation_time: float) -> bool:
    return idle_time <= total_operation_time

# The total operation duration must not be lower than the driving time.
def r11(total_operation_time: float, driving_time: float) -> bool:
    return total_operation_time >= driving_time

# The number of stops where PTO is engaged must not exceed the overall stop count.
def r12(pto_stops: int, overall_stop_count: int) -> bool:
    return pto_stops <= overall_stop_count

# The load supported by axle 1 cannot exceed that of axle 2.
def r13(load_axle_1: float, load_axle_2: float) -> bool:
    return load_axle_1 <= load_axle_2

# The payload must not exceed the load carried by axle 2.
def r14(payload: float, load_axle_2: float) -> bool:
    return payload <= load_axle_2

# Total operation time should be at least the sum of PTO, idle, and driving times.
def r15(total_operation_time: float, pto_time: float, idle_time: float, driving_time: float) -> bool:
    return total_operation_time >= pto_time + idle_time + driving_time
```"
"System Message:
You are a logician with a background in mathematics that translates natural language
reasoning text to Python3 code so that these natural language reasoning problems can be solved.
During the translation, please pay close attention to defining variables and rules.
Do not add any comments from you.
Be guided by the following example:
Example input text:
Textual context: A vehicle operates over a A param between 20 and 110 in a typical day.
A vehicle operates for a B param between 2 and 10 in a typical day.
A vehicle operates with C param between 0.2 and 5 in a typical day.
A vehicle remains D param between 1 and 5 in a typical day.
A vehicle spends E param between 1 and 5 in a typical day.
A vehicle makes between 20 and 300 F param in a typical day.
A vehicle makes between 20 and 250 G param in a typical day.
A vehicle operates at H param between 0 and 80 in a typical day.

Example Python3 code:
# A vehicle operates over a A param between 20 and 110 in a typical day.
def r1(a: float) -> bool:
    return 20 <= a <= 110

# A vehicle operates for a B param between 2 and 10 in a typical day.
def r2(b: float) -> bool:
    return 2 <= b <= 10

# A vehicle operates with C param between 0.2 and 5 in a typical day.
def r3(c: float) -> bool:
    return 0.2 <= c <= 5

# A vehicle remains D param between 1 and 5 in a typical day.
def r4(d: float) -> bool:
    return 1 <= d <= 5

# A vehicle spends E param between 1 and 5 in a typical day.
def r5(e: float) -> bool:
    return 1 <= e <= 5

# A vehicle makes between 20 and 300 F param in a typical day.
def r6(f: float) -> bool:
    return 20 <= f <= 300

# A vehicle makes between 20 and 250 G param in a typical day.
def r7(g: float) -> bool:
    return 20 <= g <= 250

# A vehicle operates at H param between 0 and 80 in a typical day.
def r8(h: float) -> bool:
    return 0 <= h <= 80


Input text:
Textual context: Total operation time shouldn’t be lower than PTO operation time.
Idle time should be less than or equal to the total operation time.
Driving time must always be less than or equal to the total operation time.
Stops with PTO engaged cannot outnumber the total stops.
The load on axle 1 must not surpass the load on axle 3.
Payload must remain below or equal to the load carried by axle 2.
The total operation time must always be not lower than the combined duration of PTO operation, idle time, and driving time.";"
```python
# Total operation time shouldn't be lower than PTO operation time.
def r9(pto_time: float) -> bool:
    return pto_time >= 0

# Idle time should be less than or equal to the total operation time.
def r10(total_time: float) -> bool:
    return idle_time <= total_time

# Driving time must always be less than or equal to the total operation time.
def r11(total_time: float) -> bool:
    return driving_time <= total_time

# Stops with PTO engaged cannot outnumber the total stops.
def r12(total_stops: int) -> bool:
    return total_stops >= 0

# The load on axle 1 must not surpass the load on axle 3.
def r13(load_axle_1: float, load_axle_3: float) -> bool:
    return load_axle_1 <= load_axle_3

# Payload must remain below or equal to the load carried by axle 2.
def r14(payload: float, load_axle_2: float) -> bool:
    return payload <= load_axle_2

# The total operation time must always be not lower than the combined duration of PTO operation, idle time, and driving time.
def r15(total_time: float, pto_time: float, idle_time: float, driving_time: float) -> bool:
    return total_time >= pto_time + idle_time + driving_time
```"
"System Message:
You are a logician with a background in mathematics that translates natural language
reasoning text to Python3 code so that these natural language reasoning problems can be solved.
During the translation, please pay close attention to defining variables and rules.
Do not add any comments from you.
Be guided by the following example:
Example input text:
Textual context: A vehicle operates over a A param between 20 and 110 in a typical day.
A vehicle operates for a B param between 2 and 10 in a typical day.
A vehicle operates with C param between 0.2 and 5 in a typical day.
A vehicle remains D param between 1 and 5 in a typical day.
A vehicle spends E param between 1 and 5 in a typical day.
A vehicle makes between 20 and 300 F param in a typical day.
A vehicle makes between 20 and 250 G param in a typical day.
A vehicle operates at H param between 0 and 80 in a typical day.

Example Python3 code:
# A vehicle operates over a A param between 20 and 110 in a typical day.
def r1(a: float) -> bool:
    return 20 <= a <= 110

# A vehicle operates for a B param between 2 and 10 in a typical day.
def r2(b: float) -> bool:
    return 2 <= b <= 10

# A vehicle operates with C param between 0.2 and 5 in a typical day.
def r3(c: float) -> bool:
    return 0.2 <= c <= 5

# A vehicle remains D param between 1 and 5 in a typical day.
def r4(d: float) -> bool:
    return 1 <= d <= 5

# A vehicle spends E param between 1 and 5 in a typical day.
def r5(e: float) -> bool:
    return 1 <= e <= 5

# A vehicle makes between 20 and 300 F param in a typical day.
def r6(f: float) -> bool:
    return 20 <= f <= 300

# A vehicle makes between 20 and 250 G param in a typical day.
def r7(g: float) -> bool:
    return 20 <= g <= 250

# A vehicle operates at H param between 0 and 80 in a typical day.
def r8(h: float) -> bool:
    return 0 <= h <= 80


Input text:
Textual context: PTO operation time should be less than or equal to the total operation time.
Total operation time shouldn’t be lower than idle time.
Driving time should be less than or equal to the total operation time.
The number of stops where PTO is engaged must not exceed the overall stop count.
The weight on axle 1 cannot surpass the weight on axle 2.
The load supported by axle 1 cannot exceed that of axle 3.
The payload must always be smaller than or equal to the load on axle 3.
Total operation time must be greater than or equal to the sum of PTO operation, idle, and driving times.";"
```python
# Define functions to check each condition based on the given parameters
def r9(pto_time: float, total_time: float) -> bool:
    return pto_time <= total_time

def r10(total_time: float, idle_time: float) -> bool:
    return total_time >= idle_time

def r11(driving_time: float, total_time: float) -> bool:
    return driving_time <= total_time

def r12(pto_count: int, total_stop_count: int) -> bool:
    return pto_count <= total_stop_count

def r13(weight_axle_1: float, weight_axle_2: float) -> bool:
    return weight_axle_1 <= weight_axle_2

def r14(load_axle_1: float, load_axle_3: float) -> bool:
    return load_axle_1 <= load_axle_3

def r15(payload: float, load_axle_3: float) -> bool:
    return payload <= load_axle_3

def r16(total_time: float, pto_time: float, idle_time: float, driving_time: float) -> bool:
    return total_time >= pto_time + idle_time + driving_time
```

These functions `r9`, `r10`, `r11`, `r12`, `r13`, `r14`, `r15`, and `r16` correspond to the conditions specified in the input text and are used to validate the given parameters against the logical constraints."
"System Message:
You are a logician with a background in mathematics that translates natural language
reasoning text to Python3 code so that these natural language reasoning problems can be solved.
During the translation, please pay close attention to defining variables and rules.
Do not add any comments from you.
Be guided by the following example:
Example input text:
Textual context: A vehicle operates over a A param between 20 and 110 in a typical day.
A vehicle operates for a B param between 2 and 10 in a typical day.
A vehicle operates with C param between 0.2 and 5 in a typical day.
A vehicle remains D param between 1 and 5 in a typical day.
A vehicle spends E param between 1 and 5 in a typical day.
A vehicle makes between 20 and 300 F param in a typical day.
A vehicle makes between 20 and 250 G param in a typical day.
A vehicle operates at H param between 0 and 80 in a typical day.

Example Python3 code:
# A vehicle operates over a A param between 20 and 110 in a typical day.
def r1(a: float) -> bool:
    return 20 <= a <= 110

# A vehicle operates for a B param between 2 and 10 in a typical day.
def r2(b: float) -> bool:
    return 2 <= b <= 10

# A vehicle operates with C param between 0.2 and 5 in a typical day.
def r3(c: float) -> bool:
    return 0.2 <= c <= 5

# A vehicle remains D param between 1 and 5 in a typical day.
def r4(d: float) -> bool:
    return 1 <= d <= 5

# A vehicle spends E param between 1 and 5 in a typical day.
def r5(e: float) -> bool:
    return 1 <= e <= 5

# A vehicle makes between 20 and 300 F param in a typical day.
def r6(f: float) -> bool:
    return 20 <= f <= 300

# A vehicle makes between 20 and 250 G param in a typical day.
def r7(g: float) -> bool:
    return 20 <= g <= 250

# A vehicle operates at H param between 0 and 80 in a typical day.
def r8(h: float) -> bool:
    return 0 <= h <= 80


Input text:
Textual context: The total operation duration must not be lower than the idle time.
Total operation time should shouldn’t be lower than driving time.
The total stop count must not be lower than the count of stops where PTO is engaged.
The load carried by axle 1 must be smaller than or equal to the load on axle 3.
Payload must remain below or equal to the load carried by axle 2.
The payload must not exceed the load carried by axle 3.
The total operation duration must always be greater than or equal to the combined time for PTO, idle, and driving.";"
```python
# Total operation duration must not be lower than the idle time.
def r9(tot_op_duration: float, idle_time: float) -> bool:
    return tot_op_duration >= idle_time

# Total operation time should shouldn’t be lower than driving time.
def r10(tot_op_time: float, driving_time: float) -> bool:
    return tot_op_time >= driving_time

# The total stop count must not be lower than the count of stops where PTO is engaged.
def r11(stop_count: int, pto_stops: int) -> bool:
    return stop_count >= pto_stops

# The load carried by axle 1 must be smaller than or equal to the load on axle 3.
def r12(load_axle_1: float, load_axle_3: float) -> bool:
    return load_axle_1 <= load_axle_3

# Payload must remain below or equal to the load carried by axle 2.
def r13(payload: float, load_axle_2: float) -> bool:
    return payload <= load_axle_2

# The payload must not exceed the load carried by axle 3.
def r14(payload: float, load_axle_3: float) -> bool:
    return payload <= load_axle_3

# The total operation duration must always be greater than or equal to the combined time for PTO, idle, and driving.
def r15(tot_op_duration: float, pto_time: float, idle_time: float, driving_time: float) -> bool:
    return tot_op_duration >= (pto_time + idle_time + driving_time)
```"
"System Message:
You are a logician with a background in mathematics that translates natural language
reasoning text to Python3 code so that these natural language reasoning problems can be solved.
During the translation, please pay close attention to defining variables and rules.
Do not add any comments from you.
Be guided by the following example:
Example input text:
Textual context: A vehicle operates over a A param between 20 and 110 in a typical day.
A vehicle operates for a B param between 2 and 10 in a typical day.
A vehicle operates with C param between 0.2 and 5 in a typical day.
A vehicle remains D param between 1 and 5 in a typical day.
A vehicle spends E param between 1 and 5 in a typical day.
A vehicle makes between 20 and 300 F param in a typical day.
A vehicle makes between 20 and 250 G param in a typical day.
A vehicle operates at H param between 0 and 80 in a typical day.

Example Python3 code:
# A vehicle operates over a A param between 20 and 110 in a typical day.
def r1(a: float) -> bool:
    return 20 <= a <= 110

# A vehicle operates for a B param between 2 and 10 in a typical day.
def r2(b: float) -> bool:
    return 2 <= b <= 10

# A vehicle operates with C param between 0.2 and 5 in a typical day.
def r3(c: float) -> bool:
    return 0.2 <= c <= 5

# A vehicle remains D param between 1 and 5 in a typical day.
def r4(d: float) -> bool:
    return 1 <= d <= 5

# A vehicle spends E param between 1 and 5 in a typical day.
def r5(e: float) -> bool:
    return 1 <= e <= 5

# A vehicle makes between 20 and 300 F param in a typical day.
def r6(f: float) -> bool:
    return 20 <= f <= 300

# A vehicle makes between 20 and 250 G param in a typical day.
def r7(g: float) -> bool:
    return 20 <= g <= 250

# A vehicle operates at H param between 0 and 80 in a typical day.
def r8(h: float) -> bool:
    return 0 <= h <= 80


Input text:
Textual context: PTO operation time cannot be greater than the total operation time.
Idle time should be less than or equal to the total operation time.
The number of stops where PTO is engaged must not exceed the overall stop count.
Axle 1's load cannot exceed Axle 2's load.
The load on axle 1 must not surpass the load on axle 3.
Axle 2's load must always be equal to or greater than the payload.
The payload must not exceed the load carried by axle 3.
Total operation time should be at least the sum of PTO, idle, and driving times.";"
```python
# Total operation time should be at least the sum of PTO, idle, and driving times.
def r9(total_time: float, pto_time: float, idle_time: float, driving_time: float) -> bool:
    return total_time >= pto_time + idle_time + driving_time
```"
"System Message:
You are a logician with a background in mathematics that translates natural language
reasoning text to Python3 code so that these natural language reasoning problems can be solved.
During the translation, please pay close attention to defining variables and rules.
Do not add any comments from you.
Be guided by the following example:
Example input text:
Textual context: A vehicle operates over a A param between 20 and 110 in a typical day.
A vehicle operates for a B param between 2 and 10 in a typical day.
A vehicle operates with C param between 0.2 and 5 in a typical day.
A vehicle remains D param between 1 and 5 in a typical day.
A vehicle spends E param between 1 and 5 in a typical day.
A vehicle makes between 20 and 300 F param in a typical day.
A vehicle makes between 20 and 250 G param in a typical day.
A vehicle operates at H param between 0 and 80 in a typical day.

Example Python3 code:
# A vehicle operates over a A param between 20 and 110 in a typical day.
def r1(a: float) -> bool:
    return 20 <= a <= 110

# A vehicle operates for a B param between 2 and 10 in a typical day.
def r2(b: float) -> bool:
    return 2 <= b <= 10

# A vehicle operates with C param between 0.2 and 5 in a typical day.
def r3(c: float) -> bool:
    return 0.2 <= c <= 5

# A vehicle remains D param between 1 and 5 in a typical day.
def r4(d: float) -> bool:
    return 1 <= d <= 5

# A vehicle spends E param between 1 and 5 in a typical day.
def r5(e: float) -> bool:
    return 1 <= e <= 5

# A vehicle makes between 20 and 300 F param in a typical day.
def r6(f: float) -> bool:
    return 20 <= f <= 300

# A vehicle makes between 20 and 250 G param in a typical day.
def r7(g: float) -> bool:
    return 20 <= g <= 250

# A vehicle operates at H param between 0 and 80 in a typical day.
def r8(h: float) -> bool:
    return 0 <= h <= 80


Input text:
Textual context: PTO operation time cannot be greater than the total operation time.
Idle time cannot be greater than the total operation time.
Driving time cannot be greater than the total operation time.
The load carried by axle 1 must be smaller than or equal to the load on axle 2.
Axle 1's load cannot exceed Axle 3's load.
The payload must always be smaller than or equal to the load on axle 2.
The payload must not exceed the load carried by axle 3.";"
```python
# Define functions to check each condition based on the given parameters
def r9(p: float) -> bool:
    # PTO operation time cannot be greater than the total operation time
    return p <= (r1(1) + r2(1) + r3(1) + r4(1) + r5(1))

def r10(i: float) -> bool:
    # Idle time cannot be greater than the total operation time
    return i <= (r1(1) + r2(1) + r3(1) + r4(1) + r5(1))

def r11(d: float) -> bool:
    # Driving time cannot be greater than the total operation time
    return d <= (r1(1) + r2(1) + r3(1) + r4(1) + r5(1))

def r12(l1: float, l2: float) -> bool:
    # The load carried by axle 1 must be smaller than or equal to the load on axle 2
    return l1 <= l2

def r13(l1: float, l3: float) -> bool:
    # Axle 1's load cannot exceed Axle 3's load
    return l1 <= l3

def r14(p: float, l2: float) -> bool:
    # The payload must always be smaller than or equal to the load on axle 2
    return p <= l2

def r15(p: float, l3: float) -> bool:
    # The payload must not exceed the load carried by axle 3
    return p <= l3
```"
"System Message:
You are a logician with a background in mathematics that translates natural language
reasoning text to Python3 code so that these natural language reasoning problems can be solved.
During the translation, please pay close attention to defining variables and rules.
Do not add any comments from you.
Be guided by the following example:
Example input text:
Textual context: A vehicle operates over a A param between 20 and 110 in a typical day.
A vehicle operates for a B param between 2 and 10 in a typical day.
A vehicle operates with C param between 0.2 and 5 in a typical day.
A vehicle remains D param between 1 and 5 in a typical day.
A vehicle spends E param between 1 and 5 in a typical day.
A vehicle makes between 20 and 300 F param in a typical day.
A vehicle makes between 20 and 250 G param in a typical day.
A vehicle operates at H param between 0 and 80 in a typical day.

Example Python3 code:
# A vehicle operates over a A param between 20 and 110 in a typical day.
def r1(a: float) -> bool:
    return 20 <= a <= 110

# A vehicle operates for a B param between 2 and 10 in a typical day.
def r2(b: float) -> bool:
    return 2 <= b <= 10

# A vehicle operates with C param between 0.2 and 5 in a typical day.
def r3(c: float) -> bool:
    return 0.2 <= c <= 5

# A vehicle remains D param between 1 and 5 in a typical day.
def r4(d: float) -> bool:
    return 1 <= d <= 5

# A vehicle spends E param between 1 and 5 in a typical day.
def r5(e: float) -> bool:
    return 1 <= e <= 5

# A vehicle makes between 20 and 300 F param in a typical day.
def r6(f: float) -> bool:
    return 20 <= f <= 300

# A vehicle makes between 20 and 250 G param in a typical day.
def r7(g: float) -> bool:
    return 20 <= g <= 250

# A vehicle operates at H param between 0 and 80 in a typical day.
def r8(h: float) -> bool:
    return 0 <= h <= 80


Input text:
Textual context: PTO operation time should be less than or equal to the total operation time.
Idle time cannot be greater than the total operation time.
Driving time should be less than or equal to the total operation time.
PTO-engaged stops cannot exceed the total number of stops.
Axle 2's load must always be equal to or greater than the payload.
Axle 3's load must always be equal to or greater than the payload.
The combined time for PTO operation, idle time, and driving time must not surpass the total operation time.";"
```python
# Define functions to check each condition based on the given parameters
def r9(pto_time: float, total_time: float) -> bool:
    return pto_time <= total_time

def r10(idle_time: float, total_time: float) -> bool:
    return idle_time <= total_time

def r11(driving_time: float, total_time: float) -> bool:
    return driving_time <= total_time

def r12(pto_engaged_stops: int, total_stops: int) -> bool:
    return pto_engaged_stops <= total_stops

def r13(axle_2_load: float, payload: float) -> bool:
    return axle_2_load >= payload

def r14(axle_3_load: float, payload: float) -> bool:
    return axle_3_load >= payload

def r15(pto_time: float, idle_time: float, driving_time: float, total_time: float) -> bool:
    return pto_time + idle_time + driving_time <= total_time
```

These functions `r9`, `r10`, `r11`, `r12`, `r13`, `r14`, `r15` correspond to the conditions specified in the input text. Each function takes two arguments: the parameter value and the total operation time, and returns `True` if the condition is met, otherwise `False`."
"System Message:
You are a logician with a background in mathematics that translates natural language
reasoning text to Python3 code so that these natural language reasoning problems can be solved.
During the translation, please pay close attention to defining variables and rules.
Do not add any comments from you.
Be guided by the following example:
Example input text:
Textual context: A vehicle operates over a A param between 20 and 110 in a typical day.
A vehicle operates for a B param between 2 and 10 in a typical day.
A vehicle operates with C param between 0.2 and 5 in a typical day.
A vehicle remains D param between 1 and 5 in a typical day.
A vehicle spends E param between 1 and 5 in a typical day.
A vehicle makes between 20 and 300 F param in a typical day.
A vehicle makes between 20 and 250 G param in a typical day.
A vehicle operates at H param between 0 and 80 in a typical day.

Example Python3 code:
# A vehicle operates over a A param between 20 and 110 in a typical day.
def r1(a: float) -> bool:
    return 20 <= a <= 110

# A vehicle operates for a B param between 2 and 10 in a typical day.
def r2(b: float) -> bool:
    return 2 <= b <= 10

# A vehicle operates with C param between 0.2 and 5 in a typical day.
def r3(c: float) -> bool:
    return 0.2 <= c <= 5

# A vehicle remains D param between 1 and 5 in a typical day.
def r4(d: float) -> bool:
    return 1 <= d <= 5

# A vehicle spends E param between 1 and 5 in a typical day.
def r5(e: float) -> bool:
    return 1 <= e <= 5

# A vehicle makes between 20 and 300 F param in a typical day.
def r6(f: float) -> bool:
    return 20 <= f <= 300

# A vehicle makes between 20 and 250 G param in a typical day.
def r7(g: float) -> bool:
    return 20 <= g <= 250

# A vehicle operates at H param between 0 and 80 in a typical day.
def r8(h: float) -> bool:
    return 0 <= h <= 80


Input text:
Textual context: PTO operation time should be less than or equal to the total operation time.
Idle time cannot be greater than the total operation time.
The total stop count must not be lower than the count of stops where PTO is engaged.
The load on axle 1 must not surpass the load on axle 2.
The weight on axle 1 cannot surpass the weight on axle 3.
The payload must not exceed the load carried by axle 2.
Total operation time should be at least the sum of PTO, idle, and driving times.";"
```python
# Total operation time should be less than or equal to the total operation time.
def r9(total_time: float) -> bool:
    return total_time >= 0

# Idle time cannot be greater than the total operation time.
def r10(idle_time: float) -> bool:
    return idle_time <= total_time

# The total stop count must not be lower than the count of stops where PTO is engaged.
def r11(pto_count: int, engaged_stops: int) -> bool:
    return pto_count <= engaged_stops

# The load on axle 1 must not surpass the load on axle 2.
def r12(load_axle_1: float, load_axle_2: float) -> bool:
    return load_axle_1 <= load_axle_2

# The weight on axle 1 cannot surpass the weight on axle 3.
def r13(weight_axle_1: float, weight_axle_3: float) -> bool:
    return weight_axle_1 <= weight_axle_3

# The payload must not exceed the load carried by axle 2.
def r14(payload: float, load_axle_2: float) -> bool:
    return payload <= load_axle_2

# Total operation time should be at least the sum of PTO, idle, and driving times.
def r15(pto_time: float, idle_time: float, driving_time: float) -> bool:
    return total_time >= pto_time + idle_time + driving_time
```"
"System Message:
You are a logician with a background in mathematics that translates natural language
reasoning text to Python3 code so that these natural language reasoning problems can be solved.
During the translation, please pay close attention to defining variables and rules.
Do not add any comments from you.
Be guided by the following example:
Example input text:
Textual context: A vehicle operates over a A param between 20 and 110 in a typical day.
A vehicle operates for a B param between 2 and 10 in a typical day.
A vehicle operates with C param between 0.2 and 5 in a typical day.
A vehicle remains D param between 1 and 5 in a typical day.
A vehicle spends E param between 1 and 5 in a typical day.
A vehicle makes between 20 and 300 F param in a typical day.
A vehicle makes between 20 and 250 G param in a typical day.
A vehicle operates at H param between 0 and 80 in a typical day.

Example Python3 code:
# A vehicle operates over a A param between 20 and 110 in a typical day.
def r1(a: float) -> bool:
    return 20 <= a <= 110

# A vehicle operates for a B param between 2 and 10 in a typical day.
def r2(b: float) -> bool:
    return 2 <= b <= 10

# A vehicle operates with C param between 0.2 and 5 in a typical day.
def r3(c: float) -> bool:
    return 0.2 <= c <= 5

# A vehicle remains D param between 1 and 5 in a typical day.
def r4(d: float) -> bool:
    return 1 <= d <= 5

# A vehicle spends E param between 1 and 5 in a typical day.
def r5(e: float) -> bool:
    return 1 <= e <= 5

# A vehicle makes between 20 and 300 F param in a typical day.
def r6(f: float) -> bool:
    return 20 <= f <= 300

# A vehicle makes between 20 and 250 G param in a typical day.
def r7(g: float) -> bool:
    return 20 <= g <= 250

# A vehicle operates at H param between 0 and 80 in a typical day.
def r8(h: float) -> bool:
    return 0 <= h <= 80


Input text:
Textual context: Total operation time shouldn’t be lower than PTO operation time.
Idle time cannot be greater than the total operation time.
Stops with PTO engaged cannot outnumber the total stops.
The load supported by axle 1 cannot exceed that of axle 2.
The payload cannot exceed the capacity of axle 2.
Payload must remain below or equal to the load carried by axle 3.
The total operation duration must always be greater than or equal to the combined time for PTO, idle, and driving.";"
```python
# Total operation time shouldn't be lower than PTO operation time.
def r9(pto_time: float) -> bool:
    return pto_time >= 0

# Idle time cannot be greater than the total operation time.
def r10(total_time: float) -> bool:
    return total_time - pto_time >= 0

# Stops with PTO engaged cannot outnumber the total stops.
def r11(pto_stops: int) -> bool:
    return pto_stops <= total_stops

# The load supported by axle 1 cannot exceed that of axle 2.
def r12(axle1_load: float) -> bool:
    return axle1_load <= axle2_load

# The payload cannot exceed the capacity of axle 2.
def r13(axle2_payload: float) -> bool:
    return axle2_payload <= axle2_capacity

# Payload must remain below or equal to the load carried by axle 3.
def r14(axle3_payload: float) -> bool:
    return axle3_payload <= axle3_load

# The total operation duration must always be greater than or equal to the combined time for PTO, idle, and driving.
def r15(pto_time: float, idle_time: float, driving_time: float) -> bool:
    return total_time >= pto_time + idle_time + driving_time
```"
"System Message:
You are a logician with a background in mathematics that translates natural language
reasoning text to Python3 code so that these natural language reasoning problems can be solved.
During the translation, please pay close attention to defining variables and rules.
Do not add any comments from you.
Be guided by the following example:
Example input text:
Textual context: A vehicle operates over a A param between 20 and 110 in a typical day.
A vehicle operates for a B param between 2 and 10 in a typical day.
A vehicle operates with C param between 0.2 and 5 in a typical day.
A vehicle remains D param between 1 and 5 in a typical day.
A vehicle spends E param between 1 and 5 in a typical day.
A vehicle makes between 20 and 300 F param in a typical day.
A vehicle makes between 20 and 250 G param in a typical day.
A vehicle operates at H param between 0 and 80 in a typical day.
A vehicle operates with an I param between 550 and 1600 in a typical day.

Example Python3 code:
# A vehicle operates over a A param between 20 and 110 in a typical day.
def r1(a: float) -> bool:
    return 20 <= a <= 110

# A vehicle operates for a B param between 2 and 10 in a typical day.
def r2(b: float) -> bool:
    return 2 <= b <= 10

# A vehicle operates with C param between 0.2 and 5 in a typical day.
def r3(c: float) -> bool:
    return 0.2 <= c <= 5

# A vehicle remains D param between 1 and 5 in a typical day.
def r4(d: float) -> bool:
    return 1 <= d <= 5

# A vehicle spends E param between 1 and 5 in a typical day.
def r5(e: float) -> bool:
    return 1 <= e <= 5

# A vehicle makes between 20 and 300 F param in a typical day.
def r6(f: float) -> bool:
    return 20 <= f <= 300

# A vehicle makes between 20 and 250 G param in a typical day.
def r7(g: float) -> bool:
    return 20 <= g <= 250

# A vehicle operates at H param between 0 and 80 in a typical day.
def r8(h: float) -> bool:
    return 0 <= h <= 80

# A vehicle operates with an I param between 550 and 1600 in a typical day.
def r9(i: float) -> bool:
    return 550 <= i <= 1600


Input text:
Textual context: PTO operation time must be less than or equal to the total operation time.
Idle time must always be less than or equal to the total operation time.
The total operation durationmust not be lower than the driving time.
The total stop count must not be lower than the count of stops where PTO is engaged.
The weight on axle 1 cannot surpass the weight on axle 2.
The weight on axle 1 cannot surpass the weight on axle 3.
Payload must remain below or equal to the load carried by axle 2.
The payload must not exceed the load carried by axle 3.
The total operation time must always be not lower than the combined duration of PTO operation, idle time, and driving time.";"
```python
# PTO operation time must be less than or equal to the total operation time.
def r10(pto_time: float, total_time: float) -> bool:
    return pto_time <= total_time

# Idle time must always be less than or equal to the total operation time.
def r11(idle_time: float, total_time: float) -> bool:
    return idle_time <= total_time

# The total operation duration must not be lower than the driving time.
def r12(total_duration: float, driving_time: float) -> bool:
    return total_duration >= driving_time

# The total stop count must not be lower than the count of stops where PTO is engaged.
def r13(stop_count: int, pto_stops: int) -> bool:
    return stop_count >= pto_stops

# The weight on axle 1 cannot surpass the weight on axle 2.
def r14(axle1_weight: float, axle2_weight: float) -> bool:
    return axle1_weight <= axle2_weight

# The weight on axle 1 cannot surpass the weight on axle 3.
def r15(axle1_weight: float, axle3_weight: float) -> bool:
    return axle1_weight <= axle3_weight

# Payload must remain below or equal to the load carried by axle 2.
def r16(payload: float, axle2_load: float) -> bool:
    return payload <= axle2_load

# The payload must not exceed the load carried by axle 3.
def r17(payload: float, axle3_load: float) -> bool:
    return payload <= axle3_load

# The total operation time must always be not lower than the combined duration of PTO operation, idle time, and driving time.
def r18(total_time: float, pto_time: float, idle_time: float, driving_time: float) -> bool:
    return total_time >= pto_time + idle_time + driving_time
```"
"System Message:
You are a logician with a background in mathematics that translates natural language
reasoning text to Python3 code so that these natural language reasoning problems can be solved.
During the translation, please pay close attention to defining variables and rules.
Do not add any comments from you.
Be guided by the following example:
Example input text:
Textual context: A vehicle operates over a A param between 20 and 110 in a typical day.
A vehicle operates for a B param between 2 and 10 in a typical day.
A vehicle operates with C param between 0.2 and 5 in a typical day.
A vehicle remains D param between 1 and 5 in a typical day.
A vehicle spends E param between 1 and 5 in a typical day.
A vehicle makes between 20 and 300 F param in a typical day.
A vehicle makes between 20 and 250 G param in a typical day.
A vehicle operates at H param between 0 and 80 in a typical day.
A vehicle operates with an I param between 550 and 1600 in a typical day.

Example Python3 code:
# A vehicle operates over a A param between 20 and 110 in a typical day.
def r1(a: float) -> bool:
    return 20 <= a <= 110

# A vehicle operates for a B param between 2 and 10 in a typical day.
def r2(b: float) -> bool:
    return 2 <= b <= 10

# A vehicle operates with C param between 0.2 and 5 in a typical day.
def r3(c: float) -> bool:
    return 0.2 <= c <= 5

# A vehicle remains D param between 1 and 5 in a typical day.
def r4(d: float) -> bool:
    return 1 <= d <= 5

# A vehicle spends E param between 1 and 5 in a typical day.
def r5(e: float) -> bool:
    return 1 <= e <= 5

# A vehicle makes between 20 and 300 F param in a typical day.
def r6(f: float) -> bool:
    return 20 <= f <= 300

# A vehicle makes between 20 and 250 G param in a typical day.
def r7(g: float) -> bool:
    return 20 <= g <= 250

# A vehicle operates at H param between 0 and 80 in a typical day.
def r8(h: float) -> bool:
    return 0 <= h <= 80

# A vehicle operates with an I param between 550 and 1600 in a typical day.
def r9(i: float) -> bool:
    return 550 <= i <= 1600


Input text:
Textual context: PTO operation time cannot be greater than the total operation time.
Idle time must always be less than or equal to the total operation time.
The total stop count must not be lower than the count of stops where PTO is engaged.
Axle 1's load cannot exceed Axle 2's load.
The weight on axle 1 cannot surpass the weight on axle 3.
Axle 2's load must always be equal to or greater than the payload.
The payload must always be smaller than or equal to the load on axle 3.";"
```python
# PTO operation time cannot be greater than the total operation time.
def r1(pto_time: float, total_time: float) -> bool:
    return pto_time <= total_time

# Idle time must always be less than or equal to the total operation time.
def r2(idle_time: float, total_time: float) -> bool:
    return idle_time <= total_time

# The total stop count must not be lower than the count of stops where PTO is engaged.
def r3(total_stop_count: int, pto_stops_count: int) -> bool:
    return total_stop_count >= pto_stops_count

# Axle 1's load cannot exceed Axle 2's load.
def r4(axle_1_load: float, axle_2_load: float) -> bool:
    return axle_1_load <= axle_2_load

# The weight on axle 1 cannot surpass the weight on axle 3.
def r5(axle_1_weight: float, axle_3_weight: float) -> bool:
    return axle_1_weight <= axle_3_weight

# Axle 2's load must always be equal to or greater than the payload.
def r6(axle_2_load: float, payload: float) -> bool:
    return axle_2_load >= payload

# The payload must always be smaller than or equal to the load on axle 3.
def r7(payload: float, axle_3_load: float) -> bool:
    return payload <= axle_3_load
```"
"System Message:
You are a logician with a background in mathematics that translates natural language
reasoning text to Python3 code so that these natural language reasoning problems can be solved.
During the translation, please pay close attention to defining variables and rules.
Do not add any comments from you.
Be guided by the following example:
Example input text:
Textual context: A vehicle operates over a A param between 20 and 110 in a typical day.
A vehicle operates for a B param between 2 and 10 in a typical day.
A vehicle operates with C param between 0.2 and 5 in a typical day.
A vehicle remains D param between 1 and 5 in a typical day.
A vehicle spends E param between 1 and 5 in a typical day.
A vehicle makes between 20 and 300 F param in a typical day.
A vehicle makes between 20 and 250 G param in a typical day.
A vehicle operates at H param between 0 and 80 in a typical day.
A vehicle operates with an I param between 550 and 1600 in a typical day.

Example Python3 code:
# A vehicle operates over a A param between 20 and 110 in a typical day.
def r1(a: float) -> bool:
    return 20 <= a <= 110

# A vehicle operates for a B param between 2 and 10 in a typical day.
def r2(b: float) -> bool:
    return 2 <= b <= 10

# A vehicle operates with C param between 0.2 and 5 in a typical day.
def r3(c: float) -> bool:
    return 0.2 <= c <= 5

# A vehicle remains D param between 1 and 5 in a typical day.
def r4(d: float) -> bool:
    return 1 <= d <= 5

# A vehicle spends E param between 1 and 5 in a typical day.
def r5(e: float) -> bool:
    return 1 <= e <= 5

# A vehicle makes between 20 and 300 F param in a typical day.
def r6(f: float) -> bool:
    return 20 <= f <= 300

# A vehicle makes between 20 and 250 G param in a typical day.
def r7(g: float) -> bool:
    return 20 <= g <= 250

# A vehicle operates at H param between 0 and 80 in a typical day.
def r8(h: float) -> bool:
    return 0 <= h <= 80

# A vehicle operates with an I param between 550 and 1600 in a typical day.
def r9(i: float) -> bool:
    return 550 <= i <= 1600


Input text:
Textual context: PTO operation time cannot be greater than the total operation time.
Total operation time should shouldn’t be lower than driving time.
The total stop count must not be lower than the count of stops where PTO is engaged.
Axle 1's load cannot exceed Axle 2's load.
The load on axle 1 must not surpass the load on axle 3.
The payload must always be smaller than or equal to the load on axle 3.
The combined time for PTO operation, idle time, and driving time must not surpass the total operation time.";"
```python
# Define functions to check each condition based on the given parameters
def r1(pto_time: float, total_time: float) -> bool:
    return pto_time <= total_time

def r2(total_time: float, driving_time: float) -> bool:
    return total_time >= driving_time

def r3(pto_count: int, stopped_count: int) -> bool:
    return pto_count >= stopped_count

def r4(axle1_load: float, axle2_load: float) -> bool:
    return axle1_load <= axle2_load

def r5(axle1_load: float, axle3_load: float) -> bool:
    return axle1_load <= axle3_load

def r6(load_axle1: float, load_axle3: float) -> bool:
    return load_axle1 <= load_axle3

def r7(pto_time: float, idle_time: float, driving_time: float, total_time: float) -> bool:
    return pto_time + idle_time + driving_time <= total_time
```

These functions `r1`, `r2`, `r3`, `r4`, `r5`, `r6`, and `r7` correspond to the conditions provided in the input text and are used to validate the system's behavior based on the given parameters."
"System Message:
You are a logician with a background in mathematics that translates natural language
reasoning text to Python3 code so that these natural language reasoning problems can be solved.
During the translation, please pay close attention to defining variables and rules.
Do not add any comments from you.
Be guided by the following example:
Example input text:
Textual context: A vehicle operates over a A param between 20 and 110 in a typical day.
A vehicle operates for a B param between 2 and 10 in a typical day.
A vehicle operates with C param between 0.2 and 5 in a typical day.
A vehicle remains D param between 1 and 5 in a typical day.
A vehicle spends E param between 1 and 5 in a typical day.
A vehicle makes between 20 and 300 F param in a typical day.
A vehicle makes between 20 and 250 G param in a typical day.
A vehicle operates at H param between 0 and 80 in a typical day.
A vehicle operates with an I param between 550 and 1600 in a typical day.

Example Python3 code:
# A vehicle operates over a A param between 20 and 110 in a typical day.
def r1(a: float) -> bool:
    return 20 <= a <= 110

# A vehicle operates for a B param between 2 and 10 in a typical day.
def r2(b: float) -> bool:
    return 2 <= b <= 10

# A vehicle operates with C param between 0.2 and 5 in a typical day.
def r3(c: float) -> bool:
    return 0.2 <= c <= 5

# A vehicle remains D param between 1 and 5 in a typical day.
def r4(d: float) -> bool:
    return 1 <= d <= 5

# A vehicle spends E param between 1 and 5 in a typical day.
def r5(e: float) -> bool:
    return 1 <= e <= 5

# A vehicle makes between 20 and 300 F param in a typical day.
def r6(f: float) -> bool:
    return 20 <= f <= 300

# A vehicle makes between 20 and 250 G param in a typical day.
def r7(g: float) -> bool:
    return 20 <= g <= 250

# A vehicle operates at H param between 0 and 80 in a typical day.
def r8(h: float) -> bool:
    return 0 <= h <= 80

# A vehicle operates with an I param between 550 and 1600 in a typical day.
def r9(i: float) -> bool:
    return 550 <= i <= 1600


Input text:
Textual context: PTO operation time should be less than or equal to the total operation time.
Idle time cannot be greater than the total operation time.
The total operation durationmust not be lower than the driving time.
The total stop count must not be lower than the count of stops where PTO is engaged.
The weight on axle 1 cannot surpass the weight on axle 2.
The weight on axle 1 cannot surpass the weight on axle 3.
Axle 3's load must always be equal to or greater than the payload.";"
```python
# PTO operation time should be less than or equal to the total operation time.
def r10(pto_time: float, total_operation_time: float) -> bool:
    return pto_time <= total_operation_time

# Idle time cannot be greater than the total operation time.
def r11(idle_time: float, total_operation_time: float) -> bool:
    return idle_time <= total_operation_time

# The total operation duration must not be lower than the driving time.
def r12(total_operation_duration: float, driving_time: float) -> bool:
    return total_operation_duration >= driving_time

# The total stop count must not be lower than the count of stops where PTO is engaged.
def r13(total_stop_count: int, pto_engaged_stops: int) -> bool:
    return total_stop_count >= pto_engaged_stops

# The weight on axle 1 cannot surpass the weight on axle 2.
def r14(axle_1_weight: float, axle_2_weight: float) -> bool:
    return axle_1_weight <= axle_2_weight

# The weight on axle 1 cannot surpass the weight on axle 3.
def r15(axle_1_weight: float, axle_3_weight: float) -> bool:
    return axle_1_weight <= axle_3_weight

# Axle 3's load must always be equal to or greater than the payload.
def r16(axle_3_load: float, payload: float) -> bool:
    return axle_3_load >= payload
```"
"System Message:
You are a logician with a background in mathematics that translates natural language
reasoning text to Python3 code so that these natural language reasoning problems can be solved.
During the translation, please pay close attention to defining variables and rules.
Do not add any comments from you.
Be guided by the following example:
Example input text:
Textual context: A vehicle operates over a A param between 20 and 110 in a typical day.
A vehicle operates for a B param between 2 and 10 in a typical day.
A vehicle operates with C param between 0.2 and 5 in a typical day.
A vehicle remains D param between 1 and 5 in a typical day.
A vehicle spends E param between 1 and 5 in a typical day.
A vehicle makes between 20 and 300 F param in a typical day.
A vehicle makes between 20 and 250 G param in a typical day.
A vehicle operates at H param between 0 and 80 in a typical day.

Example Python3 code:
# A vehicle operates over a A param between 20 and 110 in a typical day.
def r1(a: float) -> bool:
    return 20 <= a <= 110

# A vehicle operates for a B param between 2 and 10 in a typical day.
def r2(b: float) -> bool:
    return 2 <= b <= 10

# A vehicle operates with C param between 0.2 and 5 in a typical day.
def r3(c: float) -> bool:
    return 0.2 <= c <= 5

# A vehicle remains D param between 1 and 5 in a typical day.
def r4(d: float) -> bool:
    return 1 <= d <= 5

# A vehicle spends E param between 1 and 5 in a typical day.
def r5(e: float) -> bool:
    return 1 <= e <= 5

# A vehicle makes between 20 and 300 F param in a typical day.
def r6(f: float) -> bool:
    return 20 <= f <= 300

# A vehicle makes between 20 and 250 G param in a typical day.
def r7(g: float) -> bool:
    return 20 <= g <= 250

# A vehicle operates at H param between 0 and 80 in a typical day.
def r8(h: float) -> bool:
    return 0 <= h <= 80


Input text:
Textual context: The total operation duration must not be lower than the PTO operation time.
Idle time must always be less than or equal to the total operation time.
Driving time cannot be greater than the total operation time.
The total stop count must not be lower than the count of stops where PTO is engaged.
The load carried by axle 1 must be smaller than or equal to the load on axle 2.
Axle 1's load cannot exceed Axle 3's load.
Axle 2's load must always be equal to or greater than the payload.
Axle 3's load must always be equal to or greater than the payload.";"
```python
# Define functions to check each condition based on the given parameters
def r9(p_to_time: float) -> bool:
    # Total operation duration must not be lower than the PTO operation time
    return p_to_time <= 100  # Assuming a reasonable upper limit for total operation time

def r10(idle_time: float) -> bool:
    # Idle time must always be less than or equal to the total operation time
    return idle_time <= 100  # Assuming a reasonable upper limit for idle time

def r11(driving_time: float) -> bool:
    # Driving time cannot be greater than the total operation time
    return driving_time <= 100  # Assuming a reasonable upper limit for driving time

def r12(total_stop_count: int, pto_stops: int) -> bool:
    # The total stop count must not be lower than the count of stops where PTO is engaged
    return total_stop_count >= pto_stops

def r13(axle_1_load: float, axle_2_load: float) -> bool:
    # The load carried by axle 1 must be smaller than or equal to the load on axle 2
    return axle_1_load <= axle_2_load

def r14(axle_1_load: float, axle_3_load: float) -> bool:
    # Axle 1's load cannot exceed Axle 3's load
    return axle_1_load <= axle_3_load

def r15(axle_2_load: float, payload: float) -> bool:
    # Axle 2's load must always be equal to or greater than the payload
    return axle_2_load >= payload

def r16(axle_3_load: float, payload: float) -> bool:
    # Axle 3's load must always be equal to or greater than the payload
    return axle_3_load >= payload
```"
