Prompt;QwenCoderMedium
"System Message:
You are a logician with a background in mathematics that translates natural language
reasoning text to Python3 code so that these natural language reasoning problems can be solved.
During the translation, please pay close attention to defining variables and rules.
Do not add any comments from you.
Be guided by the following example:
Example input text:
Textual context: A vehicle operates over a A param between 20 and 110 in a typical day.
A vehicle operates for a B param between 2 and 10 in a typical day.

Example Python3 code:
# A vehicle operates over a A param between 20 and 110 in a typical day.
def r1(a: float) -> bool:
    return 20 <= a <= 110

# A vehicle operates for a B param between 2 and 10 in a typical day.
def r2(b: float) -> bool:
    return 2 <= b <= 10


Input text:
Textual context: The number of stops where PTO is engaged must not exceed the overall stop count.
The payload cannot exceed the capacity of axle 3.";"
# The number of stops where PTO is engaged must not exceed the overall stop count.
def r1(pto_stops: int, total_stops: int) -> bool:
    return pto_stops <= total_stops

# The payload cannot exceed the capacity of axle 3.
def r2(payload: int, axle_3_capacity: int) -> bool:
    return payload <= axle_3_capacity"
"System Message:
You are a logician with a background in mathematics that translates natural language
reasoning text to Python3 code so that these natural language reasoning problems can be solved.
During the translation, please pay close attention to defining variables and rules.
Do not add any comments from you.
Be guided by the following example:
Example input text:
Textual context: A vehicle operates over a A param between 20 and 110 in a typical day.
A vehicle operates for a B param between 2 and 10 in a typical day.

Example Python3 code:
# A vehicle operates over a A param between 20 and 110 in a typical day.
def r1(a: float) -> bool:
    return 20 <= a <= 110

# A vehicle operates for a B param between 2 and 10 in a typical day.
def r2(b: float) -> bool:
    return 2 <= b <= 10


Input text:
Textual context: Stops with PTO engaged cannot outnumber the total stops.";"
def r1(pto_engaged_stops: int, total_stops: int) -> bool:
    return pto_engaged_stops <= total_stops"
"System Message:
You are a logician with a background in mathematics that translates natural language
reasoning text to Python3 code so that these natural language reasoning problems can be solved.
During the translation, please pay close attention to defining variables and rules.
Do not add any comments from you.
Be guided by the following example:
Example input text:
Textual context: A vehicle operates over a A param between 20 and 110 in a typical day.
A vehicle operates for a B param between 2 and 10 in a typical day.

Example Python3 code:
# A vehicle operates over a A param between 20 and 110 in a typical day.
def r1(a: float) -> bool:
    return 20 <= a <= 110

# A vehicle operates for a B param between 2 and 10 in a typical day.
def r2(b: float) -> bool:
    return 2 <= b <= 10


Input text:
Textual context: The load carried by axle 1 must be smaller than or equal to the load on axle 3.
Total operation time should be at least the sum of PTO, idle, and driving times.";"
# The load carried by axle 1 must be smaller than or equal to the load on axle 3.
def r1(axle1_load: float, axle3_load: float) -> bool:
    return axle1_load <= axle3_load

# Total operation time should be at least the sum of PTO, idle, and driving times.
def r2(pto_time: float, idle_time: float, driving_time: float) -> bool:
    return pto_time + idle_time + driving_time >= pto_time + idle_time + driving_time"
"System Message:
You are a logician with a background in mathematics that translates natural language
reasoning text to Python3 code so that these natural language reasoning problems can be solved.
During the translation, please pay close attention to defining variables and rules.
Do not add any comments from you.
Be guided by the following example:
Example input text:
Textual context: A vehicle operates over a A param between 20 and 110 in a typical day.
A vehicle operates for a B param between 2 and 10 in a typical day.

Example Python3 code:
# A vehicle operates over a A param between 20 and 110 in a typical day.
def r1(a: float) -> bool:
    return 20 <= a <= 110

# A vehicle operates for a B param between 2 and 10 in a typical day.
def r2(b: float) -> bool:
    return 2 <= b <= 10


Input text:
Textual context: PTO operation time must be less than or equal to the total operation time.
Axle 1's load cannot exceed Axle 3's load.";"
# PTO operation time must be less than or equal to the total operation time.
def r1(pto_time: float, total_time: float) -> bool:
    return pto_time <= total_time

# Axle 1's load cannot exceed Axle 3's load.
def r2(axle1_load: float, axle3_load: float) -> bool:
    return axle1_load <= axle3_load"
"System Message:
You are a logician with a background in mathematics that translates natural language
reasoning text to Python3 code so that these natural language reasoning problems can be solved.
During the translation, please pay close attention to defining variables and rules.
Do not add any comments from you.
Be guided by the following example:
Example input text:
Textual context: A vehicle operates over a A param between 20 and 110 in a typical day.
A vehicle operates for a B param between 2 and 10 in a typical day.

Example Python3 code:
# A vehicle operates over a A param between 20 and 110 in a typical day.
def r1(a: float) -> bool:
    return 20 <= a <= 110

# A vehicle operates for a B param between 2 and 10 in a typical day.
def r2(b: float) -> bool:
    return 2 <= b <= 10


Input text:
Textual context: The payload cannot exceed the capacity of axle 3.";"
# The payload cannot exceed the capacity of axle 3.
def r3(payload: float, capacity: float) -> bool:
    return payload <= capacity"
"System Message:
You are a logician with a background in mathematics that translates natural language
reasoning text to Python3 code so that these natural language reasoning problems can be solved.
During the translation, please pay close attention to defining variables and rules.
Do not add any comments from you.
Be guided by the following example:
Example input text:
Textual context: A vehicle operates over a A param between 20 and 110 in a typical day.
A vehicle operates for a B param between 2 and 10 in a typical day.

Example Python3 code:
# A vehicle operates over a A param between 20 and 110 in a typical day.
def r1(a: float) -> bool:
    return 20 <= a <= 110

# A vehicle operates for a B param between 2 and 10 in a typical day.
def r2(b: float) -> bool:
    return 2 <= b <= 10


Input text:
Textual context: Driving time should be less than or equal to the total operation time.";"
def driving_time_less_than_total_operation_time(driving_time: float, total_operation_time: float) -> bool:
    return driving_time <= total_operation_time"
"System Message:
You are a logician with a background in mathematics that translates natural language
reasoning text to Python3 code so that these natural language reasoning problems can be solved.
During the translation, please pay close attention to defining variables and rules.
Do not add any comments from you.
Be guided by the following example:
Example input text:
Textual context: A vehicle operates over a A param between 20 and 110 in a typical day.
A vehicle operates for a B param between 2 and 10 in a typical day.

Example Python3 code:
# A vehicle operates over a A param between 20 and 110 in a typical day.
def r1(a: float) -> bool:
    return 20 <= a <= 110

# A vehicle operates for a B param between 2 and 10 in a typical day.
def r2(b: float) -> bool:
    return 2 <= b <= 10


Input text:
Textual context: The payload must always be smaller than or equal to the load on axle 2.
The payload must always be smaller than or equal to the load on axle 3.";"
# The payload must always be smaller than or equal to the load on axle 2.
def r1(p: float, l2: float) -> bool:
    return p <= l2

# The payload must always be smaller than or equal to the load on axle 3.
def r2(p: float, l3: float) -> bool:
    return p <= l3"
"System Message:
You are a logician with a background in mathematics that translates natural language
reasoning text to Python3 code so that these natural language reasoning problems can be solved.
During the translation, please pay close attention to defining variables and rules.
Do not add any comments from you.
Be guided by the following example:
Example input text:
Textual context: A vehicle operates over a A param between 20 and 110 in a typical day.
A vehicle operates for a B param between 2 and 10 in a typical day.

Example Python3 code:
# A vehicle operates over a A param between 20 and 110 in a typical day.
def r1(a: float) -> bool:
    return 20 <= a <= 110

# A vehicle operates for a B param between 2 and 10 in a typical day.
def r2(b: float) -> bool:
    return 2 <= b <= 10


Input text:
Textual context: PTO-engaged stops cannot exceed the total number of stops.
The load carried by axle 1 must be smaller than or equal to the load on axle 3.";"
# PTO-engaged stops cannot exceed the total number of stops.
def r1(pto_stops: int, total_stops: int) -> bool:
    return pto_stops <= total_stops

# The load carried by axle 1 must be smaller than or equal to the load on axle 3.
def r2(axle1_load: float, axle3_load: float) -> bool:
    return axle1_load <= axle3_load"
"System Message:
You are a logician with a background in mathematics that translates natural language
reasoning text to Python3 code so that these natural language reasoning problems can be solved.
During the translation, please pay close attention to defining variables and rules.
Do not add any comments from you.
Be guided by the following example:
Example input text:
Textual context: A vehicle operates over a A param between 20 and 110 in a typical day.
A vehicle operates for a B param between 2 and 10 in a typical day.

Example Python3 code:
# A vehicle operates over a A param between 20 and 110 in a typical day.
def r1(a: float) -> bool:
    return 20 <= a <= 110

# A vehicle operates for a B param between 2 and 10 in a typical day.
def r2(b: float) -> bool:
    return 2 <= b <= 10


Input text:
Textual context: Axle 2's load must always be equal to or greater than the payload.";"
def r1(axle2_load: float, payload: float) -> bool:
    return axle2_load >= payload"
"System Message:
You are a logician with a background in mathematics that translates natural language
reasoning text to Python3 code so that these natural language reasoning problems can be solved.
During the translation, please pay close attention to defining variables and rules.
Do not add any comments from you.
Be guided by the following example:
Example input text:
Textual context: A vehicle operates over a A param between 20 and 110 in a typical day.
A vehicle operates for a B param between 2 and 10 in a typical day.

Example Python3 code:
# A vehicle operates over a A param between 20 and 110 in a typical day.
def r1(a: float) -> bool:
    return 20 <= a <= 110

# A vehicle operates for a B param between 2 and 10 in a typical day.
def r2(b: float) -> bool:
    return 2 <= b <= 10


Input text:
Textual context: The load on axle 1 must not surpass the load on axle 2.
The weight on axle 1 cannot surpass the weight on axle 3.";"
def r1(axle1: float, axle2: float) -> bool:
    return axle1 <= axle2

def r2(axle1: float, axle3: float) -> bool:
    return axle1 <= axle3"
"System Message:
You are a logician with a background in mathematics that translates natural language
reasoning text to Python3 code so that these natural language reasoning problems can be solved.
During the translation, please pay close attention to defining variables and rules.
Do not add any comments from you.
Be guided by the following example:
Example input text:
Textual context: A vehicle operates over a A param between 20 and 110 in a typical day.
A vehicle operates for a B param between 2 and 10 in a typical day.

Example Python3 code:
# A vehicle operates over a A param between 20 and 110 in a typical day.
def r1(a: float) -> bool:
    return 20 <= a <= 110

# A vehicle operates for a B param between 2 and 10 in a typical day.
def r2(b: float) -> bool:
    return 2 <= b <= 10


Input text:
Textual context: Idle time cannot be greater than the total operation time.
Driving time should be less than or equal to the total operation time.";"
# Idle time cannot be greater than the total operation time.
def r1(idle_time: float, total_operation_time: float) -> bool:
    return idle_time <= total_operation_time

# Driving time should be less than or equal to the total operation time.
def r2(driving_time: float, total_operation_time: float) -> bool:
    return driving_time <= total_operation_time"
"System Message:
You are a logician with a background in mathematics that translates natural language
reasoning text to Python3 code so that these natural language reasoning problems can be solved.
During the translation, please pay close attention to defining variables and rules.
Do not add any comments from you.
Be guided by the following example:
Example input text:
Textual context: A vehicle operates over a A param between 20 and 110 in a typical day.
A vehicle operates for a B param between 2 and 10 in a typical day.

Example Python3 code:
# A vehicle operates over a A param between 20 and 110 in a typical day.
def r1(a: float) -> bool:
    return 20 <= a <= 110

# A vehicle operates for a B param between 2 and 10 in a typical day.
def r2(b: float) -> bool:
    return 2 <= b <= 10


Input text:
Textual context: Axle 1's load cannot exceed Axle 2's load.
The total operation duration must always be greater than or equal to the combined time for PTO, idle, and driving.";"
# Axle 1's load cannot exceed Axle 2's load.
def r1(axle1_load: float, axle2_load: float) -> bool:
    return axle1_load <= axle2_load

# The total operation duration must always be greater than or equal to the combined time for PTO, idle, and driving.
def r2(total_duration: float, pto_time: float, idle_time: float, driving_time: float) -> bool:
    return total_duration >= (pto_time + idle_time + driving_time)"
"System Message:
You are a logician with a background in mathematics that translates natural language
reasoning text to Python3 code so that these natural language reasoning problems can be solved.
During the translation, please pay close attention to defining variables and rules.
Do not add any comments from you.
Be guided by the following example:
Example input text:
Textual context: A vehicle operates over a A param between 20 and 110 in a typical day.
A vehicle operates for a B param between 2 and 10 in a typical day.

Example Python3 code:
# A vehicle operates over a A param between 20 and 110 in a typical day.
def r1(a: float) -> bool:
    return 20 <= a <= 110

# A vehicle operates for a B param between 2 and 10 in a typical day.
def r2(b: float) -> bool:
    return 2 <= b <= 10


Input text:
Textual context: Total operation time shouldn’t be lower than idle time.";"
def check_operation_time(total_time: float, idle_time: float) -> bool:
    return total_time >= idle_time"
"System Message:
You are a logician with a background in mathematics that translates natural language
reasoning text to Python3 code so that these natural language reasoning problems can be solved.
During the translation, please pay close attention to defining variables and rules.
Do not add any comments from you.
Be guided by the following example:
Example input text:
Textual context: A vehicle operates over a A param between 20 and 110 in a typical day.
A vehicle operates for a B param between 2 and 10 in a typical day.

Example Python3 code:
# A vehicle operates over a A param between 20 and 110 in a typical day.
def r1(a: float) -> bool:
    return 20 <= a <= 110

# A vehicle operates for a B param between 2 and 10 in a typical day.
def r2(b: float) -> bool:
    return 2 <= b <= 10


Input text:
Textual context: The total operation durationmust not be lower than the driving time.
Axle 1's load cannot exceed Axle 3's load.";"
# The total operation duration must not be lower than the driving time.
def r1(operation_duration: float, driving_time: float) -> bool:
    return operation_duration >= driving_time

# Axle 1's load cannot exceed Axle 3's load.
def r2(axle_1_load: float, axle_3_load: float) -> bool:
    return axle_1_load <= axle_3_load"
"System Message:
You are a logician with a background in mathematics that translates natural language
reasoning text to Python3 code so that these natural language reasoning problems can be solved.
During the translation, please pay close attention to defining variables and rules.
Do not add any comments from you.
Be guided by the following example:
Example input text:
Textual context: A vehicle operates over a A param between 20 and 110 in a typical day.
A vehicle operates for a B param between 2 and 10 in a typical day.

Example Python3 code:
# A vehicle operates over a A param between 20 and 110 in a typical day.
def r1(a: float) -> bool:
    return 20 <= a <= 110

# A vehicle operates for a B param between 2 and 10 in a typical day.
def r2(b: float) -> bool:
    return 2 <= b <= 10


Input text:
Textual context: PTO operation time should be less than or equal to the total operation time.
Total operation time must be greater than or equal to the sum of PTO operation, idle, and driving times.";"
# PTO operation time should be less than or equal to the total operation time.
def r1(pto_time: float, total_time: float) -> bool:
    return pto_time <= total_time

# Total operation time must be greater than or equal to the sum of PTO operation, idle, and driving times.
def r2(pto_time: float, idle_time: float, driving_time: float, total_time: float) -> bool:
    return total_time >= (pto_time + idle_time + driving_time)"
"System Message:
You are a logician with a background in mathematics that translates natural language
reasoning text to Python3 code so that these natural language reasoning problems can be solved.
During the translation, please pay close attention to defining variables and rules.
Do not add any comments from you.
Be guided by the following example:
Example input text:
Textual context: A vehicle operates over a A param between 20 and 110 in a typical day.
A vehicle operates for a B param between 2 and 10 in a typical day.

Example Python3 code:
# A vehicle operates over a A param between 20 and 110 in a typical day.
def r1(a: float) -> bool:
    return 20 <= a <= 110

# A vehicle operates for a B param between 2 and 10 in a typical day.
def r2(b: float) -> bool:
    return 2 <= b <= 10


Input text:
Textual context: PTO operation time cannot be greater than the total operation time.";"
# PTO operation time cannot be greater than the total operation time.
def r3(pto_time: float, total_time: float) -> bool:
    return pto_time <= total_time"
"System Message:
You are a logician with a background in mathematics that translates natural language
reasoning text to Python3 code so that these natural language reasoning problems can be solved.
During the translation, please pay close attention to defining variables and rules.
Do not add any comments from you.
Be guided by the following example:
Example input text:
Textual context: A vehicle operates over a A param between 20 and 110 in a typical day.
A vehicle operates for a B param between 2 and 10 in a typical day.

Example Python3 code:
# A vehicle operates over a A param between 20 and 110 in a typical day.
def r1(a: float) -> bool:
    return 20 <= a <= 110

# A vehicle operates for a B param between 2 and 10 in a typical day.
def r2(b: float) -> bool:
    return 2 <= b <= 10


Input text:
Textual context: Idle time should be less than or equal to the total operation time.
The load supported by axle 1 cannot exceed that of axle 3.";"
# Idle time should be less than or equal to the total operation time.
def r1(idle_time: float, operation_time: float) -> bool:
    return idle_time <= operation_time

# The load supported by axle 1 cannot exceed that of axle 3.
def r2(load_axle1: float, load_axle3: float) -> bool:
    return load_axle1 <= load_axle3"
"System Message:
You are a logician with a background in mathematics that translates natural language
reasoning text to Python3 code so that these natural language reasoning problems can be solved.
During the translation, please pay close attention to defining variables and rules.
Do not add any comments from you.
Be guided by the following example:
Example input text:
Textual context: A vehicle operates over a A param between 20 and 110 in a typical day.
A vehicle operates for a B param between 2 and 10 in a typical day.

Example Python3 code:
# A vehicle operates over a A param between 20 and 110 in a typical day.
def r1(a: float) -> bool:
    return 20 <= a <= 110

# A vehicle operates for a B param between 2 and 10 in a typical day.
def r2(b: float) -> bool:
    return 2 <= b <= 10


Input text:
Textual context: PTO operation time cannot be greater than the total operation time.
The payload must not exceed the load carried by axle 3.";"
# PTO operation time cannot be greater than the total operation time.
def r1(pto_time: float, total_time: float) -> bool:
    return pto_time <= total_time

# The payload must not exceed the load carried by axle 3.
def r2(payload: float, axle_3_load: float) -> bool:
    return payload <= axle_3_load"
"System Message:
You are a logician with a background in mathematics that translates natural language
reasoning text to Python3 code so that these natural language reasoning problems can be solved.
During the translation, please pay close attention to defining variables and rules.
Do not add any comments from you.
Be guided by the following example:
Example input text:
Textual context: A vehicle operates over a A param between 20 and 110 in a typical day.
A vehicle operates for a B param between 2 and 10 in a typical day.

Example Python3 code:
# A vehicle operates over a A param between 20 and 110 in a typical day.
def r1(a: float) -> bool:
    return 20 <= a <= 110

# A vehicle operates for a B param between 2 and 10 in a typical day.
def r2(b: float) -> bool:
    return 2 <= b <= 10


Input text:
Textual context: The total operation durationmust not be lower than the driving time.
PTO-engaged stops cannot exceed the total number of stops.";"
def r3(total_duration: float, driving_time: float) -> bool:
    return total_duration >= driving_time

def r4(pto_stops: int, total_stops: int) -> bool:
    return pto_stops <= total_stops"
"System Message:
You are a logician with a background in mathematics that translates natural language
reasoning text to Python3 code so that these natural language reasoning problems can be solved.
During the translation, please pay close attention to defining variables and rules.
Do not add any comments from you.
Be guided by the following example:
Example input text:
Textual context: A vehicle operates over a A param between 20 and 110 in a typical day.
A vehicle operates for a B param between 2 and 10 in a typical day.

Example Python3 code:
# A vehicle operates over a A param between 20 and 110 in a typical day.
def r1(a: float) -> bool:
    return 20 <= a <= 110

# A vehicle operates for a B param between 2 and 10 in a typical day.
def r2(b: float) -> bool:
    return 2 <= b <= 10


Input text:
Textual context: The load supported by axle 1 cannot exceed that of axle 2.
The payload cannot exceed the capacity of axle 3.";"
# The load supported by axle 1 cannot exceed that of axle 2.
def r1(axle1_load: float, axle2_load: float) -> bool:
    return axle1_load <= axle2_load

# The payload cannot exceed the capacity of axle 3.
def r2(payload: float, axle3_capacity: float) -> bool:
    return payload <= axle3_capacity"
"System Message:
You are a logician with a background in mathematics that translates natural language
reasoning text to Python3 code so that these natural language reasoning problems can be solved.
During the translation, please pay close attention to defining variables and rules.
Do not add any comments from you.
Be guided by the following example:
Example input text:
Textual context: A vehicle operates over a A param between 20 and 110 in a typical day.
A vehicle operates for a B param between 2 and 10 in a typical day.

Example Python3 code:
# A vehicle operates over a A param between 20 and 110 in a typical day.
def r1(a: float) -> bool:
    return 20 <= a <= 110

# A vehicle operates for a B param between 2 and 10 in a typical day.
def r2(b: float) -> bool:
    return 2 <= b <= 10


Input text:
Textual context: The weight on axle 1 cannot surpass the weight on axle 3.";"
def r3(axle1: float, axle3: float) -> bool:
    return axle1 <= axle3"
"System Message:
You are a logician with a background in mathematics that translates natural language
reasoning text to Python3 code so that these natural language reasoning problems can be solved.
During the translation, please pay close attention to defining variables and rules.
Do not add any comments from you.
Be guided by the following example:
Example input text:
Textual context: A vehicle operates over a A param between 20 and 110 in a typical day.
A vehicle operates for a B param between 2 and 10 in a typical day.

Example Python3 code:
# A vehicle operates over a A param between 20 and 110 in a typical day.
def r1(a: float) -> bool:
    return 20 <= a <= 110

# A vehicle operates for a B param between 2 and 10 in a typical day.
def r2(b: float) -> bool:
    return 2 <= b <= 10


Input text:
Textual context: Total operation time should be at least the sum of PTO, idle, and driving times.";"
# Total operation time should be at least the sum of PTO, idle, and driving times.
def r3(pto: float, idle: float, driving: float) -> bool:
    return pto + idle + driving >= 0"
"System Message:
You are a logician with a background in mathematics that translates natural language
reasoning text to Python3 code so that these natural language reasoning problems can be solved.
During the translation, please pay close attention to defining variables and rules.
Do not add any comments from you.
Be guided by the following example:
Example input text:
Textual context: A vehicle operates over a A param between 20 and 110 in a typical day.
A vehicle operates for a B param between 2 and 10 in a typical day.

Example Python3 code:
# A vehicle operates over a A param between 20 and 110 in a typical day.
def r1(a: float) -> bool:
    return 20 <= a <= 110

# A vehicle operates for a B param between 2 and 10 in a typical day.
def r2(b: float) -> bool:
    return 2 <= b <= 10


Input text:
Textual context: Stops with PTO engaged cannot outnumber the total stops.
Total operation time must be greater than or equal to the sum of PTO operation, idle, and driving times.";"
# Stops with PTO engaged cannot outnumber the total stops.
def r1(pto_stops: int, total_stops: int) -> bool:
    return pto_stops <= total_stops

# Total operation time must be greater than or equal to the sum of PTO operation, idle, and driving times.
def r2(pto_time: float, idle_time: float, driving_time: float) -> bool:
    return pto_time + idle_time + driving_time >= pto_time + idle_time + driving_time"
"System Message:
You are a logician with a background in mathematics that translates natural language
reasoning text to Python3 code so that these natural language reasoning problems can be solved.
During the translation, please pay close attention to defining variables and rules.
Do not add any comments from you.
Be guided by the following example:
Example input text:
Textual context: A vehicle operates over a A param between 20 and 110 in a typical day.
A vehicle operates for a B param between 2 and 10 in a typical day.

Example Python3 code:
# A vehicle operates over a A param between 20 and 110 in a typical day.
def r1(a: float) -> bool:
    return 20 <= a <= 110

# A vehicle operates for a B param between 2 and 10 in a typical day.
def r2(b: float) -> bool:
    return 2 <= b <= 10


Input text:
Textual context: The load supported by axle 1 cannot exceed that of axle 3.
Payload must remain below or equal to the load carried by axle 3.";"
# The load supported by axle 1 cannot exceed that of axle 3.
def r1(axle1: float, axle3: float) -> bool:
    return axle1 <= axle3

# Payload must remain below or equal to the load carried by axle 3.
def r2(payload: float, axle3: float) -> bool:
    return payload <= axle3"
"System Message:
You are a logician with a background in mathematics that translates natural language
reasoning text to Python3 code so that these natural language reasoning problems can be solved.
During the translation, please pay close attention to defining variables and rules.
Do not add any comments from you.
Be guided by the following example:
Example input text:
Textual context: A vehicle operates over a A param between 20 and 110 in a typical day.
A vehicle operates for a B param between 2 and 10 in a typical day.

Example Python3 code:
# A vehicle operates over a A param between 20 and 110 in a typical day.
def r1(a: float) -> bool:
    return 20 <= a <= 110

# A vehicle operates for a B param between 2 and 10 in a typical day.
def r2(b: float) -> bool:
    return 2 <= b <= 10


Input text:
Textual context: Idle time must always be less than or equal to the total operation time.
Payload must remain below or equal to the load carried by axle 3.";"
# Idle time must always be less than or equal to the total operation time.
def r3(idle_time: float, operation_time: float) -> bool:
    return idle_time <= operation_time

# Payload must remain below or equal to the load carried by axle 3.
def r4(payload: float, load_axle_3: float) -> bool:
    return payload <= load_axle_3"
"System Message:
You are a logician with a background in mathematics that translates natural language
reasoning text to Python3 code so that these natural language reasoning problems can be solved.
During the translation, please pay close attention to defining variables and rules.
Do not add any comments from you.
Be guided by the following example:
Example input text:
Textual context: A vehicle operates over a A param between 20 and 110 in a typical day.
A vehicle operates for a B param between 2 and 10 in a typical day.

Example Python3 code:
# A vehicle operates over a A param between 20 and 110 in a typical day.
def r1(a: float) -> bool:
    return 20 <= a <= 110

# A vehicle operates for a B param between 2 and 10 in a typical day.
def r2(b: float) -> bool:
    return 2 <= b <= 10


Input text:
Textual context: The load on axle 1 must not surpass the load on axle 2.";"
# The load on axle 1 must not surpass the load on axle 2.
def r1(axle1: float, axle2: float) -> bool:
    return axle1 <= axle2"
"System Message:
You are a logician with a background in mathematics that translates natural language
reasoning text to Python3 code so that these natural language reasoning problems can be solved.
During the translation, please pay close attention to defining variables and rules.
Do not add any comments from you.
Be guided by the following example:
Example input text:
Textual context: A vehicle operates over a A param between 20 and 110 in a typical day.
A vehicle operates for a B param between 2 and 10 in a typical day.

Example Python3 code:
# A vehicle operates over a A param between 20 and 110 in a typical day.
def r1(a: float) -> bool:
    return 20 <= a <= 110

# A vehicle operates for a B param between 2 and 10 in a typical day.
def r2(b: float) -> bool:
    return 2 <= b <= 10


Input text:
Textual context: Driving time must always be less than or equal to the total operation time.
Total operation time must be greater than or equal to the sum of PTO operation, idle, and driving times.";"
# Driving time must always be less than or equal to the total operation time.
def r1(driving_time: float, total_operation_time: float) -> bool:
    return driving_time <= total_operation_time

# Total operation time must be greater than or equal to the sum of PTO operation, idle, and driving times.
def r2(pto_operation: float, idle: float, driving_time: float) -> bool:
    return total_operation_time >= (pto_operation + idle + driving_time)"
"System Message:
You are a logician with a background in mathematics that translates natural language
reasoning text to Python3 code so that these natural language reasoning problems can be solved.
During the translation, please pay close attention to defining variables and rules.
Do not add any comments from you.
Be guided by the following example:
Example input text:
Textual context: A vehicle operates over a A param between 20 and 110 in a typical day.
A vehicle operates for a B param between 2 and 10 in a typical day.

Example Python3 code:
# A vehicle operates over a A param between 20 and 110 in a typical day.
def r1(a: float) -> bool:
    return 20 <= a <= 110

# A vehicle operates for a B param between 2 and 10 in a typical day.
def r2(b: float) -> bool:
    return 2 <= b <= 10


Input text:
Textual context: The total operation duration must not be lower than the PTO operation time.
The number of stops where PTO is engaged must not exceed the overall stop count.";"
# The total operation duration must not be lower than the PTO operation time.
def r1(operation_duration: float, pto_operation_time: float) -> bool:
    return operation_duration >= pto_operation_time

# The number of stops where PTO is engaged must not exceed the overall stop count.
def r2(pto_stops: int, total_stops: int) -> bool:
    return pto_stops <= total_stops"
"System Message:
You are a logician with a background in mathematics that translates natural language
reasoning text to Python3 code so that these natural language reasoning problems can be solved.
During the translation, please pay close attention to defining variables and rules.
Do not add any comments from you.
Be guided by the following example:
Example input text:
Textual context: A vehicle operates over a A param between 20 and 110 in a typical day.
A vehicle operates for a B param between 2 and 10 in a typical day.

Example Python3 code:
# A vehicle operates over a A param between 20 and 110 in a typical day.
def r1(a: float) -> bool:
    return 20 <= a <= 110

# A vehicle operates for a B param between 2 and 10 in a typical day.
def r2(b: float) -> bool:
    return 2 <= b <= 10


Input text:
Textual context: Total operation time shouldn’t be lower than idle time.
The total operation duration must always be greater than or equal to the combined time for PTO, idle, and driving.";"
# Total operation time shouldn't be lower than idle time.
def r3(total_time: float, idle_time: float) -> bool:
    return total_time >= idle_time

# The total operation duration must always be greater than or equal to the combined time for PTO, idle, and driving.
def r4(total_time: float, pto_time: float, idle_time: float, driving_time: float) -> bool:
    return total_time >= pto_time + idle_time + driving_time"
"System Message:
You are a logician with a background in mathematics that translates natural language
reasoning text to Python3 code so that these natural language reasoning problems can be solved.
During the translation, please pay close attention to defining variables and rules.
Do not add any comments from you.
Be guided by the following example:
Example input text:
Textual context: A vehicle operates over a A param between 20 and 110 in a typical day.
A vehicle operates for a B param between 2 and 10 in a typical day.

Example Python3 code:
# A vehicle operates over a A param between 20 and 110 in a typical day.
def r1(a: float) -> bool:
    return 20 <= a <= 110

# A vehicle operates for a B param between 2 and 10 in a typical day.
def r2(b: float) -> bool:
    return 2 <= b <= 10


Input text:
Textual context: The total operation duration must not be lower than the idle time.";"
# The total operation duration must not be lower than the idle time.
def r1(total_duration: float, idle_time: float) -> bool:
    return total_duration >= idle_time"
"System Message:
You are a logician with a background in mathematics that translates natural language
reasoning text to Python3 code so that these natural language reasoning problems can be solved.
During the translation, please pay close attention to defining variables and rules.
Do not add any comments from you.
Be guided by the following example:
Example input text:
Textual context: A vehicle operates over a A param between 20 and 110 in a typical day.
A vehicle operates for a B param between 2 and 10 in a typical day.

Example Python3 code:
# A vehicle operates over a A param between 20 and 110 in a typical day.
def r1(a: float) -> bool:
    return 20 <= a <= 110

# A vehicle operates for a B param between 2 and 10 in a typical day.
def r2(b: float) -> bool:
    return 2 <= b <= 10


Input text:
Textual context: The load carried by axle 1 must be smaller than or equal to the load on axle 3.";"
# The load carried by axle 1 must be smaller than or equal to the load on axle 3.
def r1(axle1_load: float, axle3_load: float) -> bool:
    return axle1_load <= axle3_load"
"System Message:
You are a logician with a background in mathematics that translates natural language
reasoning text to Python3 code so that these natural language reasoning problems can be solved.
During the translation, please pay close attention to defining variables and rules.
Do not add any comments from you.
Be guided by the following example:
Example input text:
Textual context: A vehicle operates over a A param between 20 and 110 in a typical day.
A vehicle operates for a B param between 2 and 10 in a typical day.

Example Python3 code:
# A vehicle operates over a A param between 20 and 110 in a typical day.
def r1(a: float) -> bool:
    return 20 <= a <= 110

# A vehicle operates for a B param between 2 and 10 in a typical day.
def r2(b: float) -> bool:
    return 2 <= b <= 10


Input text:
Textual context: Driving time should be less than or equal to the total operation time.
The payload must not exceed the load carried by axle 3.";"
def r3(d: float, o: float) -> bool:
    return d <= o

def r4(p: float, a3: float) -> bool:
    return p <= a3"
"System Message:
You are a logician with a background in mathematics that translates natural language
reasoning text to Python3 code so that these natural language reasoning problems can be solved.
During the translation, please pay close attention to defining variables and rules.
Do not add any comments from you.
Be guided by the following example:
Example input text:
Textual context: A vehicle operates over a A param between 20 and 110 in a typical day.
A vehicle operates for a B param between 2 and 10 in a typical day.

Example Python3 code:
# A vehicle operates over a A param between 20 and 110 in a typical day.
def r1(a: float) -> bool:
    return 20 <= a <= 110

# A vehicle operates for a B param between 2 and 10 in a typical day.
def r2(b: float) -> bool:
    return 2 <= b <= 10


Input text:
Textual context: The total operation duration must not be lower than the PTO operation time.
Axle 2's load must always be equal to or greater than the payload.";"
# The total operation duration must not be lower than the PTO operation time.
def r3(total_duration: float, pto_time: float) -> bool:
    return total_duration >= pto_time

# Axle 2's load must always be equal to or greater than the payload.
def r4(axle2_load: float, payload: float) -> bool:
    return axle2_load >= payload"
"System Message:
You are a logician with a background in mathematics that translates natural language
reasoning text to Python3 code so that these natural language reasoning problems can be solved.
During the translation, please pay close attention to defining variables and rules.
Do not add any comments from you.
Be guided by the following example:
Example input text:
Textual context: A vehicle operates over a A param between 20 and 110 in a typical day.
A vehicle operates for a B param between 2 and 10 in a typical day.

Example Python3 code:
# A vehicle operates over a A param between 20 and 110 in a typical day.
def r1(a: float) -> bool:
    return 20 <= a <= 110

# A vehicle operates for a B param between 2 and 10 in a typical day.
def r2(b: float) -> bool:
    return 2 <= b <= 10


Input text:
Textual context: The payload cannot exceed the capacity of axle 3.
The total operation time must always be not lower than the combined duration of PTO operation, idle time, and driving time.";"
# The payload cannot exceed the capacity of axle 3.
def r1(axle_capacity: int) -> bool:
    return True  # Assuming the payload is always within the capacity of axle 3

# The total operation time must always be not lower than the combined duration of PTO operation, idle time, and driving time.
def r2(pto_time: float, idle_time: float, driving_time: float) -> bool:
    return pto_time + idle_time + driving_time >= 0  # Assuming non-negative times"
"System Message:
You are a logician with a background in mathematics that translates natural language
reasoning text to Python3 code so that these natural language reasoning problems can be solved.
During the translation, please pay close attention to defining variables and rules.
Do not add any comments from you.
Be guided by the following example:
Example input text:
Textual context: A vehicle operates over a A param between 20 and 110 in a typical day.
A vehicle operates for a B param between 2 and 10 in a typical day.

Example Python3 code:
# A vehicle operates over a A param between 20 and 110 in a typical day.
def r1(a: float) -> bool:
    return 20 <= a <= 110

# A vehicle operates for a B param between 2 and 10 in a typical day.
def r2(b: float) -> bool:
    return 2 <= b <= 10


Input text:
Textual context: Idle time should be less than or equal to the total operation time.
The load on axle 1 must not surpass the load on axle 2.";"
# Idle time should be less than or equal to the total operation time.
def r1(idle_time: float, total_operation_time: float) -> bool:
    return idle_time <= total_operation_time

# The load on axle 1 must not surpass the load on axle 2.
def r2(load_axle_1: float, load_axle_2: float) -> bool:
    return load_axle_1 <= load_axle_2"
"System Message:
You are a logician with a background in mathematics that translates natural language
reasoning text to Python3 code so that these natural language reasoning problems can be solved.
During the translation, please pay close attention to defining variables and rules.
Do not add any comments from you.
Be guided by the following example:
Example input text:
Textual context: A vehicle operates over a A param between 20 and 110 in a typical day.
A vehicle operates for a B param between 2 and 10 in a typical day.

Example Python3 code:
# A vehicle operates over a A param between 20 and 110 in a typical day.
def r1(a: float) -> bool:
    return 20 <= a <= 110

# A vehicle operates for a B param between 2 and 10 in a typical day.
def r2(b: float) -> bool:
    return 2 <= b <= 10


Input text:
Textual context: The total stop count must not be lower than the count of stops where PTO is engaged.
The weight on axle 1 cannot surpass the weight on axle 2.";"
# The total stop count must not be lower than the count of stops where PTO is engaged.
def r1(total_stops: int, pto_engaged_stops: int) -> bool:
    return total_stops >= pto_engaged_stops

# The weight on axle 1 cannot surpass the weight on axle 2.
def r2(weight_axle1: float, weight_axle2: float) -> bool:
    return weight_axle1 <= weight_axle2"
"System Message:
You are a logician with a background in mathematics that translates natural language
reasoning text to Python3 code so that these natural language reasoning problems can be solved.
During the translation, please pay close attention to defining variables and rules.
Do not add any comments from you.
Be guided by the following example:
Example input text:
Textual context: A vehicle operates over a A param between 20 and 110 in a typical day.
A vehicle operates for a B param between 2 and 10 in a typical day.

Example Python3 code:
# A vehicle operates over a A param between 20 and 110 in a typical day.
def r1(a: float) -> bool:
    return 20 <= a <= 110

# A vehicle operates for a B param between 2 and 10 in a typical day.
def r2(b: float) -> bool:
    return 2 <= b <= 10


Input text:
Textual context: Driving time should be less than or equal to the total operation time.
The weight on axle 1 cannot surpass the weight on axle 2.";"
# Driving time should be less than or equal to the total operation time.
def r1(driving_time: float, total_operation_time: float) -> bool:
    return driving_time <= total_operation_time

# The weight on axle 1 cannot surpass the weight on axle 2.
def r2(weight_axle1: float, weight_axle2: float) -> bool:
    return weight_axle1 <= weight_axle2"
"System Message:
You are a logician with a background in mathematics that translates natural language
reasoning text to Python3 code so that these natural language reasoning problems can be solved.
During the translation, please pay close attention to defining variables and rules.
Do not add any comments from you.
Be guided by the following example:
Example input text:
Textual context: A vehicle operates over a A param between 20 and 110 in a typical day.
A vehicle operates for a B param between 2 and 10 in a typical day.

Example Python3 code:
# A vehicle operates over a A param between 20 and 110 in a typical day.
def r1(a: float) -> bool:
    return 20 <= a <= 110

# A vehicle operates for a B param between 2 and 10 in a typical day.
def r2(b: float) -> bool:
    return 2 <= b <= 10


Input text:
Textual context: Stops with PTO engaged cannot outnumber the total stops.";"
# Stops with PTO engaged cannot outnumber the total stops.
def r1(pto_stops: int, total_stops: int) -> bool:
    return pto_stops <= total_stops"
"System Message:
You are a logician with a background in mathematics that translates natural language
reasoning text to Python3 code so that these natural language reasoning problems can be solved.
During the translation, please pay close attention to defining variables and rules.
Do not add any comments from you.
Be guided by the following example:
Example input text:
Textual context: A vehicle operates over a A param between 20 and 110 in a typical day.
A vehicle operates for a B param between 2 and 10 in a typical day.

Example Python3 code:
# A vehicle operates over a A param between 20 and 110 in a typical day.
def r1(a: float) -> bool:
    return 20 <= a <= 110

# A vehicle operates for a B param between 2 and 10 in a typical day.
def r2(b: float) -> bool:
    return 2 <= b <= 10


Input text:
Textual context: The payload must always be smaller than or equal to the load on axle 2.";"
# The payload must always be smaller than or equal to the load on axle 2.
def r3(payload: float, axle2_load: float) -> bool:
    return payload <= axle2_load"
"System Message:
You are a logician with a background in mathematics that translates natural language
reasoning text to Python3 code so that these natural language reasoning problems can be solved.
During the translation, please pay close attention to defining variables and rules.
Do not add any comments from you.
Be guided by the following example:
Example input text:
Textual context: A vehicle operates over a A param between 20 and 110 in a typical day.
A vehicle operates for a B param between 2 and 10 in a typical day.

Example Python3 code:
# A vehicle operates over a A param between 20 and 110 in a typical day.
def r1(a: float) -> bool:
    return 20 <= a <= 110

# A vehicle operates for a B param between 2 and 10 in a typical day.
def r2(b: float) -> bool:
    return 2 <= b <= 10


Input text:
Textual context: PTO operation time must be less than or equal to the total operation time.
Idle time should be less than or equal to the total operation time.";"
# PTO operation time must be less than or equal to the total operation time.
def r1(pto_time: float, total_time: float) -> bool:
    return pto_time <= total_time

# Idle time should be less than or equal to the total operation time.
def r2(idle_time: float, total_time: float) -> bool:
    return idle_time <= total_time"
"System Message:
You are a logician with a background in mathematics that translates natural language
reasoning text to Python3 code so that these natural language reasoning problems can be solved.
During the translation, please pay close attention to defining variables and rules.
Do not add any comments from you.
Be guided by the following example:
Example input text:
Textual context: A vehicle operates over a A param between 20 and 110 in a typical day.
A vehicle operates for a B param between 2 and 10 in a typical day.

Example Python3 code:
# A vehicle operates over a A param between 20 and 110 in a typical day.
def r1(a: float) -> bool:
    return 20 <= a <= 110

# A vehicle operates for a B param between 2 and 10 in a typical day.
def r2(b: float) -> bool:
    return 2 <= b <= 10


Input text:
Textual context: PTO operation time must be less than or equal to the total operation time.";"
```python
def r1(pto_time: float, total_time: float) -> bool:
    return pto_time <= total_time
```"
"System Message:
You are a logician with a background in mathematics that translates natural language
reasoning text to Python3 code so that these natural language reasoning problems can be solved.
During the translation, please pay close attention to defining variables and rules.
Do not add any comments from you.
Be guided by the following example:
Example input text:
Textual context: A vehicle operates over a A param between 20 and 110 in a typical day.
A vehicle operates for a B param between 2 and 10 in a typical day.

Example Python3 code:
# A vehicle operates over a A param between 20 and 110 in a typical day.
def r1(a: float) -> bool:
    return 20 <= a <= 110

# A vehicle operates for a B param between 2 and 10 in a typical day.
def r2(b: float) -> bool:
    return 2 <= b <= 10


Input text:
Textual context: Total operation time shouldn’t be lower than PTO operation time.
Driving time should be less than or equal to the total operation time.";"
# Total operation time shouldn't be lower than PTO operation time.
def r1(total_time: float, pto_time: float) -> bool:
    return total_time >= pto_time

# Driving time should be less than or equal to the total operation time.
def r2(driving_time: float, total_time: float) -> bool:
    return driving_time <= total_time"
"System Message:
You are a logician with a background in mathematics that translates natural language
reasoning text to Python3 code so that these natural language reasoning problems can be solved.
During the translation, please pay close attention to defining variables and rules.
Do not add any comments from you.
Be guided by the following example:
Example input text:
Textual context: A vehicle operates over a A param between 20 and 110 in a typical day.
A vehicle operates for a B param between 2 and 10 in a typical day.

Example Python3 code:
# A vehicle operates over a A param between 20 and 110 in a typical day.
def r1(a: float) -> bool:
    return 20 <= a <= 110

# A vehicle operates for a B param between 2 and 10 in a typical day.
def r2(b: float) -> bool:
    return 2 <= b <= 10


Input text:
Textual context: Driving time should be less than or equal to the total operation time.
The payload must always be smaller than or equal to the load on axle 2.";"
def r1(d: float, o: float) -> bool:
    return d <= o

def r2(p: float, l: float) -> bool:
    return p <= l"
"System Message:
You are a logician with a background in mathematics that translates natural language
reasoning text to Python3 code so that these natural language reasoning problems can be solved.
During the translation, please pay close attention to defining variables and rules.
Do not add any comments from you.
Be guided by the following example:
Example input text:
Textual context: A vehicle operates over a A param between 20 and 110 in a typical day.
A vehicle operates for a B param between 2 and 10 in a typical day.

Example Python3 code:
# A vehicle operates over a A param between 20 and 110 in a typical day.
def r1(a: float) -> bool:
    return 20 <= a <= 110

# A vehicle operates for a B param between 2 and 10 in a typical day.
def r2(b: float) -> bool:
    return 2 <= b <= 10


Input text:
Textual context: Driving time must always be less than or equal to the total operation time.";"
# Driving time must always be less than or equal to the total operation time.
def driving_time_le_total_operation_time(driving_time: float, total_operation_time: float) -> bool:
    return driving_time <= total_operation_time"
"System Message:
You are a logician with a background in mathematics that translates natural language
reasoning text to Python3 code so that these natural language reasoning problems can be solved.
During the translation, please pay close attention to defining variables and rules.
Do not add any comments from you.
Be guided by the following example:
Example input text:
Textual context: A vehicle operates over a A param between 20 and 110 in a typical day.
A vehicle operates for a B param between 2 and 10 in a typical day.

Example Python3 code:
# A vehicle operates over a A param between 20 and 110 in a typical day.
def r1(a: float) -> bool:
    return 20 <= a <= 110

# A vehicle operates for a B param between 2 and 10 in a typical day.
def r2(b: float) -> bool:
    return 2 <= b <= 10


Input text:
Textual context: Axle 3's load must always be equal to or greater than the payload.";"
# Axle 3's load must always be equal to or greater than the payload.
def r3(axle_3_load: float, payload: float) -> bool:
    return axle_3_load >= payload"
"System Message:
You are a logician with a background in mathematics that translates natural language
reasoning text to Python3 code so that these natural language reasoning problems can be solved.
During the translation, please pay close attention to defining variables and rules.
Do not add any comments from you.
Be guided by the following example:
Example input text:
Textual context: A vehicle operates over a A param between 20 and 110 in a typical day.
A vehicle operates for a B param between 2 and 10 in a typical day.

Example Python3 code:
# A vehicle operates over a A param between 20 and 110 in a typical day.
def r1(a: float) -> bool:
    return 20 <= a <= 110

# A vehicle operates for a B param between 2 and 10 in a typical day.
def r2(b: float) -> bool:
    return 2 <= b <= 10


Input text:
Textual context: Total operation time shouldn’t be lower than idle time.
Stops with PTO engaged cannot outnumber the total stops.";"
# Total operation time shouldn't be lower than idle time.
def r1(total_time: float, idle_time: float) -> bool:
    return total_time >= idle_time

# Stops with PTO engaged cannot outnumber the total stops.
def r2(pto_stops: int, total_stops: int) -> bool:
    return pto_stops <= total_stops"
"System Message:
You are a logician with a background in mathematics that translates natural language
reasoning text to Python3 code so that these natural language reasoning problems can be solved.
During the translation, please pay close attention to defining variables and rules.
Do not add any comments from you.
Be guided by the following example:
Example input text:
Textual context: A vehicle operates over a A param between 20 and 110 in a typical day.
A vehicle operates for a B param between 2 and 10 in a typical day.

Example Python3 code:
# A vehicle operates over a A param between 20 and 110 in a typical day.
def r1(a: float) -> bool:
    return 20 <= a <= 110

# A vehicle operates for a B param between 2 and 10 in a typical day.
def r2(b: float) -> bool:
    return 2 <= b <= 10


Input text:
Textual context: PTO-engaged stops cannot exceed the total number of stops.
Payload must remain below or equal to the load carried by axle 2.";"
# PTO-engaged stops cannot exceed the total number of stops.
def r1(pto_stops: int, total_stops: int) -> bool:
    return pto_stops <= total_stops

# Payload must remain below or equal to the load carried by axle 2.
def r2(payload: int, axle2_load: int) -> bool:
    return payload <= axle2_load"
"System Message:
You are a logician with a background in mathematics that translates natural language
reasoning text to Python3 code so that these natural language reasoning problems can be solved.
During the translation, please pay close attention to defining variables and rules.
Do not add any comments from you.
Be guided by the following example:
Example input text:
Textual context: A vehicle operates over a A param between 20 and 110 in a typical day.
A vehicle operates for a B param between 2 and 10 in a typical day.

Example Python3 code:
# A vehicle operates over a A param between 20 and 110 in a typical day.
def r1(a: float) -> bool:
    return 20 <= a <= 110

# A vehicle operates for a B param between 2 and 10 in a typical day.
def r2(b: float) -> bool:
    return 2 <= b <= 10


Input text:
Textual context: Idle time must always be less than or equal to the total operation time.
Payload must remain below or equal to the load carried by axle 2.";"
# Idle time must always be less than or equal to the total operation time.
def r3(idle_time: float, total_operation_time: float) -> bool:
    return idle_time <= total_operation_time

# Payload must remain below or equal to the load carried by axle 2.
def r4(payload: float, load_axle_2: float) -> bool:
    return payload <= load_axle_2"
"System Message:
You are a logician with a background in mathematics that translates natural language
reasoning text to Python3 code so that these natural language reasoning problems can be solved.
During the translation, please pay close attention to defining variables and rules.
Do not add any comments from you.
Be guided by the following example:
Example input text:
Textual context: A vehicle operates over a A param between 20 and 110 in a typical day.
A vehicle operates for a B param between 2 and 10 in a typical day.

Example Python3 code:
# A vehicle operates over a A param between 20 and 110 in a typical day.
def r1(a: float) -> bool:
    return 20 <= a <= 110

# A vehicle operates for a B param between 2 and 10 in a typical day.
def r2(b: float) -> bool:
    return 2 <= b <= 10


Input text:
Textual context: The load carried by axle 1 must be smaller than or equal to the load on axle 2.
The payload cannot exceed the capacity of axle 2.";"
# The load carried by axle 1 must be smaller than or equal to the load on axle 2.
def r1(axle1_load: float, axle2_load: float) -> bool:
    return axle1_load <= axle2_load

# The payload cannot exceed the capacity of axle 2.
def r2(axle2_capacity: float, axle2_load: float) -> bool:
    return axle2_load <= axle2_capacity"
"System Message:
You are a logician with a background in mathematics that translates natural language
reasoning text to Python3 code so that these natural language reasoning problems can be solved.
During the translation, please pay close attention to defining variables and rules.
Do not add any comments from you.
Be guided by the following example:
Example input text:
Textual context: A vehicle operates over a A param between 20 and 110 in a typical day.
A vehicle operates for a B param between 2 and 10 in a typical day.

Example Python3 code:
# A vehicle operates over a A param between 20 and 110 in a typical day.
def r1(a: float) -> bool:
    return 20 <= a <= 110

# A vehicle operates for a B param between 2 and 10 in a typical day.
def r2(b: float) -> bool:
    return 2 <= b <= 10


Input text:
Textual context: Idle time should be less than or equal to the total operation time.
The weight on axle 1 cannot surpass the weight on axle 3.";"
# Idle time should be less than or equal to the total operation time.
def r1(idle_time: float, total_operation_time: float) -> bool:
    return idle_time <= total_operation_time

# The weight on axle 1 cannot surpass the weight on axle 3.
def r2(weight_axle_1: float, weight_axle_3: float) -> bool:
    return weight_axle_1 <= weight_axle_3"
"System Message:
You are a logician with a background in mathematics that translates natural language
reasoning text to Python3 code so that these natural language reasoning problems can be solved.
During the translation, please pay close attention to defining variables and rules.
Do not add any comments from you.
Be guided by the following example:
Example input text:
Textual context: A vehicle operates over a A param between 20 and 110 in a typical day.
A vehicle operates for a B param between 2 and 10 in a typical day.

Example Python3 code:
# A vehicle operates over a A param between 20 and 110 in a typical day.
def r1(a: float) -> bool:
    return 20 <= a <= 110

# A vehicle operates for a B param between 2 and 10 in a typical day.
def r2(b: float) -> bool:
    return 2 <= b <= 10


Input text:
Textual context: Total operation time should shouldn’t be lower than driving time.";"
# Total operation time should shouldn’t be lower than driving time.
def r3(operation_time: float, driving_time: float) -> bool:
    return operation_time >= driving_time"
"System Message:
You are a logician with a background in mathematics that translates natural language
reasoning text to Python3 code so that these natural language reasoning problems can be solved.
During the translation, please pay close attention to defining variables and rules.
Do not add any comments from you.
Be guided by the following example:
Example input text:
Textual context: A vehicle operates over a A param between 20 and 110 in a typical day.
A vehicle operates for a B param between 2 and 10 in a typical day.
A vehicle operates with C param between 0.2 and 5 in a typical day.

Example Python3 code:
# A vehicle operates over a A param between 20 and 110 in a typical day.
def r1(a: float) -> bool:
    return 20 <= a <= 110

# A vehicle operates for a B param between 2 and 10 in a typical day.
def r2(b: float) -> bool:
    return 2 <= b <= 10

# A vehicle operates with C param between 0.2 and 5 in a typical day.
def r3(c: float) -> bool:
    return 0.2 <= c <= 5


Input text:
Textual context: Idle time should be less than or equal to the total operation time.
Total operation time should shouldn’t be lower than driving time.
The load on axle 1 must not surpass the load on axle 2.";"
def r4(idle_time: float, total_operation_time: float, driving_time: float) -> bool:
    return idle_time <= total_operation_time and total_operation_time >= driving_time

def r5(load_axle_1: float, load_axle_2: float) -> bool:
    return load_axle_1 <= load_axle_2"
"System Message:
You are a logician with a background in mathematics that translates natural language
reasoning text to Python3 code so that these natural language reasoning problems can be solved.
During the translation, please pay close attention to defining variables and rules.
Do not add any comments from you.
Be guided by the following example:
Example input text:
Textual context: A vehicle operates over a A param between 20 and 110 in a typical day.
A vehicle operates for a B param between 2 and 10 in a typical day.
A vehicle operates with C param between 0.2 and 5 in a typical day.

Example Python3 code:
# A vehicle operates over a A param between 20 and 110 in a typical day.
def r1(a: float) -> bool:
    return 20 <= a <= 110

# A vehicle operates for a B param between 2 and 10 in a typical day.
def r2(b: float) -> bool:
    return 2 <= b <= 10

# A vehicle operates with C param between 0.2 and 5 in a typical day.
def r3(c: float) -> bool:
    return 0.2 <= c <= 5


Input text:
Textual context: The load supported by axle 1 cannot exceed that of axle 2.
The load carried by axle 1 must be smaller than or equal to the load on axle 3.
The payload cannot exceed the capacity of axle 3.";"
# The load supported by axle 1 cannot exceed that of axle 2.
def r1(load1: float, load2: float) -> bool:
    return load1 <= load2

# The load carried by axle 1 must be smaller than or equal to the load on axle 3.
def r2(load1: float, load3: float) -> bool:
    return load1 <= load3

# The payload cannot exceed the capacity of axle 3.
def r3(load3: float, capacity: float) -> bool:
    return load3 <= capacity"
"System Message:
You are a logician with a background in mathematics that translates natural language
reasoning text to Python3 code so that these natural language reasoning problems can be solved.
During the translation, please pay close attention to defining variables and rules.
Do not add any comments from you.
Be guided by the following example:
Example input text:
Textual context: A vehicle operates over a A param between 20 and 110 in a typical day.
A vehicle operates for a B param between 2 and 10 in a typical day.
A vehicle operates with C param between 0.2 and 5 in a typical day.

Example Python3 code:
# A vehicle operates over a A param between 20 and 110 in a typical day.
def r1(a: float) -> bool:
    return 20 <= a <= 110

# A vehicle operates for a B param between 2 and 10 in a typical day.
def r2(b: float) -> bool:
    return 2 <= b <= 10

# A vehicle operates with C param between 0.2 and 5 in a typical day.
def r3(c: float) -> bool:
    return 0.2 <= c <= 5


Input text:
Textual context: The total operation durationmust not be lower than the driving time.
Axle 2's load must always be equal to or greater than the payload.";"
# The total operation duration must not be lower than the driving time.
def r4(total_duration: float, driving_time: float) -> bool:
    return total_duration >= driving_time

# Axle 2's load must always be equal to or greater than the payload.
def r5(axle2_load: float, payload: float) -> bool:
    return axle2_load >= payload"
"System Message:
You are a logician with a background in mathematics that translates natural language
reasoning text to Python3 code so that these natural language reasoning problems can be solved.
During the translation, please pay close attention to defining variables and rules.
Do not add any comments from you.
Be guided by the following example:
Example input text:
Textual context: A vehicle operates over a A param between 20 and 110 in a typical day.
A vehicle operates for a B param between 2 and 10 in a typical day.
A vehicle operates with C param between 0.2 and 5 in a typical day.

Example Python3 code:
# A vehicle operates over a A param between 20 and 110 in a typical day.
def r1(a: float) -> bool:
    return 20 <= a <= 110

# A vehicle operates for a B param between 2 and 10 in a typical day.
def r2(b: float) -> bool:
    return 2 <= b <= 10

# A vehicle operates with C param between 0.2 and 5 in a typical day.
def r3(c: float) -> bool:
    return 0.2 <= c <= 5


Input text:
Textual context: Driving time should be less than or equal to the total operation time.
The load carried by axle 1 must be smaller than or equal to the load on axle 3.";"
# Driving time should be less than or equal to the total operation time.
def r4(d: float, e: float) -> bool:
    return d <= e

# The load carried by axle 1 must be smaller than or equal to the load on axle 3.
def r5(f: float, g: float) -> bool:
    return f <= g"
"System Message:
You are a logician with a background in mathematics that translates natural language
reasoning text to Python3 code so that these natural language reasoning problems can be solved.
During the translation, please pay close attention to defining variables and rules.
Do not add any comments from you.
Be guided by the following example:
Example input text:
Textual context: A vehicle operates over a A param between 20 and 110 in a typical day.
A vehicle operates for a B param between 2 and 10 in a typical day.
A vehicle operates with C param between 0.2 and 5 in a typical day.

Example Python3 code:
# A vehicle operates over a A param between 20 and 110 in a typical day.
def r1(a: float) -> bool:
    return 20 <= a <= 110

# A vehicle operates for a B param between 2 and 10 in a typical day.
def r2(b: float) -> bool:
    return 2 <= b <= 10

# A vehicle operates with C param between 0.2 and 5 in a typical day.
def r3(c: float) -> bool:
    return 0.2 <= c <= 5


Input text:
Textual context: Total operation time shouldn’t be lower than PTO operation time.";"
To solve this problem, we need to define a function that checks if the total operation time is greater than or equal to the PTO operation time. Let's define the variables and create the function in Python.

```python
# Define the variables
pto_operation_time = None  # Placeholder for the PTO operation time
total_operation_time = None  # Placeholder for the total operation time

# Function to check if total operation time should not be lower than PTO operation time
def check_total_operation_time(pto_time: float, total_time: float) -> bool:
    return total_time >= pto_time

# Example usage
# Set the values of PTO operation time and total operation time
pto_operation_time = 60  # Example value
total_operation_time = 70  # Example value

# Check the condition
result = check_total_operation_time(pto_operation_time, total_operation_time)
print(result)  # Output: True
```

In this code:
- `pto_operation_time` and `total_operation_time` are placeholders that you would set based on the actual data you have.
- The function `check_total_operation_time` takes two parameters: `pto_time` and `total_time`, and returns `True` if `total_time` is greater than or equal to `pto_time`. Otherwise, it returns `False`."
"System Message:
You are a logician with a background in mathematics that translates natural language
reasoning text to Python3 code so that these natural language reasoning problems can be solved.
During the translation, please pay close attention to defining variables and rules.
Do not add any comments from you.
Be guided by the following example:
Example input text:
Textual context: A vehicle operates over a A param between 20 and 110 in a typical day.
A vehicle operates for a B param between 2 and 10 in a typical day.
A vehicle operates with C param between 0.2 and 5 in a typical day.

Example Python3 code:
# A vehicle operates over a A param between 20 and 110 in a typical day.
def r1(a: float) -> bool:
    return 20 <= a <= 110

# A vehicle operates for a B param between 2 and 10 in a typical day.
def r2(b: float) -> bool:
    return 2 <= b <= 10

# A vehicle operates with C param between 0.2 and 5 in a typical day.
def r3(c: float) -> bool:
    return 0.2 <= c <= 5


Input text:
Textual context: PTO operation time should be less than or equal to the total operation time.
Driving time must always be less than or equal to the total operation time.
Stops with PTO engaged should never outnumber total stops.";"
# PTO operation time should be less than or equal to the total operation time.
def r1(pto_time: float, total_time: float) -> bool:
    return pto_time <= total_time

# Driving time must always be less than or equal to the total operation time.
def r2(driving_time: float, total_time: float) -> bool:
    return driving_time <= total_time

# Stops with PTO engaged should never outnumber total stops.
def r3(pto_stops: int, total_stops: int) -> bool:
    return pto_stops <= total_stops"
"System Message:
You are a logician with a background in mathematics that translates natural language
reasoning text to Python3 code so that these natural language reasoning problems can be solved.
During the translation, please pay close attention to defining variables and rules.
Do not add any comments from you.
Be guided by the following example:
Example input text:
Textual context: A vehicle operates over a A param between 20 and 110 in a typical day.
A vehicle operates for a B param between 2 and 10 in a typical day.
A vehicle operates with C param between 0.2 and 5 in a typical day.

Example Python3 code:
# A vehicle operates over a A param between 20 and 110 in a typical day.
def r1(a: float) -> bool:
    return 20 <= a <= 110

# A vehicle operates for a B param between 2 and 10 in a typical day.
def r2(b: float) -> bool:
    return 2 <= b <= 10

# A vehicle operates with C param between 0.2 and 5 in a typical day.
def r3(c: float) -> bool:
    return 0.2 <= c <= 5


Input text:
Textual context: The total operation duration must not be lower than the idle time.
The number of stops where PTO is engaged must not exceed the overall stop count.
Payload must remain below or equal to the load carried by axle 3.";"
# The total operation duration must not be lower than the idle time.
def r4(operation_duration: float, idle_time: float) -> bool:
    return operation_duration >= idle_time

# The number of stops where PTO is engaged must not exceed the overall stop count.
def r5(pto_stops: int, total_stops: int) -> bool:
    return pto_stops <= total_stops

# Payload must remain below or equal to the load carried by axle 3.
def r6(payload: float, axle_3_load: float) -> bool:
    return payload <= axle_3_load"
"System Message:
You are a logician with a background in mathematics that translates natural language
reasoning text to Python3 code so that these natural language reasoning problems can be solved.
During the translation, please pay close attention to defining variables and rules.
Do not add any comments from you.
Be guided by the following example:
Example input text:
Textual context: A vehicle operates over a A param between 20 and 110 in a typical day.
A vehicle operates for a B param between 2 and 10 in a typical day.
A vehicle operates with C param between 0.2 and 5 in a typical day.

Example Python3 code:
# A vehicle operates over a A param between 20 and 110 in a typical day.
def r1(a: float) -> bool:
    return 20 <= a <= 110

# A vehicle operates for a B param between 2 and 10 in a typical day.
def r2(b: float) -> bool:
    return 2 <= b <= 10

# A vehicle operates with C param between 0.2 and 5 in a typical day.
def r3(c: float) -> bool:
    return 0.2 <= c <= 5


Input text:
Textual context: Idle time must always be less than or equal to the total operation time.
The load on axle 1 must not surpass the load on axle 3.
Total operation time should be at least the sum of PTO, idle, and driving times.";"
# Idle time must always be less than or equal to the total operation time.
def r1(idle_time: float, total_operation_time: float) -> bool:
    return idle_time <= total_operation_time

# The load on axle 1 must not surpass the load on axle 3.
def r2(load_axle1: float, load_axle3: float) -> bool:
    return load_axle1 <= load_axle3

# Total operation time should be at least the sum of PTO, idle, and driving times.
def r3(pto_time: float, idle_time: float, driving_time: float) -> bool:
    return total_operation_time >= (pto_time + idle_time + driving_time)"
"System Message:
You are a logician with a background in mathematics that translates natural language
reasoning text to Python3 code so that these natural language reasoning problems can be solved.
During the translation, please pay close attention to defining variables and rules.
Do not add any comments from you.
Be guided by the following example:
Example input text:
Textual context: A vehicle operates over a A param between 20 and 110 in a typical day.
A vehicle operates for a B param between 2 and 10 in a typical day.
A vehicle operates with C param between 0.2 and 5 in a typical day.

Example Python3 code:
# A vehicle operates over a A param between 20 and 110 in a typical day.
def r1(a: float) -> bool:
    return 20 <= a <= 110

# A vehicle operates for a B param between 2 and 10 in a typical day.
def r2(b: float) -> bool:
    return 2 <= b <= 10

# A vehicle operates with C param between 0.2 and 5 in a typical day.
def r3(c: float) -> bool:
    return 0.2 <= c <= 5


Input text:
Textual context: The load supported by axle 1 cannot exceed that of axle 2.
Axle 2's load must always be equal to or greater than the payload.";"
# The load supported by axle 1 cannot exceed that of axle 2.
def r1(axle1_load: float, axle2_load: float) -> bool:
    return axle1_load <= axle2_load

# Axle 2's load must always be equal to or greater than the payload.
def r2(axle2_load: float, payload: float) -> bool:
    return axle2_load >= payload"
"System Message:
You are a logician with a background in mathematics that translates natural language
reasoning text to Python3 code so that these natural language reasoning problems can be solved.
During the translation, please pay close attention to defining variables and rules.
Do not add any comments from you.
Be guided by the following example:
Example input text:
Textual context: A vehicle operates over a A param between 20 and 110 in a typical day.
A vehicle operates for a B param between 2 and 10 in a typical day.
A vehicle operates with C param between 0.2 and 5 in a typical day.

Example Python3 code:
# A vehicle operates over a A param between 20 and 110 in a typical day.
def r1(a: float) -> bool:
    return 20 <= a <= 110

# A vehicle operates for a B param between 2 and 10 in a typical day.
def r2(b: float) -> bool:
    return 2 <= b <= 10

# A vehicle operates with C param between 0.2 and 5 in a typical day.
def r3(c: float) -> bool:
    return 0.2 <= c <= 5


Input text:
Textual context: PTO operation time cannot be greater than the total operation time.
The weight on axle 1 cannot surpass the weight on axle 3.";"
# PTO operation time cannot be greater than the total operation time.
def r1(pto_time: float, total_time: float) -> bool:
    return pto_time <= total_time

# The weight on axle 1 cannot surpass the weight on axle 3.
def r2(weight_axle1: float, weight_axle3: float) -> bool:
    return weight_axle1 <= weight_axle3"
"System Message:
You are a logician with a background in mathematics that translates natural language
reasoning text to Python3 code so that these natural language reasoning problems can be solved.
During the translation, please pay close attention to defining variables and rules.
Do not add any comments from you.
Be guided by the following example:
Example input text:
Textual context: A vehicle operates over a A param between 20 and 110 in a typical day.
A vehicle operates for a B param between 2 and 10 in a typical day.
A vehicle operates with C param between 0.2 and 5 in a typical day.

Example Python3 code:
# A vehicle operates over a A param between 20 and 110 in a typical day.
def r1(a: float) -> bool:
    return 20 <= a <= 110

# A vehicle operates for a B param between 2 and 10 in a typical day.
def r2(b: float) -> bool:
    return 2 <= b <= 10

# A vehicle operates with C param between 0.2 and 5 in a typical day.
def r3(c: float) -> bool:
    return 0.2 <= c <= 5


Input text:
Textual context: Total operation time shouldn’t be lower than idle time.
Driving time should be less than or equal to the total operation time.
Axle 2's load must always be equal to or greater than the payload.";"
# Total operation time shouldn't be lower than idle time.
def r4(total_time: float, idle_time: float) -> bool:
    return total_time >= idle_time

# Driving time should be less than or equal to the total operation time.
def r5(driving_time: float, total_time: float) -> bool:
    return driving_time <= total_time

# Axle 2's load must always be equal to or greater than the payload.
def r6(axle2_load: float, payload: float) -> bool:
    return axle2_load >= payload"
"System Message:
You are a logician with a background in mathematics that translates natural language
reasoning text to Python3 code so that these natural language reasoning problems can be solved.
During the translation, please pay close attention to defining variables and rules.
Do not add any comments from you.
Be guided by the following example:
Example input text:
Textual context: A vehicle operates over a A param between 20 and 110 in a typical day.
A vehicle operates for a B param between 2 and 10 in a typical day.
A vehicle operates with C param between 0.2 and 5 in a typical day.

Example Python3 code:
# A vehicle operates over a A param between 20 and 110 in a typical day.
def r1(a: float) -> bool:
    return 20 <= a <= 110

# A vehicle operates for a B param between 2 and 10 in a typical day.
def r2(b: float) -> bool:
    return 2 <= b <= 10

# A vehicle operates with C param between 0.2 and 5 in a typical day.
def r3(c: float) -> bool:
    return 0.2 <= c <= 5


Input text:
Textual context: Idle time cannot be greater than the total operation time.
Payload must remain below or equal to the load carried by axle 3.";"
# Idle time cannot be greater than the total operation time.
def r1(idle_time: float, total_operation_time: float) -> bool:
    return idle_time <= total_operation_time

# Payload must remain below or equal to the load carried by axle 3.
def r2(payload: float, axle_3_load: float) -> bool:
    return payload <= axle_3_load"
"System Message:
You are a logician with a background in mathematics that translates natural language
reasoning text to Python3 code so that these natural language reasoning problems can be solved.
During the translation, please pay close attention to defining variables and rules.
Do not add any comments from you.
Be guided by the following example:
Example input text:
Textual context: A vehicle operates over a A param between 20 and 110 in a typical day.
A vehicle operates for a B param between 2 and 10 in a typical day.
A vehicle operates with C param between 0.2 and 5 in a typical day.

Example Python3 code:
# A vehicle operates over a A param between 20 and 110 in a typical day.
def r1(a: float) -> bool:
    return 20 <= a <= 110

# A vehicle operates for a B param between 2 and 10 in a typical day.
def r2(b: float) -> bool:
    return 2 <= b <= 10

# A vehicle operates with C param between 0.2 and 5 in a typical day.
def r3(c: float) -> bool:
    return 0.2 <= c <= 5


Input text:
Textual context: The total operation durationmust not be lower than the driving time.
Stops with PTO engaged should never outnumber total stops.
The total operation time must always be not lower than the combined duration of PTO operation, idle time, and driving time.";"
# The total operation duration must not be lower than the driving time.
def r1(total_operation_duration: float, driving_time: float) -> bool:
    return total_operation_duration >= driving_time

# Stops with PTO engaged should never outnumber total stops.
def r2(total_stops: int, pto_stops: int) -> bool:
    return total_stops >= pto_stops

# The total operation time must always be not lower than the combined duration of PTO operation, idle time, and driving time.
def r3(total_operation_time: float, pto_operation_time: float, idle_time: float, driving_time: float) -> bool:
    return total_operation_time >= pto_operation_time + idle_time + driving_time"
"System Message:
You are a logician with a background in mathematics that translates natural language
reasoning text to Python3 code so that these natural language reasoning problems can be solved.
During the translation, please pay close attention to defining variables and rules.
Do not add any comments from you.
Be guided by the following example:
Example input text:
Textual context: A vehicle operates over a A param between 20 and 110 in a typical day.
A vehicle operates for a B param between 2 and 10 in a typical day.
A vehicle operates with C param between 0.2 and 5 in a typical day.

Example Python3 code:
# A vehicle operates over a A param between 20 and 110 in a typical day.
def r1(a: float) -> bool:
    return 20 <= a <= 110

# A vehicle operates for a B param between 2 and 10 in a typical day.
def r2(b: float) -> bool:
    return 2 <= b <= 10

# A vehicle operates with C param between 0.2 and 5 in a typical day.
def r3(c: float) -> bool:
    return 0.2 <= c <= 5


Input text:
Textual context: The weight on axle 1 cannot surpass the weight on axle 2.
Axle 1's load cannot exceed Axle 3's load.
The total operation time must always be not lower than the combined duration of PTO operation, idle time, and driving time.";"
# The weight on axle 1 cannot surpass the weight on axle 2.
def r1(axle1_weight: float, axle2_weight: float) -> bool:
    return axle1_weight <= axle2_weight

# Axle 1's load cannot exceed Axle 3's load.
def r2(axle1_load: float, axle3_load: float) -> bool:
    return axle1_load <= axle3_load

# The total operation time must always be not lower than the combined duration of PTO operation, idle time, and driving time.
def r3(total_operation_time: float, pto_operation_time: float, idle_time: float, driving_time: float) -> bool:
    return total_operation_time >= (pto_operation_time + idle_time + driving_time)"
"System Message:
You are a logician with a background in mathematics that translates natural language
reasoning text to Python3 code so that these natural language reasoning problems can be solved.
During the translation, please pay close attention to defining variables and rules.
Do not add any comments from you.
Be guided by the following example:
Example input text:
Textual context: A vehicle operates over a A param between 20 and 110 in a typical day.
A vehicle operates for a B param between 2 and 10 in a typical day.
A vehicle operates with C param between 0.2 and 5 in a typical day.

Example Python3 code:
# A vehicle operates over a A param between 20 and 110 in a typical day.
def r1(a: float) -> bool:
    return 20 <= a <= 110

# A vehicle operates for a B param between 2 and 10 in a typical day.
def r2(b: float) -> bool:
    return 2 <= b <= 10

# A vehicle operates with C param between 0.2 and 5 in a typical day.
def r3(c: float) -> bool:
    return 0.2 <= c <= 5


Input text:
Textual context: The load carried by axle 1 must be smaller than or equal to the load on axle 3.";"
To translate the given natural language reasoning problem into Python3 code, we need to define a function that checks if the load on axle 1 is less than or equal to the load on axle 3. Here's how you can do it:

```python
# Function to check if the load on axle 1 is less than or equal to the load on axle 3
def check_axle_loads(load_1: float, load_3: float) -> bool:
    return load_1 <= load_3
```

In this code:
- `load_1` and `load_3` are the parameters representing the loads on axle 1 and axle 3, respectively.
- The function `check_axle_loads` returns `True` if `load_1` is less than or equal to `load_3`, indicating that the condition is met. Otherwise, it returns `False`."
"System Message:
You are a logician with a background in mathematics that translates natural language
reasoning text to Python3 code so that these natural language reasoning problems can be solved.
During the translation, please pay close attention to defining variables and rules.
Do not add any comments from you.
Be guided by the following example:
Example input text:
Textual context: A vehicle operates over a A param between 20 and 110 in a typical day.
A vehicle operates for a B param between 2 and 10 in a typical day.
A vehicle operates with C param between 0.2 and 5 in a typical day.

Example Python3 code:
# A vehicle operates over a A param between 20 and 110 in a typical day.
def r1(a: float) -> bool:
    return 20 <= a <= 110

# A vehicle operates for a B param between 2 and 10 in a typical day.
def r2(b: float) -> bool:
    return 2 <= b <= 10

# A vehicle operates with C param between 0.2 and 5 in a typical day.
def r3(c: float) -> bool:
    return 0.2 <= c <= 5


Input text:
Textual context: Idle time must always be less than or equal to the total operation time.
The load supported by axle 1 cannot exceed that of axle 2.
The weight on axle 1 cannot surpass the weight on axle 3.";"
# Idle time must always be less than or equal to the total operation time.
def r4(idle_time: float, total_operation_time: float) -> bool:
    return idle_time <= total_operation_time

# The load supported by axle 1 cannot exceed that of axle 2.
def r5(load_axle1: float, load_axle2: float) -> bool:
    return load_axle1 <= load_axle2

# The weight on axle 1 cannot surpass the weight on axle 3.
def r6(weight_axle1: float, weight_axle3: float) -> bool:
    return weight_axle1 <= weight_axle3"
"System Message:
You are a logician with a background in mathematics that translates natural language
reasoning text to Python3 code so that these natural language reasoning problems can be solved.
During the translation, please pay close attention to defining variables and rules.
Do not add any comments from you.
Be guided by the following example:
Example input text:
Textual context: A vehicle operates over a A param between 20 and 110 in a typical day.
A vehicle operates for a B param between 2 and 10 in a typical day.
A vehicle operates with C param between 0.2 and 5 in a typical day.

Example Python3 code:
# A vehicle operates over a A param between 20 and 110 in a typical day.
def r1(a: float) -> bool:
    return 20 <= a <= 110

# A vehicle operates for a B param between 2 and 10 in a typical day.
def r2(b: float) -> bool:
    return 2 <= b <= 10

# A vehicle operates with C param between 0.2 and 5 in a typical day.
def r3(c: float) -> bool:
    return 0.2 <= c <= 5


Input text:
Textual context: The payload cannot exceed the capacity of axle 3.";"
# The payload cannot exceed the capacity of axle 3.
def r4(payload: float, capacity_axle_3: float) -> bool:
    return payload <= capacity_axle_3"
"System Message:
You are a logician with a background in mathematics that translates natural language
reasoning text to Python3 code so that these natural language reasoning problems can be solved.
During the translation, please pay close attention to defining variables and rules.
Do not add any comments from you.
Be guided by the following example:
Example input text:
Textual context: A vehicle operates over a A param between 20 and 110 in a typical day.
A vehicle operates for a B param between 2 and 10 in a typical day.
A vehicle operates with C param between 0.2 and 5 in a typical day.

Example Python3 code:
# A vehicle operates over a A param between 20 and 110 in a typical day.
def r1(a: float) -> bool:
    return 20 <= a <= 110

# A vehicle operates for a B param between 2 and 10 in a typical day.
def r2(b: float) -> bool:
    return 2 <= b <= 10

# A vehicle operates with C param between 0.2 and 5 in a typical day.
def r3(c: float) -> bool:
    return 0.2 <= c <= 5


Input text:
Textual context: PTO-engaged stops cannot exceed the total number of stops.
The load carried by axle 1 must be smaller than or equal to the load on axle 2.
The payload must always be smaller than or equal to the load on axle 2.";"
# PTO-engaged stops cannot exceed the total number of stops.
def r1(pto_stops: int, total_stops: int) -> bool:
    return pto_stops <= total_stops

# The load carried by axle 1 must be smaller than or equal to the load on axle 2.
def r2(axle1_load: int, axle2_load: int) -> bool:
    return axle1_load <= axle2_load

# The payload must always be smaller than or equal to the load on axle 2.
def r3(payload: int, axle2_load: int) -> bool:
    return payload <= axle2_load"
"System Message:
You are a logician with a background in mathematics that translates natural language
reasoning text to Python3 code so that these natural language reasoning problems can be solved.
During the translation, please pay close attention to defining variables and rules.
Do not add any comments from you.
Be guided by the following example:
Example input text:
Textual context: A vehicle operates over a A param between 20 and 110 in a typical day.
A vehicle operates for a B param between 2 and 10 in a typical day.
A vehicle operates with C param between 0.2 and 5 in a typical day.

Example Python3 code:
# A vehicle operates over a A param between 20 and 110 in a typical day.
def r1(a: float) -> bool:
    return 20 <= a <= 110

# A vehicle operates for a B param between 2 and 10 in a typical day.
def r2(b: float) -> bool:
    return 2 <= b <= 10

# A vehicle operates with C param between 0.2 and 5 in a typical day.
def r3(c: float) -> bool:
    return 0.2 <= c <= 5


Input text:
Textual context: Stops with PTO engaged cannot outnumber the total stops.
Axle 2's load must always be equal to or greater than the payload.";"
# Stops with PTO engaged cannot outnumber the total stops.
def r4(pto_stops: int, total_stops: int) -> bool:
    return pto_stops <= total_stops

# Axle 2's load must always be equal to or greater than the payload.
def r5(axle2_load: int, payload: int) -> bool:
    return axle2_load >= payload"
"System Message:
You are a logician with a background in mathematics that translates natural language
reasoning text to Python3 code so that these natural language reasoning problems can be solved.
During the translation, please pay close attention to defining variables and rules.
Do not add any comments from you.
Be guided by the following example:
Example input text:
Textual context: A vehicle operates over a A param between 20 and 110 in a typical day.
A vehicle operates for a B param between 2 and 10 in a typical day.
A vehicle operates with C param between 0.2 and 5 in a typical day.

Example Python3 code:
# A vehicle operates over a A param between 20 and 110 in a typical day.
def r1(a: float) -> bool:
    return 20 <= a <= 110

# A vehicle operates for a B param between 2 and 10 in a typical day.
def r2(b: float) -> bool:
    return 2 <= b <= 10

# A vehicle operates with C param between 0.2 and 5 in a typical day.
def r3(c: float) -> bool:
    return 0.2 <= c <= 5


Input text:
Textual context: Total operation time shouldn’t be lower than idle time.
Total operation time must be greater than or equal to the sum of PTO operation, idle, and driving times.";"
# Total operation time shouldn't be lower than idle time.
def r4(total_time: float, idle_time: float) -> bool:
    return total_time >= idle_time

# Total operation time must be greater than or equal to the sum of PTO operation, idle, and driving times.
def r5(total_time: float, pto_operation: float, idle_time: float, driving_time: float) -> bool:
    return total_time >= pto_operation + idle_time + driving_time"
"System Message:
You are a logician with a background in mathematics that translates natural language
reasoning text to Python3 code so that these natural language reasoning problems can be solved.
During the translation, please pay close attention to defining variables and rules.
Do not add any comments from you.
Be guided by the following example:
Example input text:
Textual context: A vehicle operates over a A param between 20 and 110 in a typical day.
A vehicle operates for a B param between 2 and 10 in a typical day.
A vehicle operates with C param between 0.2 and 5 in a typical day.

Example Python3 code:
# A vehicle operates over a A param between 20 and 110 in a typical day.
def r1(a: float) -> bool:
    return 20 <= a <= 110

# A vehicle operates for a B param between 2 and 10 in a typical day.
def r2(b: float) -> bool:
    return 2 <= b <= 10

# A vehicle operates with C param between 0.2 and 5 in a typical day.
def r3(c: float) -> bool:
    return 0.2 <= c <= 5


Input text:
Textual context: Stops with PTO engaged should never outnumber total stops.
The load on axle 1 must not surpass the load on axle 2.";"
# Stops with PTO engaged should never outnumber total stops.
def r4(pto_stops: int, total_stops: int) -> bool:
    return pto_stops <= total_stops

# The load on axle 1 must not surpass the load on axle 2.
def r5(axle1_load: float, axle2_load: float) -> bool:
    return axle1_load <= axle2_load"
"System Message:
You are a logician with a background in mathematics that translates natural language
reasoning text to Python3 code so that these natural language reasoning problems can be solved.
During the translation, please pay close attention to defining variables and rules.
Do not add any comments from you.
Be guided by the following example:
Example input text:
Textual context: A vehicle operates over a A param between 20 and 110 in a typical day.
A vehicle operates for a B param between 2 and 10 in a typical day.
A vehicle operates with C param between 0.2 and 5 in a typical day.

Example Python3 code:
# A vehicle operates over a A param between 20 and 110 in a typical day.
def r1(a: float) -> bool:
    return 20 <= a <= 110

# A vehicle operates for a B param between 2 and 10 in a typical day.
def r2(b: float) -> bool:
    return 2 <= b <= 10

# A vehicle operates with C param between 0.2 and 5 in a typical day.
def r3(c: float) -> bool:
    return 0.2 <= c <= 5


Input text:
Textual context: The total operation durationmust not be lower than the driving time.
The weight on axle 1 cannot surpass the weight on axle 2.";"
# The total operation duration must not be lower than the driving time.
def r1(total_duration: float, driving_time: float) -> bool:
    return total_duration >= driving_time

# The weight on axle 1 cannot surpass the weight on axle 2.
def r2(weight_axle1: float, weight_axle2: float) -> bool:
    return weight_axle1 <= weight_axle2"
"System Message:
You are a logician with a background in mathematics that translates natural language
reasoning text to Python3 code so that these natural language reasoning problems can be solved.
During the translation, please pay close attention to defining variables and rules.
Do not add any comments from you.
Be guided by the following example:
Example input text:
Textual context: A vehicle operates over a A param between 20 and 110 in a typical day.
A vehicle operates for a B param between 2 and 10 in a typical day.
A vehicle operates with C param between 0.2 and 5 in a typical day.

Example Python3 code:
# A vehicle operates over a A param between 20 and 110 in a typical day.
def r1(a: float) -> bool:
    return 20 <= a <= 110

# A vehicle operates for a B param between 2 and 10 in a typical day.
def r2(b: float) -> bool:
    return 2 <= b <= 10

# A vehicle operates with C param between 0.2 and 5 in a typical day.
def r3(c: float) -> bool:
    return 0.2 <= c <= 5


Input text:
Textual context: Idle time cannot be greater than the total operation time.
The payload must always be smaller than or equal to the load on axle 3.";"
# Idle time cannot be greater than the total operation time.
def r4(idle_time: float, total_operation_time: float) -> bool:
    return idle_time <= total_operation_time

# The payload must always be smaller than or equal to the load on axle 3.
def r5(payload: float, load_axle_3: float) -> bool:
    return payload <= load_axle_3"
"System Message:
You are a logician with a background in mathematics that translates natural language
reasoning text to Python3 code so that these natural language reasoning problems can be solved.
During the translation, please pay close attention to defining variables and rules.
Do not add any comments from you.
Be guided by the following example:
Example input text:
Textual context: A vehicle operates over a A param between 20 and 110 in a typical day.
A vehicle operates for a B param between 2 and 10 in a typical day.
A vehicle operates with C param between 0.2 and 5 in a typical day.

Example Python3 code:
# A vehicle operates over a A param between 20 and 110 in a typical day.
def r1(a: float) -> bool:
    return 20 <= a <= 110

# A vehicle operates for a B param between 2 and 10 in a typical day.
def r2(b: float) -> bool:
    return 2 <= b <= 10

# A vehicle operates with C param between 0.2 and 5 in a typical day.
def r3(c: float) -> bool:
    return 0.2 <= c <= 5


Input text:
Textual context: PTO operation time should be less than or equal to the total operation time.
The number of stops where PTO is engaged must not exceed the overall stop count.
Axle 1's load cannot exceed Axle 2's load.";"
# PTO operation time should be less than or equal to the total operation time.
def r4(pto_time: float, total_time: float) -> bool:
    return pto_time <= total_time

# The number of stops where PTO is engaged must not exceed the overall stop count.
def r5(pto_stops: int, total_stops: int) -> bool:
    return pto_stops <= total_stops

# Axle 1's load cannot exceed Axle 2's load.
def r6(axle1_load: float, axle2_load: float) -> bool:
    return axle1_load <= axle2_load"
"System Message:
You are a logician with a background in mathematics that translates natural language
reasoning text to Python3 code so that these natural language reasoning problems can be solved.
During the translation, please pay close attention to defining variables and rules.
Do not add any comments from you.
Be guided by the following example:
Example input text:
Textual context: A vehicle operates over a A param between 20 and 110 in a typical day.
A vehicle operates for a B param between 2 and 10 in a typical day.
A vehicle operates with C param between 0.2 and 5 in a typical day.

Example Python3 code:
# A vehicle operates over a A param between 20 and 110 in a typical day.
def r1(a: float) -> bool:
    return 20 <= a <= 110

# A vehicle operates for a B param between 2 and 10 in a typical day.
def r2(b: float) -> bool:
    return 2 <= b <= 10

# A vehicle operates with C param between 0.2 and 5 in a typical day.
def r3(c: float) -> bool:
    return 0.2 <= c <= 5


Input text:
Textual context: Idle time cannot be greater than the total operation time.
PTO-engaged stops cannot exceed the total number of stops.";"
# Idle time cannot be greater than the total operation time.
def r1(idle_time: float, total_operation_time: float) -> bool:
    return idle_time <= total_operation_time

# PTO-engaged stops cannot exceed the total number of stops.
def r2(pto_stops: int, total_stops: int) -> bool:
    return pto_stops <= total_stops"
"System Message:
You are a logician with a background in mathematics that translates natural language
reasoning text to Python3 code so that these natural language reasoning problems can be solved.
During the translation, please pay close attention to defining variables and rules.
Do not add any comments from you.
Be guided by the following example:
Example input text:
Textual context: A vehicle operates over a A param between 20 and 110 in a typical day.
A vehicle operates for a B param between 2 and 10 in a typical day.
A vehicle operates with C param between 0.2 and 5 in a typical day.

Example Python3 code:
# A vehicle operates over a A param between 20 and 110 in a typical day.
def r1(a: float) -> bool:
    return 20 <= a <= 110

# A vehicle operates for a B param between 2 and 10 in a typical day.
def r2(b: float) -> bool:
    return 2 <= b <= 10

# A vehicle operates with C param between 0.2 and 5 in a typical day.
def r3(c: float) -> bool:
    return 0.2 <= c <= 5


Input text:
Textual context: The total operation duration must not be lower than the PTO operation time.
Idle time should be less than or equal to the total operation time.
The total stop count must not be lower than the count of stops where PTO is engaged.";"
# The total operation duration must not be lower than the PTO operation time.
def r1(pto_time: float, total_time: float) -> bool:
    return pto_time <= total_time

# Idle time should be less than or equal to the total operation time.
def r2(idle_time: float, total_time: float) -> bool:
    return idle_time <= total_time

# The total stop count must not be lower than the count of stops where PTO is engaged.
def r3(total_stops: int, pto_stops: int) -> bool:
    return total_stops >= pto_stops"
"System Message:
You are a logician with a background in mathematics that translates natural language
reasoning text to Python3 code so that these natural language reasoning problems can be solved.
During the translation, please pay close attention to defining variables and rules.
Do not add any comments from you.
Be guided by the following example:
Example input text:
Textual context: A vehicle operates over a A param between 20 and 110 in a typical day.
A vehicle operates for a B param between 2 and 10 in a typical day.
A vehicle operates with C param between 0.2 and 5 in a typical day.

Example Python3 code:
# A vehicle operates over a A param between 20 and 110 in a typical day.
def r1(a: float) -> bool:
    return 20 <= a <= 110

# A vehicle operates for a B param between 2 and 10 in a typical day.
def r2(b: float) -> bool:
    return 2 <= b <= 10

# A vehicle operates with C param between 0.2 and 5 in a typical day.
def r3(c: float) -> bool:
    return 0.2 <= c <= 5


Input text:
Textual context: Idle time cannot be greater than the total operation time.
PTO-engaged stops cannot exceed the total number of stops.
Total operation time must be greater than or equal to the sum of PTO operation, idle, and driving times.";"
# Idle time cannot be greater than the total operation time.
def r1(idle_time: float, total_operation_time: float) -> bool:
    return idle_time <= total_operation_time

# PTO-engaged stops cannot exceed the total number of stops.
def r2(pto_stops: int, total_stops: int) -> bool:
    return pto_stops <= total_stops

# Total operation time must be greater than or equal to the sum of PTO operation, idle, and driving times.
def r3(pto_operation: float, idle_time: float, driving_time: float, total_operation_time: float) -> bool:
    return total_operation_time >= pto_operation + idle_time + driving_time"
"System Message:
You are a logician with a background in mathematics that translates natural language
reasoning text to Python3 code so that these natural language reasoning problems can be solved.
During the translation, please pay close attention to defining variables and rules.
Do not add any comments from you.
Be guided by the following example:
Example input text:
Textual context: A vehicle operates over a A param between 20 and 110 in a typical day.
A vehicle operates for a B param between 2 and 10 in a typical day.
A vehicle operates with C param between 0.2 and 5 in a typical day.

Example Python3 code:
# A vehicle operates over a A param between 20 and 110 in a typical day.
def r1(a: float) -> bool:
    return 20 <= a <= 110

# A vehicle operates for a B param between 2 and 10 in a typical day.
def r2(b: float) -> bool:
    return 2 <= b <= 10

# A vehicle operates with C param between 0.2 and 5 in a typical day.
def r3(c: float) -> bool:
    return 0.2 <= c <= 5


Input text:
Textual context: The total operation duration must not be lower than the PTO operation time.
The total operation duration must not be lower than the idle time.
Driving time should be less than or equal to the total operation time.";"
def r4(pto_time: float, idle_time: float, total_time: float) -> bool:
    return total_time >= pto_time and total_time >= idle_time and total_time <= pto_time + idle_time

def r5(driving_time: float, total_time: float) -> bool:
    return driving_time <= total_time"
"System Message:
You are a logician with a background in mathematics that translates natural language
reasoning text to Python3 code so that these natural language reasoning problems can be solved.
During the translation, please pay close attention to defining variables and rules.
Do not add any comments from you.
Be guided by the following example:
Example input text:
Textual context: A vehicle operates over a A param between 20 and 110 in a typical day.
A vehicle operates for a B param between 2 and 10 in a typical day.
A vehicle operates with C param between 0.2 and 5 in a typical day.

Example Python3 code:
# A vehicle operates over a A param between 20 and 110 in a typical day.
def r1(a: float) -> bool:
    return 20 <= a <= 110

# A vehicle operates for a B param between 2 and 10 in a typical day.
def r2(b: float) -> bool:
    return 2 <= b <= 10

# A vehicle operates with C param between 0.2 and 5 in a typical day.
def r3(c: float) -> bool:
    return 0.2 <= c <= 5


Input text:
Textual context: The weight on axle 1 cannot surpass the weight on axle 3.
Total operation time should be at least the sum of PTO, idle, and driving times.";"
# The weight on axle 1 cannot surpass the weight on axle 3.
def r4(axle1_weight: float, axle3_weight: float) -> bool:
    return axle1_weight <= axle3_weight

# Total operation time should be at least the sum of PTO, idle, and driving times.
def r5(pto_time: float, idle_time: float, driving_time: float) -> bool:
    return pto_time + idle_time + driving_time >= pto_time + idle_time + driving_time"
"System Message:
You are a logician with a background in mathematics that translates natural language
reasoning text to Python3 code so that these natural language reasoning problems can be solved.
During the translation, please pay close attention to defining variables and rules.
Do not add any comments from you.
Be guided by the following example:
Example input text:
Textual context: A vehicle operates over a A param between 20 and 110 in a typical day.
A vehicle operates for a B param between 2 and 10 in a typical day.
A vehicle operates with C param between 0.2 and 5 in a typical day.

Example Python3 code:
# A vehicle operates over a A param between 20 and 110 in a typical day.
def r1(a: float) -> bool:
    return 20 <= a <= 110

# A vehicle operates for a B param between 2 and 10 in a typical day.
def r2(b: float) -> bool:
    return 2 <= b <= 10

# A vehicle operates with C param between 0.2 and 5 in a typical day.
def r3(c: float) -> bool:
    return 0.2 <= c <= 5


Input text:
Textual context: Idle time must always be less than or equal to the total operation time.
The load supported by axle 1 cannot exceed that of axle 3.
Payload must remain below or equal to the load carried by axle 3.";"
def r4(idle_time: float, total_operation_time: float) -> bool:
    return idle_time <= total_operation_time

def r5(axle1_load: float, axle3_load: float) -> bool:
    return axle1_load <= axle3_load

def r6(payload: float, axle3_load: float) -> bool:
    return payload <= axle3_load"
"System Message:
You are a logician with a background in mathematics that translates natural language
reasoning text to Python3 code so that these natural language reasoning problems can be solved.
During the translation, please pay close attention to defining variables and rules.
Do not add any comments from you.
Be guided by the following example:
Example input text:
Textual context: A vehicle operates over a A param between 20 and 110 in a typical day.
A vehicle operates for a B param between 2 and 10 in a typical day.
A vehicle operates with C param between 0.2 and 5 in a typical day.

Example Python3 code:
# A vehicle operates over a A param between 20 and 110 in a typical day.
def r1(a: float) -> bool:
    return 20 <= a <= 110

# A vehicle operates for a B param between 2 and 10 in a typical day.
def r2(b: float) -> bool:
    return 2 <= b <= 10

# A vehicle operates with C param between 0.2 and 5 in a typical day.
def r3(c: float) -> bool:
    return 0.2 <= c <= 5


Input text:
Textual context: Total operation time shouldn’t be lower than PTO operation time.
The weight on axle 1 cannot surpass the weight on axle 2.";"
# Total operation time shouldn't be lower than PTO operation time.
def r4(pto_time: float, total_time: float) -> bool:
    return pto_time <= total_time

# The weight on axle 1 cannot surpass the weight on axle 2.
def r5(axle1_weight: float, axle2_weight: float) -> bool:
    return axle1_weight <= axle2_weight"
"System Message:
You are a logician with a background in mathematics that translates natural language
reasoning text to Python3 code so that these natural language reasoning problems can be solved.
During the translation, please pay close attention to defining variables and rules.
Do not add any comments from you.
Be guided by the following example:
Example input text:
Textual context: A vehicle operates over a A param between 20 and 110 in a typical day.
A vehicle operates for a B param between 2 and 10 in a typical day.
A vehicle operates with C param between 0.2 and 5 in a typical day.

Example Python3 code:
# A vehicle operates over a A param between 20 and 110 in a typical day.
def r1(a: float) -> bool:
    return 20 <= a <= 110

# A vehicle operates for a B param between 2 and 10 in a typical day.
def r2(b: float) -> bool:
    return 2 <= b <= 10

# A vehicle operates with C param between 0.2 and 5 in a typical day.
def r3(c: float) -> bool:
    return 0.2 <= c <= 5


Input text:
Textual context: The payload must always be smaller than or equal to the load on axle 2.
The total operation duration must always be greater than or equal to the combined time for PTO, idle, and driving.";"
# The payload must always be smaller than or equal to the load on axle 2.
def r1(payload: float, axle_load: float) -> bool:
    return payload <= axle_load

# The total operation duration must always be greater than or equal to the combined time for PTO, idle, and driving.
def r2(total_duration: float, pto_time: float, idle_time: float, driving_time: float) -> bool:
    return total_duration >= (pto_time + idle_time + driving_time)"
"System Message:
You are a logician with a background in mathematics that translates natural language
reasoning text to Python3 code so that these natural language reasoning problems can be solved.
During the translation, please pay close attention to defining variables and rules.
Do not add any comments from you.
Be guided by the following example:
Example input text:
Textual context: A vehicle operates over a A param between 20 and 110 in a typical day.
A vehicle operates for a B param between 2 and 10 in a typical day.
A vehicle operates with C param between 0.2 and 5 in a typical day.

Example Python3 code:
# A vehicle operates over a A param between 20 and 110 in a typical day.
def r1(a: float) -> bool:
    return 20 <= a <= 110

# A vehicle operates for a B param between 2 and 10 in a typical day.
def r2(b: float) -> bool:
    return 2 <= b <= 10

# A vehicle operates with C param between 0.2 and 5 in a typical day.
def r3(c: float) -> bool:
    return 0.2 <= c <= 5


Input text:
Textual context: PTO operation time must be less than or equal to the total operation time.
The payload must not exceed the load carried by axle 3.";"
# PTO operation time must be less than or equal to the total operation time.
def r1(pto_time: float, total_time: float) -> bool:
    return pto_time <= total_time

# The payload must not exceed the load carried by axle 3.
def r2(payload: float, axle_3_load: float) -> bool:
    return payload <= axle_3_load"
"System Message:
You are a logician with a background in mathematics that translates natural language
reasoning text to Python3 code so that these natural language reasoning problems can be solved.
During the translation, please pay close attention to defining variables and rules.
Do not add any comments from you.
Be guided by the following example:
Example input text:
Textual context: A vehicle operates over a A param between 20 and 110 in a typical day.
A vehicle operates for a B param between 2 and 10 in a typical day.
A vehicle operates with C param between 0.2 and 5 in a typical day.

Example Python3 code:
# A vehicle operates over a A param between 20 and 110 in a typical day.
def r1(a: float) -> bool:
    return 20 <= a <= 110

# A vehicle operates for a B param between 2 and 10 in a typical day.
def r2(b: float) -> bool:
    return 2 <= b <= 10

# A vehicle operates with C param between 0.2 and 5 in a typical day.
def r3(c: float) -> bool:
    return 0.2 <= c <= 5


Input text:
Textual context: PTO operation time cannot be greater than the total operation time.
Total operation time must be greater than or equal to the sum of PTO operation, idle, and driving times.";"
# PTO operation time cannot be greater than the total operation time.
def r1(pto_time: float, total_time: float) -> bool:
    return pto_time <= total_time

# Total operation time must be greater than or equal to the sum of PTO operation, idle, and driving times.
def r2(pto_time: float, idle_time: float, driving_time: float, total_time: float) -> bool:
    return total_time >= (pto_time + idle_time + driving_time)"
"System Message:
You are a logician with a background in mathematics that translates natural language
reasoning text to Python3 code so that these natural language reasoning problems can be solved.
During the translation, please pay close attention to defining variables and rules.
Do not add any comments from you.
Be guided by the following example:
Example input text:
Textual context: A vehicle operates over a A param between 20 and 110 in a typical day.
A vehicle operates for a B param between 2 and 10 in a typical day.
A vehicle operates with C param between 0.2 and 5 in a typical day.

Example Python3 code:
# A vehicle operates over a A param between 20 and 110 in a typical day.
def r1(a: float) -> bool:
    return 20 <= a <= 110

# A vehicle operates for a B param between 2 and 10 in a typical day.
def r2(b: float) -> bool:
    return 2 <= b <= 10

# A vehicle operates with C param between 0.2 and 5 in a typical day.
def r3(c: float) -> bool:
    return 0.2 <= c <= 5


Input text:
Textual context: The load supported by axle 1 cannot exceed that of axle 2.";"
To solve this problem, we need to define a function that checks if the load supported by axle 1 does not exceed that of axle 2. Let's assume that the load supported by each axle is represented by a parameter `load1` and `load2`, respectively.

Here's the corresponding Python3 code:

```python
# Define a function to check if load1 does not exceed load2
def load_check(load1: float, load2: float) -> bool:
    return load1 <= load2
```

This function takes two parameters, `load1` and `load2`, both of which are floats representing the loads on axles 1 and 2, respectively. It returns `True` if the load on axle 1 is less than or equal to the load on axle 2, indicating that the load supported by axle 1 does not exceed that of axle 2."
"System Message:
You are a logician with a background in mathematics that translates natural language
reasoning text to Python3 code so that these natural language reasoning problems can be solved.
During the translation, please pay close attention to defining variables and rules.
Do not add any comments from you.
Be guided by the following example:
Example input text:
Textual context: A vehicle operates over a A param between 20 and 110 in a typical day.
A vehicle operates for a B param between 2 and 10 in a typical day.
A vehicle operates with C param between 0.2 and 5 in a typical day.

Example Python3 code:
# A vehicle operates over a A param between 20 and 110 in a typical day.
def r1(a: float) -> bool:
    return 20 <= a <= 110

# A vehicle operates for a B param between 2 and 10 in a typical day.
def r2(b: float) -> bool:
    return 2 <= b <= 10

# A vehicle operates with C param between 0.2 and 5 in a typical day.
def r3(c: float) -> bool:
    return 0.2 <= c <= 5


Input text:
Textual context: The total operation duration must not be lower than the idle time.
Stops with PTO engaged should never outnumber total stops.
The load carried by axle 1 must be smaller than or equal to the load on axle 2.";"
# The total operation duration must not be lower than the idle time.
def r1(total_duration: float, idle_time: float) -> bool:
    return total_duration >= idle_time

# Stops with PTO engaged should never outnumber total stops.
def r2(total_stops: int, pto_engaged_stops: int) -> bool:
    return pto_engaged_stops <= total_stops

# The load carried by axle 1 must be smaller than or equal to the load on axle 2.
def r3(load_axle1: float, load_axle2: float) -> bool:
    return load_axle1 <= load_axle2"
"System Message:
You are a logician with a background in mathematics that translates natural language
reasoning text to Python3 code so that these natural language reasoning problems can be solved.
During the translation, please pay close attention to defining variables and rules.
Do not add any comments from you.
Be guided by the following example:
Example input text:
Textual context: A vehicle operates over a A param between 20 and 110 in a typical day.
A vehicle operates for a B param between 2 and 10 in a typical day.
A vehicle operates with C param between 0.2 and 5 in a typical day.

Example Python3 code:
# A vehicle operates over a A param between 20 and 110 in a typical day.
def r1(a: float) -> bool:
    return 20 <= a <= 110

# A vehicle operates for a B param between 2 and 10 in a typical day.
def r2(b: float) -> bool:
    return 2 <= b <= 10

# A vehicle operates with C param between 0.2 and 5 in a typical day.
def r3(c: float) -> bool:
    return 0.2 <= c <= 5


Input text:
Textual context: Total operation time should shouldn’t be lower than driving time.
The number of stops where PTO is engaged must not exceed the overall stop count.
Axle 1's load cannot exceed Axle 2's load.";"
# Total operation time should shouldn't be lower than driving time.
def r4(total_time: float, driving_time: float) -> bool:
    return total_time >= driving_time

# The number of stops where PTO is engaged must not exceed the overall stop count.
def r5(pto_stops: int, total_stops: int) -> bool:
    return pto_stops <= total_stops

# Axle 1's load cannot exceed Axle 2's load.
def r6(axle1_load: float, axle2_load: float) -> bool:
    return axle1_load <= axle2_load"
"System Message:
You are a logician with a background in mathematics that translates natural language
reasoning text to Python3 code so that these natural language reasoning problems can be solved.
During the translation, please pay close attention to defining variables and rules.
Do not add any comments from you.
Be guided by the following example:
Example input text:
Textual context: A vehicle operates over a A param between 20 and 110 in a typical day.
A vehicle operates for a B param between 2 and 10 in a typical day.
A vehicle operates with C param between 0.2 and 5 in a typical day.

Example Python3 code:
# A vehicle operates over a A param between 20 and 110 in a typical day.
def r1(a: float) -> bool:
    return 20 <= a <= 110

# A vehicle operates for a B param between 2 and 10 in a typical day.
def r2(b: float) -> bool:
    return 2 <= b <= 10

# A vehicle operates with C param between 0.2 and 5 in a typical day.
def r3(c: float) -> bool:
    return 0.2 <= c <= 5


Input text:
Textual context: The total operation duration must not be lower than the PTO operation time.
The load supported by axle 1 cannot exceed that of axle 2.
Axle 3's load must always be equal to or greater than the payload.";"
# The total operation duration must not be lower than the PTO operation time.
def r4(total_duration: float, pto_operation_time: float) -> bool:
    return total_duration >= pto_operation_time

# The load supported by axle 1 cannot exceed that of axle 2.
def r5(load_axle1: float, load_axle2: float) -> bool:
    return load_axle1 <= load_axle2

# Axle 3's load must always be equal to or greater than the payload.
def r6(axle3_load: float, payload: float) -> bool:
    return axle3_load >= payload"
"System Message:
You are a logician with a background in mathematics that translates natural language
reasoning text to Python3 code so that these natural language reasoning problems can be solved.
During the translation, please pay close attention to defining variables and rules.
Do not add any comments from you.
Be guided by the following example:
Example input text:
Textual context: A vehicle operates over a A param between 20 and 110 in a typical day.
A vehicle operates for a B param between 2 and 10 in a typical day.
A vehicle operates with C param between 0.2 and 5 in a typical day.

Example Python3 code:
# A vehicle operates over a A param between 20 and 110 in a typical day.
def r1(a: float) -> bool:
    return 20 <= a <= 110

# A vehicle operates for a B param between 2 and 10 in a typical day.
def r2(b: float) -> bool:
    return 2 <= b <= 10

# A vehicle operates with C param between 0.2 and 5 in a typical day.
def r3(c: float) -> bool:
    return 0.2 <= c <= 5


Input text:
Textual context: The total operation durationmust not be lower than the driving time.
Payload must remain below or equal to the load carried by axle 2.";"
# The total operation duration must not be lower than the driving time.
def r4(total_duration: float, driving_time: float) -> bool:
    return total_duration >= driving_time

# Payload must remain below or equal to the load carried by axle 2.
def r5(payload: float, axle_2_load: float) -> bool:
    return payload <= axle_2_load"
"System Message:
You are a logician with a background in mathematics that translates natural language
reasoning text to Python3 code so that these natural language reasoning problems can be solved.
During the translation, please pay close attention to defining variables and rules.
Do not add any comments from you.
Be guided by the following example:
Example input text:
Textual context: A vehicle operates over a A param between 20 and 110 in a typical day.
A vehicle operates for a B param between 2 and 10 in a typical day.
A vehicle operates with C param between 0.2 and 5 in a typical day.

Example Python3 code:
# A vehicle operates over a A param between 20 and 110 in a typical day.
def r1(a: float) -> bool:
    return 20 <= a <= 110

# A vehicle operates for a B param between 2 and 10 in a typical day.
def r2(b: float) -> bool:
    return 2 <= b <= 10

# A vehicle operates with C param between 0.2 and 5 in a typical day.
def r3(c: float) -> bool:
    return 0.2 <= c <= 5


Input text:
Textual context: PTO operation time should be less than or equal to the total operation time.
Axle 3's load must always be equal to or greater than the payload.";"
# PTO operation time should be less than or equal to the total operation time.
def r1(pto_time: float, total_time: float) -> bool:
    return pto_time <= total_time

# Axle 3's load must always be equal to or greater than the payload.
def r2(axle3_load: float, payload: float) -> bool:
    return axle3_load >= payload"
"System Message:
You are a logician with a background in mathematics that translates natural language
reasoning text to Python3 code so that these natural language reasoning problems can be solved.
During the translation, please pay close attention to defining variables and rules.
Do not add any comments from you.
Be guided by the following example:
Example input text:
Textual context: A vehicle operates over a A param between 20 and 110 in a typical day.
A vehicle operates for a B param between 2 and 10 in a typical day.
A vehicle operates with C param between 0.2 and 5 in a typical day.

Example Python3 code:
# A vehicle operates over a A param between 20 and 110 in a typical day.
def r1(a: float) -> bool:
    return 20 <= a <= 110

# A vehicle operates for a B param between 2 and 10 in a typical day.
def r2(b: float) -> bool:
    return 2 <= b <= 10

# A vehicle operates with C param between 0.2 and 5 in a typical day.
def r3(c: float) -> bool:
    return 0.2 <= c <= 5


Input text:
Textual context: Total operation time shouldn’t be lower than PTO operation time.
PTO-engaged stops cannot exceed the total number of stops.
Total operation time must be greater than or equal to the sum of PTO operation, idle, and driving times.";"
# Total operation time shouldn't be lower than PTO operation time.
def r1(total_time: float, pto_time: float) -> bool:
    return total_time >= pto_time

# PTO-engaged stops cannot exceed the total number of stops.
def r2(pto_stops: int, total_stops: int) -> bool:
    return pto_stops <= total_stops

# Total operation time must be greater than or equal to the sum of PTO operation, idle, and driving times.
def r3(total_time: float, pto_time: float, idle_time: float, driving_time: float) -> bool:
    return total_time >= pto_time + idle_time + driving_time"
"System Message:
You are a logician with a background in mathematics that translates natural language
reasoning text to Python3 code so that these natural language reasoning problems can be solved.
During the translation, please pay close attention to defining variables and rules.
Do not add any comments from you.
Be guided by the following example:
Example input text:
Textual context: A vehicle operates over a A param between 20 and 110 in a typical day.
A vehicle operates for a B param between 2 and 10 in a typical day.
A vehicle operates with C param between 0.2 and 5 in a typical day.

Example Python3 code:
# A vehicle operates over a A param between 20 and 110 in a typical day.
def r1(a: float) -> bool:
    return 20 <= a <= 110

# A vehicle operates for a B param between 2 and 10 in a typical day.
def r2(b: float) -> bool:
    return 2 <= b <= 10

# A vehicle operates with C param between 0.2 and 5 in a typical day.
def r3(c: float) -> bool:
    return 0.2 <= c <= 5


Input text:
Textual context: Driving time must always be less than or equal to the total operation time.
The number of stops where PTO is engaged must not exceed the overall stop count.
The load on axle 1 must not surpass the load on axle 3.";"
# Driving time must always be less than or equal to the total operation time.
def r4(driving_time: float, total_operation_time: float) -> bool:
    return driving_time <= total_operation_time

# The number of stops where PTO is engaged must not exceed the overall stop count.
def r5(pto_stops: int, overall_stops: int) -> bool:
    return pto_stops <= overall_stops

# The load on axle 1 must not surpass the load on axle 3.
def r6(load_axle1: float, load_axle3: float) -> bool:
    return load_axle1 <= load_axle3"
"System Message:
You are a logician with a background in mathematics that translates natural language
reasoning text to Python3 code so that these natural language reasoning problems can be solved.
During the translation, please pay close attention to defining variables and rules.
Do not add any comments from you.
Be guided by the following example:
Example input text:
Textual context: A vehicle operates over a A param between 20 and 110 in a typical day.
A vehicle operates for a B param between 2 and 10 in a typical day.
A vehicle operates with C param between 0.2 and 5 in a typical day.

Example Python3 code:
# A vehicle operates over a A param between 20 and 110 in a typical day.
def r1(a: float) -> bool:
    return 20 <= a <= 110

# A vehicle operates for a B param between 2 and 10 in a typical day.
def r2(b: float) -> bool:
    return 2 <= b <= 10

# A vehicle operates with C param between 0.2 and 5 in a typical day.
def r3(c: float) -> bool:
    return 0.2 <= c <= 5


Input text:
Textual context: The total operation duration must not be lower than the idle time.
Payload must remain below or equal to the load carried by axle 2.
The payload must not exceed the load carried by axle 3.";"
def r1(duration: float, idle_time: float) -> bool:
    return duration >= idle_time

def r2(payload: float, axle_2_load: float) -> bool:
    return payload <= axle_2_load

def r3(payload: float, axle_3_load: float) -> bool:
    return payload <= axle_3_load"
"System Message:
You are a logician with a background in mathematics that translates natural language
reasoning text to Python3 code so that these natural language reasoning problems can be solved.
During the translation, please pay close attention to defining variables and rules.
Do not add any comments from you.
Be guided by the following example:
Example input text:
Textual context: A vehicle operates over a A param between 20 and 110 in a typical day.
A vehicle operates for a B param between 2 and 10 in a typical day.
A vehicle operates with C param between 0.2 and 5 in a typical day.

Example Python3 code:
# A vehicle operates over a A param between 20 and 110 in a typical day.
def r1(a: float) -> bool:
    return 20 <= a <= 110

# A vehicle operates for a B param between 2 and 10 in a typical day.
def r2(b: float) -> bool:
    return 2 <= b <= 10

# A vehicle operates with C param between 0.2 and 5 in a typical day.
def r3(c: float) -> bool:
    return 0.2 <= c <= 5


Input text:
Textual context: Idle time must always be less than or equal to the total operation time.
PTO-engaged stops cannot exceed the total number of stops.
The payload cannot exceed the capacity of axle 2.";"
# Idle time must always be less than or equal to the total operation time.
def r1(idle_time: float, total_operation_time: float) -> bool:
    return idle_time <= total_operation_time

# PTO-engaged stops cannot exceed the total number of stops.
def r2(pto_stops: int, total_stops: int) -> bool:
    return pto_stops <= total_stops

# The payload cannot exceed the capacity of axle 2.
def r3(payload: float, axle_capacity: float) -> bool:
    return payload <= axle_capacity"
"System Message:
You are a logician with a background in mathematics that translates natural language
reasoning text to Python3 code so that these natural language reasoning problems can be solved.
During the translation, please pay close attention to defining variables and rules.
Do not add any comments from you.
Be guided by the following example:
Example input text:
Textual context: A vehicle operates over a A param between 20 and 110 in a typical day.
A vehicle operates for a B param between 2 and 10 in a typical day.
A vehicle operates with C param between 0.2 and 5 in a typical day.

Example Python3 code:
# A vehicle operates over a A param between 20 and 110 in a typical day.
def r1(a: float) -> bool:
    return 20 <= a <= 110

# A vehicle operates for a B param between 2 and 10 in a typical day.
def r2(b: float) -> bool:
    return 2 <= b <= 10

# A vehicle operates with C param between 0.2 and 5 in a typical day.
def r3(c: float) -> bool:
    return 0.2 <= c <= 5


Input text:
Textual context: The load on axle 1 must not surpass the load on axle 2.
Total operation time must be greater than or equal to the sum of PTO operation, idle, and driving times.";"
# The load on axle 1 must not surpass the load on axle 2.
def r1(axle1_load: float, axle2_load: float) -> bool:
    return axle1_load <= axle2_load

# Total operation time must be greater than or equal to the sum of PTO operation, idle, and driving times.
def r2(pto_time: float, idle_time: float, driving_time: float) -> bool:
    return pto_time + idle_time + driving_time >= 0"
"System Message:
You are a logician with a background in mathematics that translates natural language
reasoning text to Python3 code so that these natural language reasoning problems can be solved.
During the translation, please pay close attention to defining variables and rules.
Do not add any comments from you.
Be guided by the following example:
Example input text:
Textual context: A vehicle operates over a A param between 20 and 110 in a typical day.
A vehicle operates for a B param between 2 and 10 in a typical day.
A vehicle operates with C param between 0.2 and 5 in a typical day.

Example Python3 code:
# A vehicle operates over a A param between 20 and 110 in a typical day.
def r1(a: float) -> bool:
    return 20 <= a <= 110

# A vehicle operates for a B param between 2 and 10 in a typical day.
def r2(b: float) -> bool:
    return 2 <= b <= 10

# A vehicle operates with C param between 0.2 and 5 in a typical day.
def r3(c: float) -> bool:
    return 0.2 <= c <= 5


Input text:
Textual context: The number of stops where PTO is engaged must not exceed the overall stop count.
Payload must remain below or equal to the load carried by axle 2.
The total operation time must always be not lower than the combined duration of PTO operation, idle time, and driving time.";"
# The number of stops where PTO is engaged must not exceed the overall stop count.
def r1(pto_stops: int, total_stops: int) -> bool:
    return pto_stops <= total_stops

# Payload must remain below or equal to the load carried by axle 2.
def r2(payload: int, load_axle_2: int) -> bool:
    return payload <= load_axle_2

# The total operation time must always be not lower than the combined duration of PTO operation, idle time, and driving time.
def r3(total_operation_time: int, pto_duration: int, idle_time: int, driving_time: int) -> bool:
    return total_operation_time >= (pto_duration + idle_time + driving_time)"
"System Message:
You are a logician with a background in mathematics that translates natural language
reasoning text to Python3 code so that these natural language reasoning problems can be solved.
During the translation, please pay close attention to defining variables and rules.
Do not add any comments from you.
Be guided by the following example:
Example input text:
Textual context: A vehicle operates over a A param between 20 and 110 in a typical day.
A vehicle operates for a B param between 2 and 10 in a typical day.
A vehicle operates with C param between 0.2 and 5 in a typical day.

Example Python3 code:
# A vehicle operates over a A param between 20 and 110 in a typical day.
def r1(a: float) -> bool:
    return 20 <= a <= 110

# A vehicle operates for a B param between 2 and 10 in a typical day.
def r2(b: float) -> bool:
    return 2 <= b <= 10

# A vehicle operates with C param between 0.2 and 5 in a typical day.
def r3(c: float) -> bool:
    return 0.2 <= c <= 5


Input text:
Textual context: PTO operation time cannot be greater than the total operation time.
Idle time should be less than or equal to the total operation time.
The combined time for PTO operation, idle time, and driving time must not surpass the total operation time.";"
# PTO operation time cannot be greater than the total operation time.
def r1(pto_time: float, total_time: float) -> bool:
    return pto_time <= total_time

# Idle time should be less than or equal to the total operation time.
def r2(idle_time: float, total_time: float) -> bool:
    return idle_time <= total_time

# The combined time for PTO operation, idle time, and driving time must not surpass the total operation time.
def r3(pto_time: float, idle_time: float, driving_time: float, total_time: float) -> bool:
    return pto_time + idle_time + driving_time <= total_time"
"System Message:
You are a logician with a background in mathematics that translates natural language
reasoning text to Python3 code so that these natural language reasoning problems can be solved.
During the translation, please pay close attention to defining variables and rules.
Do not add any comments from you.
Be guided by the following example:
Example input text:
Textual context: A vehicle operates over a A param between 20 and 110 in a typical day.
A vehicle operates for a B param between 2 and 10 in a typical day.
A vehicle operates with C param between 0.2 and 5 in a typical day.

Example Python3 code:
# A vehicle operates over a A param between 20 and 110 in a typical day.
def r1(a: float) -> bool:
    return 20 <= a <= 110

# A vehicle operates for a B param between 2 and 10 in a typical day.
def r2(b: float) -> bool:
    return 2 <= b <= 10

# A vehicle operates with C param between 0.2 and 5 in a typical day.
def r3(c: float) -> bool:
    return 0.2 <= c <= 5


Input text:
Textual context: Axle 1's load cannot exceed Axle 2's load.
The load carried by axle 1 must be smaller than or equal to the load on axle 3.
Payload must remain below or equal to the load carried by axle 2.";"
# Axle 1's load cannot exceed Axle 2's load.
def r1(axle1_load: float, axle2_load: float) -> bool:
    return axle1_load <= axle2_load

# The load carried by axle 1 must be smaller than or equal to the load on axle 3.
def r2(axle1_load: float, axle3_load: float) -> bool:
    return axle1_load <= axle3_load

# Payload must remain below or equal to the load carried by axle 2.
def r3(payload: float, axle2_load: float) -> bool:
    return payload <= axle2_load"
"System Message:
You are a logician with a background in mathematics that translates natural language
reasoning text to Python3 code so that these natural language reasoning problems can be solved.
During the translation, please pay close attention to defining variables and rules.
Do not add any comments from you.
Be guided by the following example:
Example input text:
Textual context: A vehicle operates over a A param between 20 and 110 in a typical day.
A vehicle operates for a B param between 2 and 10 in a typical day.
A vehicle operates with C param between 0.2 and 5 in a typical day.
A vehicle remains D param between 1 and 5 in a typical day.

Example Python3 code:
# A vehicle operates over a A param between 20 and 110 in a typical day.
def r1(a: float) -> bool:
    return 20 <= a <= 110

# A vehicle operates for a B param between 2 and 10 in a typical day.
def r2(b: float) -> bool:
    return 2 <= b <= 10

# A vehicle operates with C param between 0.2 and 5 in a typical day.
def r3(c: float) -> bool:
    return 0.2 <= c <= 5

# A vehicle remains D param between 1 and 5 in a typical day.
def r4(d: float) -> bool:
    return 1 <= d <= 5


Input text:
Textual context: Total operation time shouldn’t be lower than PTO operation time.
Total operation time should shouldn’t be lower than driving time.
The total stop count must not be lower than the count of stops where PTO is engaged.
The payload must always be smaller than or equal to the load on axle 2.";"
# Total operation time shouldn't be lower than PTO operation time.
def r1(pto_time: float, total_time: float) -> bool:
    return pto_time <= total_time

# Total operation time should shouldn't be lower than driving time.
def r2(driving_time: float, total_time: float) -> bool:
    return driving_time <= total_time

# The total stop count must not be lower than the count of stops where PTO is engaged.
def r3(pto_stops: int, total_stops: int) -> bool:
    return pto_stops <= total_stops

# The payload must always be smaller than or equal to the load on axle 2.
def r4(payload: float, axle2_load: float) -> bool:
    return payload <= axle2_load"
"System Message:
You are a logician with a background in mathematics that translates natural language
reasoning text to Python3 code so that these natural language reasoning problems can be solved.
During the translation, please pay close attention to defining variables and rules.
Do not add any comments from you.
Be guided by the following example:
Example input text:
Textual context: A vehicle operates over a A param between 20 and 110 in a typical day.
A vehicle operates for a B param between 2 and 10 in a typical day.
A vehicle operates with C param between 0.2 and 5 in a typical day.
A vehicle remains D param between 1 and 5 in a typical day.

Example Python3 code:
# A vehicle operates over a A param between 20 and 110 in a typical day.
def r1(a: float) -> bool:
    return 20 <= a <= 110

# A vehicle operates for a B param between 2 and 10 in a typical day.
def r2(b: float) -> bool:
    return 2 <= b <= 10

# A vehicle operates with C param between 0.2 and 5 in a typical day.
def r3(c: float) -> bool:
    return 0.2 <= c <= 5

# A vehicle remains D param between 1 and 5 in a typical day.
def r4(d: float) -> bool:
    return 1 <= d <= 5


Input text:
Textual context: Idle time must always be less than or equal to the total operation time.
The load supported by axle 1 cannot exceed that of axle 2.";"
# Idle time must always be less than or equal to the total operation time.
def r1(idle_time: float, total_operation_time: float) -> bool:
    return idle_time <= total_operation_time

# The load supported by axle 1 cannot exceed that of axle 2.
def r2(load_axle1: float, load_axle2: float) -> bool:
    return load_axle1 <= load_axle2"
"System Message:
You are a logician with a background in mathematics that translates natural language
reasoning text to Python3 code so that these natural language reasoning problems can be solved.
During the translation, please pay close attention to defining variables and rules.
Do not add any comments from you.
Be guided by the following example:
Example input text:
Textual context: A vehicle operates over a A param between 20 and 110 in a typical day.
A vehicle operates for a B param between 2 and 10 in a typical day.
A vehicle operates with C param between 0.2 and 5 in a typical day.

Example Python3 code:
# A vehicle operates over a A param between 20 and 110 in a typical day.
def r1(a: float) -> bool:
    return 20 <= a <= 110

# A vehicle operates for a B param between 2 and 10 in a typical day.
def r2(b: float) -> bool:
    return 2 <= b <= 10

# A vehicle operates with C param between 0.2 and 5 in a typical day.
def r3(c: float) -> bool:
    return 0.2 <= c <= 5


Input text:
Textual context: PTO operation time cannot be greater than the total operation time.
The load carried by axle 1 must be smaller than or equal to the load on axle 2.
The total operation time must always be not lower than the combined duration of PTO operation, idle time, and driving time.";"
# PTO operation time cannot be greater than the total operation time.
def r1(pto_time: float, total_time: float) -> bool:
    return pto_time <= total_time

# The load carried by axle 1 must be smaller than or equal to the load on axle 2.
def r2(axle1_load: float, axle2_load: float) -> bool:
    return axle1_load <= axle2_load

# The total operation time must always be not lower than the combined duration of PTO operation, idle time, and driving time.
def r3(total_time: float, pto_time: float, idle_time: float, driving_time: float) -> bool:
    return total_time >= (pto_time + idle_time + driving_time)"
"System Message:
You are a logician with a background in mathematics that translates natural language
reasoning text to Python3 code so that these natural language reasoning problems can be solved.
During the translation, please pay close attention to defining variables and rules.
Do not add any comments from you.
Be guided by the following example:
Example input text:
Textual context: A vehicle operates over a A param between 20 and 110 in a typical day.
A vehicle operates for a B param between 2 and 10 in a typical day.
A vehicle operates with C param between 0.2 and 5 in a typical day.
A vehicle remains D param between 1 and 5 in a typical day.

Example Python3 code:
# A vehicle operates over a A param between 20 and 110 in a typical day.
def r1(a: float) -> bool:
    return 20 <= a <= 110

# A vehicle operates for a B param between 2 and 10 in a typical day.
def r2(b: float) -> bool:
    return 2 <= b <= 10

# A vehicle operates with C param between 0.2 and 5 in a typical day.
def r3(c: float) -> bool:
    return 0.2 <= c <= 5

# A vehicle remains D param between 1 and 5 in a typical day.
def r4(d: float) -> bool:
    return 1 <= d <= 5


Input text:
Textual context: PTO operation time should be less than or equal to the total operation time.
Stops with PTO engaged cannot outnumber the total stops.
The load carried by axle 1 must be smaller than or equal to the load on axle 3.
Payload must remain below or equal to the load carried by axle 2.";"
# PTO operation time should be less than or equal to the total operation time.
def r5(pto_time: float, total_time: float) -> bool:
    return pto_time <= total_time

# Stops with PTO engaged cannot outnumber the total stops.
def r6(pto_stops: int, total_stops: int) -> bool:
    return pto_stops <= total_stops

# The load carried by axle 1 must be smaller than or equal to the load on axle 3.
def r7(load_axle1: float, load_axle3: float) -> bool:
    return load_axle1 <= load_axle3

# Payload must remain below or equal to the load carried by axle 2.
def r8(payload: float, load_axle2: float) -> bool:
    return payload <= load_axle2"
"System Message:
You are a logician with a background in mathematics that translates natural language
reasoning text to Python3 code so that these natural language reasoning problems can be solved.
During the translation, please pay close attention to defining variables and rules.
Do not add any comments from you.
Be guided by the following example:
Example input text:
Textual context: A vehicle operates over a A param between 20 and 110 in a typical day.
A vehicle operates for a B param between 2 and 10 in a typical day.
A vehicle operates with C param between 0.2 and 5 in a typical day.
A vehicle remains D param between 1 and 5 in a typical day.

Example Python3 code:
# A vehicle operates over a A param between 20 and 110 in a typical day.
def r1(a: float) -> bool:
    return 20 <= a <= 110

# A vehicle operates for a B param between 2 and 10 in a typical day.
def r2(b: float) -> bool:
    return 2 <= b <= 10

# A vehicle operates with C param between 0.2 and 5 in a typical day.
def r3(c: float) -> bool:
    return 0.2 <= c <= 5

# A vehicle remains D param between 1 and 5 in a typical day.
def r4(d: float) -> bool:
    return 1 <= d <= 5


Input text:
Textual context: The total operation duration must not be lower than the PTO operation time.
Total operation time shouldn’t be lower than idle time.
Axle 1's load cannot exceed Axle 3's load.
The payload must always be smaller than or equal to the load on axle 2.";"
# The total operation duration must not be lower than the PTO operation time.
def r1(total_duration: float, pto_operation_time: float) -> bool:
    return total_duration >= pto_operation_time

# Total operation time shouldn't be lower than idle time.
def r2(total_operation_time: float, idle_time: float) -> bool:
    return total_operation_time >= idle_time

# Axle 1's load cannot exceed Axle 3's load.
def r3(axle1_load: float, axle3_load: float) -> bool:
    return axle1_load <= axle3_load

# The payload must always be smaller than or equal to the load on axle 2.
def r4(payload: float, axle2_load: float) -> bool:
    return payload <= axle2_load"
"System Message:
You are a logician with a background in mathematics that translates natural language
reasoning text to Python3 code so that these natural language reasoning problems can be solved.
During the translation, please pay close attention to defining variables and rules.
Do not add any comments from you.
Be guided by the following example:
Example input text:
Textual context: A vehicle operates over a A param between 20 and 110 in a typical day.
A vehicle operates for a B param between 2 and 10 in a typical day.
A vehicle operates with C param between 0.2 and 5 in a typical day.
A vehicle remains D param between 1 and 5 in a typical day.

Example Python3 code:
# A vehicle operates over a A param between 20 and 110 in a typical day.
def r1(a: float) -> bool:
    return 20 <= a <= 110

# A vehicle operates for a B param between 2 and 10 in a typical day.
def r2(b: float) -> bool:
    return 2 <= b <= 10

# A vehicle operates with C param between 0.2 and 5 in a typical day.
def r3(c: float) -> bool:
    return 0.2 <= c <= 5

# A vehicle remains D param between 1 and 5 in a typical day.
def r4(d: float) -> bool:
    return 1 <= d <= 5


Input text:
Textual context: The payload cannot exceed the capacity of axle 3.
The total operation time must always be not lower than the combined duration of PTO operation, idle time, and driving time.";"
# The payload cannot exceed the capacity of axle 3.
def r1(payload: float, axle_capacity: float) -> bool:
    return payload <= axle_capacity

# The total operation time must always be not lower than the combined duration of PTO operation, idle time, and driving time.
def r2(total_operation_time: float, pto_operation_time: float, idle_time: float, driving_time: float) -> bool:
    return total_operation_time >= (pto_operation_time + idle_time + driving_time)"
"System Message:
You are a logician with a background in mathematics that translates natural language
reasoning text to Python3 code so that these natural language reasoning problems can be solved.
During the translation, please pay close attention to defining variables and rules.
Do not add any comments from you.
Be guided by the following example:
Example input text:
Textual context: A vehicle operates over a A param between 20 and 110 in a typical day.
A vehicle operates for a B param between 2 and 10 in a typical day.
A vehicle operates with C param between 0.2 and 5 in a typical day.
A vehicle remains D param between 1 and 5 in a typical day.

Example Python3 code:
# A vehicle operates over a A param between 20 and 110 in a typical day.
def r1(a: float) -> bool:
    return 20 <= a <= 110

# A vehicle operates for a B param between 2 and 10 in a typical day.
def r2(b: float) -> bool:
    return 2 <= b <= 10

# A vehicle operates with C param between 0.2 and 5 in a typical day.
def r3(c: float) -> bool:
    return 0.2 <= c <= 5

# A vehicle remains D param between 1 and 5 in a typical day.
def r4(d: float) -> bool:
    return 1 <= d <= 5


Input text:
Textual context: Total operation time shouldn’t be lower than PTO operation time.
The total operation durationmust not be lower than the driving time.
Payload must remain below or equal to the load carried by axle 2.
Total operation time should be at least the sum of PTO, idle, and driving times.";"
# Total operation time shouldn't be lower than PTO operation time.
def r5(pto_time: float, total_time: float) -> bool:
    return total_time >= pto_time

# The total operation duration must not be lower than the driving time.
def r6(driving_time: float, total_time: float) -> bool:
    return total_time >= driving_time

# Payload must remain below or equal to the load carried by axle 2.
def r7(axle2_load: float, payload: float) -> bool:
    return payload <= axle2_load

# Total operation time should be at least the sum of PTO, idle, and driving times.
def r8(pto_time: float, idle_time: float, driving_time: float, total_time: float) -> bool:
    return total_time >= pto_time + idle_time + driving_time"
"System Message:
You are a logician with a background in mathematics that translates natural language
reasoning text to Python3 code so that these natural language reasoning problems can be solved.
During the translation, please pay close attention to defining variables and rules.
Do not add any comments from you.
Be guided by the following example:
Example input text:
Textual context: A vehicle operates over a A param between 20 and 110 in a typical day.
A vehicle operates for a B param between 2 and 10 in a typical day.
A vehicle operates with C param between 0.2 and 5 in a typical day.
A vehicle remains D param between 1 and 5 in a typical day.

Example Python3 code:
# A vehicle operates over a A param between 20 and 110 in a typical day.
def r1(a: float) -> bool:
    return 20 <= a <= 110

# A vehicle operates for a B param between 2 and 10 in a typical day.
def r2(b: float) -> bool:
    return 2 <= b <= 10

# A vehicle operates with C param between 0.2 and 5 in a typical day.
def r3(c: float) -> bool:
    return 0.2 <= c <= 5

# A vehicle remains D param between 1 and 5 in a typical day.
def r4(d: float) -> bool:
    return 1 <= d <= 5


Input text:
Textual context: Idle time must always be less than or equal to the total operation time.
Driving time must always be less than or equal to the total operation time.
Stops with PTO engaged should never outnumber total stops.
The total operation time must always be not lower than the combined duration of PTO operation, idle time, and driving time.";"
# Idle time must always be less than or equal to the total operation time.
def r1(idle_time: float, total_operation_time: float) -> bool:
    return idle_time <= total_operation_time

# Driving time must always be less than or equal to the total operation time.
def r2(driving_time: float, total_operation_time: float) -> bool:
    return driving_time <= total_operation_time

# Stops with PTO engaged should never outnumber total stops.
def r3(pto_stops: int, total_stops: int) -> bool:
    return pto_stops <= total_stops

# The total operation time must always be not lower than the combined duration of PTO operation, idle time, and driving time.
def r4(pto_duration: float, idle_time: float, driving_time: float, total_operation_time: float) -> bool:
    return total_operation_time >= (pto_duration + idle_time + driving_time)"
"System Message:
You are a logician with a background in mathematics that translates natural language
reasoning text to Python3 code so that these natural language reasoning problems can be solved.
During the translation, please pay close attention to defining variables and rules.
Do not add any comments from you.
Be guided by the following example:
Example input text:
Textual context: A vehicle operates over a A param between 20 and 110 in a typical day.
A vehicle operates for a B param between 2 and 10 in a typical day.
A vehicle operates with C param between 0.2 and 5 in a typical day.
A vehicle remains D param between 1 and 5 in a typical day.

Example Python3 code:
# A vehicle operates over a A param between 20 and 110 in a typical day.
def r1(a: float) -> bool:
    return 20 <= a <= 110

# A vehicle operates for a B param between 2 and 10 in a typical day.
def r2(b: float) -> bool:
    return 2 <= b <= 10

# A vehicle operates with C param between 0.2 and 5 in a typical day.
def r3(c: float) -> bool:
    return 0.2 <= c <= 5

# A vehicle remains D param between 1 and 5 in a typical day.
def r4(d: float) -> bool:
    return 1 <= d <= 5


Input text:
Textual context: PTO-engaged stops cannot exceed the total number of stops.
The load carried by axle 1 must be smaller than or equal to the load on axle 3.
The payload must not exceed the load carried by axle 3.
Total operation time should be at least the sum of PTO, idle, and driving times.";"
# PTO-engaged stops cannot exceed the total number of stops.
def r1(pto_stops: int, total_stops: int) -> bool:
    return pto_stops <= total_stops

# The load carried by axle 1 must be smaller than or equal to the load on axle 3.
def r2(axle1_load: float, axle3_load: float) -> bool:
    return axle1_load <= axle3_load

# The payload must not exceed the load carried by axle 3.
def r3(payload: float, axle3_load: float) -> bool:
    return payload <= axle3_load

# Total operation time should be at least the sum of PTO, idle, and driving times.
def r4(pto_time: float, idle_time: float, driving_time: float) -> bool:
    return pto_time + idle_time + driving_time >= pto_time + idle_time + driving_time"
"System Message:
You are a logician with a background in mathematics that translates natural language
reasoning text to Python3 code so that these natural language reasoning problems can be solved.
During the translation, please pay close attention to defining variables and rules.
Do not add any comments from you.
Be guided by the following example:
Example input text:
Textual context: A vehicle operates over a A param between 20 and 110 in a typical day.
A vehicle operates for a B param between 2 and 10 in a typical day.
A vehicle operates with C param between 0.2 and 5 in a typical day.
A vehicle remains D param between 1 and 5 in a typical day.

Example Python3 code:
# A vehicle operates over a A param between 20 and 110 in a typical day.
def r1(a: float) -> bool:
    return 20 <= a <= 110

# A vehicle operates for a B param between 2 and 10 in a typical day.
def r2(b: float) -> bool:
    return 2 <= b <= 10

# A vehicle operates with C param between 0.2 and 5 in a typical day.
def r3(c: float) -> bool:
    return 0.2 <= c <= 5

# A vehicle remains D param between 1 and 5 in a typical day.
def r4(d: float) -> bool:
    return 1 <= d <= 5


Input text:
Textual context: Payload must remain below or equal to the load carried by axle 2.
Payload must remain below or equal to the load carried by axle 3.
Total operation time should be at least the sum of PTO, idle, and driving times.";"
def r5(payload: float, axle2_load: float, axle3_load: float) -> bool:
    return payload <= axle2_load and payload <= axle3_load

def r6(operation_time: float, pto_time: float, idle_time: float, driving_time: float) -> bool:
    return operation_time >= (pto_time + idle_time + driving_time)"
"System Message:
You are a logician with a background in mathematics that translates natural language
reasoning text to Python3 code so that these natural language reasoning problems can be solved.
During the translation, please pay close attention to defining variables and rules.
Do not add any comments from you.
Be guided by the following example:
Example input text:
Textual context: A vehicle operates over a A param between 20 and 110 in a typical day.
A vehicle operates for a B param between 2 and 10 in a typical day.
A vehicle operates with C param between 0.2 and 5 in a typical day.
A vehicle remains D param between 1 and 5 in a typical day.

Example Python3 code:
# A vehicle operates over a A param between 20 and 110 in a typical day.
def r1(a: float) -> bool:
    return 20 <= a <= 110

# A vehicle operates for a B param between 2 and 10 in a typical day.
def r2(b: float) -> bool:
    return 2 <= b <= 10

# A vehicle operates with C param between 0.2 and 5 in a typical day.
def r3(c: float) -> bool:
    return 0.2 <= c <= 5

# A vehicle remains D param between 1 and 5 in a typical day.
def r4(d: float) -> bool:
    return 1 <= d <= 5


Input text:
Textual context: Axle 1's load cannot exceed Axle 2's load.
Payload must remain below or equal to the load carried by axle 3.
The total operation duration must always be greater than or equal to the combined time for PTO, idle, and driving.";"
# Axle 1's load cannot exceed Axle 2's load.
def r1(axle1_load: float, axle2_load: float) -> bool:
    return axle1_load <= axle2_load

# Payload must remain below or equal to the load carried by axle 3.
def r2(payload: float, axle3_load: float) -> bool:
    return payload <= axle3_load

# The total operation duration must always be greater than or equal to the combined time for PTO, idle, and driving.
def r3(total_duration: float, pto_time: float, idle_time: float, driving_time: float) -> bool:
    return total_duration >= (pto_time + idle_time + driving_time)"
"System Message:
You are a logician with a background in mathematics that translates natural language
reasoning text to Python3 code so that these natural language reasoning problems can be solved.
During the translation, please pay close attention to defining variables and rules.
Do not add any comments from you.
Be guided by the following example:
Example input text:
Textual context: A vehicle operates over a A param between 20 and 110 in a typical day.
A vehicle operates for a B param between 2 and 10 in a typical day.
A vehicle operates with C param between 0.2 and 5 in a typical day.
A vehicle remains D param between 1 and 5 in a typical day.

Example Python3 code:
# A vehicle operates over a A param between 20 and 110 in a typical day.
def r1(a: float) -> bool:
    return 20 <= a <= 110

# A vehicle operates for a B param between 2 and 10 in a typical day.
def r2(b: float) -> bool:
    return 2 <= b <= 10

# A vehicle operates with C param between 0.2 and 5 in a typical day.
def r3(c: float) -> bool:
    return 0.2 <= c <= 5

# A vehicle remains D param between 1 and 5 in a typical day.
def r4(d: float) -> bool:
    return 1 <= d <= 5


Input text:
Textual context: The total operation duration must not be lower than the idle time.
Total operation time should shouldn’t be lower than driving time.
Stops with PTO engaged cannot outnumber the total stops.
Axle 2's load must always be equal to or greater than the payload.";"
def r1(total_duration: float, idle_time: float) -> bool:
    return total_duration >= idle_time

def r2(total_duration: float, driving_time: float) -> bool:
    return total_duration >= driving_time

def r3(pto_stops: int, total_stops: int) -> bool:
    return pto_stops <= total_stops

def r4(axle_2_load: float, payload: float) -> bool:
    return axle_2_load >= payload"
"System Message:
You are a logician with a background in mathematics that translates natural language
reasoning text to Python3 code so that these natural language reasoning problems can be solved.
During the translation, please pay close attention to defining variables and rules.
Do not add any comments from you.
Be guided by the following example:
Example input text:
Textual context: A vehicle operates over a A param between 20 and 110 in a typical day.
A vehicle operates for a B param between 2 and 10 in a typical day.
A vehicle operates with C param between 0.2 and 5 in a typical day.
A vehicle remains D param between 1 and 5 in a typical day.

Example Python3 code:
# A vehicle operates over a A param between 20 and 110 in a typical day.
def r1(a: float) -> bool:
    return 20 <= a <= 110

# A vehicle operates for a B param between 2 and 10 in a typical day.
def r2(b: float) -> bool:
    return 2 <= b <= 10

# A vehicle operates with C param between 0.2 and 5 in a typical day.
def r3(c: float) -> bool:
    return 0.2 <= c <= 5

# A vehicle remains D param between 1 and 5 in a typical day.
def r4(d: float) -> bool:
    return 1 <= d <= 5


Input text:
Textual context: Driving time should be less than or equal to the total operation time.
Stops with PTO engaged cannot outnumber the total stops.
The payload must always be smaller than or equal to the load on axle 3.";"
# Driving time should be less than or equal to the total operation time.
def r1(driving_time: float, total_operation_time: float) -> bool:
    return driving_time <= total_operation_time

# Stops with PTO engaged cannot outnumber the total stops.
def r2(pto_stops: int, total_stops: int) -> bool:
    return pto_stops <= total_stops

# The payload must always be smaller than or equal to the load on axle 3.
def r3(payload: float, load_axle_3: float) -> bool:
    return payload <= load_axle_3"
"System Message:
You are a logician with a background in mathematics that translates natural language
reasoning text to Python3 code so that these natural language reasoning problems can be solved.
During the translation, please pay close attention to defining variables and rules.
Do not add any comments from you.
Be guided by the following example:
Example input text:
Textual context: A vehicle operates over a A param between 20 and 110 in a typical day.
A vehicle operates for a B param between 2 and 10 in a typical day.
A vehicle operates with C param between 0.2 and 5 in a typical day.
A vehicle remains D param between 1 and 5 in a typical day.

Example Python3 code:
# A vehicle operates over a A param between 20 and 110 in a typical day.
def r1(a: float) -> bool:
    return 20 <= a <= 110

# A vehicle operates for a B param between 2 and 10 in a typical day.
def r2(b: float) -> bool:
    return 2 <= b <= 10

# A vehicle operates with C param between 0.2 and 5 in a typical day.
def r3(c: float) -> bool:
    return 0.2 <= c <= 5

# A vehicle remains D param between 1 and 5 in a typical day.
def r4(d: float) -> bool:
    return 1 <= d <= 5


Input text:
Textual context: Idle time cannot be greater than the total operation time.
The total stop count must not be lower than the count of stops where PTO is engaged.
Payload must remain below or equal to the load carried by axle 3.
The total operation duration must always be greater than or equal to the combined time for PTO, idle, and driving.";"
# Idle time cannot be greater than the total operation time.
def r1(idle_time: float, total_operation_time: float) -> bool:
    return idle_time <= total_operation_time

# The total stop count must not be lower than the count of stops where PTO is engaged.
def r2(total_stop_count: int, pto_engaged_stops: int) -> bool:
    return total_stop_count >= pto_engaged_stops

# Payload must remain below or equal to the load carried by axle 3.
def r3(payload: float, load_axle_3: float) -> bool:
    return payload <= load_axle_3

# The total operation duration must always be greater than or equal to the combined time for PTO, idle, and driving.
def r4(total_operation_duration: float, pto_time: float, idle_time: float, driving_time: float) -> bool:
    return total_operation_duration >= pto_time + idle_time + driving_time"
"System Message:
You are a logician with a background in mathematics that translates natural language
reasoning text to Python3 code so that these natural language reasoning problems can be solved.
During the translation, please pay close attention to defining variables and rules.
Do not add any comments from you.
Be guided by the following example:
Example input text:
Textual context: A vehicle operates over a A param between 20 and 110 in a typical day.
A vehicle operates for a B param between 2 and 10 in a typical day.
A vehicle operates with C param between 0.2 and 5 in a typical day.
A vehicle remains D param between 1 and 5 in a typical day.

Example Python3 code:
# A vehicle operates over a A param between 20 and 110 in a typical day.
def r1(a: float) -> bool:
    return 20 <= a <= 110

# A vehicle operates for a B param between 2 and 10 in a typical day.
def r2(b: float) -> bool:
    return 2 <= b <= 10

# A vehicle operates with C param between 0.2 and 5 in a typical day.
def r3(c: float) -> bool:
    return 0.2 <= c <= 5

# A vehicle remains D param between 1 and 5 in a typical day.
def r4(d: float) -> bool:
    return 1 <= d <= 5


Input text:
Textual context: PTO operation time cannot be greater than the total operation time.
Axle 2's load must always be equal to or greater than the payload.
The payload must not exceed the load carried by axle 3.
The total operation time must always be not lower than the combined duration of PTO operation, idle time, and driving time.";"
# PTO operation time cannot be greater than the total operation time.
def r1(pto_time: float, total_time: float) -> bool:
    return pto_time <= total_time

# Axle 2's load must always be equal to or greater than the payload.
def r2(axle2_load: float, payload: float) -> bool:
    return axle2_load >= payload

# The payload must not exceed the load carried by axle 3.
def r3(payload: float, axle3_load: float) -> bool:
    return payload <= axle3_load

# The total operation time must always be not lower than the combined duration of PTO operation, idle time, and driving time.
def r4(total_time: float, pto_time: float, idle_time: float, driving_time: float) -> bool:
    return total_time >= pto_time + idle_time + driving_time"
"System Message:
You are a logician with a background in mathematics that translates natural language
reasoning text to Python3 code so that these natural language reasoning problems can be solved.
During the translation, please pay close attention to defining variables and rules.
Do not add any comments from you.
Be guided by the following example:
Example input text:
Textual context: A vehicle operates over a A param between 20 and 110 in a typical day.
A vehicle operates for a B param between 2 and 10 in a typical day.
A vehicle operates with C param between 0.2 and 5 in a typical day.
A vehicle remains D param between 1 and 5 in a typical day.

Example Python3 code:
# A vehicle operates over a A param between 20 and 110 in a typical day.
def r1(a: float) -> bool:
    return 20 <= a <= 110

# A vehicle operates for a B param between 2 and 10 in a typical day.
def r2(b: float) -> bool:
    return 2 <= b <= 10

# A vehicle operates with C param between 0.2 and 5 in a typical day.
def r3(c: float) -> bool:
    return 0.2 <= c <= 5

# A vehicle remains D param between 1 and 5 in a typical day.
def r4(d: float) -> bool:
    return 1 <= d <= 5


Input text:
Textual context: Total operation time shouldn’t be lower than idle time.
The total operation durationmust not be lower than the driving time.
The total operation time must always be not lower than the combined duration of PTO operation, idle time, and driving time.";"
# Total operation time shouldn't be lower than idle time.
def r1(total_time: float, idle_time: float) -> bool:
    return total_time >= idle_time

# The total operation duration must not be lower than the driving time.
def r2(total_time: float, driving_time: float) -> bool:
    return total_time >= driving_time

# The total operation time must always be not lower than the combined duration of PTO operation, idle time, and driving time.
def r3(total_time: float, pto_time: float, idle_time: float, driving_time: float) -> bool:
    return total_time >= (pto_time + idle_time + driving_time)"
"System Message:
You are a logician with a background in mathematics that translates natural language
reasoning text to Python3 code so that these natural language reasoning problems can be solved.
During the translation, please pay close attention to defining variables and rules.
Do not add any comments from you.
Be guided by the following example:
Example input text:
Textual context: A vehicle operates over a A param between 20 and 110 in a typical day.
A vehicle operates for a B param between 2 and 10 in a typical day.
A vehicle operates with C param between 0.2 and 5 in a typical day.
A vehicle remains D param between 1 and 5 in a typical day.

Example Python3 code:
# A vehicle operates over a A param between 20 and 110 in a typical day.
def r1(a: float) -> bool:
    return 20 <= a <= 110

# A vehicle operates for a B param between 2 and 10 in a typical day.
def r2(b: float) -> bool:
    return 2 <= b <= 10

# A vehicle operates with C param between 0.2 and 5 in a typical day.
def r3(c: float) -> bool:
    return 0.2 <= c <= 5

# A vehicle remains D param between 1 and 5 in a typical day.
def r4(d: float) -> bool:
    return 1 <= d <= 5


Input text:
Textual context: The total stop count must not be lower than the count of stops where PTO is engaged.
The load on axle 1 must not surpass the load on axle 2.";"
# The total stop count must not be lower than the count of stops where PTO is engaged.
def r1(total_stops: int, pto_engaged_stops: int) -> bool:
    return total_stops >= pto_engaged_stops

# The load on axle 1 must not surpass the load on axle 2.
def r2(axle1_load: float, axle2_load: float) -> bool:
    return axle1_load <= axle2_load"
"System Message:
You are a logician with a background in mathematics that translates natural language
reasoning text to Python3 code so that these natural language reasoning problems can be solved.
During the translation, please pay close attention to defining variables and rules.
Do not add any comments from you.
Be guided by the following example:
Example input text:
Textual context: A vehicle operates over a A param between 20 and 110 in a typical day.
A vehicle operates for a B param between 2 and 10 in a typical day.
A vehicle operates with C param between 0.2 and 5 in a typical day.

Example Python3 code:
# A vehicle operates over a A param between 20 and 110 in a typical day.
def r1(a: float) -> bool:
    return 20 <= a <= 110

# A vehicle operates for a B param between 2 and 10 in a typical day.
def r2(b: float) -> bool:
    return 2 <= b <= 10

# A vehicle operates with C param between 0.2 and 5 in a typical day.
def r3(c: float) -> bool:
    return 0.2 <= c <= 5


Input text:
Textual context: The total operation duration must not be lower than the PTO operation time.
Stops with PTO engaged cannot outnumber the total stops.
The load carried by axle 1 must be smaller than or equal to the load on axle 3.";"
# The total operation duration must not be lower than the PTO operation time.
def r1(pto_time: float, total_duration: float) -> bool:
    return pto_time <= total_duration

# Stops with PTO engaged cannot outnumber the total stops.
def r2(pto_stops: int, total_stops: int) -> bool:
    return pto_stops <= total_stops

# The load carried by axle 1 must be smaller than or equal to the load on axle 3.
def r3(axle1_load: float, axle3_load: float) -> bool:
    return axle1_load <= axle3_load"
"System Message:
You are a logician with a background in mathematics that translates natural language
reasoning text to Python3 code so that these natural language reasoning problems can be solved.
During the translation, please pay close attention to defining variables and rules.
Do not add any comments from you.
Be guided by the following example:
Example input text:
Textual context: A vehicle operates over a A param between 20 and 110 in a typical day.
A vehicle operates for a B param between 2 and 10 in a typical day.
A vehicle operates with C param between 0.2 and 5 in a typical day.
A vehicle remains D param between 1 and 5 in a typical day.

Example Python3 code:
# A vehicle operates over a A param between 20 and 110 in a typical day.
def r1(a: float) -> bool:
    return 20 <= a <= 110

# A vehicle operates for a B param between 2 and 10 in a typical day.
def r2(b: float) -> bool:
    return 2 <= b <= 10

# A vehicle operates with C param between 0.2 and 5 in a typical day.
def r3(c: float) -> bool:
    return 0.2 <= c <= 5

# A vehicle remains D param between 1 and 5 in a typical day.
def r4(d: float) -> bool:
    return 1 <= d <= 5


Input text:
Textual context: Total operation time shouldn’t be lower than PTO operation time.
Idle time cannot be greater than the total operation time.
Stops with PTO engaged cannot outnumber the total stops.
The load on axle 1 must not surpass the load on axle 3.";"
# Total operation time shouldn't be lower than PTO operation time.
def r1(pto_time: float, total_time: float) -> bool:
    return total_time >= pto_time

# Idle time cannot be greater than the total operation time.
def r2(idle_time: float, total_time: float) -> bool:
    return idle_time <= total_time

# Stops with PTO engaged cannot outnumber the total stops.
def r3(pto_stops: int, total_stops: int) -> bool:
    return pto_stops <= total_stops

# The load on axle 1 must not surpass the load on axle 3.
def r4(load_axle1: float, load_axle3: float) -> bool:
    return load_axle1 <= load_axle3"
"System Message:
You are a logician with a background in mathematics that translates natural language
reasoning text to Python3 code so that these natural language reasoning problems can be solved.
During the translation, please pay close attention to defining variables and rules.
Do not add any comments from you.
Be guided by the following example:
Example input text:
Textual context: A vehicle operates over a A param between 20 and 110 in a typical day.
A vehicle operates for a B param between 2 and 10 in a typical day.
A vehicle operates with C param between 0.2 and 5 in a typical day.
A vehicle remains D param between 1 and 5 in a typical day.

Example Python3 code:
# A vehicle operates over a A param between 20 and 110 in a typical day.
def r1(a: float) -> bool:
    return 20 <= a <= 110

# A vehicle operates for a B param between 2 and 10 in a typical day.
def r2(b: float) -> bool:
    return 2 <= b <= 10

# A vehicle operates with C param between 0.2 and 5 in a typical day.
def r3(c: float) -> bool:
    return 0.2 <= c <= 5

# A vehicle remains D param between 1 and 5 in a typical day.
def r4(d: float) -> bool:
    return 1 <= d <= 5


Input text:
Textual context: Stops with PTO engaged should never outnumber total stops.
The weight on axle 1 cannot surpass the weight on axle 2.
The combined time for PTO operation, idle time, and driving time must not surpass the total operation time.";"
def r1(pto_engaged: int, total_stops: int) -> bool:
    return pto_engaged <= total_stops

def r2(axle1_weight: float, axle2_weight: float) -> bool:
    return axle1_weight <= axle2_weight

def r3(pto_time: float, idle_time: float, driving_time: float, total_operation_time: float) -> bool:
    return pto_time + idle_time + driving_time <= total_operation_time"
"System Message:
You are a logician with a background in mathematics that translates natural language
reasoning text to Python3 code so that these natural language reasoning problems can be solved.
During the translation, please pay close attention to defining variables and rules.
Do not add any comments from you.
Be guided by the following example:
Example input text:
Textual context: A vehicle operates over a A param between 20 and 110 in a typical day.
A vehicle operates for a B param between 2 and 10 in a typical day.
A vehicle operates with C param between 0.2 and 5 in a typical day.
A vehicle remains D param between 1 and 5 in a typical day.

Example Python3 code:
# A vehicle operates over a A param between 20 and 110 in a typical day.
def r1(a: float) -> bool:
    return 20 <= a <= 110

# A vehicle operates for a B param between 2 and 10 in a typical day.
def r2(b: float) -> bool:
    return 2 <= b <= 10

# A vehicle operates with C param between 0.2 and 5 in a typical day.
def r3(c: float) -> bool:
    return 0.2 <= c <= 5

# A vehicle remains D param between 1 and 5 in a typical day.
def r4(d: float) -> bool:
    return 1 <= d <= 5


Input text:
Textual context: PTO operation time cannot be greater than the total operation time.
PTO-engaged stops cannot exceed the total number of stops.
The load carried by axle 1 must be smaller than or equal to the load on axle 3.
The payload must always be smaller than or equal to the load on axle 3.";"
# PTO operation time cannot be greater than the total operation time.
def r1(pto_time: float, total_time: float) -> bool:
    return pto_time <= total_time

# PTO-engaged stops cannot exceed the total number of stops.
def r2(pto_stops: int, total_stops: int) -> bool:
    return pto_stops <= total_stops

# The load carried by axle 1 must be smaller than or equal to the load on axle 3.
def r3(axle1_load: float, axle3_load: float) -> bool:
    return axle1_load <= axle3_load

# The payload must always be smaller than or equal to the load on axle 3.
def r4(payload: float, axle3_load: float) -> bool:
    return payload <= axle3_load"
"System Message:
You are a logician with a background in mathematics that translates natural language
reasoning text to Python3 code so that these natural language reasoning problems can be solved.
During the translation, please pay close attention to defining variables and rules.
Do not add any comments from you.
Be guided by the following example:
Example input text:
Textual context: A vehicle operates over a A param between 20 and 110 in a typical day.
A vehicle operates for a B param between 2 and 10 in a typical day.
A vehicle operates with C param between 0.2 and 5 in a typical day.
A vehicle remains D param between 1 and 5 in a typical day.

Example Python3 code:
# A vehicle operates over a A param between 20 and 110 in a typical day.
def r1(a: float) -> bool:
    return 20 <= a <= 110

# A vehicle operates for a B param between 2 and 10 in a typical day.
def r2(b: float) -> bool:
    return 2 <= b <= 10

# A vehicle operates with C param between 0.2 and 5 in a typical day.
def r3(c: float) -> bool:
    return 0.2 <= c <= 5

# A vehicle remains D param between 1 and 5 in a typical day.
def r4(d: float) -> bool:
    return 1 <= d <= 5


Input text:
Textual context: Total operation time shouldn’t be lower than PTO operation time.
The load supported by axle 1 cannot exceed that of axle 3.
The payload cannot exceed the capacity of axle 2.";"
# Total operation time shouldn't be lower than PTO operation time.
def r1(pto_time: float, total_time: float) -> bool:
    return total_time >= pto_time

# The load supported by axle 1 cannot exceed that of axle 3.
def r2(axle1_load: float, axle3_load: float) -> bool:
    return axle1_load <= axle3_load

# The payload cannot exceed the capacity of axle 2.
def r3(payload: float, axle2_capacity: float) -> bool:
    return payload <= axle2_capacity"
"System Message:
You are a logician with a background in mathematics that translates natural language
reasoning text to Python3 code so that these natural language reasoning problems can be solved.
During the translation, please pay close attention to defining variables and rules.
Do not add any comments from you.
Be guided by the following example:
Example input text:
Textual context: A vehicle operates over a A param between 20 and 110 in a typical day.
A vehicle operates for a B param between 2 and 10 in a typical day.
A vehicle operates with C param between 0.2 and 5 in a typical day.
A vehicle remains D param between 1 and 5 in a typical day.

Example Python3 code:
# A vehicle operates over a A param between 20 and 110 in a typical day.
def r1(a: float) -> bool:
    return 20 <= a <= 110

# A vehicle operates for a B param between 2 and 10 in a typical day.
def r2(b: float) -> bool:
    return 2 <= b <= 10

# A vehicle operates with C param between 0.2 and 5 in a typical day.
def r3(c: float) -> bool:
    return 0.2 <= c <= 5

# A vehicle remains D param between 1 and 5 in a typical day.
def r4(d: float) -> bool:
    return 1 <= d <= 5


Input text:
Textual context: Idle time must always be less than or equal to the total operation time.
The payload must always be smaller than or equal to the load on axle 2.";"
# Idle time must always be less than or equal to the total operation time.
def r5(idle_time: float, total_operation_time: float) -> bool:
    return idle_time <= total_operation_time

# The payload must always be smaller than or equal to the load on axle 2.
def r6(payload: float, load_on_axle_2: float) -> bool:
    return payload <= load_on_axle_2"
"System Message:
You are a logician with a background in mathematics that translates natural language
reasoning text to Python3 code so that these natural language reasoning problems can be solved.
During the translation, please pay close attention to defining variables and rules.
Do not add any comments from you.
Be guided by the following example:
Example input text:
Textual context: A vehicle operates over a A param between 20 and 110 in a typical day.
A vehicle operates for a B param between 2 and 10 in a typical day.
A vehicle operates with C param between 0.2 and 5 in a typical day.
A vehicle remains D param between 1 and 5 in a typical day.

Example Python3 code:
# A vehicle operates over a A param between 20 and 110 in a typical day.
def r1(a: float) -> bool:
    return 20 <= a <= 110

# A vehicle operates for a B param between 2 and 10 in a typical day.
def r2(b: float) -> bool:
    return 2 <= b <= 10

# A vehicle operates with C param between 0.2 and 5 in a typical day.
def r3(c: float) -> bool:
    return 0.2 <= c <= 5

# A vehicle remains D param between 1 and 5 in a typical day.
def r4(d: float) -> bool:
    return 1 <= d <= 5


Input text:
Textual context: PTO operation time should be less than or equal to the total operation time.
The total operation durationmust not be lower than the driving time.
The load on axle 1 must not surpass the load on axle 3.
The payload must not exceed the load carried by axle 3.";"
# PTO operation time should be less than or equal to the total operation time.
def r1(pto_time: float, total_time: float) -> bool:
    return pto_time <= total_time

# The total operation duration must not be lower than the driving time.
def r2(total_time: float, driving_time: float) -> bool:
    return total_time >= driving_time

# The load on axle 1 must not surpass the load on axle 3.
def r3(load_axle_1: float, load_axle_3: float) -> bool:
    return load_axle_1 <= load_axle_3

# The payload must not exceed the load carried by axle 3.
def r4(payload: float, load_axle_3: float) -> bool:
    return payload <= load_axle_3"
"System Message:
You are a logician with a background in mathematics that translates natural language
reasoning text to Python3 code so that these natural language reasoning problems can be solved.
During the translation, please pay close attention to defining variables and rules.
Do not add any comments from you.
Be guided by the following example:
Example input text:
Textual context: A vehicle operates over a A param between 20 and 110 in a typical day.
A vehicle operates for a B param between 2 and 10 in a typical day.
A vehicle operates with C param between 0.2 and 5 in a typical day.
A vehicle remains D param between 1 and 5 in a typical day.

Example Python3 code:
# A vehicle operates over a A param between 20 and 110 in a typical day.
def r1(a: float) -> bool:
    return 20 <= a <= 110

# A vehicle operates for a B param between 2 and 10 in a typical day.
def r2(b: float) -> bool:
    return 2 <= b <= 10

# A vehicle operates with C param between 0.2 and 5 in a typical day.
def r3(c: float) -> bool:
    return 0.2 <= c <= 5

# A vehicle remains D param between 1 and 5 in a typical day.
def r4(d: float) -> bool:
    return 1 <= d <= 5


Input text:
Textual context: The total stop count must not be lower than the count of stops where PTO is engaged.
Payload must remain below or equal to the load carried by axle 2.
The total operation duration must always be greater than or equal to the combined time for PTO, idle, and driving.";"
# The total stop count must not be lower than the count of stops where PTO is engaged.
def r1(stop_count: int, pto_stops: int) -> bool:
    return stop_count >= pto_stops

# Payload must remain below or equal to the load carried by axle 2.
def r2(payload: float, load_axle_2: float) -> bool:
    return payload <= load_axle_2

# The total operation duration must always be greater than or equal to the combined time for PTO, idle, and driving.
def r3(total_duration: float, pto_time: float, idle_time: float, driving_time: float) -> bool:
    return total_duration >= (pto_time + idle_time + driving_time)"
"System Message:
You are a logician with a background in mathematics that translates natural language
reasoning text to Python3 code so that these natural language reasoning problems can be solved.
During the translation, please pay close attention to defining variables and rules.
Do not add any comments from you.
Be guided by the following example:
Example input text:
Textual context: A vehicle operates over a A param between 20 and 110 in a typical day.
A vehicle operates for a B param between 2 and 10 in a typical day.
A vehicle operates with C param between 0.2 and 5 in a typical day.
A vehicle remains D param between 1 and 5 in a typical day.

Example Python3 code:
# A vehicle operates over a A param between 20 and 110 in a typical day.
def r1(a: float) -> bool:
    return 20 <= a <= 110

# A vehicle operates for a B param between 2 and 10 in a typical day.
def r2(b: float) -> bool:
    return 2 <= b <= 10

# A vehicle operates with C param between 0.2 and 5 in a typical day.
def r3(c: float) -> bool:
    return 0.2 <= c <= 5

# A vehicle remains D param between 1 and 5 in a typical day.
def r4(d: float) -> bool:
    return 1 <= d <= 5


Input text:
Textual context: PTO operation time should be less than or equal to the total operation time.
Axle 1's load cannot exceed Axle 3's load.
The payload must not exceed the load carried by axle 3.";"
# PTO operation time should be less than or equal to the total operation time.
def r1(pto_time: float, total_time: float) -> bool:
    return pto_time <= total_time

# Axle 1's load cannot exceed Axle 3's load.
def r2(axle1_load: float, axle3_load: float) -> bool:
    return axle1_load <= axle3_load

# The payload must not exceed the load carried by axle 3.
def r3(payload: float, axle3_load: float) -> bool:
    return payload <= axle3_load"
"System Message:
You are a logician with a background in mathematics that translates natural language
reasoning text to Python3 code so that these natural language reasoning problems can be solved.
During the translation, please pay close attention to defining variables and rules.
Do not add any comments from you.
Be guided by the following example:
Example input text:
Textual context: A vehicle operates over a A param between 20 and 110 in a typical day.
A vehicle operates for a B param between 2 and 10 in a typical day.
A vehicle operates with C param between 0.2 and 5 in a typical day.
A vehicle remains D param between 1 and 5 in a typical day.

Example Python3 code:
# A vehicle operates over a A param between 20 and 110 in a typical day.
def r1(a: float) -> bool:
    return 20 <= a <= 110

# A vehicle operates for a B param between 2 and 10 in a typical day.
def r2(b: float) -> bool:
    return 2 <= b <= 10

# A vehicle operates with C param between 0.2 and 5 in a typical day.
def r3(c: float) -> bool:
    return 0.2 <= c <= 5

# A vehicle remains D param between 1 and 5 in a typical day.
def r4(d: float) -> bool:
    return 1 <= d <= 5


Input text:
Textual context: The weight on axle 1 cannot surpass the weight on axle 3.
The payload must always be smaller than or equal to the load on axle 3.";"
def r1(axle1_weight: float, axle3_weight: float) -> bool:
    return axle1_weight <= axle3_weight

def r2(payload: float, axle3_weight: float) -> bool:
    return payload <= axle3_weight"
"System Message:
You are a logician with a background in mathematics that translates natural language
reasoning text to Python3 code so that these natural language reasoning problems can be solved.
During the translation, please pay close attention to defining variables and rules.
Do not add any comments from you.
Be guided by the following example:
Example input text:
Textual context: A vehicle operates over a A param between 20 and 110 in a typical day.
A vehicle operates for a B param between 2 and 10 in a typical day.
A vehicle operates with C param between 0.2 and 5 in a typical day.
A vehicle remains D param between 1 and 5 in a typical day.

Example Python3 code:
# A vehicle operates over a A param between 20 and 110 in a typical day.
def r1(a: float) -> bool:
    return 20 <= a <= 110

# A vehicle operates for a B param between 2 and 10 in a typical day.
def r2(b: float) -> bool:
    return 2 <= b <= 10

# A vehicle operates with C param between 0.2 and 5 in a typical day.
def r3(c: float) -> bool:
    return 0.2 <= c <= 5

# A vehicle remains D param between 1 and 5 in a typical day.
def r4(d: float) -> bool:
    return 1 <= d <= 5


Input text:
Textual context: The total operation duration must not be lower than the idle time.
Driving time should be less than or equal to the total operation time.
The load on axle 1 must not surpass the load on axle 2.
The total operation duration must always be greater than or equal to the combined time for PTO, idle, and driving.";"
# The total operation duration must not be lower than the idle time.
def r1(total_duration: float, idle_time: float) -> bool:
    return total_duration >= idle_time

# Driving time should be less than or equal to the total operation time.
def r2(driving_time: float, total_duration: float) -> bool:
    return driving_time <= total_duration

# The load on axle 1 must not surpass the load on axle 2.
def r3(load_axle1: float, load_axle2: float) -> bool:
    return load_axle1 <= load_axle2

# The total operation duration must always be greater than or equal to the combined time for PTO, idle, and driving.
def r4(total_operation_duration: float, pto_time: float, idle_time: float, driving_time: float) -> bool:
    return total_operation_duration >= (pto_time + idle_time + driving_time)"
"System Message:
You are a logician with a background in mathematics that translates natural language
reasoning text to Python3 code so that these natural language reasoning problems can be solved.
During the translation, please pay close attention to defining variables and rules.
Do not add any comments from you.
Be guided by the following example:
Example input text:
Textual context: A vehicle operates over a A param between 20 and 110 in a typical day.
A vehicle operates for a B param between 2 and 10 in a typical day.
A vehicle operates with C param between 0.2 and 5 in a typical day.
A vehicle remains D param between 1 and 5 in a typical day.

Example Python3 code:
# A vehicle operates over a A param between 20 and 110 in a typical day.
def r1(a: float) -> bool:
    return 20 <= a <= 110

# A vehicle operates for a B param between 2 and 10 in a typical day.
def r2(b: float) -> bool:
    return 2 <= b <= 10

# A vehicle operates with C param between 0.2 and 5 in a typical day.
def r3(c: float) -> bool:
    return 0.2 <= c <= 5

# A vehicle remains D param between 1 and 5 in a typical day.
def r4(d: float) -> bool:
    return 1 <= d <= 5


Input text:
Textual context: PTO operation time should be less than or equal to the total operation time.
The load carried by axle 1 must be smaller than or equal to the load on axle 2.
The payload must always be smaller than or equal to the load on axle 2.";"
def r1(pto_time: float, total_time: float) -> bool:
    return pto_time <= total_time

def r2(axle1_load: float, axle2_load: float) -> bool:
    return axle1_load <= axle2_load

def r3(payload: float, axle2_load: float) -> bool:
    return payload <= axle2_load"
"System Message:
You are a logician with a background in mathematics that translates natural language
reasoning text to Python3 code so that these natural language reasoning problems can be solved.
During the translation, please pay close attention to defining variables and rules.
Do not add any comments from you.
Be guided by the following example:
Example input text:
Textual context: A vehicle operates over a A param between 20 and 110 in a typical day.
A vehicle operates for a B param between 2 and 10 in a typical day.
A vehicle operates with C param between 0.2 and 5 in a typical day.
A vehicle remains D param between 1 and 5 in a typical day.

Example Python3 code:
# A vehicle operates over a A param between 20 and 110 in a typical day.
def r1(a: float) -> bool:
    return 20 <= a <= 110

# A vehicle operates for a B param between 2 and 10 in a typical day.
def r2(b: float) -> bool:
    return 2 <= b <= 10

# A vehicle operates with C param between 0.2 and 5 in a typical day.
def r3(c: float) -> bool:
    return 0.2 <= c <= 5

# A vehicle remains D param between 1 and 5 in a typical day.
def r4(d: float) -> bool:
    return 1 <= d <= 5


Input text:
Textual context: PTO operation time must be less than or equal to the total operation time.
Total operation time shouldn’t be lower than idle time.
The number of stops where PTO is engaged must not exceed the overall stop count.
Axle 1's load cannot exceed Axle 2's load.";"
# PTO operation time must be less than or equal to the total operation time.
def r1(pto_time: float, total_time: float) -> bool:
    return pto_time <= total_time

# Total operation time shouldn't be lower than idle time.
def r2(total_time: float, idle_time: float) -> bool:
    return total_time >= idle_time

# The number of stops where PTO is engaged must not exceed the overall stop count.
def r3(pto_stops: int, total_stops: int) -> bool:
    return pto_stops <= total_stops

# Axle 1's load cannot exceed Axle 2's load.
def r4(axle1_load: float, axle2_load: float) -> bool:
    return axle1_load <= axle2_load"
"System Message:
You are a logician with a background in mathematics that translates natural language
reasoning text to Python3 code so that these natural language reasoning problems can be solved.
During the translation, please pay close attention to defining variables and rules.
Do not add any comments from you.
Be guided by the following example:
Example input text:
Textual context: A vehicle operates over a A param between 20 and 110 in a typical day.
A vehicle operates for a B param between 2 and 10 in a typical day.
A vehicle operates with C param between 0.2 and 5 in a typical day.
A vehicle remains D param between 1 and 5 in a typical day.

Example Python3 code:
# A vehicle operates over a A param between 20 and 110 in a typical day.
def r1(a: float) -> bool:
    return 20 <= a <= 110

# A vehicle operates for a B param between 2 and 10 in a typical day.
def r2(b: float) -> bool:
    return 2 <= b <= 10

# A vehicle operates with C param between 0.2 and 5 in a typical day.
def r3(c: float) -> bool:
    return 0.2 <= c <= 5

# A vehicle remains D param between 1 and 5 in a typical day.
def r4(d: float) -> bool:
    return 1 <= d <= 5


Input text:
Textual context: Driving time cannot be greater than the total operation time.
The load supported by axle 1 cannot exceed that of axle 2.
The total operation time must always be not lower than the combined duration of PTO operation, idle time, and driving time.";"
# Driving time cannot be greater than the total operation time.
def r1(driving_time: float, total_operation_time: float) -> bool:
    return driving_time <= total_operation_time

# The load supported by axle 1 cannot exceed that of axle 2.
def r2(load_axle1: float, load_axle2: float) -> bool:
    return load_axle1 <= load_axle2

# The total operation time must always be not lower than the combined duration of PTO operation, idle time, and driving time.
def r3(total_operation_time: float, pto_operation_time: float, idle_time: float, driving_time: float) -> bool:
    return total_operation_time >= (pto_operation_time + idle_time + driving_time)"
"System Message:
You are a logician with a background in mathematics that translates natural language
reasoning text to Python3 code so that these natural language reasoning problems can be solved.
During the translation, please pay close attention to defining variables and rules.
Do not add any comments from you.
Be guided by the following example:
Example input text:
Textual context: A vehicle operates over a A param between 20 and 110 in a typical day.
A vehicle operates for a B param between 2 and 10 in a typical day.
A vehicle operates with C param between 0.2 and 5 in a typical day.
A vehicle remains D param between 1 and 5 in a typical day.

Example Python3 code:
# A vehicle operates over a A param between 20 and 110 in a typical day.
def r1(a: float) -> bool:
    return 20 <= a <= 110

# A vehicle operates for a B param between 2 and 10 in a typical day.
def r2(b: float) -> bool:
    return 2 <= b <= 10

# A vehicle operates with C param between 0.2 and 5 in a typical day.
def r3(c: float) -> bool:
    return 0.2 <= c <= 5

# A vehicle remains D param between 1 and 5 in a typical day.
def r4(d: float) -> bool:
    return 1 <= d <= 5


Input text:
Textual context: The total operation duration must not be lower than the PTO operation time.
Driving time must always be less than or equal to the total operation time.
The payload must not exceed the load carried by axle 2.";"
# The total operation duration must not be lower than the PTO operation time.
def r1(pto_time: float, total_time: float) -> bool:
    return total_time >= pto_time

# Driving time must always be less than or equal to the total operation time.
def r2(driving_time: float, total_time: float) -> bool:
    return driving_time <= total_time

# The payload must not exceed the load carried by axle 2.
def r3(payload: float, axle_2_load: float) -> bool:
    return payload <= axle_2_load"
"System Message:
You are a logician with a background in mathematics that translates natural language
reasoning text to Python3 code so that these natural language reasoning problems can be solved.
During the translation, please pay close attention to defining variables and rules.
Do not add any comments from you.
Be guided by the following example:
Example input text:
Textual context: A vehicle operates over a A param between 20 and 110 in a typical day.
A vehicle operates for a B param between 2 and 10 in a typical day.
A vehicle operates with C param between 0.2 and 5 in a typical day.
A vehicle remains D param between 1 and 5 in a typical day.

Example Python3 code:
# A vehicle operates over a A param between 20 and 110 in a typical day.
def r1(a: float) -> bool:
    return 20 <= a <= 110

# A vehicle operates for a B param between 2 and 10 in a typical day.
def r2(b: float) -> bool:
    return 2 <= b <= 10

# A vehicle operates with C param between 0.2 and 5 in a typical day.
def r3(c: float) -> bool:
    return 0.2 <= c <= 5

# A vehicle remains D param between 1 and 5 in a typical day.
def r4(d: float) -> bool:
    return 1 <= d <= 5


Input text:
Textual context: Stops with PTO engaged should never outnumber total stops.
The payload cannot exceed the capacity of axle 2.
Axle 3's load must always be equal to or greater than the payload.";"
def r1(pto_engaged: int, total_stops: int) -> bool:
    return pto_engaged <= total_stops

def r2(payload: int, axle_2_capacity: int) -> bool:
    return payload <= axle_2_capacity

def r3(axle_3_load: int, payload: int) -> bool:
    return axle_3_load >= payload"
"System Message:
You are a logician with a background in mathematics that translates natural language
reasoning text to Python3 code so that these natural language reasoning problems can be solved.
During the translation, please pay close attention to defining variables and rules.
Do not add any comments from you.
Be guided by the following example:
Example input text:
Textual context: A vehicle operates over a A param between 20 and 110 in a typical day.
A vehicle operates for a B param between 2 and 10 in a typical day.
A vehicle operates with C param between 0.2 and 5 in a typical day.
A vehicle remains D param between 1 and 5 in a typical day.

Example Python3 code:
# A vehicle operates over a A param between 20 and 110 in a typical day.
def r1(a: float) -> bool:
    return 20 <= a <= 110

# A vehicle operates for a B param between 2 and 10 in a typical day.
def r2(b: float) -> bool:
    return 2 <= b <= 10

# A vehicle operates with C param between 0.2 and 5 in a typical day.
def r3(c: float) -> bool:
    return 0.2 <= c <= 5

# A vehicle remains D param between 1 and 5 in a typical day.
def r4(d: float) -> bool:
    return 1 <= d <= 5


Input text:
Textual context: PTO operation time should be less than or equal to the total operation time.
The payload must not exceed the load carried by axle 2.
Total operation time should be at least the sum of PTO, idle, and driving times.";"
# PTO operation time should be less than or equal to the total operation time.
def r1(pto_time: float, total_time: float) -> bool:
    return pto_time <= total_time

# The payload must not exceed the load carried by axle 2.
def r2(payload: float, axle_2_load: float) -> bool:
    return payload <= axle_2_load

# Total operation time should be at least the sum of PTO, idle, and driving times.
def r3(total_time: float, pto_time: float, idle_time: float, driving_time: float) -> bool:
    return total_time >= (pto_time + idle_time + driving_time)"
"System Message:
You are a logician with a background in mathematics that translates natural language
reasoning text to Python3 code so that these natural language reasoning problems can be solved.
During the translation, please pay close attention to defining variables and rules.
Do not add any comments from you.
Be guided by the following example:
Example input text:
Textual context: A vehicle operates over a A param between 20 and 110 in a typical day.
A vehicle operates for a B param between 2 and 10 in a typical day.
A vehicle operates with C param between 0.2 and 5 in a typical day.
A vehicle remains D param between 1 and 5 in a typical day.

Example Python3 code:
# A vehicle operates over a A param between 20 and 110 in a typical day.
def r1(a: float) -> bool:
    return 20 <= a <= 110

# A vehicle operates for a B param between 2 and 10 in a typical day.
def r2(b: float) -> bool:
    return 2 <= b <= 10

# A vehicle operates with C param between 0.2 and 5 in a typical day.
def r3(c: float) -> bool:
    return 0.2 <= c <= 5

# A vehicle remains D param between 1 and 5 in a typical day.
def r4(d: float) -> bool:
    return 1 <= d <= 5


Input text:
Textual context: The weight on axle 1 cannot surpass the weight on axle 2.
The load supported by axle 1 cannot exceed that of axle 3.
Payload must remain below or equal to the load carried by axle 2.
The payload cannot exceed the capacity of axle 3.";"
# The weight on axle 1 cannot surpass the weight on axle 2.
def r1(axle1_weight: float, axle2_weight: float) -> bool:
    return axle1_weight <= axle2_weight

# The load supported by axle 1 cannot exceed that of axle 3.
def r2(axle1_load: float, axle3_load: float) -> bool:
    return axle1_load <= axle3_load

# Payload must remain below or equal to the load carried by axle 2.
def r3(payload: float, axle2_load: float) -> bool:
    return payload <= axle2_load

# The payload cannot exceed the capacity of axle 3.
def r4(payload: float, axle3_capacity: float) -> bool:
    return payload <= axle3_capacity"
"System Message:
You are a logician with a background in mathematics that translates natural language
reasoning text to Python3 code so that these natural language reasoning problems can be solved.
During the translation, please pay close attention to defining variables and rules.
Do not add any comments from you.
Be guided by the following example:
Example input text:
Textual context: A vehicle operates over a A param between 20 and 110 in a typical day.
A vehicle operates for a B param between 2 and 10 in a typical day.
A vehicle operates with C param between 0.2 and 5 in a typical day.
A vehicle remains D param between 1 and 5 in a typical day.

Example Python3 code:
# A vehicle operates over a A param between 20 and 110 in a typical day.
def r1(a: float) -> bool:
    return 20 <= a <= 110

# A vehicle operates for a B param between 2 and 10 in a typical day.
def r2(b: float) -> bool:
    return 2 <= b <= 10

# A vehicle operates with C param between 0.2 and 5 in a typical day.
def r3(c: float) -> bool:
    return 0.2 <= c <= 5

# A vehicle remains D param between 1 and 5 in a typical day.
def r4(d: float) -> bool:
    return 1 <= d <= 5


Input text:
Textual context: The total operation duration must not be lower than the PTO operation time.
Axle 2's load must always be equal to or greater than the payload.";"
# The total operation duration must not be lower than the PTO operation time.
def r5(total_duration: float, pto_operation_time: float) -> bool:
    return total_duration >= pto_operation_time

# Axle 2's load must always be equal to or greater than the payload.
def r6(axle2_load: float, payload: float) -> bool:
    return axle2_load >= payload"
"System Message:
You are a logician with a background in mathematics that translates natural language
reasoning text to Python3 code so that these natural language reasoning problems can be solved.
During the translation, please pay close attention to defining variables and rules.
Do not add any comments from you.
Be guided by the following example:
Example input text:
Textual context: A vehicle operates over a A param between 20 and 110 in a typical day.
A vehicle operates for a B param between 2 and 10 in a typical day.
A vehicle operates with C param between 0.2 and 5 in a typical day.

Example Python3 code:
# A vehicle operates over a A param between 20 and 110 in a typical day.
def r1(a: float) -> bool:
    return 20 <= a <= 110

# A vehicle operates for a B param between 2 and 10 in a typical day.
def r2(b: float) -> bool:
    return 2 <= b <= 10

# A vehicle operates with C param between 0.2 and 5 in a typical day.
def r3(c: float) -> bool:
    return 0.2 <= c <= 5


Input text:
Textual context: The load carried by axle 1 must be smaller than or equal to the load on axle 3.
The payload must always be smaller than or equal to the load on axle 2.
Axle 3's load must always be equal to or greater than the payload.";"
# The load carried by axle 1 must be smaller than or equal to the load on axle 3.
def r1(axle1_load: float, axle3_load: float) -> bool:
    return axle1_load <= axle3_load

# The payload must always be smaller than or equal to the load on axle 2.
def r2(payload: float, axle2_load: float) -> bool:
    return payload <= axle2_load

# Axle 3's load must always be equal to or greater than the payload.
def r3(axle3_load: float, payload: float) -> bool:
    return axle3_load >= payload"
"System Message:
You are a logician with a background in mathematics that translates natural language
reasoning text to Python3 code so that these natural language reasoning problems can be solved.
During the translation, please pay close attention to defining variables and rules.
Do not add any comments from you.
Be guided by the following example:
Example input text:
Textual context: A vehicle operates over a A param between 20 and 110 in a typical day.
A vehicle operates for a B param between 2 and 10 in a typical day.
A vehicle operates with C param between 0.2 and 5 in a typical day.

Example Python3 code:
# A vehicle operates over a A param between 20 and 110 in a typical day.
def r1(a: float) -> bool:
    return 20 <= a <= 110

# A vehicle operates for a B param between 2 and 10 in a typical day.
def r2(b: float) -> bool:
    return 2 <= b <= 10

# A vehicle operates with C param between 0.2 and 5 in a typical day.
def r3(c: float) -> bool:
    return 0.2 <= c <= 5


Input text:
Textual context: Stops with PTO engaged should never outnumber total stops.
The weight on axle 1 cannot surpass the weight on axle 2.
Axle 1's load cannot exceed Axle 3's load.";"
# Stops with PTO engaged should never outnumber total stops.
def r1(pto_stops: int, total_stops: int) -> bool:
    return pto_stops <= total_stops

# The weight on axle 1 cannot surpass the weight on axle 2.
def r2(axle1_weight: float, axle2_weight: float) -> bool:
    return axle1_weight <= axle2_weight

# Axle 1's load cannot exceed Axle 3's load.
def r3(axle1_load: float, axle3_load: float) -> bool:
    return axle1_load <= axle3_load"
"System Message:
You are a logician with a background in mathematics that translates natural language
reasoning text to Python3 code so that these natural language reasoning problems can be solved.
During the translation, please pay close attention to defining variables and rules.
Do not add any comments from you.
Be guided by the following example:
Example input text:
Textual context: A vehicle operates over a A param between 20 and 110 in a typical day.
A vehicle operates for a B param between 2 and 10 in a typical day.
A vehicle operates with C param between 0.2 and 5 in a typical day.

Example Python3 code:
# A vehicle operates over a A param between 20 and 110 in a typical day.
def r1(a: float) -> bool:
    return 20 <= a <= 110

# A vehicle operates for a B param between 2 and 10 in a typical day.
def r2(b: float) -> bool:
    return 2 <= b <= 10

# A vehicle operates with C param between 0.2 and 5 in a typical day.
def r3(c: float) -> bool:
    return 0.2 <= c <= 5


Input text:
Textual context: Idle time cannot be greater than the total operation time.
The number of stops where PTO is engaged must not exceed the overall stop count.
Axle 1's load cannot exceed Axle 3's load.";"
# Idle time cannot be greater than the total operation time.
def r4(idle_time: float, total_operation_time: float) -> bool:
    return idle_time <= total_operation_time

# The number of stops where PTO is engaged must not exceed the overall stop count.
def r5(pto_stops: int, overall_stops: int) -> bool:
    return pto_stops <= overall_stops

# Axle 1's load cannot exceed Axle 3's load.
def r6(axle1_load: float, axle3_load: float) -> bool:
    return axle1_load <= axle3_load"
"System Message:
You are a logician with a background in mathematics that translates natural language
reasoning text to Python3 code so that these natural language reasoning problems can be solved.
During the translation, please pay close attention to defining variables and rules.
Do not add any comments from you.
Be guided by the following example:
Example input text:
Textual context: A vehicle operates over a A param between 20 and 110 in a typical day.
A vehicle operates for a B param between 2 and 10 in a typical day.
A vehicle operates with C param between 0.2 and 5 in a typical day.

Example Python3 code:
# A vehicle operates over a A param between 20 and 110 in a typical day.
def r1(a: float) -> bool:
    return 20 <= a <= 110

# A vehicle operates for a B param between 2 and 10 in a typical day.
def r2(b: float) -> bool:
    return 2 <= b <= 10

# A vehicle operates with C param between 0.2 and 5 in a typical day.
def r3(c: float) -> bool:
    return 0.2 <= c <= 5


Input text:
Textual context: The total operation duration must not be lower than the idle time.
The load supported by axle 1 cannot exceed that of axle 3.
Axle 3's load must always be equal to or greater than the payload.";"
# The total operation duration must not be lower than the idle time.
def r1(total_duration: float, idle_time: float) -> bool:
    return total_duration >= idle_time

# The load supported by axle 1 cannot exceed that of axle 3.
def r2(axle1_load: float, axle3_load: float) -> bool:
    return axle1_load <= axle3_load

# Axle 3's load must always be equal to or greater than the payload.
def r3(axle3_load: float, payload: float) -> bool:
    return axle3_load >= payload"
"System Message:
You are a logician with a background in mathematics that translates natural language
reasoning text to Python3 code so that these natural language reasoning problems can be solved.
During the translation, please pay close attention to defining variables and rules.
Do not add any comments from you.
Be guided by the following example:
Example input text:
Textual context: A vehicle operates over a A param between 20 and 110 in a typical day.
A vehicle operates for a B param between 2 and 10 in a typical day.
A vehicle operates with C param between 0.2 and 5 in a typical day.

Example Python3 code:
# A vehicle operates over a A param between 20 and 110 in a typical day.
def r1(a: float) -> bool:
    return 20 <= a <= 110

# A vehicle operates for a B param between 2 and 10 in a typical day.
def r2(b: float) -> bool:
    return 2 <= b <= 10

# A vehicle operates with C param between 0.2 and 5 in a typical day.
def r3(c: float) -> bool:
    return 0.2 <= c <= 5


Input text:
Textual context: PTO operation time cannot be greater than the total operation time.
Driving time should be less than or equal to the total operation time.
Total operation time must be greater than or equal to the sum of PTO operation, idle, and driving times.";"
# PTO operation time cannot be greater than the total operation time.
def r1(pto_time: float, total_time: float) -> bool:
    return pto_time <= total_time

# Driving time should be less than or equal to the total operation time.
def r2(driving_time: float, total_time: float) -> bool:
    return driving_time <= total_time

# Total operation time must be greater than or equal to the sum of PTO operation, idle, and driving times.
def r3(total_time: float, pto_time: float, idle_time: float, driving_time: float) -> bool:
    return total_time >= (pto_time + idle_time + driving_time)"
"System Message:
You are a logician with a background in mathematics that translates natural language
reasoning text to Python3 code so that these natural language reasoning problems can be solved.
During the translation, please pay close attention to defining variables and rules.
Do not add any comments from you.
Be guided by the following example:
Example input text:
Textual context: A vehicle operates over a A param between 20 and 110 in a typical day.
A vehicle operates for a B param between 2 and 10 in a typical day.
A vehicle operates with C param between 0.2 and 5 in a typical day.

Example Python3 code:
# A vehicle operates over a A param between 20 and 110 in a typical day.
def r1(a: float) -> bool:
    return 20 <= a <= 110

# A vehicle operates for a B param between 2 and 10 in a typical day.
def r2(b: float) -> bool:
    return 2 <= b <= 10

# A vehicle operates with C param between 0.2 and 5 in a typical day.
def r3(c: float) -> bool:
    return 0.2 <= c <= 5


Input text:
Textual context: The total operation duration must not be lower than the idle time.
The load on axle 1 must not surpass the load on axle 3.
Axle 2's load must always be equal to or greater than the payload.";"
# The total operation duration must not be lower than the idle time.
def r1(total_duration: float, idle_time: float) -> bool:
    return total_duration >= idle_time

# The load on axle 1 must not surpass the load on axle 3.
def r2(axle1_load: float, axle3_load: float) -> bool:
    return axle1_load <= axle3_load

# Axle 2's load must always be equal to or greater than the payload.
def r3(axle2_load: float, payload: float) -> bool:
    return axle2_load >= payload"
"System Message:
You are a logician with a background in mathematics that translates natural language
reasoning text to Python3 code so that these natural language reasoning problems can be solved.
During the translation, please pay close attention to defining variables and rules.
Do not add any comments from you.
Be guided by the following example:
Example input text:
Textual context: A vehicle operates over a A param between 20 and 110 in a typical day.
A vehicle operates for a B param between 2 and 10 in a typical day.
A vehicle operates with C param between 0.2 and 5 in a typical day.

Example Python3 code:
# A vehicle operates over a A param between 20 and 110 in a typical day.
def r1(a: float) -> bool:
    return 20 <= a <= 110

# A vehicle operates for a B param between 2 and 10 in a typical day.
def r2(b: float) -> bool:
    return 2 <= b <= 10

# A vehicle operates with C param between 0.2 and 5 in a typical day.
def r3(c: float) -> bool:
    return 0.2 <= c <= 5


Input text:
Textual context: The number of stops where PTO is engaged must not exceed the overall stop count.
The load supported by axle 1 cannot exceed that of axle 3.
Payload must remain below or equal to the load carried by axle 3.";"
# The number of stops where PTO is engaged must not exceed the overall stop count.
def r1(pto_stops: int, total_stops: int) -> bool:
    return pto_stops <= total_stops

# The load supported by axle 1 cannot exceed that of axle 3.
def r2(axle1_load: float, axle3_load: float) -> bool:
    return axle1_load <= axle3_load

# Payload must remain below or equal to the load carried by axle 3.
def r3(payload: float, axle3_load: float) -> bool:
    return payload <= axle3_load"
"System Message:
You are a logician with a background in mathematics that translates natural language
reasoning text to Python3 code so that these natural language reasoning problems can be solved.
During the translation, please pay close attention to defining variables and rules.
Do not add any comments from you.
Be guided by the following example:
Example input text:
Textual context: A vehicle operates over a A param between 20 and 110 in a typical day.
A vehicle operates for a B param between 2 and 10 in a typical day.
A vehicle operates with C param between 0.2 and 5 in a typical day.
A vehicle remains D param between 1 and 5 in a typical day.

Example Python3 code:
# A vehicle operates over a A param between 20 and 110 in a typical day.
def r1(a: float) -> bool:
    return 20 <= a <= 110

# A vehicle operates for a B param between 2 and 10 in a typical day.
def r2(b: float) -> bool:
    return 2 <= b <= 10

# A vehicle operates with C param between 0.2 and 5 in a typical day.
def r3(c: float) -> bool:
    return 0.2 <= c <= 5

# A vehicle remains D param between 1 and 5 in a typical day.
def r4(d: float) -> bool:
    return 1 <= d <= 5


Input text:
Textual context: PTO operation time must be less than or equal to the total operation time.
Idle time should be less than or equal to the total operation time.
The payload must not exceed the load carried by axle 3.
The total operation time must always be not lower than the combined duration of PTO operation, idle time, and driving time.";"
# PTO operation time must be less than or equal to the total operation time.
def r1(pto_time: float, total_time: float) -> bool:
    return pto_time <= total_time

# Idle time should be less than or equal to the total operation time.
def r2(idle_time: float, total_time: float) -> bool:
    return idle_time <= total_time

# The payload must not exceed the load carried by axle 3.
def r3(payload: float, axle_3_load: float) -> bool:
    return payload <= axle_3_load

# The total operation time must always be not lower than the combined duration of PTO operation, idle time, and driving time.
def r4(total_time: float, pto_time: float, idle_time: float, driving_time: float) -> bool:
    return total_time >= (pto_time + idle_time + driving_time)"
"System Message:
You are a logician with a background in mathematics that translates natural language
reasoning text to Python3 code so that these natural language reasoning problems can be solved.
During the translation, please pay close attention to defining variables and rules.
Do not add any comments from you.
Be guided by the following example:
Example input text:
Textual context: A vehicle operates over a A param between 20 and 110 in a typical day.
A vehicle operates for a B param between 2 and 10 in a typical day.
A vehicle operates with C param between 0.2 and 5 in a typical day.
A vehicle remains D param between 1 and 5 in a typical day.

Example Python3 code:
# A vehicle operates over a A param between 20 and 110 in a typical day.
def r1(a: float) -> bool:
    return 20 <= a <= 110

# A vehicle operates for a B param between 2 and 10 in a typical day.
def r2(b: float) -> bool:
    return 2 <= b <= 10

# A vehicle operates with C param between 0.2 and 5 in a typical day.
def r3(c: float) -> bool:
    return 0.2 <= c <= 5

# A vehicle remains D param between 1 and 5 in a typical day.
def r4(d: float) -> bool:
    return 1 <= d <= 5


Input text:
Textual context: The load on axle 1 must not surpass the load on axle 3.
Payload must remain below or equal to the load carried by axle 2.
The payload must not exceed the load carried by axle 3.
The combined time for PTO operation, idle time, and driving time must not surpass the total operation time.";"
# The load on axle 1 must not surpass the load on axle 3.
def r1(axle1: float, axle3: float) -> bool:
    return axle1 <= axle3

# Payload must remain below or equal to the load carried by axle 2.
def r2(payload: float, axle2: float) -> bool:
    return payload <= axle2

# The payload must not exceed the load carried by axle 3.
def r3(payload: float, axle3: float) -> bool:
    return payload <= axle3

# The combined time for PTO operation, idle time, and driving time must not surpass the total operation time.
def r4(pto_time: float, idle_time: float, driving_time: float, total_time: float) -> bool:
    return pto_time + idle_time + driving_time <= total_time"
"System Message:
You are a logician with a background in mathematics that translates natural language
reasoning text to Python3 code so that these natural language reasoning problems can be solved.
During the translation, please pay close attention to defining variables and rules.
Do not add any comments from you.
Be guided by the following example:
Example input text:
Textual context: A vehicle operates over a A param between 20 and 110 in a typical day.
A vehicle operates for a B param between 2 and 10 in a typical day.
A vehicle operates with C param between 0.2 and 5 in a typical day.
A vehicle remains D param between 1 and 5 in a typical day.

Example Python3 code:
# A vehicle operates over a A param between 20 and 110 in a typical day.
def r1(a: float) -> bool:
    return 20 <= a <= 110

# A vehicle operates for a B param between 2 and 10 in a typical day.
def r2(b: float) -> bool:
    return 2 <= b <= 10

# A vehicle operates with C param between 0.2 and 5 in a typical day.
def r3(c: float) -> bool:
    return 0.2 <= c <= 5

# A vehicle remains D param between 1 and 5 in a typical day.
def r4(d: float) -> bool:
    return 1 <= d <= 5


Input text:
Textual context: Idle time must always be less than or equal to the total operation time.
Driving time must always be less than or equal to the total operation time.
The total operation duration must always be greater than or equal to the combined time for PTO, idle, and driving.";"
# Idle time must always be less than or equal to the total operation time.
def r1(idle_time: float, total_operation_time: float) -> bool:
    return idle_time <= total_operation_time

# Driving time must always be less than or equal to the total operation time.
def r2(driving_time: float, total_operation_time: float) -> bool:
    return driving_time <= total_operation_time

# The total operation duration must always be greater than or equal to the combined time for PTO, idle, and driving.
def r3(total_operation_duration: float, pto_time: float, idle_time: float, driving_time: float) -> bool:
    return total_operation_duration >= (pto_time + idle_time + driving_time)"
"System Message:
You are a logician with a background in mathematics that translates natural language
reasoning text to Python3 code so that these natural language reasoning problems can be solved.
During the translation, please pay close attention to defining variables and rules.
Do not add any comments from you.
Be guided by the following example:
Example input text:
Textual context: A vehicle operates over a A param between 20 and 110 in a typical day.
A vehicle operates for a B param between 2 and 10 in a typical day.
A vehicle operates with C param between 0.2 and 5 in a typical day.
A vehicle remains D param between 1 and 5 in a typical day.

Example Python3 code:
# A vehicle operates over a A param between 20 and 110 in a typical day.
def r1(a: float) -> bool:
    return 20 <= a <= 110

# A vehicle operates for a B param between 2 and 10 in a typical day.
def r2(b: float) -> bool:
    return 2 <= b <= 10

# A vehicle operates with C param between 0.2 and 5 in a typical day.
def r3(c: float) -> bool:
    return 0.2 <= c <= 5

# A vehicle remains D param between 1 and 5 in a typical day.
def r4(d: float) -> bool:
    return 1 <= d <= 5


Input text:
Textual context: Driving time should be less than or equal to the total operation time.
PTO-engaged stops cannot exceed the total number of stops.
The load on axle 1 must not surpass the load on axle 2.";"
# Driving time should be less than or equal to the total operation time.
def r1(pto_engaged_stops: int, total_stops: int) -> bool:
    return pto_engaged_stops <= total_stops

# PTO-engaged stops cannot exceed the total number of stops.
def r2(pto_engaged_stops: int, total_stops: int) -> bool:
    return pto_engaged_stops <= total_stops

# The load on axle 1 must not surpass the load on axle 2.
def r3(load_axle_1: float, load_axle_2: float) -> bool:
    return load_axle_1 <= load_axle_2"
"System Message:
You are a logician with a background in mathematics that translates natural language
reasoning text to Python3 code so that these natural language reasoning problems can be solved.
During the translation, please pay close attention to defining variables and rules.
Do not add any comments from you.
Be guided by the following example:
Example input text:
Textual context: A vehicle operates over a A param between 20 and 110 in a typical day.
A vehicle operates for a B param between 2 and 10 in a typical day.
A vehicle operates with C param between 0.2 and 5 in a typical day.
A vehicle remains D param between 1 and 5 in a typical day.

Example Python3 code:
# A vehicle operates over a A param between 20 and 110 in a typical day.
def r1(a: float) -> bool:
    return 20 <= a <= 110

# A vehicle operates for a B param between 2 and 10 in a typical day.
def r2(b: float) -> bool:
    return 2 <= b <= 10

# A vehicle operates with C param between 0.2 and 5 in a typical day.
def r3(c: float) -> bool:
    return 0.2 <= c <= 5

# A vehicle remains D param between 1 and 5 in a typical day.
def r4(d: float) -> bool:
    return 1 <= d <= 5


Input text:
Textual context: The total operation duration must not be lower than the idle time.
Driving time must always be less than or equal to the total operation time.
The payload cannot exceed the capacity of axle 3.";"
# The total operation duration must not be lower than the idle time.
def r1(total_operation_duration: float, idle_time: float) -> bool:
    return total_operation_duration >= idle_time

# Driving time must always be less than or equal to the total operation time.
def r2(driving_time: float, total_operation_time: float) -> bool:
    return driving_time <= total_operation_time

# The payload cannot exceed the capacity of axle 3.
def r3(payload: float, axle_3_capacity: float) -> bool:
    return payload <= axle_3_capacity"
"System Message:
You are a logician with a background in mathematics that translates natural language
reasoning text to Python3 code so that these natural language reasoning problems can be solved.
During the translation, please pay close attention to defining variables and rules.
Do not add any comments from you.
Be guided by the following example:
Example input text:
Textual context: A vehicle operates over a A param between 20 and 110 in a typical day.
A vehicle operates for a B param between 2 and 10 in a typical day.
A vehicle operates with C param between 0.2 and 5 in a typical day.
A vehicle remains D param between 1 and 5 in a typical day.

Example Python3 code:
# A vehicle operates over a A param between 20 and 110 in a typical day.
def r1(a: float) -> bool:
    return 20 <= a <= 110

# A vehicle operates for a B param between 2 and 10 in a typical day.
def r2(b: float) -> bool:
    return 2 <= b <= 10

# A vehicle operates with C param between 0.2 and 5 in a typical day.
def r3(c: float) -> bool:
    return 0.2 <= c <= 5

# A vehicle remains D param between 1 and 5 in a typical day.
def r4(d: float) -> bool:
    return 1 <= d <= 5


Input text:
Textual context: Stops with PTO engaged cannot outnumber the total stops.
The weight on axle 1 cannot surpass the weight on axle 3.
Axle 2's load must always be equal to or greater than the payload.
Total operation time should be at least the sum of PTO, idle, and driving times.";"
# Stops with PTO engaged cannot outnumber the total stops.
def r1(pto_stops: int, total_stops: int) -> bool:
    return pto_stops <= total_stops

# The weight on axle 1 cannot surpass the weight on axle 3.
def r2(axle1_weight: float, axle3_weight: float) -> bool:
    return axle1_weight <= axle3_weight

# Axle 2's load must always be equal to or greater than the payload.
def r3(axle2_load: float, payload: float) -> bool:
    return axle2_load >= payload

# Total operation time should be at least the sum of PTO, idle, and driving times.
def r4(pto_time: float, idle_time: float, driving_time: float) -> bool:
    return pto_time + idle_time + driving_time >= total_operation_time"
"System Message:
You are a logician with a background in mathematics that translates natural language
reasoning text to Python3 code so that these natural language reasoning problems can be solved.
During the translation, please pay close attention to defining variables and rules.
Do not add any comments from you.
Be guided by the following example:
Example input text:
Textual context: A vehicle operates over a A param between 20 and 110 in a typical day.
A vehicle operates for a B param between 2 and 10 in a typical day.
A vehicle operates with C param between 0.2 and 5 in a typical day.
A vehicle remains D param between 1 and 5 in a typical day.

Example Python3 code:
# A vehicle operates over a A param between 20 and 110 in a typical day.
def r1(a: float) -> bool:
    return 20 <= a <= 110

# A vehicle operates for a B param between 2 and 10 in a typical day.
def r2(b: float) -> bool:
    return 2 <= b <= 10

# A vehicle operates with C param between 0.2 and 5 in a typical day.
def r3(c: float) -> bool:
    return 0.2 <= c <= 5

# A vehicle remains D param between 1 and 5 in a typical day.
def r4(d: float) -> bool:
    return 1 <= d <= 5


Input text:
Textual context: PTO operation time must be less than or equal to the total operation time.
The total operation duration must not be lower than the idle time.
The weight on axle 1 cannot surpass the weight on axle 3.
The payload cannot exceed the capacity of axle 3.";"
def pto_operation_time(time: float) -> bool:
    return time <= total_operation_time

def total_operation_duration(duration: float) -> bool:
    return duration >= idle_time

def axle_1_weight(weight: float) -> bool:
    return weight <= axle_3_weight

def payload_limit(payload: float) -> bool:
    return payload <= axle_3_capacity"
"System Message:
You are a logician with a background in mathematics that translates natural language
reasoning text to Python3 code so that these natural language reasoning problems can be solved.
During the translation, please pay close attention to defining variables and rules.
Do not add any comments from you.
Be guided by the following example:
Example input text:
Textual context: A vehicle operates over a A param between 20 and 110 in a typical day.
A vehicle operates for a B param between 2 and 10 in a typical day.
A vehicle operates with C param between 0.2 and 5 in a typical day.
A vehicle remains D param between 1 and 5 in a typical day.

Example Python3 code:
# A vehicle operates over a A param between 20 and 110 in a typical day.
def r1(a: float) -> bool:
    return 20 <= a <= 110

# A vehicle operates for a B param between 2 and 10 in a typical day.
def r2(b: float) -> bool:
    return 2 <= b <= 10

# A vehicle operates with C param between 0.2 and 5 in a typical day.
def r3(c: float) -> bool:
    return 0.2 <= c <= 5

# A vehicle remains D param between 1 and 5 in a typical day.
def r4(d: float) -> bool:
    return 1 <= d <= 5


Input text:
Textual context: Idle time must always be less than or equal to the total operation time.
PTO-engaged stops cannot exceed the total number of stops.
The load carried by axle 1 must be smaller than or equal to the load on axle 3.
The payload must always be smaller than or equal to the load on axle 2.";"
def r1(idle_time: float, total_operation_time: float) -> bool:
    return idle_time <= total_operation_time

def r2(pto_stops: int, total_stops: int) -> bool:
    return pto_stops <= total_stops

def r3(load_axle1: float, load_axle3: float) -> bool:
    return load_axle1 <= load_axle3

def r4(load_axle2: float, load_axle3: float) -> bool:
    return load_axle2 <= load_axle3"
"System Message:
You are a logician with a background in mathematics that translates natural language
reasoning text to Python3 code so that these natural language reasoning problems can be solved.
During the translation, please pay close attention to defining variables and rules.
Do not add any comments from you.
Be guided by the following example:
Example input text:
Textual context: A vehicle operates over a A param between 20 and 110 in a typical day.
A vehicle operates for a B param between 2 and 10 in a typical day.
A vehicle operates with C param between 0.2 and 5 in a typical day.
A vehicle remains D param between 1 and 5 in a typical day.

Example Python3 code:
# A vehicle operates over a A param between 20 and 110 in a typical day.
def r1(a: float) -> bool:
    return 20 <= a <= 110

# A vehicle operates for a B param between 2 and 10 in a typical day.
def r2(b: float) -> bool:
    return 2 <= b <= 10

# A vehicle operates with C param between 0.2 and 5 in a typical day.
def r3(c: float) -> bool:
    return 0.2 <= c <= 5

# A vehicle remains D param between 1 and 5 in a typical day.
def r4(d: float) -> bool:
    return 1 <= d <= 5


Input text:
Textual context: PTO operation time cannot be greater than the total operation time.
Total operation time should shouldn’t be lower than driving time.
The payload must always be smaller than or equal to the load on axle 3.
Total operation time must be greater than or equal to the sum of PTO operation, idle, and driving times.";"
# PTO operation time cannot be greater than the total operation time.
def r1(pto_time: float, total_time: float) -> bool:
    return pto_time <= total_time

# Total operation time should shouldn’t be lower than driving time.
def r2(total_time: float, driving_time: float) -> bool:
    return total_time >= driving_time

# The payload must always be smaller than or equal to the load on axle 3.
def r3(payload: float, load_axle_3: float) -> bool:
    return payload <= load_axle_3

# Total operation time must be greater than or equal to the sum of PTO operation, idle, and driving times.
def r4(total_time: float, pto_time: float, idle_time: float, driving_time: float) -> bool:
    return total_time >= (pto_time + idle_time + driving_time)"
"System Message:
You are a logician with a background in mathematics that translates natural language
reasoning text to Python3 code so that these natural language reasoning problems can be solved.
During the translation, please pay close attention to defining variables and rules.
Do not add any comments from you.
Be guided by the following example:
Example input text:
Textual context: A vehicle operates over a A param between 20 and 110 in a typical day.
A vehicle operates for a B param between 2 and 10 in a typical day.
A vehicle operates with C param between 0.2 and 5 in a typical day.
A vehicle remains D param between 1 and 5 in a typical day.
A vehicle spends E param between 1 and 5 in a typical day.

Example Python3 code:
# A vehicle operates over a A param between 20 and 110 in a typical day.
def r1(a: float) -> bool:
    return 20 <= a <= 110

# A vehicle operates for a B param between 2 and 10 in a typical day.
def r2(b: float) -> bool:
    return 2 <= b <= 10

# A vehicle operates with C param between 0.2 and 5 in a typical day.
def r3(c: float) -> bool:
    return 0.2 <= c <= 5

# A vehicle remains D param between 1 and 5 in a typical day.
def r4(d: float) -> bool:
    return 1 <= d <= 5

# A vehicle spends E param between 1 and 5 in a typical day.
def r5(e: float) -> bool:
    return 1 <= e <= 5


Input text:
Textual context: The total operation duration must not be lower than the PTO operation time.
Total operation time shouldn’t be lower than idle time.
Stops with PTO engaged should never outnumber total stops.
Axle 1's load cannot exceed Axle 2's load.
The payload cannot exceed the capacity of axle 2.";"
# The total operation duration must not be lower than the PTO operation time.
def r1(total_duration: float, pto_operation_time: float) -> bool:
    return total_duration >= pto_operation_time

# Total operation time shouldn't be lower than idle time.
def r2(total_duration: float, idle_time: float) -> bool:
    return total_duration >= idle_time

# Stops with PTO engaged should never outnumber total stops.
def r3(total_stops: int, pto_stops: int) -> bool:
    return pto_stops <= total_stops

# Axle 1's load cannot exceed Axle 2's load.
def r4(axle1_load: float, axle2_load: float) -> bool:
    return axle1_load <= axle2_load

# The payload cannot exceed the capacity of axle 2.
def r5(payload: float, axle2_capacity: float) -> bool:
    return payload <= axle2_capacity"
"System Message:
You are a logician with a background in mathematics that translates natural language
reasoning text to Python3 code so that these natural language reasoning problems can be solved.
During the translation, please pay close attention to defining variables and rules.
Do not add any comments from you.
Be guided by the following example:
Example input text:
Textual context: A vehicle operates over a A param between 20 and 110 in a typical day.
A vehicle operates for a B param between 2 and 10 in a typical day.
A vehicle operates with C param between 0.2 and 5 in a typical day.
A vehicle remains D param between 1 and 5 in a typical day.
A vehicle spends E param between 1 and 5 in a typical day.

Example Python3 code:
# A vehicle operates over a A param between 20 and 110 in a typical day.
def r1(a: float) -> bool:
    return 20 <= a <= 110

# A vehicle operates for a B param between 2 and 10 in a typical day.
def r2(b: float) -> bool:
    return 2 <= b <= 10

# A vehicle operates with C param between 0.2 and 5 in a typical day.
def r3(c: float) -> bool:
    return 0.2 <= c <= 5

# A vehicle remains D param between 1 and 5 in a typical day.
def r4(d: float) -> bool:
    return 1 <= d <= 5

# A vehicle spends E param between 1 and 5 in a typical day.
def r5(e: float) -> bool:
    return 1 <= e <= 5


Input text:
Textual context: The load on axle 1 must not surpass the load on axle 2.
Axle 1's load cannot exceed Axle 3's load.
The payload must not exceed the load carried by axle 2.
The payload must not exceed the load carried by axle 3.";"
def r1(axle1: float) -> bool:
    return axle1 <= axle2

def r2(axle1: float, axle3: float) -> bool:
    return axle1 <= axle3

def r3(payload: float, axle2: float) -> bool:
    return payload <= axle2

def r4(payload: float, axle3: float) -> bool:
    return payload <= axle3"
"System Message:
You are a logician with a background in mathematics that translates natural language
reasoning text to Python3 code so that these natural language reasoning problems can be solved.
During the translation, please pay close attention to defining variables and rules.
Do not add any comments from you.
Be guided by the following example:
Example input text:
Textual context: A vehicle operates over a A param between 20 and 110 in a typical day.
A vehicle operates for a B param between 2 and 10 in a typical day.
A vehicle operates with C param between 0.2 and 5 in a typical day.
A vehicle remains D param between 1 and 5 in a typical day.
A vehicle spends E param between 1 and 5 in a typical day.

Example Python3 code:
# A vehicle operates over a A param between 20 and 110 in a typical day.
def r1(a: float) -> bool:
    return 20 <= a <= 110

# A vehicle operates for a B param between 2 and 10 in a typical day.
def r2(b: float) -> bool:
    return 2 <= b <= 10

# A vehicle operates with C param between 0.2 and 5 in a typical day.
def r3(c: float) -> bool:
    return 0.2 <= c <= 5

# A vehicle remains D param between 1 and 5 in a typical day.
def r4(d: float) -> bool:
    return 1 <= d <= 5

# A vehicle spends E param between 1 and 5 in a typical day.
def r5(e: float) -> bool:
    return 1 <= e <= 5


Input text:
Textual context: The load supported by axle 1 cannot exceed that of axle 2.
Payload must remain below or equal to the load carried by axle 2.
The payload must always be smaller than or equal to the load on axle 3.
Total operation time should be at least the sum of PTO, idle, and driving times.";"
def r1(axle1: float, axle2: float) -> bool:
    return axle1 <= axle2

def r2(payload: float, axle2: float) -> bool:
    return payload <= axle2

def r3(payload: float, axle3: float) -> bool:
    return payload < axle3

def r4(pto_time: float, idle_time: float, driving_time: float) -> bool:
    return pto_time + idle_time + driving_time >= pto_time + idle_time + driving_time"
"System Message:
You are a logician with a background in mathematics that translates natural language
reasoning text to Python3 code so that these natural language reasoning problems can be solved.
During the translation, please pay close attention to defining variables and rules.
Do not add any comments from you.
Be guided by the following example:
Example input text:
Textual context: A vehicle operates over a A param between 20 and 110 in a typical day.
A vehicle operates for a B param between 2 and 10 in a typical day.
A vehicle operates with C param between 0.2 and 5 in a typical day.
A vehicle remains D param between 1 and 5 in a typical day.
A vehicle spends E param between 1 and 5 in a typical day.

Example Python3 code:
# A vehicle operates over a A param between 20 and 110 in a typical day.
def r1(a: float) -> bool:
    return 20 <= a <= 110

# A vehicle operates for a B param between 2 and 10 in a typical day.
def r2(b: float) -> bool:
    return 2 <= b <= 10

# A vehicle operates with C param between 0.2 and 5 in a typical day.
def r3(c: float) -> bool:
    return 0.2 <= c <= 5

# A vehicle remains D param between 1 and 5 in a typical day.
def r4(d: float) -> bool:
    return 1 <= d <= 5

# A vehicle spends E param between 1 and 5 in a typical day.
def r5(e: float) -> bool:
    return 1 <= e <= 5


Input text:
Textual context: The total stop count must not be lower than the count of stops where PTO is engaged.
The weight on axle 1 cannot surpass the weight on axle 2.
The load carried by axle 1 must be smaller than or equal to the load on axle 3.
The payload must always be smaller than or equal to the load on axle 3.";"
# The total stop count must not be lower than the count of stops where PTO is engaged.
def r1(pto_count: int, total_stops: int) -> bool:
    return pto_count <= total_stops

# The weight on axle 1 cannot surpass the weight on axle 2.
def r2(axle1_weight: float, axle2_weight: float) -> bool:
    return axle1_weight <= axle2_weight

# The load carried by axle 1 must be smaller than or equal to the load on axle 3.
def r3(axle1_load: float, axle3_load: float) -> bool:
    return axle1_load <= axle3_load

# The payload must always be smaller than or equal to the load on axle 3.
def r4(payload: float, axle3_load: float) -> bool:
    return payload <= axle3_load"
"System Message:
You are a logician with a background in mathematics that translates natural language
reasoning text to Python3 code so that these natural language reasoning problems can be solved.
During the translation, please pay close attention to defining variables and rules.
Do not add any comments from you.
Be guided by the following example:
Example input text:
Textual context: A vehicle operates over a A param between 20 and 110 in a typical day.
A vehicle operates for a B param between 2 and 10 in a typical day.
A vehicle operates with C param between 0.2 and 5 in a typical day.
A vehicle remains D param between 1 and 5 in a typical day.
A vehicle spends E param between 1 and 5 in a typical day.

Example Python3 code:
# A vehicle operates over a A param between 20 and 110 in a typical day.
def r1(a: float) -> bool:
    return 20 <= a <= 110

# A vehicle operates for a B param between 2 and 10 in a typical day.
def r2(b: float) -> bool:
    return 2 <= b <= 10

# A vehicle operates with C param between 0.2 and 5 in a typical day.
def r3(c: float) -> bool:
    return 0.2 <= c <= 5

# A vehicle remains D param between 1 and 5 in a typical day.
def r4(d: float) -> bool:
    return 1 <= d <= 5

# A vehicle spends E param between 1 and 5 in a typical day.
def r5(e: float) -> bool:
    return 1 <= e <= 5


Input text:
Textual context: Driving time must always be less than or equal to the total operation time.
The load carried by axle 1 must be smaller than or equal to the load on axle 2.
The payload cannot exceed the capacity of axle 2.";"
# Driving time must always be less than or equal to the total operation time.
def r1(driving_time: float, total_operation_time: float) -> bool:
    return driving_time <= total_operation_time

# The load carried by axle 1 must be smaller than or equal to the load on axle 2.
def r2(load_axle1: float, load_axle2: float) -> bool:
    return load_axle1 <= load_axle2

# The payload cannot exceed the capacity of axle 2.
def r3(payload: float, capacity_axle2: float) -> bool:
    return payload <= capacity_axle2"
"System Message:
You are a logician with a background in mathematics that translates natural language
reasoning text to Python3 code so that these natural language reasoning problems can be solved.
During the translation, please pay close attention to defining variables and rules.
Do not add any comments from you.
Be guided by the following example:
Example input text:
Textual context: A vehicle operates over a A param between 20 and 110 in a typical day.
A vehicle operates for a B param between 2 and 10 in a typical day.
A vehicle operates with C param between 0.2 and 5 in a typical day.
A vehicle remains D param between 1 and 5 in a typical day.
A vehicle spends E param between 1 and 5 in a typical day.

Example Python3 code:
# A vehicle operates over a A param between 20 and 110 in a typical day.
def r1(a: float) -> bool:
    return 20 <= a <= 110

# A vehicle operates for a B param between 2 and 10 in a typical day.
def r2(b: float) -> bool:
    return 2 <= b <= 10

# A vehicle operates with C param between 0.2 and 5 in a typical day.
def r3(c: float) -> bool:
    return 0.2 <= c <= 5

# A vehicle remains D param between 1 and 5 in a typical day.
def r4(d: float) -> bool:
    return 1 <= d <= 5

# A vehicle spends E param between 1 and 5 in a typical day.
def r5(e: float) -> bool:
    return 1 <= e <= 5


Input text:
Textual context: PTO operation time should be less than or equal to the total operation time.
Stops with PTO engaged cannot outnumber the total stops.
The payload must not exceed the load carried by axle 3.";"
# PTO operation time should be less than or equal to the total operation time.
def r6(pto_time: float, total_time: float) -> bool:
    return pto_time <= total_time

# Stops with PTO engaged cannot outnumber the total stops.
def r7(pto_stops: int, total_stops: int) -> bool:
    return pto_stops <= total_stops

# The payload must not exceed the load carried by axle 3.
def r8(payload: float, axle_3_load: float) -> bool:
    return payload <= axle_3_load"
"System Message:
You are a logician with a background in mathematics that translates natural language
reasoning text to Python3 code so that these natural language reasoning problems can be solved.
During the translation, please pay close attention to defining variables and rules.
Do not add any comments from you.
Be guided by the following example:
Example input text:
Textual context: A vehicle operates over a A param between 20 and 110 in a typical day.
A vehicle operates for a B param between 2 and 10 in a typical day.
A vehicle operates with C param between 0.2 and 5 in a typical day.
A vehicle remains D param between 1 and 5 in a typical day.

Example Python3 code:
# A vehicle operates over a A param between 20 and 110 in a typical day.
def r1(a: float) -> bool:
    return 20 <= a <= 110

# A vehicle operates for a B param between 2 and 10 in a typical day.
def r2(b: float) -> bool:
    return 2 <= b <= 10

# A vehicle operates with C param between 0.2 and 5 in a typical day.
def r3(c: float) -> bool:
    return 0.2 <= c <= 5

# A vehicle remains D param between 1 and 5 in a typical day.
def r4(d: float) -> bool:
    return 1 <= d <= 5


Input text:
Textual context: The total operation duration must not be lower than the PTO operation time.
Driving time cannot be greater than the total operation time.
Axle 2's load must always be equal to or greater than the payload.
Total operation time must be greater than or equal to the sum of PTO operation, idle, and driving times.";"
def r1(pto_time: float, total_time: float) -> bool:
    return pto_time <= total_time

def r2(driving_time: float, total_time: float) -> bool:
    return driving_time <= total_time

def r3(axle2_load: float, payload: float) -> bool:
    return axle2_load >= payload

def r4(total_time: float, pto_time: float, idle_time: float, driving_time: float) -> bool:
    return total_time >= pto_time + idle_time + driving_time"
"System Message:
You are a logician with a background in mathematics that translates natural language
reasoning text to Python3 code so that these natural language reasoning problems can be solved.
During the translation, please pay close attention to defining variables and rules.
Do not add any comments from you.
Be guided by the following example:
Example input text:
Textual context: A vehicle operates over a A param between 20 and 110 in a typical day.
A vehicle operates for a B param between 2 and 10 in a typical day.
A vehicle operates with C param between 0.2 and 5 in a typical day.
A vehicle remains D param between 1 and 5 in a typical day.
A vehicle spends E param between 1 and 5 in a typical day.

Example Python3 code:
# A vehicle operates over a A param between 20 and 110 in a typical day.
def r1(a: float) -> bool:
    return 20 <= a <= 110

# A vehicle operates for a B param between 2 and 10 in a typical day.
def r2(b: float) -> bool:
    return 2 <= b <= 10

# A vehicle operates with C param between 0.2 and 5 in a typical day.
def r3(c: float) -> bool:
    return 0.2 <= c <= 5

# A vehicle remains D param between 1 and 5 in a typical day.
def r4(d: float) -> bool:
    return 1 <= d <= 5

# A vehicle spends E param between 1 and 5 in a typical day.
def r5(e: float) -> bool:
    return 1 <= e <= 5


Input text:
Textual context: PTO operation time must be less than or equal to the total operation time.
Driving time must always be less than or equal to the total operation time.
The number of stops where PTO is engaged must not exceed the overall stop count.
Payload must remain below or equal to the load carried by axle 2.
Axle 3's load must always be equal to or greater than the payload.";"
# PTO operation time must be less than or equal to the total operation time.
def r6(pto_time: float, total_time: float) -> bool:
    return pto_time <= total_time

# Driving time must always be less than or equal to the total operation time.
def r7(driving_time: float, total_time: float) -> bool:
    return driving_time <= total_time

# The number of stops where PTO is engaged must not exceed the overall stop count.
def r8(pto_stops: int, total_stops: int) -> bool:
    return pto_stops <= total_stops

# Payload must remain below or equal to the load carried by axle 2.
def r9(payload: float, axle_2_load: float) -> bool:
    return payload <= axle_2_load

# Axle 3's load must always be equal to or greater than the payload.
def r10(axle_3_load: float, payload: float) -> bool:
    return axle_3_load >= payload"
"System Message:
You are a logician with a background in mathematics that translates natural language
reasoning text to Python3 code so that these natural language reasoning problems can be solved.
During the translation, please pay close attention to defining variables and rules.
Do not add any comments from you.
Be guided by the following example:
Example input text:
Textual context: A vehicle operates over a A param between 20 and 110 in a typical day.
A vehicle operates for a B param between 2 and 10 in a typical day.
A vehicle operates with C param between 0.2 and 5 in a typical day.
A vehicle remains D param between 1 and 5 in a typical day.
A vehicle spends E param between 1 and 5 in a typical day.

Example Python3 code:
# A vehicle operates over a A param between 20 and 110 in a typical day.
def r1(a: float) -> bool:
    return 20 <= a <= 110

# A vehicle operates for a B param between 2 and 10 in a typical day.
def r2(b: float) -> bool:
    return 2 <= b <= 10

# A vehicle operates with C param between 0.2 and 5 in a typical day.
def r3(c: float) -> bool:
    return 0.2 <= c <= 5

# A vehicle remains D param between 1 and 5 in a typical day.
def r4(d: float) -> bool:
    return 1 <= d <= 5

# A vehicle spends E param between 1 and 5 in a typical day.
def r5(e: float) -> bool:
    return 1 <= e <= 5


Input text:
Textual context: The total operation duration must not be lower than the PTO operation time.
Idle time cannot be greater than the total operation time.
Driving time should be less than or equal to the total operation time.
Stops with PTO engaged should never outnumber total stops.
Axle 1's load cannot exceed Axle 3's load.";"
# The total operation duration must not be lower than the PTO operation time.
def r6(pto_time: float, total_time: float) -> bool:
    return pto_time <= total_time

# Idle time cannot be greater than the total operation time.
def r7(idle_time: float, total_time: float) -> bool:
    return idle_time <= total_time

# Driving time should be less than or equal to the total operation time.
def r8(driving_time: float, total_time: float) -> bool:
    return driving_time <= total_time

# Stops with PTO engaged should never outnumber total stops.
def r9(pto_stops: int, total_stops: int) -> bool:
    return pto_stops <= total_stops

# Axle 1's load cannot exceed Axle 3's load.
def r10(axle1_load: float, axle3_load: float) -> bool:
    return axle1_load <= axle3_load"
"System Message:
You are a logician with a background in mathematics that translates natural language
reasoning text to Python3 code so that these natural language reasoning problems can be solved.
During the translation, please pay close attention to defining variables and rules.
Do not add any comments from you.
Be guided by the following example:
Example input text:
Textual context: A vehicle operates over a A param between 20 and 110 in a typical day.
A vehicle operates for a B param between 2 and 10 in a typical day.
A vehicle operates with C param between 0.2 and 5 in a typical day.
A vehicle remains D param between 1 and 5 in a typical day.
A vehicle spends E param between 1 and 5 in a typical day.

Example Python3 code:
# A vehicle operates over a A param between 20 and 110 in a typical day.
def r1(a: float) -> bool:
    return 20 <= a <= 110

# A vehicle operates for a B param between 2 and 10 in a typical day.
def r2(b: float) -> bool:
    return 2 <= b <= 10

# A vehicle operates with C param between 0.2 and 5 in a typical day.
def r3(c: float) -> bool:
    return 0.2 <= c <= 5

# A vehicle remains D param between 1 and 5 in a typical day.
def r4(d: float) -> bool:
    return 1 <= d <= 5

# A vehicle spends E param between 1 and 5 in a typical day.
def r5(e: float) -> bool:
    return 1 <= e <= 5


Input text:
Textual context: Total operation time shouldn’t be lower than idle time.
Stops with PTO engaged should never outnumber total stops.
The load carried by axle 1 must be smaller than or equal to the load on axle 3.";"
# Total operation time shouldn't be lower than idle time.
def r6(total_time: float, idle_time: float) -> bool:
    return total_time >= idle_time

# Stops with PTO engaged should never outnumber total stops.
def r7(pto_stops: int, total_stops: int) -> bool:
    return pto_stops <= total_stops

# The load carried by axle 1 must be smaller than or equal to the load on axle 3.
def r8(load_axle1: float, load_axle3: float) -> bool:
    return load_axle1 <= load_axle3"
"System Message:
You are a logician with a background in mathematics that translates natural language
reasoning text to Python3 code so that these natural language reasoning problems can be solved.
During the translation, please pay close attention to defining variables and rules.
Do not add any comments from you.
Be guided by the following example:
Example input text:
Textual context: A vehicle operates over a A param between 20 and 110 in a typical day.
A vehicle operates for a B param between 2 and 10 in a typical day.
A vehicle operates with C param between 0.2 and 5 in a typical day.
A vehicle remains D param between 1 and 5 in a typical day.
A vehicle spends E param between 1 and 5 in a typical day.

Example Python3 code:
# A vehicle operates over a A param between 20 and 110 in a typical day.
def r1(a: float) -> bool:
    return 20 <= a <= 110

# A vehicle operates for a B param between 2 and 10 in a typical day.
def r2(b: float) -> bool:
    return 2 <= b <= 10

# A vehicle operates with C param between 0.2 and 5 in a typical day.
def r3(c: float) -> bool:
    return 0.2 <= c <= 5

# A vehicle remains D param between 1 and 5 in a typical day.
def r4(d: float) -> bool:
    return 1 <= d <= 5

# A vehicle spends E param between 1 and 5 in a typical day.
def r5(e: float) -> bool:
    return 1 <= e <= 5


Input text:
Textual context: PTO operation time must be less than or equal to the total operation time.
The weight on axle 1 cannot surpass the weight on axle 2.
The load supported by axle 1 cannot exceed that of axle 3.
Payload must remain below or equal to the load carried by axle 2.
Payload must remain below or equal to the load carried by axle 3.";"
# PTO operation time must be less than or equal to the total operation time.
def r1(pto_time: float, total_time: float) -> bool:
    return pto_time <= total_time

# The weight on axle 1 cannot surpass the weight on axle 2.
def r2(axle1_weight: float, axle2_weight: float) -> bool:
    return axle1_weight <= axle2_weight

# The load supported by axle 1 cannot exceed that of axle 3.
def r3(axle1_load: float, axle3_load: float) -> bool:
    return axle1_load <= axle3_load

# Payload must remain below or equal to the load carried by axle 2.
def r4(payload: float, axle2_load: float) -> bool:
    return payload <= axle2_load

# Payload must remain below or equal to the load carried by axle 3.
def r5(payload: float, axle3_load: float) -> bool:
    return payload <= axle3_load"
"System Message:
You are a logician with a background in mathematics that translates natural language
reasoning text to Python3 code so that these natural language reasoning problems can be solved.
During the translation, please pay close attention to defining variables and rules.
Do not add any comments from you.
Be guided by the following example:
Example input text:
Textual context: A vehicle operates over a A param between 20 and 110 in a typical day.
A vehicle operates for a B param between 2 and 10 in a typical day.
A vehicle operates with C param between 0.2 and 5 in a typical day.
A vehicle remains D param between 1 and 5 in a typical day.
A vehicle spends E param between 1 and 5 in a typical day.

Example Python3 code:
# A vehicle operates over a A param between 20 and 110 in a typical day.
def r1(a: float) -> bool:
    return 20 <= a <= 110

# A vehicle operates for a B param between 2 and 10 in a typical day.
def r2(b: float) -> bool:
    return 2 <= b <= 10

# A vehicle operates with C param between 0.2 and 5 in a typical day.
def r3(c: float) -> bool:
    return 0.2 <= c <= 5

# A vehicle remains D param between 1 and 5 in a typical day.
def r4(d: float) -> bool:
    return 1 <= d <= 5

# A vehicle spends E param between 1 and 5 in a typical day.
def r5(e: float) -> bool:
    return 1 <= e <= 5


Input text:
Textual context: Idle time must always be less than or equal to the total operation time.
Driving time must always be less than or equal to the total operation time.
Stops with PTO engaged should never outnumber total stops.
The load carried by axle 1 must be smaller than or equal to the load on axle 2.";"
# Idle time must always be less than or equal to the total operation time.
def r6(idle_time: float, total_operation_time: float) -> bool:
    return idle_time <= total_operation_time

# Driving time must always be less than or equal to the total operation time.
def r7(driving_time: float, total_operation_time: float) -> bool:
    return driving_time <= total_operation_time

# Stops with PTO engaged should never outnumber total stops.
def r8(pto_stops: int, total_stops: int) -> bool:
    return pto_stops <= total_stops

# The load carried by axle 1 must be smaller than or equal to the load on axle 2.
def r9(load_axle1: float, load_axle2: float) -> bool:
    return load_axle1 <= load_axle2"
"System Message:
You are a logician with a background in mathematics that translates natural language
reasoning text to Python3 code so that these natural language reasoning problems can be solved.
During the translation, please pay close attention to defining variables and rules.
Do not add any comments from you.
Be guided by the following example:
Example input text:
Textual context: A vehicle operates over a A param between 20 and 110 in a typical day.
A vehicle operates for a B param between 2 and 10 in a typical day.
A vehicle operates with C param between 0.2 and 5 in a typical day.
A vehicle remains D param between 1 and 5 in a typical day.
A vehicle spends E param between 1 and 5 in a typical day.

Example Python3 code:
# A vehicle operates over a A param between 20 and 110 in a typical day.
def r1(a: float) -> bool:
    return 20 <= a <= 110

# A vehicle operates for a B param between 2 and 10 in a typical day.
def r2(b: float) -> bool:
    return 2 <= b <= 10

# A vehicle operates with C param between 0.2 and 5 in a typical day.
def r3(c: float) -> bool:
    return 0.2 <= c <= 5

# A vehicle remains D param between 1 and 5 in a typical day.
def r4(d: float) -> bool:
    return 1 <= d <= 5

# A vehicle spends E param between 1 and 5 in a typical day.
def r5(e: float) -> bool:
    return 1 <= e <= 5


Input text:
Textual context: Idle time cannot be greater than the total operation time.
The total operation durationmust not be lower than the driving time.
The weight on axle 1 cannot surpass the weight on axle 2.
The load on axle 1 must not surpass the load on axle 3.";"
def r6(idle_time: float, total_operation_duration: float, driving_time: float) -> bool:
    return idle_time <= total_operation_duration and total_operation_duration >= driving_time

def r7(weight_axle_1: float, weight_axle_2: float) -> bool:
    return weight_axle_1 <= weight_axle_2

def r8(load_axle_1: float, load_axle_3: float) -> bool:
    return load_axle_1 <= load_axle_3"
"System Message:
You are a logician with a background in mathematics that translates natural language
reasoning text to Python3 code so that these natural language reasoning problems can be solved.
During the translation, please pay close attention to defining variables and rules.
Do not add any comments from you.
Be guided by the following example:
Example input text:
Textual context: A vehicle operates over a A param between 20 and 110 in a typical day.
A vehicle operates for a B param between 2 and 10 in a typical day.
A vehicle operates with C param between 0.2 and 5 in a typical day.
A vehicle remains D param between 1 and 5 in a typical day.
A vehicle spends E param between 1 and 5 in a typical day.

Example Python3 code:
# A vehicle operates over a A param between 20 and 110 in a typical day.
def r1(a: float) -> bool:
    return 20 <= a <= 110

# A vehicle operates for a B param between 2 and 10 in a typical day.
def r2(b: float) -> bool:
    return 2 <= b <= 10

# A vehicle operates with C param between 0.2 and 5 in a typical day.
def r3(c: float) -> bool:
    return 0.2 <= c <= 5

# A vehicle remains D param between 1 and 5 in a typical day.
def r4(d: float) -> bool:
    return 1 <= d <= 5

# A vehicle spends E param between 1 and 5 in a typical day.
def r5(e: float) -> bool:
    return 1 <= e <= 5


Input text:
Textual context: PTO operation time must be less than or equal to the total operation time.
The total operation duration must not be lower than the idle time.
The weight on axle 1 cannot surpass the weight on axle 3.
The payload must always be smaller than or equal to the load on axle 2.
The combined time for PTO operation, idle time, and driving time must not surpass the total operation time.";"
# PTO operation time must be less than or equal to the total operation time.
def r6(pto_time: float, total_time: float) -> bool:
    return pto_time <= total_time

# The total operation duration must not be lower than the idle time.
def r7(total_time: float, idle_time: float) -> bool:
    return total_time >= idle_time

# The weight on axle 1 cannot surpass the weight on axle 3.
def r8(weight_axle1: float, weight_axle3: float) -> bool:
    return weight_axle1 <= weight_axle3

# The payload must always be smaller than or equal to the load on axle 2.
def r9(payload: float, load_axle2: float) -> bool:
    return payload <= load_axle2

# The combined time for PTO operation, idle time, and driving time must not surpass the total operation time.
def r10(pto_time: float, idle_time: float, driving_time: float, total_time: float) -> bool:
    return pto_time + idle_time + driving_time <= total_time"
"System Message:
You are a logician with a background in mathematics that translates natural language
reasoning text to Python3 code so that these natural language reasoning problems can be solved.
During the translation, please pay close attention to defining variables and rules.
Do not add any comments from you.
Be guided by the following example:
Example input text:
Textual context: A vehicle operates over a A param between 20 and 110 in a typical day.
A vehicle operates for a B param between 2 and 10 in a typical day.
A vehicle operates with C param between 0.2 and 5 in a typical day.
A vehicle remains D param between 1 and 5 in a typical day.
A vehicle spends E param between 1 and 5 in a typical day.

Example Python3 code:
# A vehicle operates over a A param between 20 and 110 in a typical day.
def r1(a: float) -> bool:
    return 20 <= a <= 110

# A vehicle operates for a B param between 2 and 10 in a typical day.
def r2(b: float) -> bool:
    return 2 <= b <= 10

# A vehicle operates with C param between 0.2 and 5 in a typical day.
def r3(c: float) -> bool:
    return 0.2 <= c <= 5

# A vehicle remains D param between 1 and 5 in a typical day.
def r4(d: float) -> bool:
    return 1 <= d <= 5

# A vehicle spends E param between 1 and 5 in a typical day.
def r5(e: float) -> bool:
    return 1 <= e <= 5


Input text:
Textual context: PTO operation time cannot be greater than the total operation time.
Idle time cannot be greater than the total operation time.
The number of stops where PTO is engaged must not exceed the overall stop count.
The payload cannot exceed the capacity of axle 2.
Axle 3's load must always be equal to or greater than the payload.";"
# PTO operation time cannot be greater than the total operation time.
def r1(pto_time: float, total_time: float) -> bool:
    return pto_time <= total_time

# Idle time cannot be greater than the total operation time.
def r2(idle_time: float, total_time: float) -> bool:
    return idle_time <= total_time

# The number of stops where PTO is engaged must not exceed the overall stop count.
def r3(pto_stops: int, total_stops: int) -> bool:
    return pto_stops <= total_stops

# Payload cannot exceed the capacity of axle 2.
def r4(payload: float, axle_2_capacity: float) -> bool:
    return payload <= axle_2_capacity

# Axle 3's load must always be equal to or greater than the payload.
def r5(axle_3_load: float, payload: float) -> bool:
    return axle_3_load >= payload"
"System Message:
You are a logician with a background in mathematics that translates natural language
reasoning text to Python3 code so that these natural language reasoning problems can be solved.
During the translation, please pay close attention to defining variables and rules.
Do not add any comments from you.
Be guided by the following example:
Example input text:
Textual context: A vehicle operates over a A param between 20 and 110 in a typical day.
A vehicle operates for a B param between 2 and 10 in a typical day.
A vehicle operates with C param between 0.2 and 5 in a typical day.
A vehicle remains D param between 1 and 5 in a typical day.
A vehicle spends E param between 1 and 5 in a typical day.

Example Python3 code:
# A vehicle operates over a A param between 20 and 110 in a typical day.
def r1(a: float) -> bool:
    return 20 <= a <= 110

# A vehicle operates for a B param between 2 and 10 in a typical day.
def r2(b: float) -> bool:
    return 2 <= b <= 10

# A vehicle operates with C param between 0.2 and 5 in a typical day.
def r3(c: float) -> bool:
    return 0.2 <= c <= 5

# A vehicle remains D param between 1 and 5 in a typical day.
def r4(d: float) -> bool:
    return 1 <= d <= 5

# A vehicle spends E param between 1 and 5 in a typical day.
def r5(e: float) -> bool:
    return 1 <= e <= 5


Input text:
Textual context: Idle time should be less than or equal to the total operation time.
The total operation durationmust not be lower than the driving time.
Axle 2's load must always be equal to or greater than the payload.
The payload must always be smaller than or equal to the load on axle 3.";"
# Idle time should be less than or equal to the total operation time.
def r6(idle_time: float, total_operation_time: float) -> bool:
    return idle_time <= total_operation_time

# The total operation duration must not be lower than the driving time.
def r7(total_operation_duration: float, driving_time: float) -> bool:
    return total_operation_duration >= driving_time

# Axle 2's load must always be equal to or greater than the payload.
def r8(axle2_load: float, payload: float) -> bool:
    return axle2_load >= payload

# The payload must always be smaller than or equal to the load on axle 3.
def r9(payload: float, axle3_load: float) -> bool:
    return payload <= axle3_load"
"System Message:
You are a logician with a background in mathematics that translates natural language
reasoning text to Python3 code so that these natural language reasoning problems can be solved.
During the translation, please pay close attention to defining variables and rules.
Do not add any comments from you.
Be guided by the following example:
Example input text:
Textual context: A vehicle operates over a A param between 20 and 110 in a typical day.
A vehicle operates for a B param between 2 and 10 in a typical day.
A vehicle operates with C param between 0.2 and 5 in a typical day.
A vehicle remains D param between 1 and 5 in a typical day.
A vehicle spends E param between 1 and 5 in a typical day.

Example Python3 code:
# A vehicle operates over a A param between 20 and 110 in a typical day.
def r1(a: float) -> bool:
    return 20 <= a <= 110

# A vehicle operates for a B param between 2 and 10 in a typical day.
def r2(b: float) -> bool:
    return 2 <= b <= 10

# A vehicle operates with C param between 0.2 and 5 in a typical day.
def r3(c: float) -> bool:
    return 0.2 <= c <= 5

# A vehicle remains D param between 1 and 5 in a typical day.
def r4(d: float) -> bool:
    return 1 <= d <= 5

# A vehicle spends E param between 1 and 5 in a typical day.
def r5(e: float) -> bool:
    return 1 <= e <= 5


Input text:
Textual context: Total operation time shouldn’t be lower than idle time.
Driving time must always be less than or equal to the total operation time.
Stops with PTO engaged should never outnumber total stops.
The payload must always be smaller than or equal to the load on axle 2.";"
# Total operation time shouldn't be lower than idle time.
def r6(total_operation_time: float, idle_time: float) -> bool:
    return total_operation_time >= idle_time

# Driving time must always be less than or equal to the total operation time.
def r7(driving_time: float, total_operation_time: float) -> bool:
    return driving_time <= total_operation_time

# Stops with PTO engaged should never outnumber total stops.
def r8(pto_stops: int, total_stops: int) -> bool:
    return pto_stops <= total_stops

# The payload must always be smaller than or equal to the load on axle 2.
def r9(payload: float, load_axle_2: float) -> bool:
    return payload <= load_axle_2"
"System Message:
You are a logician with a background in mathematics that translates natural language
reasoning text to Python3 code so that these natural language reasoning problems can be solved.
During the translation, please pay close attention to defining variables and rules.
Do not add any comments from you.
Be guided by the following example:
Example input text:
Textual context: A vehicle operates over a A param between 20 and 110 in a typical day.
A vehicle operates for a B param between 2 and 10 in a typical day.
A vehicle operates with C param between 0.2 and 5 in a typical day.
A vehicle remains D param between 1 and 5 in a typical day.
A vehicle spends E param between 1 and 5 in a typical day.

Example Python3 code:
# A vehicle operates over a A param between 20 and 110 in a typical day.
def r1(a: float) -> bool:
    return 20 <= a <= 110

# A vehicle operates for a B param between 2 and 10 in a typical day.
def r2(b: float) -> bool:
    return 2 <= b <= 10

# A vehicle operates with C param between 0.2 and 5 in a typical day.
def r3(c: float) -> bool:
    return 0.2 <= c <= 5

# A vehicle remains D param between 1 and 5 in a typical day.
def r4(d: float) -> bool:
    return 1 <= d <= 5

# A vehicle spends E param between 1 and 5 in a typical day.
def r5(e: float) -> bool:
    return 1 <= e <= 5


Input text:
Textual context: The total operation duration must not be lower than the PTO operation time.
The total operation duration must not be lower than the idle time.
Driving time must always be less than or equal to the total operation time.
The payload must not exceed the load carried by axle 3.";"
# The total operation duration must not be lower than the PTO operation time.
def r1(pto_time: float, total_duration: float) -> bool:
    return total_duration >= pto_time

# The total operation duration must not be lower than the idle time.
def r2(idle_time: float, total_duration: float) -> bool:
    return total_duration >= idle_time

# Driving time must always be less than or equal to the total operation time.
def r3(driving_time: float, total_duration: float) -> bool:
    return driving_time <= total_duration

# The payload must not exceed the load carried by axle 3.
def r4(payload: float, load_axle_3: float) -> bool:
    return payload <= load_axle_3"
"System Message:
You are a logician with a background in mathematics that translates natural language
reasoning text to Python3 code so that these natural language reasoning problems can be solved.
During the translation, please pay close attention to defining variables and rules.
Do not add any comments from you.
Be guided by the following example:
Example input text:
Textual context: A vehicle operates over a A param between 20 and 110 in a typical day.
A vehicle operates for a B param between 2 and 10 in a typical day.
A vehicle operates with C param between 0.2 and 5 in a typical day.
A vehicle remains D param between 1 and 5 in a typical day.
A vehicle spends E param between 1 and 5 in a typical day.

Example Python3 code:
# A vehicle operates over a A param between 20 and 110 in a typical day.
def r1(a: float) -> bool:
    return 20 <= a <= 110

# A vehicle operates for a B param between 2 and 10 in a typical day.
def r2(b: float) -> bool:
    return 2 <= b <= 10

# A vehicle operates with C param between 0.2 and 5 in a typical day.
def r3(c: float) -> bool:
    return 0.2 <= c <= 5

# A vehicle remains D param between 1 and 5 in a typical day.
def r4(d: float) -> bool:
    return 1 <= d <= 5

# A vehicle spends E param between 1 and 5 in a typical day.
def r5(e: float) -> bool:
    return 1 <= e <= 5


Input text:
Textual context: PTO operation time cannot be greater than the total operation time.
Driving time cannot be greater than the total operation time.
The payload must not exceed the load carried by axle 2.";"
def r1(pto_time: float, total_time: float) -> bool:
    return pto_time <= total_time

def r2(driving_time: float, total_time: float) -> bool:
    return driving_time <= total_time

def r3(payload: float, axle2_load: float) -> bool:
    return payload <= axle2_load"
"System Message:
You are a logician with a background in mathematics that translates natural language
reasoning text to Python3 code so that these natural language reasoning problems can be solved.
During the translation, please pay close attention to defining variables and rules.
Do not add any comments from you.
Be guided by the following example:
Example input text:
Textual context: A vehicle operates over a A param between 20 and 110 in a typical day.
A vehicle operates for a B param between 2 and 10 in a typical day.
A vehicle operates with C param between 0.2 and 5 in a typical day.
A vehicle remains D param between 1 and 5 in a typical day.

Example Python3 code:
# A vehicle operates over a A param between 20 and 110 in a typical day.
def r1(a: float) -> bool:
    return 20 <= a <= 110

# A vehicle operates for a B param between 2 and 10 in a typical day.
def r2(b: float) -> bool:
    return 2 <= b <= 10

# A vehicle operates with C param between 0.2 and 5 in a typical day.
def r3(c: float) -> bool:
    return 0.2 <= c <= 5

# A vehicle remains D param between 1 and 5 in a typical day.
def r4(d: float) -> bool:
    return 1 <= d <= 5


Input text:
Textual context: PTO operation time must be less than or equal to the total operation time.
Driving time should be less than or equal to the total operation time.
The weight on axle 1 cannot surpass the weight on axle 2.
The payload must not exceed the load carried by axle 3.";"
# PTO operation time must be less than or equal to the total operation time.
def r1(pto_time: float, total_time: float) -> bool:
    return pto_time <= total_time

# Driving time should be less than or equal to the total operation time.
def r2(driving_time: float, total_time: float) -> bool:
    return driving_time <= total_time

# The weight on axle 1 cannot surpass the weight on axle 2.
def r3(axle1_weight: float, axle2_weight: float) -> bool:
    return axle1_weight <= axle2_weight

# The payload must not exceed the load carried by axle 3.
def r4(payload: float, axle3_load: float) -> bool:
    return payload <= axle3_load"
"System Message:
You are a logician with a background in mathematics that translates natural language
reasoning text to Python3 code so that these natural language reasoning problems can be solved.
During the translation, please pay close attention to defining variables and rules.
Do not add any comments from you.
Be guided by the following example:
Example input text:
Textual context: A vehicle operates over a A param between 20 and 110 in a typical day.
A vehicle operates for a B param between 2 and 10 in a typical day.
A vehicle operates with C param between 0.2 and 5 in a typical day.
A vehicle remains D param between 1 and 5 in a typical day.

Example Python3 code:
# A vehicle operates over a A param between 20 and 110 in a typical day.
def r1(a: float) -> bool:
    return 20 <= a <= 110

# A vehicle operates for a B param between 2 and 10 in a typical day.
def r2(b: float) -> bool:
    return 2 <= b <= 10

# A vehicle operates with C param between 0.2 and 5 in a typical day.
def r3(c: float) -> bool:
    return 0.2 <= c <= 5

# A vehicle remains D param between 1 and 5 in a typical day.
def r4(d: float) -> bool:
    return 1 <= d <= 5


Input text:
Textual context: Total operation time shouldn’t be lower than PTO operation time.
Idle time should be less than or equal to the total operation time.
The load carried by axle 1 must be smaller than or equal to the load on axle 3.
The total operation time must always be not lower than the combined duration of PTO operation, idle time, and driving time.";"
def r1(pto_time: float, total_time: float) -> bool:
    return pto_time < total_time

def r2(idle_time: float, total_time: float) -> bool:
    return idle_time <= total_time

def r3(axle1_load: float, axle3_load: float) -> bool:
    return axle1_load <= axle3_load

def r4(total_time: float, pto_time: float, idle_time: float, drive_time: float) -> bool:
    return total_time >= (pto_time + idle_time + drive_time)"
"System Message:
You are a logician with a background in mathematics that translates natural language
reasoning text to Python3 code so that these natural language reasoning problems can be solved.
During the translation, please pay close attention to defining variables and rules.
Do not add any comments from you.
Be guided by the following example:
Example input text:
Textual context: A vehicle operates over a A param between 20 and 110 in a typical day.
A vehicle operates for a B param between 2 and 10 in a typical day.
A vehicle operates with C param between 0.2 and 5 in a typical day.
A vehicle remains D param between 1 and 5 in a typical day.
A vehicle spends E param between 1 and 5 in a typical day.

Example Python3 code:
# A vehicle operates over a A param between 20 and 110 in a typical day.
def r1(a: float) -> bool:
    return 20 <= a <= 110

# A vehicle operates for a B param between 2 and 10 in a typical day.
def r2(b: float) -> bool:
    return 2 <= b <= 10

# A vehicle operates with C param between 0.2 and 5 in a typical day.
def r3(c: float) -> bool:
    return 0.2 <= c <= 5

# A vehicle remains D param between 1 and 5 in a typical day.
def r4(d: float) -> bool:
    return 1 <= d <= 5

# A vehicle spends E param between 1 and 5 in a typical day.
def r5(e: float) -> bool:
    return 1 <= e <= 5


Input text:
Textual context: Total operation time shouldn’t be lower than idle time.
Driving time should be less than or equal to the total operation time.
The number of stops where PTO is engaged must not exceed the overall stop count.
The load supported by axle 1 cannot exceed that of axle 2.
The weight on axle 1 cannot surpass the weight on axle 3.";"
# Total operation time shouldn't be lower than idle time.
def r1(total_time: float, idle_time: float) -> bool:
    return total_time >= idle_time

# Driving time should be less than or equal to the total operation time.
def r2(driving_time: float, total_time: float) -> bool:
    return driving_time <= total_time

# The number of stops where PTO is engaged must not exceed the overall stop count.
def r3(pto_stops: int, total_stops: int) -> bool:
    return pto_stops <= total_stops

# The load supported by axle 1 cannot exceed that of axle 2.
def r4(axle1_load: float, axle2_load: float) -> bool:
    return axle1_load <= axle2_load

# The weight on axle 1 cannot surpass the weight on axle 3.
def r5(axle1_weight: float, axle3_weight: float) -> bool:
    return axle1_weight <= axle3_weight"
"System Message:
You are a logician with a background in mathematics that translates natural language
reasoning text to Python3 code so that these natural language reasoning problems can be solved.
During the translation, please pay close attention to defining variables and rules.
Do not add any comments from you.
Be guided by the following example:
Example input text:
Textual context: A vehicle operates over a A param between 20 and 110 in a typical day.
A vehicle operates for a B param between 2 and 10 in a typical day.
A vehicle operates with C param between 0.2 and 5 in a typical day.
A vehicle remains D param between 1 and 5 in a typical day.
A vehicle spends E param between 1 and 5 in a typical day.

Example Python3 code:
# A vehicle operates over a A param between 20 and 110 in a typical day.
def r1(a: float) -> bool:
    return 20 <= a <= 110

# A vehicle operates for a B param between 2 and 10 in a typical day.
def r2(b: float) -> bool:
    return 2 <= b <= 10

# A vehicle operates with C param between 0.2 and 5 in a typical day.
def r3(c: float) -> bool:
    return 0.2 <= c <= 5

# A vehicle remains D param between 1 and 5 in a typical day.
def r4(d: float) -> bool:
    return 1 <= d <= 5

# A vehicle spends E param between 1 and 5 in a typical day.
def r5(e: float) -> bool:
    return 1 <= e <= 5


Input text:
Textual context: Idle time cannot be greater than the total operation time.
The total stop count must not be lower than the count of stops where PTO is engaged.
The load carried by axle 1 must be smaller than or equal to the load on axle 3.
Total operation time should be at least the sum of PTO, idle, and driving times.";"
# Idle time cannot be greater than the total operation time.
def r1(idle_time: float, total_operation_time: float) -> bool:
    return idle_time <= total_operation_time

# The total stop count must not be lower than the count of stops where PTO is engaged.
def r2(total_stop_count: int, pto_engaged_stops: int) -> bool:
    return total_stop_count >= pto_engaged_stops

# Load carried by axle 1 must be smaller than or equal to the load on axle 3.
def r3(load_axle_1: float, load_axle_3: float) -> bool:
    return load_axle_1 <= load_axle_3

# Total operation time should be at least the sum of PTO, idle, and driving times.
def r4(total_operation_time: float, pto_time: float, idle_time: float, driving_time: float) -> bool:
    return total_operation_time >= pto_time + idle_time + driving_time"
"System Message:
You are a logician with a background in mathematics that translates natural language
reasoning text to Python3 code so that these natural language reasoning problems can be solved.
During the translation, please pay close attention to defining variables and rules.
Do not add any comments from you.
Be guided by the following example:
Example input text:
Textual context: A vehicle operates over a A param between 20 and 110 in a typical day.
A vehicle operates for a B param between 2 and 10 in a typical day.
A vehicle operates with C param between 0.2 and 5 in a typical day.
A vehicle remains D param between 1 and 5 in a typical day.
A vehicle spends E param between 1 and 5 in a typical day.

Example Python3 code:
# A vehicle operates over a A param between 20 and 110 in a typical day.
def r1(a: float) -> bool:
    return 20 <= a <= 110

# A vehicle operates for a B param between 2 and 10 in a typical day.
def r2(b: float) -> bool:
    return 2 <= b <= 10

# A vehicle operates with C param between 0.2 and 5 in a typical day.
def r3(c: float) -> bool:
    return 0.2 <= c <= 5

# A vehicle remains D param between 1 and 5 in a typical day.
def r4(d: float) -> bool:
    return 1 <= d <= 5

# A vehicle spends E param between 1 and 5 in a typical day.
def r5(e: float) -> bool:
    return 1 <= e <= 5


Input text:
Textual context: Total operation time shouldn’t be lower than idle time.
The load on axle 1 must not surpass the load on axle 2.
The load carried by axle 1 must be smaller than or equal to the load on axle 3.
The payload cannot exceed the capacity of axle 2.
The payload cannot exceed the capacity of axle 3.";"
# Total operation time shouldn't be lower than idle time.
def r1(operation_time: float, idle_time: float) -> bool:
    return operation_time >= idle_time

# The load on axle 1 must not surpass the load on axle 2.
def r2(load_axle1: float, load_axle2: float) -> bool:
    return load_axle1 <= load_axle2

# The load carried by axle 1 must be smaller than or equal to the load on axle 3.
def r3(load_axle1: float, load_axle3: float) -> bool:
    return load_axle1 <= load_axle3

# The payload cannot exceed the capacity of axle 2.
def r4(payload: float, capacity_axle2: float) -> bool:
    return payload <= capacity_axle2

# The payload cannot exceed the capacity of axle 3.
def r5(payload: float, capacity_axle3: float) -> bool:
    return payload <= capacity_axle3"
"System Message:
You are a logician with a background in mathematics that translates natural language
reasoning text to Python3 code so that these natural language reasoning problems can be solved.
During the translation, please pay close attention to defining variables and rules.
Do not add any comments from you.
Be guided by the following example:
Example input text:
Textual context: A vehicle operates over a A param between 20 and 110 in a typical day.
A vehicle operates for a B param between 2 and 10 in a typical day.
A vehicle operates with C param between 0.2 and 5 in a typical day.
A vehicle remains D param between 1 and 5 in a typical day.
A vehicle spends E param between 1 and 5 in a typical day.

Example Python3 code:
# A vehicle operates over a A param between 20 and 110 in a typical day.
def r1(a: float) -> bool:
    return 20 <= a <= 110

# A vehicle operates for a B param between 2 and 10 in a typical day.
def r2(b: float) -> bool:
    return 2 <= b <= 10

# A vehicle operates with C param between 0.2 and 5 in a typical day.
def r3(c: float) -> bool:
    return 0.2 <= c <= 5

# A vehicle remains D param between 1 and 5 in a typical day.
def r4(d: float) -> bool:
    return 1 <= d <= 5

# A vehicle spends E param between 1 and 5 in a typical day.
def r5(e: float) -> bool:
    return 1 <= e <= 5


Input text:
Textual context: Total operation time should shouldn’t be lower than driving time.
The load supported by axle 1 cannot exceed that of axle 2.
Axle 2's load must always be equal to or greater than the payload.
Axle 3's load must always be equal to or greater than the payload.
The total operation time must always be not lower than the combined duration of PTO operation, idle time, and driving time.";"
# Total operation time should shouldn't be lower than driving time.
def r1(total_time: float, driving_time: float) -> bool:
    return total_time >= driving_time

# The load supported by axle 1 cannot exceed that of axle 2.
def r2(axle1_load: float, axle2_load: float) -> bool:
    return axle1_load <= axle2_load

# Axle 2's load must always be equal to or greater than the payload.
def r3(axle2_load: float, payload: float) -> bool:
    return axle2_load >= payload

# Axle 3's load must always be equal to or greater than the payload.
def r4(axle3_load: float, payload: float) -> bool:
    return axle3_load >= payload

# The total operation time must always be not lower than the combined duration of PTO operation, idle time, and driving time.
def r5(total_time: float, pto_time: float, idle_time: float, driving_time: float) -> bool:
    return total_time >= pto_time + idle_time + driving_time"
"System Message:
You are a logician with a background in mathematics that translates natural language
reasoning text to Python3 code so that these natural language reasoning problems can be solved.
During the translation, please pay close attention to defining variables and rules.
Do not add any comments from you.
Be guided by the following example:
Example input text:
Textual context: A vehicle operates over a A param between 20 and 110 in a typical day.
A vehicle operates for a B param between 2 and 10 in a typical day.
A vehicle operates with C param between 0.2 and 5 in a typical day.
A vehicle remains D param between 1 and 5 in a typical day.
A vehicle spends E param between 1 and 5 in a typical day.

Example Python3 code:
# A vehicle operates over a A param between 20 and 110 in a typical day.
def r1(a: float) -> bool:
    return 20 <= a <= 110

# A vehicle operates for a B param between 2 and 10 in a typical day.
def r2(b: float) -> bool:
    return 2 <= b <= 10

# A vehicle operates with C param between 0.2 and 5 in a typical day.
def r3(c: float) -> bool:
    return 0.2 <= c <= 5

# A vehicle remains D param between 1 and 5 in a typical day.
def r4(d: float) -> bool:
    return 1 <= d <= 5

# A vehicle spends E param between 1 and 5 in a typical day.
def r5(e: float) -> bool:
    return 1 <= e <= 5


Input text:
Textual context: Total operation time shouldn’t be lower than PTO operation time.
Idle time should be less than or equal to the total operation time.
The payload must not exceed the load carried by axle 2.
Total operation time should be at least the sum of PTO, idle, and driving times.";"
def r1(pto_time: float, total_time: float, idle_time: float) -> bool:
    return total_time >= pto_time

def r2(total_time: float, idle_time: float) -> bool:
    return idle_time <= total_time

def r3(axle_2_load: float, payload: float) -> bool:
    return payload <= axle_2_load

def r4(pto_time: float, total_time: float, driving_time: float) -> bool:
    return total_time >= pto_time + idle_time + driving_time"
"System Message:
You are a logician with a background in mathematics that translates natural language
reasoning text to Python3 code so that these natural language reasoning problems can be solved.
During the translation, please pay close attention to defining variables and rules.
Do not add any comments from you.
Be guided by the following example:
Example input text:
Textual context: A vehicle operates over a A param between 20 and 110 in a typical day.
A vehicle operates for a B param between 2 and 10 in a typical day.
A vehicle operates with C param between 0.2 and 5 in a typical day.
A vehicle remains D param between 1 and 5 in a typical day.
A vehicle spends E param between 1 and 5 in a typical day.

Example Python3 code:
# A vehicle operates over a A param between 20 and 110 in a typical day.
def r1(a: float) -> bool:
    return 20 <= a <= 110

# A vehicle operates for a B param between 2 and 10 in a typical day.
def r2(b: float) -> bool:
    return 2 <= b <= 10

# A vehicle operates with C param between 0.2 and 5 in a typical day.
def r3(c: float) -> bool:
    return 0.2 <= c <= 5

# A vehicle remains D param between 1 and 5 in a typical day.
def r4(d: float) -> bool:
    return 1 <= d <= 5

# A vehicle spends E param between 1 and 5 in a typical day.
def r5(e: float) -> bool:
    return 1 <= e <= 5


Input text:
Textual context: PTO operation time should be less than or equal to the total operation time.
The total operation duration must not be lower than the idle time.
PTO-engaged stops cannot exceed the total number of stops.
The payload must not exceed the load carried by axle 3.
Total operation time must be greater than or equal to the sum of PTO operation, idle, and driving times.";"
# PTO operation time should be less than or equal to the total operation time.
def r1(pto_time: float, total_time: float) -> bool:
    return pto_time <= total_time

# The total operation duration must not be lower than the idle time.
def r2(total_time: float, idle_time: float) -> bool:
    return total_time >= idle_time

# PTO-engaged stops cannot exceed the total number of stops.
def r3(pto_stops: int, total_stops: int) -> bool:
    return pto_stops <= total_stops

# Payload must not exceed the load carried by axle 3.
def r4(payload: float, axle3_load: float) -> bool:
    return payload <= axle3_load

# Total operation time must be greater than or equal to the sum of PTO operation, idle, and driving times.
def r5(pto_time: float, idle_time: float, driving_time: float) -> bool:
    return total_time >= (pto_time + idle_time + driving_time)"
"System Message:
You are a logician with a background in mathematics that translates natural language
reasoning text to Python3 code so that these natural language reasoning problems can be solved.
During the translation, please pay close attention to defining variables and rules.
Do not add any comments from you.
Be guided by the following example:
Example input text:
Textual context: A vehicle operates over a A param between 20 and 110 in a typical day.
A vehicle operates for a B param between 2 and 10 in a typical day.
A vehicle operates with C param between 0.2 and 5 in a typical day.
A vehicle remains D param between 1 and 5 in a typical day.
A vehicle spends E param between 1 and 5 in a typical day.

Example Python3 code:
# A vehicle operates over a A param between 20 and 110 in a typical day.
def r1(a: float) -> bool:
    return 20 <= a <= 110

# A vehicle operates for a B param between 2 and 10 in a typical day.
def r2(b: float) -> bool:
    return 2 <= b <= 10

# A vehicle operates with C param between 0.2 and 5 in a typical day.
def r3(c: float) -> bool:
    return 0.2 <= c <= 5

# A vehicle remains D param between 1 and 5 in a typical day.
def r4(d: float) -> bool:
    return 1 <= d <= 5

# A vehicle spends E param between 1 and 5 in a typical day.
def r5(e: float) -> bool:
    return 1 <= e <= 5


Input text:
Textual context: The total operation durationmust not be lower than the driving time.
The load on axle 1 must not surpass the load on axle 3.
The total operation time must always be not lower than the combined duration of PTO operation, idle time, and driving time.";"
def r6(total_operation_duration: float, driving_time: float) -> bool:
    return total_operation_duration >= driving_time

def r7(load_axle_1: float, load_axle_3: float) -> bool:
    return load_axle_1 <= load_axle_3

def r8(total_operation_time: float, pto_operation_time: float, idle_time: float, driving_time: float) -> bool:
    return total_operation_time >= pto_operation_time + idle_time + driving_time"
"System Message:
You are a logician with a background in mathematics that translates natural language
reasoning text to Python3 code so that these natural language reasoning problems can be solved.
During the translation, please pay close attention to defining variables and rules.
Do not add any comments from you.
Be guided by the following example:
Example input text:
Textual context: A vehicle operates over a A param between 20 and 110 in a typical day.
A vehicle operates for a B param between 2 and 10 in a typical day.
A vehicle operates with C param between 0.2 and 5 in a typical day.
A vehicle remains D param between 1 and 5 in a typical day.

Example Python3 code:
# A vehicle operates over a A param between 20 and 110 in a typical day.
def r1(a: float) -> bool:
    return 20 <= a <= 110

# A vehicle operates for a B param between 2 and 10 in a typical day.
def r2(b: float) -> bool:
    return 2 <= b <= 10

# A vehicle operates with C param between 0.2 and 5 in a typical day.
def r3(c: float) -> bool:
    return 0.2 <= c <= 5

# A vehicle remains D param between 1 and 5 in a typical day.
def r4(d: float) -> bool:
    return 1 <= d <= 5


Input text:
Textual context: The total operation duration must not be lower than the idle time.
Driving time should be less than or equal to the total operation time.
The payload must not exceed the load carried by axle 3.
Total operation time should be at least the sum of PTO, idle, and driving times.";"
# The total operation duration must not be lower than the idle time.
def r1(total_operation_time: float, idle_time: float) -> bool:
    return total_operation_time >= idle_time

# Driving time should be less than or equal to the total operation time.
def r2(driving_time: float, total_operation_time: float) -> bool:
    return driving_time <= total_operation_time

# The payload must not exceed the load carried by axle 3.
def r3(payload: float, load_axle_3: float) -> bool:
    return payload <= load_axle_3

# Total operation time should be at least the sum of PTO, idle, and driving times.
def r4(pto_time: float, idle_time: float, driving_time: float) -> bool:
    return total_operation_time >= pto_time + idle_time + driving_time"
"System Message:
You are a logician with a background in mathematics that translates natural language
reasoning text to Python3 code so that these natural language reasoning problems can be solved.
During the translation, please pay close attention to defining variables and rules.
Do not add any comments from you.
Be guided by the following example:
Example input text:
Textual context: A vehicle operates over a A param between 20 and 110 in a typical day.
A vehicle operates for a B param between 2 and 10 in a typical day.
A vehicle operates with C param between 0.2 and 5 in a typical day.
A vehicle remains D param between 1 and 5 in a typical day.

Example Python3 code:
# A vehicle operates over a A param between 20 and 110 in a typical day.
def r1(a: float) -> bool:
    return 20 <= a <= 110

# A vehicle operates for a B param between 2 and 10 in a typical day.
def r2(b: float) -> bool:
    return 2 <= b <= 10

# A vehicle operates with C param between 0.2 and 5 in a typical day.
def r3(c: float) -> bool:
    return 0.2 <= c <= 5

# A vehicle remains D param between 1 and 5 in a typical day.
def r4(d: float) -> bool:
    return 1 <= d <= 5


Input text:
Textual context: The total operation duration must not be lower than the idle time.
Total operation time should shouldn’t be lower than driving time.
The load carried by axle 1 must be smaller than or equal to the load on axle 2.
Payload must remain below or equal to the load carried by axle 3.";"
# The total operation duration must not be lower than the idle time.
def r1(total_duration: float, idle_time: float) -> bool:
    return total_duration >= idle_time

# Total operation time should shouldn’t be lower than driving time.
def r2(total_duration: float, driving_time: float) -> bool:
    return total_duration >= driving_time

# The load carried by axle 1 must be smaller than or equal to the load on axle 2.
def r3(load_axle1: float, load_axle2: float) -> bool:
    return load_axle1 <= load_axle2

# Payload must remain below or equal to the load carried by axle 3.
def r4(payload: float, load_axle3: float) -> bool:
    return payload <= load_axle3"
"System Message:
You are a logician with a background in mathematics that translates natural language
reasoning text to Python3 code so that these natural language reasoning problems can be solved.
During the translation, please pay close attention to defining variables and rules.
Do not add any comments from you.
Be guided by the following example:
Example input text:
Textual context: A vehicle operates over a A param between 20 and 110 in a typical day.
A vehicle operates for a B param between 2 and 10 in a typical day.
A vehicle operates with C param between 0.2 and 5 in a typical day.
A vehicle remains D param between 1 and 5 in a typical day.

Example Python3 code:
# A vehicle operates over a A param between 20 and 110 in a typical day.
def r1(a: float) -> bool:
    return 20 <= a <= 110

# A vehicle operates for a B param between 2 and 10 in a typical day.
def r2(b: float) -> bool:
    return 2 <= b <= 10

# A vehicle operates with C param between 0.2 and 5 in a typical day.
def r3(c: float) -> bool:
    return 0.2 <= c <= 5

# A vehicle remains D param between 1 and 5 in a typical day.
def r4(d: float) -> bool:
    return 1 <= d <= 5


Input text:
Textual context: Driving time should be less than or equal to the total operation time.
Stops with PTO engaged should never outnumber total stops.
The payload must not exceed the load carried by axle 3.
Total operation time must be greater than or equal to the sum of PTO operation, idle, and driving times.";"
def is_driving_time_less_than_total_operation_time(driving_time: float, total_operation_time: float) -> bool:
    return driving_time <= total_operation_time

def stops_with_pto_never_outnumber_total_stops(stops_with_pto: int, total_stops: int) -> bool:
    return stops_with_pto <= total_stops

def payload_does_not_exceed_load_carried_by_axle_3(payload: float, load_carried_by_axle_3: float) -> bool:
    return payload <= load_carried_by_axle_3

def total_operation_time_greater_than_or_equal_to_sum_of_pto_operation_idle_and_driving_times(total_operation_time: float, pto_operation: float, idle: float, driving_time: float) -> bool:
    return total_operation_time >= pto_operation + idle + driving_time"
"System Message:
You are a logician with a background in mathematics that translates natural language
reasoning text to Python3 code so that these natural language reasoning problems can be solved.
During the translation, please pay close attention to defining variables and rules.
Do not add any comments from you.
Be guided by the following example:
Example input text:
Textual context: A vehicle operates over a A param between 20 and 110 in a typical day.
A vehicle operates for a B param between 2 and 10 in a typical day.
A vehicle operates with C param between 0.2 and 5 in a typical day.
A vehicle remains D param between 1 and 5 in a typical day.

Example Python3 code:
# A vehicle operates over a A param between 20 and 110 in a typical day.
def r1(a: float) -> bool:
    return 20 <= a <= 110

# A vehicle operates for a B param between 2 and 10 in a typical day.
def r2(b: float) -> bool:
    return 2 <= b <= 10

# A vehicle operates with C param between 0.2 and 5 in a typical day.
def r3(c: float) -> bool:
    return 0.2 <= c <= 5

# A vehicle remains D param between 1 and 5 in a typical day.
def r4(d: float) -> bool:
    return 1 <= d <= 5


Input text:
Textual context: Driving time must always be less than or equal to the total operation time.
Stops with PTO engaged cannot outnumber the total stops.
The load on axle 1 must not surpass the load on axle 3.";"
# Driving time must always be less than or equal to the total operation time.
def r1(driving_time: float, total_operation_time: float) -> bool:
    return driving_time <= total_operation_time

# Stops with PTO engaged cannot outnumber the total stops.
def r2(pto_stops: int, total_stops: int) -> bool:
    return pto_stops <= total_stops

# The load on axle 1 must not surpass the load on axle 3.
def r3(load_axle1: float, load_axle3: float) -> bool:
    return load_axle1 <= load_axle3"
"System Message:
You are a logician with a background in mathematics that translates natural language
reasoning text to Python3 code so that these natural language reasoning problems can be solved.
During the translation, please pay close attention to defining variables and rules.
Do not add any comments from you.
Be guided by the following example:
Example input text:
Textual context: A vehicle operates over a A param between 20 and 110 in a typical day.
A vehicle operates for a B param between 2 and 10 in a typical day.
A vehicle operates with C param between 0.2 and 5 in a typical day.
A vehicle remains D param between 1 and 5 in a typical day.

Example Python3 code:
# A vehicle operates over a A param between 20 and 110 in a typical day.
def r1(a: float) -> bool:
    return 20 <= a <= 110

# A vehicle operates for a B param between 2 and 10 in a typical day.
def r2(b: float) -> bool:
    return 2 <= b <= 10

# A vehicle operates with C param between 0.2 and 5 in a typical day.
def r3(c: float) -> bool:
    return 0.2 <= c <= 5

# A vehicle remains D param between 1 and 5 in a typical day.
def r4(d: float) -> bool:
    return 1 <= d <= 5


Input text:
Textual context: The load on axle 1 must not surpass the load on axle 3.
Axle 2's load must always be equal to or greater than the payload.
The combined time for PTO operation, idle time, and driving time must not surpass the total operation time.";"
# The load on axle 1 must not surpass the load on axle 3.
def r1(axle1: float, axle3: float) -> bool:
    return axle1 <= axle3

# Axle 2's load must always be equal to or greater than the payload.
def r2(axle2: float, payload: float) -> bool:
    return axle2 >= payload

# The combined time for PTO operation, idle time, and driving time must not surpass the total operation time.
def r3(pto_time: float, idle_time: float, driving_time: float, total_operation_time: float) -> bool:
    return pto_time + idle_time + driving_time <= total_operation_time"
"System Message:
You are a logician with a background in mathematics that translates natural language
reasoning text to Python3 code so that these natural language reasoning problems can be solved.
During the translation, please pay close attention to defining variables and rules.
Do not add any comments from you.
Be guided by the following example:
Example input text:
Textual context: A vehicle operates over a A param between 20 and 110 in a typical day.
A vehicle operates for a B param between 2 and 10 in a typical day.
A vehicle operates with C param between 0.2 and 5 in a typical day.
A vehicle remains D param between 1 and 5 in a typical day.

Example Python3 code:
# A vehicle operates over a A param between 20 and 110 in a typical day.
def r1(a: float) -> bool:
    return 20 <= a <= 110

# A vehicle operates for a B param between 2 and 10 in a typical day.
def r2(b: float) -> bool:
    return 2 <= b <= 10

# A vehicle operates with C param between 0.2 and 5 in a typical day.
def r3(c: float) -> bool:
    return 0.2 <= c <= 5

# A vehicle remains D param between 1 and 5 in a typical day.
def r4(d: float) -> bool:
    return 1 <= d <= 5


Input text:
Textual context: The total operation duration must not be lower than the idle time.
The weight on axle 1 cannot surpass the weight on axle 2.
Axle 2's load must always be equal to or greater than the payload.";"
# The total operation duration must not be lower than the idle time.
def r1(operation_duration: float, idle_time: float) -> bool:
    return operation_duration >= idle_time

# The weight on axle 1 cannot surpass the weight on axle 2.
def r2(weight_axle1: float, weight_axle2: float) -> bool:
    return weight_axle1 <= weight_axle2

# Axle 2's load must always be equal to or greater than the payload.
def r3(load_axle2: float, payload: float) -> bool:
    return load_axle2 >= payload"
"System Message:
You are a logician with a background in mathematics that translates natural language
reasoning text to Python3 code so that these natural language reasoning problems can be solved.
During the translation, please pay close attention to defining variables and rules.
Do not add any comments from you.
Be guided by the following example:
Example input text:
Textual context: A vehicle operates over a A param between 20 and 110 in a typical day.
A vehicle operates for a B param between 2 and 10 in a typical day.
A vehicle operates with C param between 0.2 and 5 in a typical day.
A vehicle remains D param between 1 and 5 in a typical day.

Example Python3 code:
# A vehicle operates over a A param between 20 and 110 in a typical day.
def r1(a: float) -> bool:
    return 20 <= a <= 110

# A vehicle operates for a B param between 2 and 10 in a typical day.
def r2(b: float) -> bool:
    return 2 <= b <= 10

# A vehicle operates with C param between 0.2 and 5 in a typical day.
def r3(c: float) -> bool:
    return 0.2 <= c <= 5

# A vehicle remains D param between 1 and 5 in a typical day.
def r4(d: float) -> bool:
    return 1 <= d <= 5


Input text:
Textual context: PTO operation time should be less than or equal to the total operation time.
Total operation time shouldn’t be lower than idle time.
The number of stops where PTO is engaged must not exceed the overall stop count.
The weight on axle 1 cannot surpass the weight on axle 2.";"
def pto_operation_time_less_than_or_equal_to_total_operation_time(pto_time: float, total_time: float) -> bool:
    return pto_time <= total_time

def total_operation_time_not_lower_than_idle_time(total_time: float, idle_time: float) -> bool:
    return total_time >= idle_time

def number_of_stops_where_pto_is_engaged_not_exceed_overall_stop_count(pto_stops: int, total_stops: int) -> bool:
    return pto_stops <= total_stops

def weight_on_axle_1_not_surpass_weight_on_axle_2(weight_axle_1: float, weight_axle_2: float) -> bool:
    return weight_axle_1 <= weight_axle_2"
"System Message:
You are a logician with a background in mathematics that translates natural language
reasoning text to Python3 code so that these natural language reasoning problems can be solved.
During the translation, please pay close attention to defining variables and rules.
Do not add any comments from you.
Be guided by the following example:
Example input text:
Textual context: A vehicle operates over a A param between 20 and 110 in a typical day.
A vehicle operates for a B param between 2 and 10 in a typical day.
A vehicle operates with C param between 0.2 and 5 in a typical day.
A vehicle remains D param between 1 and 5 in a typical day.

Example Python3 code:
# A vehicle operates over a A param between 20 and 110 in a typical day.
def r1(a: float) -> bool:
    return 20 <= a <= 110

# A vehicle operates for a B param between 2 and 10 in a typical day.
def r2(b: float) -> bool:
    return 2 <= b <= 10

# A vehicle operates with C param between 0.2 and 5 in a typical day.
def r3(c: float) -> bool:
    return 0.2 <= c <= 5

# A vehicle remains D param between 1 and 5 in a typical day.
def r4(d: float) -> bool:
    return 1 <= d <= 5


Input text:
Textual context: Idle time must always be less than or equal to the total operation time.
Driving time must always be less than or equal to the total operation time.
The load supported by axle 1 cannot exceed that of axle 2.
The payload must not exceed the load carried by axle 2.";"
# Idle time must always be less than or equal to the total operation time.
def r1(idle_time: float, total_operation_time: float) -> bool:
    return idle_time <= total_operation_time

# Driving time must always be less than or equal to the total operation time.
def r2(driving_time: float, total_operation_time: float) -> bool:
    return driving_time <= total_operation_time

# The load supported by axle 1 cannot exceed that of axle 2.
def r3(load_axle1: float, load_axle2: float) -> bool:
    return load_axle1 <= load_axle2

# The payload must not exceed the load carried by axle 2.
def r4(payload: float, load_axle2: float) -> bool:
    return payload <= load_axle2"
"System Message:
You are a logician with a background in mathematics that translates natural language
reasoning text to Python3 code so that these natural language reasoning problems can be solved.
During the translation, please pay close attention to defining variables and rules.
Do not add any comments from you.
Be guided by the following example:
Example input text:
Textual context: A vehicle operates over a A param between 20 and 110 in a typical day.
A vehicle operates for a B param between 2 and 10 in a typical day.
A vehicle operates with C param between 0.2 and 5 in a typical day.
A vehicle remains D param between 1 and 5 in a typical day.

Example Python3 code:
# A vehicle operates over a A param between 20 and 110 in a typical day.
def r1(a: float) -> bool:
    return 20 <= a <= 110

# A vehicle operates for a B param between 2 and 10 in a typical day.
def r2(b: float) -> bool:
    return 2 <= b <= 10

# A vehicle operates with C param between 0.2 and 5 in a typical day.
def r3(c: float) -> bool:
    return 0.2 <= c <= 5

# A vehicle remains D param between 1 and 5 in a typical day.
def r4(d: float) -> bool:
    return 1 <= d <= 5


Input text:
Textual context: Driving time should be less than or equal to the total operation time.
The total stop count must not be lower than the count of stops where PTO is engaged.
The load carried by axle 1 must be smaller than or equal to the load on axle 2.";"
# Driving time should be less than or equal to the total operation time.
def r1(driving_time: float, total_operation_time: float) -> bool:
    return driving_time <= total_operation_time

# The total stop count must not be lower than the count of stops where PTO is engaged.
def r2(total_stop_count: int, stops_with_pto: int) -> bool:
    return total_stop_count >= stops_with_pto

# The load carried by axle 1 must be smaller than or equal to the load on axle 2.
def r3(load_axle_1: float, load_axle_2: float) -> bool:
    return load_axle_1 <= load_axle_2"
"System Message:
You are a logician with a background in mathematics that translates natural language
reasoning text to Python3 code so that these natural language reasoning problems can be solved.
During the translation, please pay close attention to defining variables and rules.
Do not add any comments from you.
Be guided by the following example:
Example input text:
Textual context: A vehicle operates over a A param between 20 and 110 in a typical day.
A vehicle operates for a B param between 2 and 10 in a typical day.
A vehicle operates with C param between 0.2 and 5 in a typical day.
A vehicle remains D param between 1 and 5 in a typical day.
A vehicle spends E param between 1 and 5 in a typical day.

Example Python3 code:
# A vehicle operates over a A param between 20 and 110 in a typical day.
def r1(a: float) -> bool:
    return 20 <= a <= 110

# A vehicle operates for a B param between 2 and 10 in a typical day.
def r2(b: float) -> bool:
    return 2 <= b <= 10

# A vehicle operates with C param between 0.2 and 5 in a typical day.
def r3(c: float) -> bool:
    return 0.2 <= c <= 5

# A vehicle remains D param between 1 and 5 in a typical day.
def r4(d: float) -> bool:
    return 1 <= d <= 5

# A vehicle spends E param between 1 and 5 in a typical day.
def r5(e: float) -> bool:
    return 1 <= e <= 5


Input text:
Textual context: Idle time cannot be greater than the total operation time.
Driving time must always be less than or equal to the total operation time.
Stops with PTO engaged cannot outnumber the total stops.
Axle 2's load must always be equal to or greater than the payload.
The combined time for PTO operation, idle time, and driving time must not surpass the total operation time.";"
# Idle time cannot be greater than the total operation time.
def r6(idle_time: float, total_operation_time: float) -> bool:
    return idle_time <= total_operation_time

# Driving time must always be less than or equal to the total operation time.
def r7(driving_time: float, total_operation_time: float) -> bool:
    return driving_time <= total_operation_time

# Stops with PTO engaged cannot outnumber the total stops.
def r8(pto_stops: int, total_stops: int) -> bool:
    return pto_stops <= total_stops

# Axle 2's load must always be equal to or greater than the payload.
def r9(axle2_load: float, payload: float) -> bool:
    return axle2_load >= payload

# The combined time for PTO operation, idle time, and driving time must not surpass the total operation time.
def r10(pto_time: float, idle_time: float, driving_time: float, total_operation_time: float) -> bool:
    return pto_time + idle_time + driving_time <= total_operation_time"
"System Message:
You are a logician with a background in mathematics that translates natural language
reasoning text to Python3 code so that these natural language reasoning problems can be solved.
During the translation, please pay close attention to defining variables and rules.
Do not add any comments from you.
Be guided by the following example:
Example input text:
Textual context: A vehicle operates over a A param between 20 and 110 in a typical day.
A vehicle operates for a B param between 2 and 10 in a typical day.
A vehicle operates with C param between 0.2 and 5 in a typical day.
A vehicle remains D param between 1 and 5 in a typical day.
A vehicle spends E param between 1 and 5 in a typical day.

Example Python3 code:
# A vehicle operates over a A param between 20 and 110 in a typical day.
def r1(a: float) -> bool:
    return 20 <= a <= 110

# A vehicle operates for a B param between 2 and 10 in a typical day.
def r2(b: float) -> bool:
    return 2 <= b <= 10

# A vehicle operates with C param between 0.2 and 5 in a typical day.
def r3(c: float) -> bool:
    return 0.2 <= c <= 5

# A vehicle remains D param between 1 and 5 in a typical day.
def r4(d: float) -> bool:
    return 1 <= d <= 5

# A vehicle spends E param between 1 and 5 in a typical day.
def r5(e: float) -> bool:
    return 1 <= e <= 5


Input text:
Textual context: The total operation duration must not be lower than the PTO operation time.
Driving time must always be less than or equal to the total operation time.
The payload cannot exceed the capacity of axle 3.
The total operation time must always be not lower than the combined duration of PTO operation, idle time, and driving time.";"
# The total operation duration must not be lower than the PTO operation time.
def r6(pto_time: float, total_time: float) -> bool:
    return total_time >= pto_time

# Driving time must always be less than or equal to the total operation time.
def r7(driving_time: float, total_time: float) -> bool:
    return driving_time <= total_time

# The payload cannot exceed the capacity of axle 3.
def r8(payload: float, axle_capacity: float) -> bool:
    return payload <= axle_capacity

# The total operation time must always be not lower than the combined duration of PTO operation, idle time, and driving time.
def r9(pto_time: float, idle_time: float, driving_time: float, total_time: float) -> bool:
    return total_time >= pto_time + idle_time + driving_time"
"System Message:
You are a logician with a background in mathematics that translates natural language
reasoning text to Python3 code so that these natural language reasoning problems can be solved.
During the translation, please pay close attention to defining variables and rules.
Do not add any comments from you.
Be guided by the following example:
Example input text:
Textual context: A vehicle operates over a A param between 20 and 110 in a typical day.
A vehicle operates for a B param between 2 and 10 in a typical day.
A vehicle operates with C param between 0.2 and 5 in a typical day.
A vehicle remains D param between 1 and 5 in a typical day.
A vehicle spends E param between 1 and 5 in a typical day.

Example Python3 code:
# A vehicle operates over a A param between 20 and 110 in a typical day.
def r1(a: float) -> bool:
    return 20 <= a <= 110

# A vehicle operates for a B param between 2 and 10 in a typical day.
def r2(b: float) -> bool:
    return 2 <= b <= 10

# A vehicle operates with C param between 0.2 and 5 in a typical day.
def r3(c: float) -> bool:
    return 0.2 <= c <= 5

# A vehicle remains D param between 1 and 5 in a typical day.
def r4(d: float) -> bool:
    return 1 <= d <= 5

# A vehicle spends E param between 1 and 5 in a typical day.
def r5(e: float) -> bool:
    return 1 <= e <= 5


Input text:
Textual context: Total operation time shouldn’t be lower than PTO operation time.
Stops with PTO engaged should never outnumber total stops.
The weight on axle 1 cannot surpass the weight on axle 3.
Axle 2's load must always be equal to or greater than the payload.
Payload must remain below or equal to the load carried by axle 3.";"
# Total operation time shouldn't be lower than PTO operation time.
def r6(pto_time: float, total_time: float) -> bool:
    return pto_time <= total_time

# Stops with PTO engaged should never outnumber total stops.
def r7(pto_stops: int, total_stops: int) -> bool:
    return pto_stops <= total_stops

# The weight on axle 1 cannot surpass the weight on axle 3.
def r8(axle1_weight: float, axle3_weight: float) -> bool:
    return axle1_weight <= axle3_weight

# Axle 2's load must always be equal to or greater than the payload.
def r9(axle2_load: float, payload: float) -> bool:
    return axle2_load >= payload

# Payload must remain below or equal to the load carried by axle 3.
def r10(payload: float, axle3_load: float) -> bool:
    return payload <= axle3_load"
"System Message:
You are a logician with a background in mathematics that translates natural language
reasoning text to Python3 code so that these natural language reasoning problems can be solved.
During the translation, please pay close attention to defining variables and rules.
Do not add any comments from you.
Be guided by the following example:
Example input text:
Textual context: A vehicle operates over a A param between 20 and 110 in a typical day.
A vehicle operates for a B param between 2 and 10 in a typical day.
A vehicle operates with C param between 0.2 and 5 in a typical day.
A vehicle remains D param between 1 and 5 in a typical day.
A vehicle spends E param between 1 and 5 in a typical day.

Example Python3 code:
# A vehicle operates over a A param between 20 and 110 in a typical day.
def r1(a: float) -> bool:
    return 20 <= a <= 110

# A vehicle operates for a B param between 2 and 10 in a typical day.
def r2(b: float) -> bool:
    return 2 <= b <= 10

# A vehicle operates with C param between 0.2 and 5 in a typical day.
def r3(c: float) -> bool:
    return 0.2 <= c <= 5

# A vehicle remains D param between 1 and 5 in a typical day.
def r4(d: float) -> bool:
    return 1 <= d <= 5

# A vehicle spends E param between 1 and 5 in a typical day.
def r5(e: float) -> bool:
    return 1 <= e <= 5


Input text:
Textual context: Driving time should be less than or equal to the total operation time.
The number of stops where PTO is engaged must not exceed the overall stop count.
The payload must not exceed the load carried by axle 3.";"
# Driving time should be less than or equal to the total operation time.
def r6(driving_time: float, total_operation_time: float) -> bool:
    return driving_time <= total_operation_time

# The number of stops where PTO is engaged must not exceed the overall stop count.
def r7(pto_stops: int, total_stop_count: int) -> bool:
    return pto_stops <= total_stop_count

# The payload must not exceed the load carried by axle 3.
def r8(payload: float, load_axle_3: float) -> bool:
    return payload <= load_axle_3"
"System Message:
You are a logician with a background in mathematics that translates natural language
reasoning text to Python3 code so that these natural language reasoning problems can be solved.
During the translation, please pay close attention to defining variables and rules.
Do not add any comments from you.
Be guided by the following example:
Example input text:
Textual context: A vehicle operates over a A param between 20 and 110 in a typical day.
A vehicle operates for a B param between 2 and 10 in a typical day.
A vehicle operates with C param between 0.2 and 5 in a typical day.
A vehicle remains D param between 1 and 5 in a typical day.
A vehicle spends E param between 1 and 5 in a typical day.

Example Python3 code:
# A vehicle operates over a A param between 20 and 110 in a typical day.
def r1(a: float) -> bool:
    return 20 <= a <= 110

# A vehicle operates for a B param between 2 and 10 in a typical day.
def r2(b: float) -> bool:
    return 2 <= b <= 10

# A vehicle operates with C param between 0.2 and 5 in a typical day.
def r3(c: float) -> bool:
    return 0.2 <= c <= 5

# A vehicle remains D param between 1 and 5 in a typical day.
def r4(d: float) -> bool:
    return 1 <= d <= 5

# A vehicle spends E param between 1 and 5 in a typical day.
def r5(e: float) -> bool:
    return 1 <= e <= 5


Input text:
Textual context: Idle time must always be less than or equal to the total operation time.
Driving time must always be less than or equal to the total operation time.
Stops with PTO engaged cannot outnumber the total stops.
The weight on axle 1 cannot surpass the weight on axle 2.
The payload cannot exceed the capacity of axle 2.";"
# Idle time must always be less than or equal to the total operation time.
def r6(idle_time: float, total_operation_time: float) -> bool:
    return idle_time <= total_operation_time

# Driving time must always be less than or equal to the total operation time.
def r7(driving_time: float, total_operation_time: float) -> bool:
    return driving_time <= total_operation_time

# Stops with PTO engaged cannot outnumber the total stops.
def r8(pto_stops: int, total_stops: int) -> bool:
    return pto_stops <= total_stops

# The weight on axle 1 cannot surpass the weight on axle 2.
def r9(weight_axle1: float, weight_axle2: float) -> bool:
    return weight_axle1 <= weight_axle2

# The payload cannot exceed the capacity of axle 2.
def r10(payload: float, capacity_axle2: float) -> bool:
    return payload <= capacity_axle2"
"System Message:
You are a logician with a background in mathematics that translates natural language
reasoning text to Python3 code so that these natural language reasoning problems can be solved.
During the translation, please pay close attention to defining variables and rules.
Do not add any comments from you.
Be guided by the following example:
Example input text:
Textual context: A vehicle operates over a A param between 20 and 110 in a typical day.
A vehicle operates for a B param between 2 and 10 in a typical day.
A vehicle operates with C param between 0.2 and 5 in a typical day.
A vehicle remains D param between 1 and 5 in a typical day.
A vehicle spends E param between 1 and 5 in a typical day.

Example Python3 code:
# A vehicle operates over a A param between 20 and 110 in a typical day.
def r1(a: float) -> bool:
    return 20 <= a <= 110

# A vehicle operates for a B param between 2 and 10 in a typical day.
def r2(b: float) -> bool:
    return 2 <= b <= 10

# A vehicle operates with C param between 0.2 and 5 in a typical day.
def r3(c: float) -> bool:
    return 0.2 <= c <= 5

# A vehicle remains D param between 1 and 5 in a typical day.
def r4(d: float) -> bool:
    return 1 <= d <= 5

# A vehicle spends E param between 1 and 5 in a typical day.
def r5(e: float) -> bool:
    return 1 <= e <= 5


Input text:
Textual context: PTO operation time must be less than or equal to the total operation time.
Idle time must always be less than or equal to the total operation time.
Total operation time should shouldn’t be lower than driving time.
The payload must not exceed the load carried by axle 2.";"
# PTO operation time must be less than or equal to the total operation time.
def r1(pto_time: float, total_time: float) -> bool:
    return pto_time <= total_time

# Idle time must always be less than or equal to the total operation time.
def r2(idle_time: float, total_time: float) -> bool:
    return idle_time <= total_time

# Total operation time should shouldn't be lower than driving time.
def r3(total_time: float, driving_time: float) -> bool:
    return total_time >= driving_time

# The payload must not exceed the load carried by axle 2.
def r4(payload: float, load_axle2: float) -> bool:
    return payload <= load_axle2"
"System Message:
You are a logician with a background in mathematics that translates natural language
reasoning text to Python3 code so that these natural language reasoning problems can be solved.
During the translation, please pay close attention to defining variables and rules.
Do not add any comments from you.
Be guided by the following example:
Example input text:
Textual context: A vehicle operates over a A param between 20 and 110 in a typical day.
A vehicle operates for a B param between 2 and 10 in a typical day.
A vehicle operates with C param between 0.2 and 5 in a typical day.
A vehicle remains D param between 1 and 5 in a typical day.
A vehicle spends E param between 1 and 5 in a typical day.

Example Python3 code:
# A vehicle operates over a A param between 20 and 110 in a typical day.
def r1(a: float) -> bool:
    return 20 <= a <= 110

# A vehicle operates for a B param between 2 and 10 in a typical day.
def r2(b: float) -> bool:
    return 2 <= b <= 10

# A vehicle operates with C param between 0.2 and 5 in a typical day.
def r3(c: float) -> bool:
    return 0.2 <= c <= 5

# A vehicle remains D param between 1 and 5 in a typical day.
def r4(d: float) -> bool:
    return 1 <= d <= 5

# A vehicle spends E param between 1 and 5 in a typical day.
def r5(e: float) -> bool:
    return 1 <= e <= 5


Input text:
Textual context: Total operation time shouldn’t be lower than PTO operation time.
The total operation durationmust not be lower than the driving time.
The load carried by axle 1 must be smaller than or equal to the load on axle 3.";"
def r1(pto_time: float, total_time: float) -> bool:
    return total_time >= pto_time

def r2(total_time: float, drive_time: float) -> bool:
    return total_time >= drive_time

def r3(axle1_load: float, axle3_load: float) -> bool:
    return axle1_load <= axle3_load"
"System Message:
You are a logician with a background in mathematics that translates natural language
reasoning text to Python3 code so that these natural language reasoning problems can be solved.
During the translation, please pay close attention to defining variables and rules.
Do not add any comments from you.
Be guided by the following example:
Example input text:
Textual context: A vehicle operates over a A param between 20 and 110 in a typical day.
A vehicle operates for a B param between 2 and 10 in a typical day.
A vehicle operates with C param between 0.2 and 5 in a typical day.
A vehicle remains D param between 1 and 5 in a typical day.
A vehicle spends E param between 1 and 5 in a typical day.

Example Python3 code:
# A vehicle operates over a A param between 20 and 110 in a typical day.
def r1(a: float) -> bool:
    return 20 <= a <= 110

# A vehicle operates for a B param between 2 and 10 in a typical day.
def r2(b: float) -> bool:
    return 2 <= b <= 10

# A vehicle operates with C param between 0.2 and 5 in a typical day.
def r3(c: float) -> bool:
    return 0.2 <= c <= 5

# A vehicle remains D param between 1 and 5 in a typical day.
def r4(d: float) -> bool:
    return 1 <= d <= 5

# A vehicle spends E param between 1 and 5 in a typical day.
def r5(e: float) -> bool:
    return 1 <= e <= 5


Input text:
Textual context: PTO operation time should be less than or equal to the total operation time.
Driving time cannot be greater than the total operation time.
The combined time for PTO operation, idle time, and driving time must not surpass the total operation time.";"
# PTO operation time should be less than or equal to the total operation time.
def r1(pto_time: float, total_time: float) -> bool:
    return pto_time <= total_time

# Driving time cannot be greater than the total operation time.
def r2(driving_time: float, total_time: float) -> bool:
    return driving_time <= total_time

# The combined time for PTO operation, idle time, and driving time must not surpass the total operation time.
def r3(pto_time: float, idle_time: float, driving_time: float, total_time: float) -> bool:
    return pto_time + idle_time + driving_time <= total_time"
"System Message:
You are a logician with a background in mathematics that translates natural language
reasoning text to Python3 code so that these natural language reasoning problems can be solved.
During the translation, please pay close attention to defining variables and rules.
Do not add any comments from you.
Be guided by the following example:
Example input text:
Textual context: A vehicle operates over a A param between 20 and 110 in a typical day.
A vehicle operates for a B param between 2 and 10 in a typical day.
A vehicle operates with C param between 0.2 and 5 in a typical day.
A vehicle remains D param between 1 and 5 in a typical day.

Example Python3 code:
# A vehicle operates over a A param between 20 and 110 in a typical day.
def r1(a: float) -> bool:
    return 20 <= a <= 110

# A vehicle operates for a B param between 2 and 10 in a typical day.
def r2(b: float) -> bool:
    return 2 <= b <= 10

# A vehicle operates with C param between 0.2 and 5 in a typical day.
def r3(c: float) -> bool:
    return 0.2 <= c <= 5

# A vehicle remains D param between 1 and 5 in a typical day.
def r4(d: float) -> bool:
    return 1 <= d <= 5


Input text:
Textual context: PTO operation time cannot be greater than the total operation time.
Axle 1's load cannot exceed Axle 2's load.
The weight on axle 1 cannot surpass the weight on axle 3.
Total operation time must be greater than or equal to the sum of PTO operation, idle, and driving times.";"
# PTO operation time cannot be greater than the total operation time.
def r1(pto_time: float, total_time: float) -> bool:
    return pto_time <= total_time

# Axle 1's load cannot exceed Axle 2's load.
def r2(axle1_load: float, axle2_load: float) -> bool:
    return axle1_load <= axle2_load

# The weight on axle 1 cannot surpass the weight on axle 3.
def r3(axle1_weight: float, axle3_weight: float) -> bool:
    return axle1_weight <= axle3_weight

# Total operation time must be greater than or equal to the sum of PTO operation, idle, and driving times.
def r4(total_time: float, pto_time: float, idle_time: float, driving_time: float) -> bool:
    return total_time >= (pto_time + idle_time + driving_time)"
"System Message:
You are a logician with a background in mathematics that translates natural language
reasoning text to Python3 code so that these natural language reasoning problems can be solved.
During the translation, please pay close attention to defining variables and rules.
Do not add any comments from you.
Be guided by the following example:
Example input text:
Textual context: A vehicle operates over a A param between 20 and 110 in a typical day.
A vehicle operates for a B param between 2 and 10 in a typical day.
A vehicle operates with C param between 0.2 and 5 in a typical day.
A vehicle remains D param between 1 and 5 in a typical day.

Example Python3 code:
# A vehicle operates over a A param between 20 and 110 in a typical day.
def r1(a: float) -> bool:
    return 20 <= a <= 110

# A vehicle operates for a B param between 2 and 10 in a typical day.
def r2(b: float) -> bool:
    return 2 <= b <= 10

# A vehicle operates with C param between 0.2 and 5 in a typical day.
def r3(c: float) -> bool:
    return 0.2 <= c <= 5

# A vehicle remains D param between 1 and 5 in a typical day.
def r4(d: float) -> bool:
    return 1 <= d <= 5


Input text:
Textual context: Idle time must always be less than or equal to the total operation time.
Driving time should be less than or equal to the total operation time.
Axle 1's load cannot exceed Axle 3's load.
The combined time for PTO operation, idle time, and driving time must not surpass the total operation time.";"
# Idle time must always be less than or equal to the total operation time.
def r1(idle_time: float, total_operation_time: float) -> bool:
    return idle_time <= total_operation_time

# Driving time should be less than or equal to the total operation time.
def r2(driving_time: float, total_operation_time: float) -> bool:
    return driving_time <= total_operation_time

# Axle 1's load cannot exceed Axle 3's load.
def r3(axle1_load: float, axle3_load: float) -> bool:
    return axle1_load <= axle3_load

# The combined time for PTO operation, idle time, and driving time must not surpass the total operation time.
def r4(pto_time: float, idle_time: float, driving_time: float, total_operation_time: float) -> bool:
    return pto_time + idle_time + driving_time <= total_operation_time"
"System Message:
You are a logician with a background in mathematics that translates natural language
reasoning text to Python3 code so that these natural language reasoning problems can be solved.
During the translation, please pay close attention to defining variables and rules.
Do not add any comments from you.
Be guided by the following example:
Example input text:
Textual context: A vehicle operates over a A param between 20 and 110 in a typical day.
A vehicle operates for a B param between 2 and 10 in a typical day.
A vehicle operates with C param between 0.2 and 5 in a typical day.
A vehicle remains D param between 1 and 5 in a typical day.

Example Python3 code:
# A vehicle operates over a A param between 20 and 110 in a typical day.
def r1(a: float) -> bool:
    return 20 <= a <= 110

# A vehicle operates for a B param between 2 and 10 in a typical day.
def r2(b: float) -> bool:
    return 2 <= b <= 10

# A vehicle operates with C param between 0.2 and 5 in a typical day.
def r3(c: float) -> bool:
    return 0.2 <= c <= 5

# A vehicle remains D param between 1 and 5 in a typical day.
def r4(d: float) -> bool:
    return 1 <= d <= 5


Input text:
Textual context: The total operation duration must not be lower than the PTO operation time.
Total operation time should shouldn’t be lower than driving time.
Stops with PTO engaged should never outnumber total stops.
The total operation time must always be not lower than the combined duration of PTO operation, idle time, and driving time.";"
# The total operation duration must not be lower than the PTO operation time.
def r1(pto_time: float, total_time: float) -> bool:
    return pto_time <= total_time

# Total operation time should shouldn’t be lower than driving time.
def r2(driving_time: float, total_time: float) -> bool:
    return driving_time <= total_time

# Stops with PTO engaged should never outnumber total stops.
def r3(pto_stops: int, total_stops: int) -> bool:
    return pto_stops <= total_stops

# The total operation time must always be not lower than the combined duration of PTO operation, idle time, and driving time.
def r4(pto_time: float, idle_time: float, driving_time: float, total_time: float) -> bool:
    return total_time >= (pto_time + idle_time + driving_time)"
"System Message:
You are a logician with a background in mathematics that translates natural language
reasoning text to Python3 code so that these natural language reasoning problems can be solved.
During the translation, please pay close attention to defining variables and rules.
Do not add any comments from you.
Be guided by the following example:
Example input text:
Textual context: A vehicle operates over a A param between 20 and 110 in a typical day.
A vehicle operates for a B param between 2 and 10 in a typical day.
A vehicle operates with C param between 0.2 and 5 in a typical day.
A vehicle remains D param between 1 and 5 in a typical day.
A vehicle spends E param between 1 and 5 in a typical day.

Example Python3 code:
# A vehicle operates over a A param between 20 and 110 in a typical day.
def r1(a: float) -> bool:
    return 20 <= a <= 110

# A vehicle operates for a B param between 2 and 10 in a typical day.
def r2(b: float) -> bool:
    return 2 <= b <= 10

# A vehicle operates with C param between 0.2 and 5 in a typical day.
def r3(c: float) -> bool:
    return 0.2 <= c <= 5

# A vehicle remains D param between 1 and 5 in a typical day.
def r4(d: float) -> bool:
    return 1 <= d <= 5

# A vehicle spends E param between 1 and 5 in a typical day.
def r5(e: float) -> bool:
    return 1 <= e <= 5


Input text:
Textual context: Total operation time shouldn’t be lower than PTO operation time.
Total operation time shouldn’t be lower than idle time.
Driving time must always be less than or equal to the total operation time.
The number of stops where PTO is engaged must not exceed the overall stop count.
Total operation time should be at least the sum of PTO, idle, and driving times.";"
# Total operation time shouldn't be lower than PTO operation time.
def r6(pto_time: float) -> bool:
    return pto_time >= 0

# Total operation time shouldn't be lower than idle time.
def r7(idle_time: float) -> bool:
    return idle_time >= 0

# Driving time must always be less than or equal to the total operation time.
def r8(driving_time: float, total_time: float) -> bool:
    return driving_time <= total_time

# The number of stops where PTO is engaged must not exceed the overall stop count.
def r9(pto_stops: int, total_stops: int) -> bool:
    return pto_stops <= total_stops

# Total operation time should be at least the sum of PTO, idle, and driving times.
def r10(pto_time: float, idle_time: float, driving_time: float) -> bool:
    return pto_time + idle_time + driving_time >= total_time"
"System Message:
You are a logician with a background in mathematics that translates natural language
reasoning text to Python3 code so that these natural language reasoning problems can be solved.
During the translation, please pay close attention to defining variables and rules.
Do not add any comments from you.
Be guided by the following example:
Example input text:
Textual context: A vehicle operates over a A param between 20 and 110 in a typical day.
A vehicle operates for a B param between 2 and 10 in a typical day.
A vehicle operates with C param between 0.2 and 5 in a typical day.
A vehicle remains D param between 1 and 5 in a typical day.
A vehicle spends E param between 1 and 5 in a typical day.
A vehicle makes between 20 and 300 F param in a typical day.

Example Python3 code:
# A vehicle operates over a A param between 20 and 110 in a typical day.
def r1(a: float) -> bool:
    return 20 <= a <= 110

# A vehicle operates for a B param between 2 and 10 in a typical day.
def r2(b: float) -> bool:
    return 2 <= b <= 10

# A vehicle operates with C param between 0.2 and 5 in a typical day.
def r3(c: float) -> bool:
    return 0.2 <= c <= 5

# A vehicle remains D param between 1 and 5 in a typical day.
def r4(d: float) -> bool:
    return 1 <= d <= 5

# A vehicle spends E param between 1 and 5 in a typical day.
def r5(e: float) -> bool:
    return 1 <= e <= 5

# A vehicle makes between 20 and 300 F param in a typical day.
def r6(f: float) -> bool:
    return 20 <= f <= 300


Input text:
Textual context: Total operation time shouldn’t be lower than PTO operation time.
Idle time cannot be greater than the total operation time.
Axle 1's load cannot exceed Axle 2's load.
Axle 1's load cannot exceed Axle 3's load.
Axle 3's load must always be equal to or greater than the payload.
The total operation duration must always be greater than or equal to the combined time for PTO, idle, and driving.";"
def pto_operation_time(pto_time: float) -> bool:
    return pto_time >= 0

def idle_time(total_operation_time: float, idle_time: float) -> bool:
    return idle_time <= total_operation_time

def axle_1_load(axle1_load: float, axle2_load: float) -> bool:
    return axle1_load <= axle2_load

def axle_1_load(axle1_load: float, axle3_load: float) -> bool:
    return axle1_load <= axle3_load

def axle_3_load(payload: float, axle3_load: float) -> bool:
    return axle3_load >= payload

def total_operation_duration(total_operation_time: float, pto_time: float, idle_time: float, driving_time: float) -> bool:
    return total_operation_time >= pto_time + idle_time + driving_time"
"System Message:
You are a logician with a background in mathematics that translates natural language
reasoning text to Python3 code so that these natural language reasoning problems can be solved.
During the translation, please pay close attention to defining variables and rules.
Do not add any comments from you.
Be guided by the following example:
Example input text:
Textual context: A vehicle operates over a A param between 20 and 110 in a typical day.
A vehicle operates for a B param between 2 and 10 in a typical day.
A vehicle operates with C param between 0.2 and 5 in a typical day.
A vehicle remains D param between 1 and 5 in a typical day.
A vehicle spends E param between 1 and 5 in a typical day.
A vehicle makes between 20 and 300 F param in a typical day.

Example Python3 code:
# A vehicle operates over a A param between 20 and 110 in a typical day.
def r1(a: float) -> bool:
    return 20 <= a <= 110

# A vehicle operates for a B param between 2 and 10 in a typical day.
def r2(b: float) -> bool:
    return 2 <= b <= 10

# A vehicle operates with C param between 0.2 and 5 in a typical day.
def r3(c: float) -> bool:
    return 0.2 <= c <= 5

# A vehicle remains D param between 1 and 5 in a typical day.
def r4(d: float) -> bool:
    return 1 <= d <= 5

# A vehicle spends E param between 1 and 5 in a typical day.
def r5(e: float) -> bool:
    return 1 <= e <= 5

# A vehicle makes between 20 and 300 F param in a typical day.
def r6(f: float) -> bool:
    return 20 <= f <= 300


Input text:
Textual context: PTO operation time must be less than or equal to the total operation time.
Total operation time shouldn’t be lower than idle time.
Driving time cannot be greater than the total operation time.
The payload must not exceed the load carried by axle 2.
The total operation duration must always be greater than or equal to the combined time for PTO, idle, and driving.";"
# PTO operation time must be less than or equal to the total operation time.
def r1(pto_time: float, total_time: float) -> bool:
    return pto_time <= total_time

# Total operation time shouldn't be lower than idle time.
def r2(total_time: float, idle_time: float) -> bool:
    return total_time >= idle_time

# Driving time cannot be greater than the total operation time.
def r3(driving_time: float, total_time: float) -> bool:
    return driving_time <= total_time

# The payload must not exceed the load carried by axle 2.
def r4(payload: float, load_axle2: float) -> bool:
    return payload <= load_axle2

# The total operation duration must always be greater than or equal to the combined time for PTO, idle, and driving.
def r5(pto_time: float, idle_time: float, driving_time: float) -> bool:
    return total_time >= (pto_time + idle_time + driving_time)"
"System Message:
You are a logician with a background in mathematics that translates natural language
reasoning text to Python3 code so that these natural language reasoning problems can be solved.
During the translation, please pay close attention to defining variables and rules.
Do not add any comments from you.
Be guided by the following example:
Example input text:
Textual context: A vehicle operates over a A param between 20 and 110 in a typical day.
A vehicle operates for a B param between 2 and 10 in a typical day.
A vehicle operates with C param between 0.2 and 5 in a typical day.
A vehicle remains D param between 1 and 5 in a typical day.
A vehicle spends E param between 1 and 5 in a typical day.
A vehicle makes between 20 and 300 F param in a typical day.

Example Python3 code:
# A vehicle operates over a A param between 20 and 110 in a typical day.
def r1(a: float) -> bool:
    return 20 <= a <= 110

# A vehicle operates for a B param between 2 and 10 in a typical day.
def r2(b: float) -> bool:
    return 2 <= b <= 10

# A vehicle operates with C param between 0.2 and 5 in a typical day.
def r3(c: float) -> bool:
    return 0.2 <= c <= 5

# A vehicle remains D param between 1 and 5 in a typical day.
def r4(d: float) -> bool:
    return 1 <= d <= 5

# A vehicle spends E param between 1 and 5 in a typical day.
def r5(e: float) -> bool:
    return 1 <= e <= 5

# A vehicle makes between 20 and 300 F param in a typical day.
def r6(f: float) -> bool:
    return 20 <= f <= 300


Input text:
Textual context: PTO operation time should be less than or equal to the total operation time.
Idle time must always be less than or equal to the total operation time.
Driving time should be less than or equal to the total operation time.
The payload must not exceed the load carried by axle 2.
Total operation time should be at least the sum of PTO, idle, and driving times.";"
# PTO operation time should be less than or equal to the total operation time.
def r1(pto_time: float, total_time: float) -> bool:
    return pto_time <= total_time

# Idle time must always be less than or equal to the total operation time.
def r2(idle_time: float, total_time: float) -> bool:
    return idle_time <= total_time

# Driving time should be less than or equal to the total operation time.
def r3(driving_time: float, total_time: float) -> bool:
    return driving_time <= total_time

# The payload must not exceed the load carried by axle 2.
def r4(payload: float, axle2_load: float) -> bool:
    return payload <= axle2_load

# Total operation time should be at least the sum of PTO, idle, and driving times.
def r5(pto_time: float, idle_time: float, driving_time: float, total_time: float) -> bool:
    return total_time >= (pto_time + idle_time + driving_time)"
"System Message:
You are a logician with a background in mathematics that translates natural language
reasoning text to Python3 code so that these natural language reasoning problems can be solved.
During the translation, please pay close attention to defining variables and rules.
Do not add any comments from you.
Be guided by the following example:
Example input text:
Textual context: A vehicle operates over a A param between 20 and 110 in a typical day.
A vehicle operates for a B param between 2 and 10 in a typical day.
A vehicle operates with C param between 0.2 and 5 in a typical day.
A vehicle remains D param between 1 and 5 in a typical day.
A vehicle spends E param between 1 and 5 in a typical day.
A vehicle makes between 20 and 300 F param in a typical day.

Example Python3 code:
# A vehicle operates over a A param between 20 and 110 in a typical day.
def r1(a: float) -> bool:
    return 20 <= a <= 110

# A vehicle operates for a B param between 2 and 10 in a typical day.
def r2(b: float) -> bool:
    return 2 <= b <= 10

# A vehicle operates with C param between 0.2 and 5 in a typical day.
def r3(c: float) -> bool:
    return 0.2 <= c <= 5

# A vehicle remains D param between 1 and 5 in a typical day.
def r4(d: float) -> bool:
    return 1 <= d <= 5

# A vehicle spends E param between 1 and 5 in a typical day.
def r5(e: float) -> bool:
    return 1 <= e <= 5

# A vehicle makes between 20 and 300 F param in a typical day.
def r6(f: float) -> bool:
    return 20 <= f <= 300


Input text:
Textual context: The total operation duration must not be lower than the PTO operation time.
Idle time must always be less than or equal to the total operation time.
The weight on axle 1 cannot surpass the weight on axle 3.
The payload must always be smaller than or equal to the load on axle 3.";"
# The total operation duration must not be lower than the PTO operation time.
def r1(pto_time: float, total_time: float) -> bool:
    return total_time >= pto_time

# Idle time must always be less than or equal to the total operation time.
def r2(idle_time: float, total_time: float) -> bool:
    return idle_time <= total_time

# The weight on axle 1 cannot surpass the weight on axle 3.
def r3(axle1_weight: float, axle3_weight: float) -> bool:
    return axle1_weight <= axle3_weight

# The payload must always be smaller than or equal to the load on axle 3.
def r4(payload: float, axle3_load: float) -> bool:
    return payload <= axle3_load"
"System Message:
You are a logician with a background in mathematics that translates natural language
reasoning text to Python3 code so that these natural language reasoning problems can be solved.
During the translation, please pay close attention to defining variables and rules.
Do not add any comments from you.
Be guided by the following example:
Example input text:
Textual context: A vehicle operates over a A param between 20 and 110 in a typical day.
A vehicle operates for a B param between 2 and 10 in a typical day.
A vehicle operates with C param between 0.2 and 5 in a typical day.
A vehicle remains D param between 1 and 5 in a typical day.
A vehicle spends E param between 1 and 5 in a typical day.

Example Python3 code:
# A vehicle operates over a A param between 20 and 110 in a typical day.
def r1(a: float) -> bool:
    return 20 <= a <= 110

# A vehicle operates for a B param between 2 and 10 in a typical day.
def r2(b: float) -> bool:
    return 2 <= b <= 10

# A vehicle operates with C param between 0.2 and 5 in a typical day.
def r3(c: float) -> bool:
    return 0.2 <= c <= 5

# A vehicle remains D param between 1 and 5 in a typical day.
def r4(d: float) -> bool:
    return 1 <= d <= 5

# A vehicle spends E param between 1 and 5 in a typical day.
def r5(e: float) -> bool:
    return 1 <= e <= 5


Input text:
Textual context: Idle time cannot be greater than the total operation time.
Stops with PTO engaged should never outnumber total stops.
Axle 1's load cannot exceed Axle 3's load.
The payload must not exceed the load carried by axle 3.
The combined time for PTO operation, idle time, and driving time must not surpass the total operation time.";"
def r6(idle_time: float, total_operation_time: float) -> bool:
    return idle_time <= total_operation_time

def r7(pto_stops: int, total_stops: int) -> bool:
    return pto_stops <= total_stops

def r8(axle1_load: float, axle3_load: float) -> bool:
    return axle1_load <= axle3_load

def r9(payload: float, axle3_load: float) -> bool:
    return payload <= axle3_load

def r10(pto_time: float, idle_time: float, driving_time: float, total_operation_time: float) -> bool:
    return pto_time + idle_time + driving_time <= total_operation_time"
"System Message:
You are a logician with a background in mathematics that translates natural language
reasoning text to Python3 code so that these natural language reasoning problems can be solved.
During the translation, please pay close attention to defining variables and rules.
Do not add any comments from you.
Be guided by the following example:
Example input text:
Textual context: A vehicle operates over a A param between 20 and 110 in a typical day.
A vehicle operates for a B param between 2 and 10 in a typical day.
A vehicle operates with C param between 0.2 and 5 in a typical day.
A vehicle remains D param between 1 and 5 in a typical day.
A vehicle spends E param between 1 and 5 in a typical day.

Example Python3 code:
# A vehicle operates over a A param between 20 and 110 in a typical day.
def r1(a: float) -> bool:
    return 20 <= a <= 110

# A vehicle operates for a B param between 2 and 10 in a typical day.
def r2(b: float) -> bool:
    return 2 <= b <= 10

# A vehicle operates with C param between 0.2 and 5 in a typical day.
def r3(c: float) -> bool:
    return 0.2 <= c <= 5

# A vehicle remains D param between 1 and 5 in a typical day.
def r4(d: float) -> bool:
    return 1 <= d <= 5

# A vehicle spends E param between 1 and 5 in a typical day.
def r5(e: float) -> bool:
    return 1 <= e <= 5


Input text:
Textual context: PTO operation time cannot be greater than the total operation time.
The total operation durationmust not be lower than the driving time.
The payload cannot exceed the capacity of axle 2.
The payload must always be smaller than or equal to the load on axle 3.";"
# PTO operation time cannot be greater than the total operation time.
def r1(pto_time: float, total_time: float) -> bool:
    return pto_time <= total_time

# The total operation duration must not be lower than the driving time.
def r2(total_time: float, driving_time: float) -> bool:
    return total_time >= driving_time

# The payload cannot exceed the capacity of axle 2.
def r3(payload: float, axle_2_capacity: float) -> bool:
    return payload <= axle_2_capacity

# The payload must always be smaller than or equal to the load on axle 3.
def r4(payload: float, axle_3_load: float) -> bool:
    return payload <= axle_3_load"
"System Message:
You are a logician with a background in mathematics that translates natural language
reasoning text to Python3 code so that these natural language reasoning problems can be solved.
During the translation, please pay close attention to defining variables and rules.
Do not add any comments from you.
Be guided by the following example:
Example input text:
Textual context: A vehicle operates over a A param between 20 and 110 in a typical day.
A vehicle operates for a B param between 2 and 10 in a typical day.
A vehicle operates with C param between 0.2 and 5 in a typical day.
A vehicle remains D param between 1 and 5 in a typical day.
A vehicle spends E param between 1 and 5 in a typical day.

Example Python3 code:
# A vehicle operates over a A param between 20 and 110 in a typical day.
def r1(a: float) -> bool:
    return 20 <= a <= 110

# A vehicle operates for a B param between 2 and 10 in a typical day.
def r2(b: float) -> bool:
    return 2 <= b <= 10

# A vehicle operates with C param between 0.2 and 5 in a typical day.
def r3(c: float) -> bool:
    return 0.2 <= c <= 5

# A vehicle remains D param between 1 and 5 in a typical day.
def r4(d: float) -> bool:
    return 1 <= d <= 5

# A vehicle spends E param between 1 and 5 in a typical day.
def r5(e: float) -> bool:
    return 1 <= e <= 5


Input text:
Textual context: The total operation duration must not be lower than the PTO operation time.
Driving time must always be less than or equal to the total operation time.
Stops with PTO engaged should never outnumber total stops.
The load supported by axle 1 cannot exceed that of axle 3.";"
# The total operation duration must not be lower than the PTO operation time.
def r6(pto_time: float, total_time: float) -> bool:
    return pto_time <= total_time

# Driving time must always be less than or equal to the total operation time.
def r7(driving_time: float, total_time: float) -> bool:
    return driving_time <= total_time

# Stops with PTO engaged should never outnumber total stops.
def r8(pto_stops: int, total_stops: int) -> bool:
    return pto_stops <= total_stops

# The load supported by axle 1 cannot exceed that of axle 3.
def r9(axle1_load: float, axle3_load: float) -> bool:
    return axle1_load <= axle3_load"
"System Message:
You are a logician with a background in mathematics that translates natural language
reasoning text to Python3 code so that these natural language reasoning problems can be solved.
During the translation, please pay close attention to defining variables and rules.
Do not add any comments from you.
Be guided by the following example:
Example input text:
Textual context: A vehicle operates over a A param between 20 and 110 in a typical day.
A vehicle operates for a B param between 2 and 10 in a typical day.
A vehicle operates with C param between 0.2 and 5 in a typical day.
A vehicle remains D param between 1 and 5 in a typical day.
A vehicle spends E param between 1 and 5 in a typical day.

Example Python3 code:
# A vehicle operates over a A param between 20 and 110 in a typical day.
def r1(a: float) -> bool:
    return 20 <= a <= 110

# A vehicle operates for a B param between 2 and 10 in a typical day.
def r2(b: float) -> bool:
    return 2 <= b <= 10

# A vehicle operates with C param between 0.2 and 5 in a typical day.
def r3(c: float) -> bool:
    return 0.2 <= c <= 5

# A vehicle remains D param between 1 and 5 in a typical day.
def r4(d: float) -> bool:
    return 1 <= d <= 5

# A vehicle spends E param between 1 and 5 in a typical day.
def r5(e: float) -> bool:
    return 1 <= e <= 5


Input text:
Textual context: The total operation durationmust not be lower than the driving time.
The number of stops where PTO is engaged must not exceed the overall stop count.
The weight on axle 1 cannot surpass the weight on axle 3.
The payload must always be smaller than or equal to the load on axle 3.";"
# The total operation duration must not be lower than the driving time.
def r6(t: float, d: float) -> bool:
    return t >= d

# The number of stops where PTO is engaged must not exceed the overall stop count.
def r7(pto_stops: int, total_stops: int) -> bool:
    return pto_stops <= total_stops

# The weight on axle 1 cannot surpass the weight on axle 3.
def r8(axle1_weight: float, axle3_weight: float) -> bool:
    return axle1_weight <= axle3_weight

# The payload must always be smaller than or equal to the load on axle 3.
def r9(payload: float, axle3_load: float) -> bool:
    return payload <= axle3_load"
"System Message:
You are a logician with a background in mathematics that translates natural language
reasoning text to Python3 code so that these natural language reasoning problems can be solved.
During the translation, please pay close attention to defining variables and rules.
Do not add any comments from you.
Be guided by the following example:
Example input text:
Textual context: A vehicle operates over a A param between 20 and 110 in a typical day.
A vehicle operates for a B param between 2 and 10 in a typical day.
A vehicle operates with C param between 0.2 and 5 in a typical day.
A vehicle remains D param between 1 and 5 in a typical day.
A vehicle spends E param between 1 and 5 in a typical day.

Example Python3 code:
# A vehicle operates over a A param between 20 and 110 in a typical day.
def r1(a: float) -> bool:
    return 20 <= a <= 110

# A vehicle operates for a B param between 2 and 10 in a typical day.
def r2(b: float) -> bool:
    return 2 <= b <= 10

# A vehicle operates with C param between 0.2 and 5 in a typical day.
def r3(c: float) -> bool:
    return 0.2 <= c <= 5

# A vehicle remains D param between 1 and 5 in a typical day.
def r4(d: float) -> bool:
    return 1 <= d <= 5

# A vehicle spends E param between 1 and 5 in a typical day.
def r5(e: float) -> bool:
    return 1 <= e <= 5


Input text:
Textual context: PTO operation time should be less than or equal to the total operation time.
Idle time must always be less than or equal to the total operation time.
The total operation durationmust not be lower than the driving time.
Total operation time must be greater than or equal to the sum of PTO operation, idle, and driving times.";"
def r1(pto_time: float, total_time: float) -> bool:
    return pto_time <= total_time

def r2(idle_time: float, total_time: float) -> bool:
    return idle_time <= total_time

def r3(total_duration: float, driving_time: float) -> bool:
    return total_duration >= driving_time

def r4(total_operation_time: float, pto_time: float, idle_time: float, driving_time: float) -> bool:
    return total_operation_time >= (pto_time + idle_time + driving_time)"
"System Message:
You are a logician with a background in mathematics that translates natural language
reasoning text to Python3 code so that these natural language reasoning problems can be solved.
During the translation, please pay close attention to defining variables and rules.
Do not add any comments from you.
Be guided by the following example:
Example input text:
Textual context: A vehicle operates over a A param between 20 and 110 in a typical day.
A vehicle operates for a B param between 2 and 10 in a typical day.
A vehicle operates with C param between 0.2 and 5 in a typical day.
A vehicle remains D param between 1 and 5 in a typical day.
A vehicle spends E param between 1 and 5 in a typical day.

Example Python3 code:
# A vehicle operates over a A param between 20 and 110 in a typical day.
def r1(a: float) -> bool:
    return 20 <= a <= 110

# A vehicle operates for a B param between 2 and 10 in a typical day.
def r2(b: float) -> bool:
    return 2 <= b <= 10

# A vehicle operates with C param between 0.2 and 5 in a typical day.
def r3(c: float) -> bool:
    return 0.2 <= c <= 5

# A vehicle remains D param between 1 and 5 in a typical day.
def r4(d: float) -> bool:
    return 1 <= d <= 5

# A vehicle spends E param between 1 and 5 in a typical day.
def r5(e: float) -> bool:
    return 1 <= e <= 5


Input text:
Textual context: PTO operation time must be less than or equal to the total operation time.
Total operation time shouldn’t be lower than idle time.
The number of stops where PTO is engaged must not exceed the overall stop count.
The load supported by axle 1 cannot exceed that of axle 3.
The payload must not exceed the load carried by axle 3.";"
# PTO operation time must be less than or equal to the total operation time.
def r6(pto_time: float, total_time: float) -> bool:
    return pto_time <= total_time

# Total operation time shouldn't be lower than idle time.
def r7(total_time: float, idle_time: float) -> bool:
    return total_time >= idle_time

# The number of stops where PTO is engaged must not exceed the overall stop count.
def r8(pto_stops: int, total_stops: int) -> bool:
    return pto_stops <= total_stops

# The load supported by axle 1 cannot exceed that of axle 3.
def r9(axle1_load: float, axle3_load: float) -> bool:
    return axle1_load <= axle3_load

# The payload must not exceed the load carried by axle 3.
def r10(payload: float, axle3_load: float) -> bool:
    return payload <= axle3_load"
"System Message:
You are a logician with a background in mathematics that translates natural language
reasoning text to Python3 code so that these natural language reasoning problems can be solved.
During the translation, please pay close attention to defining variables and rules.
Do not add any comments from you.
Be guided by the following example:
Example input text:
Textual context: A vehicle operates over a A param between 20 and 110 in a typical day.
A vehicle operates for a B param between 2 and 10 in a typical day.
A vehicle operates with C param between 0.2 and 5 in a typical day.
A vehicle remains D param between 1 and 5 in a typical day.
A vehicle spends E param between 1 and 5 in a typical day.

Example Python3 code:
# A vehicle operates over a A param between 20 and 110 in a typical day.
def r1(a: float) -> bool:
    return 20 <= a <= 110

# A vehicle operates for a B param between 2 and 10 in a typical day.
def r2(b: float) -> bool:
    return 2 <= b <= 10

# A vehicle operates with C param between 0.2 and 5 in a typical day.
def r3(c: float) -> bool:
    return 0.2 <= c <= 5

# A vehicle remains D param between 1 and 5 in a typical day.
def r4(d: float) -> bool:
    return 1 <= d <= 5

# A vehicle spends E param between 1 and 5 in a typical day.
def r5(e: float) -> bool:
    return 1 <= e <= 5


Input text:
Textual context: PTO-engaged stops cannot exceed the total number of stops.
Payload must remain below or equal to the load carried by axle 2.
The payload must not exceed the load carried by axle 3.
The combined time for PTO operation, idle time, and driving time must not surpass the total operation time.";"
# PTO-engaged stops cannot exceed the total number of stops.
def r1(pto_stops: int, total_stops: int) -> bool:
    return pto_stops <= total_stops

# Payload must remain below or equal to the load carried by axle 2.
def r2(payload: int, axle2_load: int) -> bool:
    return payload <= axle2_load

# Payload must not exceed the load carried by axle 3.
def r3(payload: int, axle3_load: int) -> bool:
    return payload <= axle3_load

# The combined time for PTO operation, idle time, and driving time must not surpass the total operation time.
def r4(pto_time: int, idle_time: int, driving_time: int, total_operation_time: int) -> bool:
    return pto_time + idle_time + driving_time <= total_operation_time"
"System Message:
You are a logician with a background in mathematics that translates natural language
reasoning text to Python3 code so that these natural language reasoning problems can be solved.
During the translation, please pay close attention to defining variables and rules.
Do not add any comments from you.
Be guided by the following example:
Example input text:
Textual context: A vehicle operates over a A param between 20 and 110 in a typical day.
A vehicle operates for a B param between 2 and 10 in a typical day.
A vehicle operates with C param between 0.2 and 5 in a typical day.
A vehicle remains D param between 1 and 5 in a typical day.
A vehicle spends E param between 1 and 5 in a typical day.

Example Python3 code:
# A vehicle operates over a A param between 20 and 110 in a typical day.
def r1(a: float) -> bool:
    return 20 <= a <= 110

# A vehicle operates for a B param between 2 and 10 in a typical day.
def r2(b: float) -> bool:
    return 2 <= b <= 10

# A vehicle operates with C param between 0.2 and 5 in a typical day.
def r3(c: float) -> bool:
    return 0.2 <= c <= 5

# A vehicle remains D param between 1 and 5 in a typical day.
def r4(d: float) -> bool:
    return 1 <= d <= 5

# A vehicle spends E param between 1 and 5 in a typical day.
def r5(e: float) -> bool:
    return 1 <= e <= 5


Input text:
Textual context: PTO operation time must be less than or equal to the total operation time.
Idle time should be less than or equal to the total operation time.
The total stop count must not be lower than the count of stops where PTO is engaged.
Axle 2's load must always be equal to or greater than the payload.
Axle 3's load must always be equal to or greater than the payload.";"
def pto_operation_time(time: float) -> bool:
    return time <= total_operation_time

def idle_time(time: float) -> bool:
    return time <= total_operation_time

def total_stop_count(count: int) -> bool:
    return count >= stop_count_with_pto

def axle_2_load(load: float) -> bool:
    return load >= payload

def axle_3_load(load: float) -> bool:
    return load >= payload"
"System Message:
You are a logician with a background in mathematics that translates natural language
reasoning text to Python3 code so that these natural language reasoning problems can be solved.
During the translation, please pay close attention to defining variables and rules.
Do not add any comments from you.
Be guided by the following example:
Example input text:
Textual context: A vehicle operates over a A param between 20 and 110 in a typical day.
A vehicle operates for a B param between 2 and 10 in a typical day.
A vehicle operates with C param between 0.2 and 5 in a typical day.
A vehicle remains D param between 1 and 5 in a typical day.
A vehicle spends E param between 1 and 5 in a typical day.

Example Python3 code:
# A vehicle operates over a A param between 20 and 110 in a typical day.
def r1(a: float) -> bool:
    return 20 <= a <= 110

# A vehicle operates for a B param between 2 and 10 in a typical day.
def r2(b: float) -> bool:
    return 2 <= b <= 10

# A vehicle operates with C param between 0.2 and 5 in a typical day.
def r3(c: float) -> bool:
    return 0.2 <= c <= 5

# A vehicle remains D param between 1 and 5 in a typical day.
def r4(d: float) -> bool:
    return 1 <= d <= 5

# A vehicle spends E param between 1 and 5 in a typical day.
def r5(e: float) -> bool:
    return 1 <= e <= 5


Input text:
Textual context: PTO operation time cannot be greater than the total operation time.
Driving time must always be less than or equal to the total operation time.
The total stop count must not be lower than the count of stops where PTO is engaged.
Payload must remain below or equal to the load carried by axle 2.
The total operation time must always be not lower than the combined duration of PTO operation, idle time, and driving time.";"
def pto_operation_time(operation_time: float) -> bool:
    def r1(pto_time: float) -> bool:
        return pto_time <= operation_time
    
    return r1(pto_time)

def driving_time(operation_time: float) -> bool:
    def r2(drive_time: float) -> bool:
        return drive_time <= operation_time
    
    return r2(drive_time)

def total_stop_count(stop_count: int) -> bool:
    def r3(total_stops: int) -> bool:
        return total_stops >= stop_count
    
    return r3(total_stops)

def payload(carrier: float) -> bool:
    def r4(load_carried: float) -> bool:
        return load_carried <= carrier
    
    return r4(load_carried)

def total_operation_time(pto_time: float, idle_time: float, drive_time: float) -> bool:
    def r5(total_op_time: float) -> bool:
        return total_op_time >= (pto_time + idle_time + drive_time)
    
    return r5(total_op_time)"
"System Message:
You are a logician with a background in mathematics that translates natural language
reasoning text to Python3 code so that these natural language reasoning problems can be solved.
During the translation, please pay close attention to defining variables and rules.
Do not add any comments from you.
Be guided by the following example:
Example input text:
Textual context: A vehicle operates over a A param between 20 and 110 in a typical day.
A vehicle operates for a B param between 2 and 10 in a typical day.
A vehicle operates with C param between 0.2 and 5 in a typical day.
A vehicle remains D param between 1 and 5 in a typical day.
A vehicle spends E param between 1 and 5 in a typical day.

Example Python3 code:
# A vehicle operates over a A param between 20 and 110 in a typical day.
def r1(a: float) -> bool:
    return 20 <= a <= 110

# A vehicle operates for a B param between 2 and 10 in a typical day.
def r2(b: float) -> bool:
    return 2 <= b <= 10

# A vehicle operates with C param between 0.2 and 5 in a typical day.
def r3(c: float) -> bool:
    return 0.2 <= c <= 5

# A vehicle remains D param between 1 and 5 in a typical day.
def r4(d: float) -> bool:
    return 1 <= d <= 5

# A vehicle spends E param between 1 and 5 in a typical day.
def r5(e: float) -> bool:
    return 1 <= e <= 5


Input text:
Textual context: Total operation time shouldn’t be lower than PTO operation time.
Idle time should be less than or equal to the total operation time.
The total stop count must not be lower than the count of stops where PTO is engaged.
The load carried by axle 1 must be smaller than or equal to the load on axle 2.
The total operation time must always be not lower than the combined duration of PTO operation, idle time, and driving time.";"
# Total operation time shouldn't be lower than PTO operation time.
def r6(pto_time: float, op_time: float) -> bool:
    return op_time >= pto_time

# Idle time should be less than or equal to the total operation time.
def r7(idle_time: float, op_time: float) -> bool:
    return idle_time <= op_time

# The total stop count must not be lower than the count of stops where PTO is engaged.
def r8(total_stops: int, pto_stops: int) -> bool:
    return total_stops >= pto_stops

# The load carried by axle 1 must be smaller than or equal to the load on axle 2.
def r9(load_axle1: float, load_axle2: float) -> bool:
    return load_axle1 <= load_axle2

# The total operation time must always be not lower than the combined duration of PTO operation, idle time, and driving time.
def r10(pto_time: float, idle_time: float, driving_time: float, op_time: float) -> bool:
    return op_time >= pto_time + idle_time + driving_time"
"System Message:
You are a logician with a background in mathematics that translates natural language
reasoning text to Python3 code so that these natural language reasoning problems can be solved.
During the translation, please pay close attention to defining variables and rules.
Do not add any comments from you.
Be guided by the following example:
Example input text:
Textual context: A vehicle operates over a A param between 20 and 110 in a typical day.
A vehicle operates for a B param between 2 and 10 in a typical day.
A vehicle operates with C param between 0.2 and 5 in a typical day.
A vehicle remains D param between 1 and 5 in a typical day.
A vehicle spends E param between 1 and 5 in a typical day.

Example Python3 code:
# A vehicle operates over a A param between 20 and 110 in a typical day.
def r1(a: float) -> bool:
    return 20 <= a <= 110

# A vehicle operates for a B param between 2 and 10 in a typical day.
def r2(b: float) -> bool:
    return 2 <= b <= 10

# A vehicle operates with C param between 0.2 and 5 in a typical day.
def r3(c: float) -> bool:
    return 0.2 <= c <= 5

# A vehicle remains D param between 1 and 5 in a typical day.
def r4(d: float) -> bool:
    return 1 <= d <= 5

# A vehicle spends E param between 1 and 5 in a typical day.
def r5(e: float) -> bool:
    return 1 <= e <= 5


Input text:
Textual context: The total operation duration must not be lower than the PTO operation time.
The total operation duration must not be lower than the idle time.
Driving time cannot be greater than the total operation time.
The weight on axle 1 cannot surpass the weight on axle 2.
The combined time for PTO operation, idle time, and driving time must not surpass the total operation time.";"
# The total operation duration must not be lower than the PTO operation time.
def r6(pto_time: float, total_duration: float) -> bool:
    return pto_time <= total_duration

# The total operation duration must not be lower than the idle time.
def r7(idle_time: float, total_duration: float) -> bool:
    return idle_time <= total_duration

# Driving time cannot be greater than the total operation time.
def r8(driving_time: float, total_duration: float) -> bool:
    return driving_time <= total_duration

# The weight on axle 1 cannot surpass the weight on axle 2.
def r9(weight_axle1: float, weight_axle2: float) -> bool:
    return weight_axle1 <= weight_axle2

# The combined time for PTO operation, idle time, and driving time must not surpass the total operation time.
def r10(pto_time: float, idle_time: float, driving_time: float, total_duration: float) -> bool:
    return pto_time + idle_time + driving_time <= total_duration"
"System Message:
You are a logician with a background in mathematics that translates natural language
reasoning text to Python3 code so that these natural language reasoning problems can be solved.
During the translation, please pay close attention to defining variables and rules.
Do not add any comments from you.
Be guided by the following example:
Example input text:
Textual context: A vehicle operates over a A param between 20 and 110 in a typical day.
A vehicle operates for a B param between 2 and 10 in a typical day.
A vehicle operates with C param between 0.2 and 5 in a typical day.
A vehicle remains D param between 1 and 5 in a typical day.
A vehicle spends E param between 1 and 5 in a typical day.
A vehicle makes between 20 and 300 F param in a typical day.

Example Python3 code:
# A vehicle operates over a A param between 20 and 110 in a typical day.
def r1(a: float) -> bool:
    return 20 <= a <= 110

# A vehicle operates for a B param between 2 and 10 in a typical day.
def r2(b: float) -> bool:
    return 2 <= b <= 10

# A vehicle operates with C param between 0.2 and 5 in a typical day.
def r3(c: float) -> bool:
    return 0.2 <= c <= 5

# A vehicle remains D param between 1 and 5 in a typical day.
def r4(d: float) -> bool:
    return 1 <= d <= 5

# A vehicle spends E param between 1 and 5 in a typical day.
def r5(e: float) -> bool:
    return 1 <= e <= 5

# A vehicle makes between 20 and 300 F param in a typical day.
def r6(f: float) -> bool:
    return 20 <= f <= 300


Input text:
Textual context: The total operation duration must not be lower than the PTO operation time.
The total operation duration must not be lower than the idle time.
Total operation time should shouldn’t be lower than driving time.
Stops with PTO engaged should never outnumber total stops.
The payload must not exceed the load carried by axle 3.
Total operation time must be greater than or equal to the sum of PTO operation, idle, and driving times.";"
```python
def r1(pto_time: float, idle_time: float, driving_time: float) -> bool:
    return pto_time >= idle_time
    return pto_time >= driving_time

def r2(total_stops: int, pto_stops: int) -> bool:
    return pto_stops <= total_stops

def r3(payload: float, axle_3_load: float) -> bool:
    return payload <= axle_3_load

def r4(total_operation_time: float, pto_operation_time: float, idle_time: float, driving_time: float) -> bool:
    return total_operation_time >= pto_operation_time + idle_time + driving_time
```"
"System Message:
You are a logician with a background in mathematics that translates natural language
reasoning text to Python3 code so that these natural language reasoning problems can be solved.
During the translation, please pay close attention to defining variables and rules.
Do not add any comments from you.
Be guided by the following example:
Example input text:
Textual context: A vehicle operates over a A param between 20 and 110 in a typical day.
A vehicle operates for a B param between 2 and 10 in a typical day.
A vehicle operates with C param between 0.2 and 5 in a typical day.
A vehicle remains D param between 1 and 5 in a typical day.
A vehicle spends E param between 1 and 5 in a typical day.
A vehicle makes between 20 and 300 F param in a typical day.

Example Python3 code:
# A vehicle operates over a A param between 20 and 110 in a typical day.
def r1(a: float) -> bool:
    return 20 <= a <= 110

# A vehicle operates for a B param between 2 and 10 in a typical day.
def r2(b: float) -> bool:
    return 2 <= b <= 10

# A vehicle operates with C param between 0.2 and 5 in a typical day.
def r3(c: float) -> bool:
    return 0.2 <= c <= 5

# A vehicle remains D param between 1 and 5 in a typical day.
def r4(d: float) -> bool:
    return 1 <= d <= 5

# A vehicle spends E param between 1 and 5 in a typical day.
def r5(e: float) -> bool:
    return 1 <= e <= 5

# A vehicle makes between 20 and 300 F param in a typical day.
def r6(f: float) -> bool:
    return 20 <= f <= 300


Input text:
Textual context: PTO operation time should be less than or equal to the total operation time.
Total operation time should shouldn’t be lower than driving time.
Stops with PTO engaged cannot outnumber the total stops.
The payload must always be smaller than or equal to the load on axle 2.
The payload must always be smaller than or equal to the load on axle 3.";"
# PTO operation time should be less than or equal to the total operation time.
def r1(pto_time: float, total_time: float) -> bool:
    return pto_time <= total_time

# Total operation time should shouldn’t be lower than driving time.
def r2(driving_time: float, total_time: float) -> bool:
    return driving_time <= total_time

# Stops with PTO engaged cannot outnumber the total stops.
def r3(pto_stops: int, total_stops: int) -> bool:
    return pto_stops <= total_stops

# The payload must always be smaller than or equal to the load on axle 2.
def r4(payload: float, axle_2_load: float) -> bool:
    return payload <= axle_2_load

# The payload must always be smaller than or equal to the load on axle 3.
def r5(payload: float, axle_3_load: float) -> bool:
    return payload <= axle_3_load"
"System Message:
You are a logician with a background in mathematics that translates natural language
reasoning text to Python3 code so that these natural language reasoning problems can be solved.
During the translation, please pay close attention to defining variables and rules.
Do not add any comments from you.
Be guided by the following example:
Example input text:
Textual context: A vehicle operates over a A param between 20 and 110 in a typical day.
A vehicle operates for a B param between 2 and 10 in a typical day.
A vehicle operates with C param between 0.2 and 5 in a typical day.
A vehicle remains D param between 1 and 5 in a typical day.
A vehicle spends E param between 1 and 5 in a typical day.
A vehicle makes between 20 and 300 F param in a typical day.

Example Python3 code:
# A vehicle operates over a A param between 20 and 110 in a typical day.
def r1(a: float) -> bool:
    return 20 <= a <= 110

# A vehicle operates for a B param between 2 and 10 in a typical day.
def r2(b: float) -> bool:
    return 2 <= b <= 10

# A vehicle operates with C param between 0.2 and 5 in a typical day.
def r3(c: float) -> bool:
    return 0.2 <= c <= 5

# A vehicle remains D param between 1 and 5 in a typical day.
def r4(d: float) -> bool:
    return 1 <= d <= 5

# A vehicle spends E param between 1 and 5 in a typical day.
def r5(e: float) -> bool:
    return 1 <= e <= 5

# A vehicle makes between 20 and 300 F param in a typical day.
def r6(f: float) -> bool:
    return 20 <= f <= 300


Input text:
Textual context: PTO operation time must be less than or equal to the total operation time.
Idle time must always be less than or equal to the total operation time.
The total operation durationmust not be lower than the driving time.
The load supported by axle 1 cannot exceed that of axle 3.
The payload must always be smaller than or equal to the load on axle 2.
Total operation time should be at least the sum of PTO, idle, and driving times.";"
# PTO operation time must be less than or equal to the total operation time.
def r1(pto_time: float, total_time: float) -> bool:
    return pto_time <= total_time

# Idle time must always be less than or equal to the total operation time.
def r2(idle_time: float, total_time: float) -> bool:
    return idle_time <= total_time

# The total operation duration must not be lower than the driving time.
def r3(total_time: float, driving_time: float) -> bool:
    return total_time >= driving_time

# The load supported by axle 1 cannot exceed that of axle 3.
def r4(load_axle1: float, load_axle3: float) -> bool:
    return load_axle1 <= load_axle3

# The payload must always be smaller than or equal to the load on axle 2.
def r5(payload: float, load_axle2: float) -> bool:
    return payload <= load_axle2

# Total operation time should be at least the sum of PTO, idle, and driving times.
def r6(pto_time: float, idle_time: float, driving_time: float, total_time: float) -> bool:
    return total_time >= pto_time + idle_time + driving_time"
"System Message:
You are a logician with a background in mathematics that translates natural language
reasoning text to Python3 code so that these natural language reasoning problems can be solved.
During the translation, please pay close attention to defining variables and rules.
Do not add any comments from you.
Be guided by the following example:
Example input text:
Textual context: A vehicle operates over a A param between 20 and 110 in a typical day.
A vehicle operates for a B param between 2 and 10 in a typical day.
A vehicle operates with C param between 0.2 and 5 in a typical day.
A vehicle remains D param between 1 and 5 in a typical day.
A vehicle spends E param between 1 and 5 in a typical day.
A vehicle makes between 20 and 300 F param in a typical day.

Example Python3 code:
# A vehicle operates over a A param between 20 and 110 in a typical day.
def r1(a: float) -> bool:
    return 20 <= a <= 110

# A vehicle operates for a B param between 2 and 10 in a typical day.
def r2(b: float) -> bool:
    return 2 <= b <= 10

# A vehicle operates with C param between 0.2 and 5 in a typical day.
def r3(c: float) -> bool:
    return 0.2 <= c <= 5

# A vehicle remains D param between 1 and 5 in a typical day.
def r4(d: float) -> bool:
    return 1 <= d <= 5

# A vehicle spends E param between 1 and 5 in a typical day.
def r5(e: float) -> bool:
    return 1 <= e <= 5

# A vehicle makes between 20 and 300 F param in a typical day.
def r6(f: float) -> bool:
    return 20 <= f <= 300


Input text:
Textual context: The total operation duration must not be lower than the idle time.
Driving time cannot be greater than the total operation time.
Stops with PTO engaged should never outnumber total stops.
The weight on axle 1 cannot surpass the weight on axle 2.
The weight on axle 1 cannot surpass the weight on axle 3.
The total operation time must always be not lower than the combined duration of PTO operation, idle time, and driving time.";"
def r1(total_operation_time: float, idle_time: float) -> bool:
    return total_operation_time >= idle_time

def r2(total_operation_time: float, driving_time: float) -> bool:
    return driving_time <= total_operation_time

def r3(pto_engaged_stops: int, total_stops: int) -> bool:
    return pto_engaged_stops <= total_stops

def r4(axle1_weight: float, axle2_weight: float) -> bool:
    return axle1_weight <= axle2_weight

def r5(axle1_weight: float, axle3_weight: float) -> bool:
    return axle1_weight <= axle3_weight

def r6(total_operation_time: float, pto_operation_duration: float, idle_time: float, driving_time: float) -> bool:
    return total_operation_time >= (pto_operation_duration + idle_time + driving_time)"
"System Message:
You are a logician with a background in mathematics that translates natural language
reasoning text to Python3 code so that these natural language reasoning problems can be solved.
During the translation, please pay close attention to defining variables and rules.
Do not add any comments from you.
Be guided by the following example:
Example input text:
Textual context: A vehicle operates over a A param between 20 and 110 in a typical day.
A vehicle operates for a B param between 2 and 10 in a typical day.
A vehicle operates with C param between 0.2 and 5 in a typical day.
A vehicle remains D param between 1 and 5 in a typical day.
A vehicle spends E param between 1 and 5 in a typical day.
A vehicle makes between 20 and 300 F param in a typical day.

Example Python3 code:
# A vehicle operates over a A param between 20 and 110 in a typical day.
def r1(a: float) -> bool:
    return 20 <= a <= 110

# A vehicle operates for a B param between 2 and 10 in a typical day.
def r2(b: float) -> bool:
    return 2 <= b <= 10

# A vehicle operates with C param between 0.2 and 5 in a typical day.
def r3(c: float) -> bool:
    return 0.2 <= c <= 5

# A vehicle remains D param between 1 and 5 in a typical day.
def r4(d: float) -> bool:
    return 1 <= d <= 5

# A vehicle spends E param between 1 and 5 in a typical day.
def r5(e: float) -> bool:
    return 1 <= e <= 5

# A vehicle makes between 20 and 300 F param in a typical day.
def r6(f: float) -> bool:
    return 20 <= f <= 300


Input text:
Textual context: Idle time cannot be greater than the total operation time.
Driving time should be less than or equal to the total operation time.
The load carried by axle 1 must be smaller than or equal to the load on axle 2.
The load on axle 1 must not surpass the load on axle 3.
Payload must remain below or equal to the load carried by axle 2.
The payload must always be smaller than or equal to the load on axle 3.";"
# Idle time cannot be greater than the total operation time.
def r1(idle_time: float, total_operation_time: float) -> bool:
    return idle_time <= total_operation_time

# Driving time should be less than or equal to the total operation time.
def r2(driving_time: float, total_operation_time: float) -> bool:
    return driving_time <= total_operation_time

# The load carried by axle 1 must be smaller than or equal to the load on axle 2.
def r3(load_axle1: float, load_axle2: float) -> bool:
    return load_axle1 <= load_axle2

# The load on axle 1 must not surpass the load on axle 3.
def r4(load_axle1: float, load_axle3: float) -> bool:
    return load_axle1 <= load_axle3

# Payload must remain below or equal to the load carried by axle 2.
def r5(payload: float, load_axle2: float) -> bool:
    return payload <= load_axle2

# Payload must always be smaller than or equal to the load on axle 3.
def r6(payload: float, load_axle3: float) -> bool:
    return payload <= load_axle3"
"System Message:
You are a logician with a background in mathematics that translates natural language
reasoning text to Python3 code so that these natural language reasoning problems can be solved.
During the translation, please pay close attention to defining variables and rules.
Do not add any comments from you.
Be guided by the following example:
Example input text:
Textual context: A vehicle operates over a A param between 20 and 110 in a typical day.
A vehicle operates for a B param between 2 and 10 in a typical day.
A vehicle operates with C param between 0.2 and 5 in a typical day.
A vehicle remains D param between 1 and 5 in a typical day.
A vehicle spends E param between 1 and 5 in a typical day.
A vehicle makes between 20 and 300 F param in a typical day.

Example Python3 code:
# A vehicle operates over a A param between 20 and 110 in a typical day.
def r1(a: float) -> bool:
    return 20 <= a <= 110

# A vehicle operates for a B param between 2 and 10 in a typical day.
def r2(b: float) -> bool:
    return 2 <= b <= 10

# A vehicle operates with C param between 0.2 and 5 in a typical day.
def r3(c: float) -> bool:
    return 0.2 <= c <= 5

# A vehicle remains D param between 1 and 5 in a typical day.
def r4(d: float) -> bool:
    return 1 <= d <= 5

# A vehicle spends E param between 1 and 5 in a typical day.
def r5(e: float) -> bool:
    return 1 <= e <= 5

# A vehicle makes between 20 and 300 F param in a typical day.
def r6(f: float) -> bool:
    return 20 <= f <= 300


Input text:
Textual context: Total operation time should shouldn’t be lower than driving time.
The number of stops where PTO is engaged must not exceed the overall stop count.
The weight on axle 1 cannot surpass the weight on axle 3.
Payload must remain below or equal to the load carried by axle 2.
Payload must remain below or equal to the load carried by axle 3.";"
# Total operation time should shouldn’t be lower than driving time.
def r7(total_time: float, driving_time: float) -> bool:
    return total_time >= driving_time

# The number of stops where PTO is engaged must not exceed the overall stop count.
def r8(pto_stops: int, overall_stops: int) -> bool:
    return pto_stops <= overall_stops

# Weight on axle 1 cannot surpass the weight on axle 3.
def r9(weight_axle1: float, weight_axle3: float) -> bool:
    return weight_axle1 <= weight_axle3

# Payload must remain below or equal to the load carried by axle 2.
def r10(payload: float, load_axle2: float) -> bool:
    return payload <= load_axle2

# Payload must remain below or equal to the load carried by axle 3.
def r11(payload: float, load_axle3: float) -> bool:
    return payload <= load_axle3"
"System Message:
You are a logician with a background in mathematics that translates natural language
reasoning text to Python3 code so that these natural language reasoning problems can be solved.
During the translation, please pay close attention to defining variables and rules.
Do not add any comments from you.
Be guided by the following example:
Example input text:
Textual context: A vehicle operates over a A param between 20 and 110 in a typical day.
A vehicle operates for a B param between 2 and 10 in a typical day.
A vehicle operates with C param between 0.2 and 5 in a typical day.
A vehicle remains D param between 1 and 5 in a typical day.
A vehicle spends E param between 1 and 5 in a typical day.
A vehicle makes between 20 and 300 F param in a typical day.

Example Python3 code:
# A vehicle operates over a A param between 20 and 110 in a typical day.
def r1(a: float) -> bool:
    return 20 <= a <= 110

# A vehicle operates for a B param between 2 and 10 in a typical day.
def r2(b: float) -> bool:
    return 2 <= b <= 10

# A vehicle operates with C param between 0.2 and 5 in a typical day.
def r3(c: float) -> bool:
    return 0.2 <= c <= 5

# A vehicle remains D param between 1 and 5 in a typical day.
def r4(d: float) -> bool:
    return 1 <= d <= 5

# A vehicle spends E param between 1 and 5 in a typical day.
def r5(e: float) -> bool:
    return 1 <= e <= 5

# A vehicle makes between 20 and 300 F param in a typical day.
def r6(f: float) -> bool:
    return 20 <= f <= 300


Input text:
Textual context: Total operation time shouldn’t be lower than PTO operation time.
PTO-engaged stops cannot exceed the total number of stops.
The load on axle 1 must not surpass the load on axle 2.
The weight on axle 1 cannot surpass the weight on axle 3.
Total operation time should be at least the sum of PTO, idle, and driving times.";"
# Total operation time shouldn't be lower than PTO operation time.
def r1(pto_time: float, total_time: float) -> bool:
    return total_time >= pto_time

# PTO-engaged stops cannot exceed the total number of stops.
def r2(pto_stops: int, total_stops: int) -> bool:
    return pto_stops <= total_stops

# The load on axle 1 must not surpass the load on axle 2.
def r3(load_axle1: float, load_axle2: float) -> bool:
    return load_axle1 <= load_axle2

# The weight on axle 1 cannot surpass the weight on axle 3.
def r4(weight_axle1: float, weight_axle3: float) -> bool:
    return weight_axle1 <= weight_axle3

# Total operation time should be at least the sum of PTO, idle, and driving times.
def r5(pto_time: float, idle_time: float, driving_time: float, total_time: float) -> bool:
    return total_time >= (pto_time + idle_time + driving_time)"
"System Message:
You are a logician with a background in mathematics that translates natural language
reasoning text to Python3 code so that these natural language reasoning problems can be solved.
During the translation, please pay close attention to defining variables and rules.
Do not add any comments from you.
Be guided by the following example:
Example input text:
Textual context: A vehicle operates over a A param between 20 and 110 in a typical day.
A vehicle operates for a B param between 2 and 10 in a typical day.
A vehicle operates with C param between 0.2 and 5 in a typical day.
A vehicle remains D param between 1 and 5 in a typical day.
A vehicle spends E param between 1 and 5 in a typical day.
A vehicle makes between 20 and 300 F param in a typical day.

Example Python3 code:
# A vehicle operates over a A param between 20 and 110 in a typical day.
def r1(a: float) -> bool:
    return 20 <= a <= 110

# A vehicle operates for a B param between 2 and 10 in a typical day.
def r2(b: float) -> bool:
    return 2 <= b <= 10

# A vehicle operates with C param between 0.2 and 5 in a typical day.
def r3(c: float) -> bool:
    return 0.2 <= c <= 5

# A vehicle remains D param between 1 and 5 in a typical day.
def r4(d: float) -> bool:
    return 1 <= d <= 5

# A vehicle spends E param between 1 and 5 in a typical day.
def r5(e: float) -> bool:
    return 1 <= e <= 5

# A vehicle makes between 20 and 300 F param in a typical day.
def r6(f: float) -> bool:
    return 20 <= f <= 300


Input text:
Textual context: PTO operation time must be less than or equal to the total operation time.
Idle time should be less than or equal to the total operation time.
The weight on axle 1 cannot surpass the weight on axle 3.
Axle 2's load must always be equal to or greater than the payload.";"
# PTO operation time must be less than or equal to the total operation time.
def r1(pto_time: float, total_time: float) -> bool:
    return pto_time <= total_time

# Idle time should be less than or equal to the total operation time.
def r2(idle_time: float, total_time: float) -> bool:
    return idle_time <= total_time

# The weight on axle 1 cannot surpass the weight on axle 3.
def r3(weight_axle1: float, weight_axle3: float) -> bool:
    return weight_axle1 <= weight_axle3

# Axle 2's load must always be equal to or greater than the payload.
def r4(axle2_load: float, payload: float) -> bool:
    return axle2_load >= payload"
"System Message:
You are a logician with a background in mathematics that translates natural language
reasoning text to Python3 code so that these natural language reasoning problems can be solved.
During the translation, please pay close attention to defining variables and rules.
Do not add any comments from you.
Be guided by the following example:
Example input text:
Textual context: A vehicle operates over a A param between 20 and 110 in a typical day.
A vehicle operates for a B param between 2 and 10 in a typical day.
A vehicle operates with C param between 0.2 and 5 in a typical day.
A vehicle remains D param between 1 and 5 in a typical day.
A vehicle spends E param between 1 and 5 in a typical day.
A vehicle makes between 20 and 300 F param in a typical day.

Example Python3 code:
# A vehicle operates over a A param between 20 and 110 in a typical day.
def r1(a: float) -> bool:
    return 20 <= a <= 110

# A vehicle operates for a B param between 2 and 10 in a typical day.
def r2(b: float) -> bool:
    return 2 <= b <= 10

# A vehicle operates with C param between 0.2 and 5 in a typical day.
def r3(c: float) -> bool:
    return 0.2 <= c <= 5

# A vehicle remains D param between 1 and 5 in a typical day.
def r4(d: float) -> bool:
    return 1 <= d <= 5

# A vehicle spends E param between 1 and 5 in a typical day.
def r5(e: float) -> bool:
    return 1 <= e <= 5

# A vehicle makes between 20 and 300 F param in a typical day.
def r6(f: float) -> bool:
    return 20 <= f <= 300


Input text:
Textual context: Axle 1's load cannot exceed Axle 3's load.
Payload must remain below or equal to the load carried by axle 2.
The payload must always be smaller than or equal to the load on axle 3.
Total operation time must be greater than or equal to the sum of PTO operation, idle, and driving times.";"
# Axle 1's load cannot exceed Axle 3's load.
def r1(axle1_load: float, axle3_load: float) -> bool:
    return axle1_load <= axle3_load

# Payload must remain below or equal to the load carried by axle 2.
def r2(payload: float, axle2_load: float) -> bool:
    return payload <= axle2_load

# The payload must always be smaller than or equal to the load on axle 3.
def r3(payload: float, axle3_load: float) -> bool:
    return payload <= axle3_load

# Total operation time must be greater than or equal to the sum of PTO operation, idle, and driving times.
def r4(pto_time: float, idle_time: float, driving_time: float) -> bool:
    return pto_time + idle_time + driving_time >= pto_time + idle_time + driving_time"
"System Message:
You are a logician with a background in mathematics that translates natural language
reasoning text to Python3 code so that these natural language reasoning problems can be solved.
During the translation, please pay close attention to defining variables and rules.
Do not add any comments from you.
Be guided by the following example:
Example input text:
Textual context: A vehicle operates over a A param between 20 and 110 in a typical day.
A vehicle operates for a B param between 2 and 10 in a typical day.
A vehicle operates with C param between 0.2 and 5 in a typical day.
A vehicle remains D param between 1 and 5 in a typical day.
A vehicle spends E param between 1 and 5 in a typical day.

Example Python3 code:
# A vehicle operates over a A param between 20 and 110 in a typical day.
def r1(a: float) -> bool:
    return 20 <= a <= 110

# A vehicle operates for a B param between 2 and 10 in a typical day.
def r2(b: float) -> bool:
    return 2 <= b <= 10

# A vehicle operates with C param between 0.2 and 5 in a typical day.
def r3(c: float) -> bool:
    return 0.2 <= c <= 5

# A vehicle remains D param between 1 and 5 in a typical day.
def r4(d: float) -> bool:
    return 1 <= d <= 5

# A vehicle spends E param between 1 and 5 in a typical day.
def r5(e: float) -> bool:
    return 1 <= e <= 5


Input text:
Textual context: PTO operation time should be less than or equal to the total operation time.
Idle time should be less than or equal to the total operation time.
The load carried by axle 1 must be smaller than or equal to the load on axle 2.
The weight on axle 1 cannot surpass the weight on axle 3.
The combined time for PTO operation, idle time, and driving time must not surpass the total operation time.";"
# PTO operation time should be less than or equal to the total operation time.
def r1(pto_time: float, total_time: float) -> bool:
    return pto_time <= total_time

# Idle time should be less than or equal to the total operation time.
def r2(idle_time: float, total_time: float) -> bool:
    return idle_time <= total_time

# The load carried by axle 1 must be smaller than or equal to the load on axle 2.
def r3(load_axle1: float, load_axle2: float) -> bool:
    return load_axle1 <= load_axle2

# The weight on axle 1 cannot surpass the weight on axle 3.
def r4(weight_axle1: float, weight_axle3: float) -> bool:
    return weight_axle1 <= weight_axle3

# The combined time for PTO operation, idle time, and driving time must not surpass the total operation time.
def r5(pto_time: float, idle_time: float, driving_time: float, total_time: float) -> bool:
    return pto_time + idle_time + driving_time <= total_time"
"System Message:
You are a logician with a background in mathematics that translates natural language
reasoning text to Python3 code so that these natural language reasoning problems can be solved.
During the translation, please pay close attention to defining variables and rules.
Do not add any comments from you.
Be guided by the following example:
Example input text:
Textual context: A vehicle operates over a A param between 20 and 110 in a typical day.
A vehicle operates for a B param between 2 and 10 in a typical day.
A vehicle operates with C param between 0.2 and 5 in a typical day.
A vehicle remains D param between 1 and 5 in a typical day.
A vehicle spends E param between 1 and 5 in a typical day.

Example Python3 code:
# A vehicle operates over a A param between 20 and 110 in a typical day.
def r1(a: float) -> bool:
    return 20 <= a <= 110

# A vehicle operates for a B param between 2 and 10 in a typical day.
def r2(b: float) -> bool:
    return 2 <= b <= 10

# A vehicle operates with C param between 0.2 and 5 in a typical day.
def r3(c: float) -> bool:
    return 0.2 <= c <= 5

# A vehicle remains D param between 1 and 5 in a typical day.
def r4(d: float) -> bool:
    return 1 <= d <= 5

# A vehicle spends E param between 1 and 5 in a typical day.
def r5(e: float) -> bool:
    return 1 <= e <= 5


Input text:
Textual context: Total operation time shouldn’t be lower than PTO operation time.
The total stop count must not be lower than the count of stops where PTO is engaged.
The load on axle 1 must not surpass the load on axle 3.
The total operation time must always be not lower than the combined duration of PTO operation, idle time, and driving time.";"
# Total operation time shouldn't be lower than PTO operation time.
def r1(pto_time: float, total_time: float) -> bool:
    return pto_time <= total_time

# The total stop count must not be lower than the count of stops where PTO is engaged.
def r2(pto_stops: int, total_stops: int) -> bool:
    return pto_stops <= total_stops

# The load on axle 1 must not surpass the load on axle 3.
def r3(axle1_load: float, axle3_load: float) -> bool:
    return axle1_load <= axle3_load

# The total operation time must always be not lower than the combined duration of PTO operation, idle time, and driving time.
def r4(pto_time: float, idle_time: float, drive_time: float, total_time: float) -> bool:
    return pto_time + idle_time + drive_time <= total_time"
"System Message:
You are a logician with a background in mathematics that translates natural language
reasoning text to Python3 code so that these natural language reasoning problems can be solved.
During the translation, please pay close attention to defining variables and rules.
Do not add any comments from you.
Be guided by the following example:
Example input text:
Textual context: A vehicle operates over a A param between 20 and 110 in a typical day.
A vehicle operates for a B param between 2 and 10 in a typical day.
A vehicle operates with C param between 0.2 and 5 in a typical day.
A vehicle remains D param between 1 and 5 in a typical day.
A vehicle spends E param between 1 and 5 in a typical day.

Example Python3 code:
# A vehicle operates over a A param between 20 and 110 in a typical day.
def r1(a: float) -> bool:
    return 20 <= a <= 110

# A vehicle operates for a B param between 2 and 10 in a typical day.
def r2(b: float) -> bool:
    return 2 <= b <= 10

# A vehicle operates with C param between 0.2 and 5 in a typical day.
def r3(c: float) -> bool:
    return 0.2 <= c <= 5

# A vehicle remains D param between 1 and 5 in a typical day.
def r4(d: float) -> bool:
    return 1 <= d <= 5

# A vehicle spends E param between 1 and 5 in a typical day.
def r5(e: float) -> bool:
    return 1 <= e <= 5


Input text:
Textual context: Idle time should be less than or equal to the total operation time.
Stops with PTO engaged should never outnumber total stops.
The load supported by axle 1 cannot exceed that of axle 2.
The payload must always be smaller than or equal to the load on axle 3.
Total operation time must be greater than or equal to the sum of PTO operation, idle, and driving times.";"
# Idle time should be less than or equal to the total operation time.
def r6(idle_time: float, total_operation_time: float) -> bool:
    return idle_time <= total_operation_time

# Stops with PTO engaged should never outnumber total stops.
def r7(pto_stops: int, total_stops: int) -> bool:
    return pto_stops <= total_stops

# The load supported by axle 1 cannot exceed that of axle 2.
def r8(axle1_load: float, axle2_load: float) -> bool:
    return axle1_load <= axle2_load

# The payload must always be smaller than or equal to the load on axle 3.
def r9(payload: float, axle3_load: float) -> bool:
    return payload <= axle3_load

# Total operation time must be greater than or equal to the sum of PTO operation, idle, and driving times.
def r10(pto_operation: float, idle_time: float, driving_time: float, total_operation_time: float) -> bool:
    return total_operation_time >= (pto_operation + idle_time + driving_time)"
"System Message:
You are a logician with a background in mathematics that translates natural language
reasoning text to Python3 code so that these natural language reasoning problems can be solved.
During the translation, please pay close attention to defining variables and rules.
Do not add any comments from you.
Be guided by the following example:
Example input text:
Textual context: A vehicle operates over a A param between 20 and 110 in a typical day.
A vehicle operates for a B param between 2 and 10 in a typical day.
A vehicle operates with C param between 0.2 and 5 in a typical day.
A vehicle remains D param between 1 and 5 in a typical day.
A vehicle spends E param between 1 and 5 in a typical day.

Example Python3 code:
# A vehicle operates over a A param between 20 and 110 in a typical day.
def r1(a: float) -> bool:
    return 20 <= a <= 110

# A vehicle operates for a B param between 2 and 10 in a typical day.
def r2(b: float) -> bool:
    return 2 <= b <= 10

# A vehicle operates with C param between 0.2 and 5 in a typical day.
def r3(c: float) -> bool:
    return 0.2 <= c <= 5

# A vehicle remains D param between 1 and 5 in a typical day.
def r4(d: float) -> bool:
    return 1 <= d <= 5

# A vehicle spends E param between 1 and 5 in a typical day.
def r5(e: float) -> bool:
    return 1 <= e <= 5


Input text:
Textual context: PTO operation time should be less than or equal to the total operation time.
Idle time should be less than or equal to the total operation time.
Driving time cannot be greater than the total operation time.
Axle 1's load cannot exceed Axle 2's load.
The load carried by axle 1 must be smaller than or equal to the load on axle 3.";"
# PTO operation time should be less than or equal to the total operation time.
def r1(pto_time: float, total_time: float) -> bool:
    return pto_time <= total_time

# Idle time should be less than or equal to the total operation time.
def r2(idle_time: float, total_time: float) -> bool:
    return idle_time <= total_time

# Driving time cannot be greater than the total operation time.
def r3(driving_time: float, total_time: float) -> bool:
    return driving_time <= total_time

# Axle 1's load cannot exceed Axle 2's load.
def r4(axle1_load: float, axle2_load: float) -> bool:
    return axle1_load <= axle2_load

# The load carried by axle 1 must be smaller than or equal to the load on axle 3.
def r5(axle1_load: float, axle3_load: float) -> bool:
    return axle1_load <= axle3_load"
"System Message:
You are a logician with a background in mathematics that translates natural language
reasoning text to Python3 code so that these natural language reasoning problems can be solved.
During the translation, please pay close attention to defining variables and rules.
Do not add any comments from you.
Be guided by the following example:
Example input text:
Textual context: A vehicle operates over a A param between 20 and 110 in a typical day.
A vehicle operates for a B param between 2 and 10 in a typical day.
A vehicle operates with C param between 0.2 and 5 in a typical day.
A vehicle remains D param between 1 and 5 in a typical day.
A vehicle spends E param between 1 and 5 in a typical day.

Example Python3 code:
# A vehicle operates over a A param between 20 and 110 in a typical day.
def r1(a: float) -> bool:
    return 20 <= a <= 110

# A vehicle operates for a B param between 2 and 10 in a typical day.
def r2(b: float) -> bool:
    return 2 <= b <= 10

# A vehicle operates with C param between 0.2 and 5 in a typical day.
def r3(c: float) -> bool:
    return 0.2 <= c <= 5

# A vehicle remains D param between 1 and 5 in a typical day.
def r4(d: float) -> bool:
    return 1 <= d <= 5

# A vehicle spends E param between 1 and 5 in a typical day.
def r5(e: float) -> bool:
    return 1 <= e <= 5


Input text:
Textual context: The total operation durationmust not be lower than the driving time.
Stops with PTO engaged cannot outnumber the total stops.
Axle 1's load cannot exceed Axle 3's load.
The payload must always be smaller than or equal to the load on axle 3.
The total operation duration must always be greater than or equal to the combined time for PTO, idle, and driving.";"
# The total operation duration must not be lower than the driving time.
def r1(duration: float, driving_time: float) -> bool:
    return duration >= driving_time

# Stops with PTO engaged cannot outnumber the total stops.
def r2(total_stops: int, pto_stops: int) -> bool:
    return total_stops >= pto_stops

# Axle 1's load cannot exceed Axle 3's load.
def r3(axle1_load: float, axle3_load: float) -> bool:
    return axle1_load <= axle3_load

# The payload must always be smaller than or equal to the load on axle 3.
def r4(payload: float, axle3_load: float) -> bool:
    return payload <= axle3_load

# The total operation duration must always be greater than or equal to the combined time for PTO, idle, and driving.
def r5(total_duration: float, pto_time: float, idle_time: float, driving_time: float) -> bool:
    return total_duration >= pto_time + idle_time + driving_time"
"System Message:
You are a logician with a background in mathematics that translates natural language
reasoning text to Python3 code so that these natural language reasoning problems can be solved.
During the translation, please pay close attention to defining variables and rules.
Do not add any comments from you.
Be guided by the following example:
Example input text:
Textual context: A vehicle operates over a A param between 20 and 110 in a typical day.
A vehicle operates for a B param between 2 and 10 in a typical day.
A vehicle operates with C param between 0.2 and 5 in a typical day.
A vehicle remains D param between 1 and 5 in a typical day.
A vehicle spends E param between 1 and 5 in a typical day.

Example Python3 code:
# A vehicle operates over a A param between 20 and 110 in a typical day.
def r1(a: float) -> bool:
    return 20 <= a <= 110

# A vehicle operates for a B param between 2 and 10 in a typical day.
def r2(b: float) -> bool:
    return 2 <= b <= 10

# A vehicle operates with C param between 0.2 and 5 in a typical day.
def r3(c: float) -> bool:
    return 0.2 <= c <= 5

# A vehicle remains D param between 1 and 5 in a typical day.
def r4(d: float) -> bool:
    return 1 <= d <= 5

# A vehicle spends E param between 1 and 5 in a typical day.
def r5(e: float) -> bool:
    return 1 <= e <= 5


Input text:
Textual context: The total operation duration must not be lower than the PTO operation time.
The total operation durationmust not be lower than the driving time.
Axle 1's load cannot exceed Axle 2's load.
The weight on axle 1 cannot surpass the weight on axle 3.
Axle 3's load must always be equal to or greater than the payload.";"
# The total operation duration must not be lower than the PTO operation time.
def r1(pto_time: float, total_duration: float) -> bool:
    return pto_time <= total_duration

# The total operation duration must not be lower than the driving time.
def r2(driving_time: float, total_duration: float) -> bool:
    return driving_time <= total_duration

# Axle 1's load cannot exceed Axle 2's load.
def r3(axle1_load: float, axle2_load: float) -> bool:
    return axle1_load <= axle2_load

# The weight on axle 1 cannot surpass the weight on axle 3.
def r4(axle1_weight: float, axle3_weight: float) -> bool:
    return axle1_weight <= axle3_weight

# Axle 3's load must always be equal to or greater than the payload.
def r5(axle3_load: float, payload: float) -> bool:
    return axle3_load >= payload"
"System Message:
You are a logician with a background in mathematics that translates natural language
reasoning text to Python3 code so that these natural language reasoning problems can be solved.
During the translation, please pay close attention to defining variables and rules.
Do not add any comments from you.
Be guided by the following example:
Example input text:
Textual context: A vehicle operates over a A param between 20 and 110 in a typical day.
A vehicle operates for a B param between 2 and 10 in a typical day.
A vehicle operates with C param between 0.2 and 5 in a typical day.
A vehicle remains D param between 1 and 5 in a typical day.
A vehicle spends E param between 1 and 5 in a typical day.

Example Python3 code:
# A vehicle operates over a A param between 20 and 110 in a typical day.
def r1(a: float) -> bool:
    return 20 <= a <= 110

# A vehicle operates for a B param between 2 and 10 in a typical day.
def r2(b: float) -> bool:
    return 2 <= b <= 10

# A vehicle operates with C param between 0.2 and 5 in a typical day.
def r3(c: float) -> bool:
    return 0.2 <= c <= 5

# A vehicle remains D param between 1 and 5 in a typical day.
def r4(d: float) -> bool:
    return 1 <= d <= 5

# A vehicle spends E param between 1 and 5 in a typical day.
def r5(e: float) -> bool:
    return 1 <= e <= 5


Input text:
Textual context: Idle time cannot be greater than the total operation time.
Driving time must always be less than or equal to the total operation time.
Stops with PTO engaged cannot outnumber the total stops.
Total operation time should be at least the sum of PTO, idle, and driving times.";"
def r1(idle_time: float, total_operation_time: float) -> bool:
    return idle_time <= total_operation_time

def r2(driving_time: float, total_operation_time: float) -> bool:
    return driving_time <= total_operation_time

def r3(pto_stops: int, total_stops: int) -> bool:
    return pto_stops <= total_stops

def r4(total_operation_time: float, pto_time: float, idle_time: float, driving_time: float) -> bool:
    return total_operation_time >= (pto_time + idle_time + driving_time)"
"System Message:
You are a logician with a background in mathematics that translates natural language
reasoning text to Python3 code so that these natural language reasoning problems can be solved.
During the translation, please pay close attention to defining variables and rules.
Do not add any comments from you.
Be guided by the following example:
Example input text:
Textual context: A vehicle operates over a A param between 20 and 110 in a typical day.
A vehicle operates for a B param between 2 and 10 in a typical day.
A vehicle operates with C param between 0.2 and 5 in a typical day.
A vehicle remains D param between 1 and 5 in a typical day.
A vehicle spends E param between 1 and 5 in a typical day.

Example Python3 code:
# A vehicle operates over a A param between 20 and 110 in a typical day.
def r1(a: float) -> bool:
    return 20 <= a <= 110

# A vehicle operates for a B param between 2 and 10 in a typical day.
def r2(b: float) -> bool:
    return 2 <= b <= 10

# A vehicle operates with C param between 0.2 and 5 in a typical day.
def r3(c: float) -> bool:
    return 0.2 <= c <= 5

# A vehicle remains D param between 1 and 5 in a typical day.
def r4(d: float) -> bool:
    return 1 <= d <= 5

# A vehicle spends E param between 1 and 5 in a typical day.
def r5(e: float) -> bool:
    return 1 <= e <= 5


Input text:
Textual context: Total operation time shouldn’t be lower than idle time.
The total stop count must not be lower than the count of stops where PTO is engaged.
The weight on axle 1 cannot surpass the weight on axle 2.
The load carried by axle 1 must be smaller than or equal to the load on axle 3.
The payload must always be smaller than or equal to the load on axle 3.";"
def r1(total_time: float, idle_time: float) -> bool:
    return total_time >= idle_time

def r2(total_stop_count: int, pto_engaged_stops: int) -> bool:
    return total_stop_count >= pto_engaged_stops

def r3(axle1_weight: float, axle2_weight: float) -> bool:
    return axle1_weight <= axle2_weight

def r4(axle1_load: float, axle3_load: float) -> bool:
    return axle1_load <= axle3_load

def r5(payload: float, axle3_load: float) -> bool:
    return payload <= axle3_load"
"System Message:
You are a logician with a background in mathematics that translates natural language
reasoning text to Python3 code so that these natural language reasoning problems can be solved.
During the translation, please pay close attention to defining variables and rules.
Do not add any comments from you.
Be guided by the following example:
Example input text:
Textual context: A vehicle operates over a A param between 20 and 110 in a typical day.
A vehicle operates for a B param between 2 and 10 in a typical day.
A vehicle operates with C param between 0.2 and 5 in a typical day.
A vehicle remains D param between 1 and 5 in a typical day.
A vehicle spends E param between 1 and 5 in a typical day.

Example Python3 code:
# A vehicle operates over a A param between 20 and 110 in a typical day.
def r1(a: float) -> bool:
    return 20 <= a <= 110

# A vehicle operates for a B param between 2 and 10 in a typical day.
def r2(b: float) -> bool:
    return 2 <= b <= 10

# A vehicle operates with C param between 0.2 and 5 in a typical day.
def r3(c: float) -> bool:
    return 0.2 <= c <= 5

# A vehicle remains D param between 1 and 5 in a typical day.
def r4(d: float) -> bool:
    return 1 <= d <= 5

# A vehicle spends E param between 1 and 5 in a typical day.
def r5(e: float) -> bool:
    return 1 <= e <= 5


Input text:
Textual context: Total operation time shouldn’t be lower than idle time.
Stops with PTO engaged cannot outnumber the total stops.
Axle 1's load cannot exceed Axle 2's load.
Payload must remain below or equal to the load carried by axle 3.
Total operation time must be greater than or equal to the sum of PTO operation, idle, and driving times.";"
def r6(total_operation_time: float, idle_time: float) -> bool:
    return total_operation_time >= idle_time

def r7(pto_engaged_stops: int, total_stops: int) -> bool:
    return pto_engaged_stops <= total_stops

def r8(axle1_load: float, axle2_load: float) -> bool:
    return axle1_load <= axle2_load

def r9(payload: float, axle3_load: float) -> bool:
    return payload <= axle3_load

def r10(total_operation_time: float, pto_operation_time: float, idle_time: float, driving_time: float) -> bool:
    return total_operation_time >= (pto_operation_time + idle_time + driving_time)"
"System Message:
You are a logician with a background in mathematics that translates natural language
reasoning text to Python3 code so that these natural language reasoning problems can be solved.
During the translation, please pay close attention to defining variables and rules.
Do not add any comments from you.
Be guided by the following example:
Example input text:
Textual context: A vehicle operates over a A param between 20 and 110 in a typical day.
A vehicle operates for a B param between 2 and 10 in a typical day.
A vehicle operates with C param between 0.2 and 5 in a typical day.
A vehicle remains D param between 1 and 5 in a typical day.
A vehicle spends E param between 1 and 5 in a typical day.

Example Python3 code:
# A vehicle operates over a A param between 20 and 110 in a typical day.
def r1(a: float) -> bool:
    return 20 <= a <= 110

# A vehicle operates for a B param between 2 and 10 in a typical day.
def r2(b: float) -> bool:
    return 2 <= b <= 10

# A vehicle operates with C param between 0.2 and 5 in a typical day.
def r3(c: float) -> bool:
    return 0.2 <= c <= 5

# A vehicle remains D param between 1 and 5 in a typical day.
def r4(d: float) -> bool:
    return 1 <= d <= 5

# A vehicle spends E param between 1 and 5 in a typical day.
def r5(e: float) -> bool:
    return 1 <= e <= 5


Input text:
Textual context: Total operation time shouldn’t be lower than idle time.
PTO-engaged stops cannot exceed the total number of stops.
The load carried by axle 1 must be smaller than or equal to the load on axle 2.
The payload cannot exceed the capacity of axle 2.
Total operation time should be at least the sum of PTO, idle, and driving times.";"
def r1(total_time: float, idle_time: float) -> bool:
    return total_time >= idle_time

def r2(pto_stops: int, total_stops: int) -> bool:
    return pto_stops <= total_stops

def r3(axle1_load: float, axle2_load: float) -> bool:
    return axle1_load <= axle2_load

def r4(payload: float, axle2_capacity: float) -> bool:
    return payload <= axle2_capacity

def r5(total_time: float, pto_time: float, idle_time: float, driving_time: float) -> bool:
    return total_time >= pto_time + idle_time + driving_time"
"System Message:
You are a logician with a background in mathematics that translates natural language
reasoning text to Python3 code so that these natural language reasoning problems can be solved.
During the translation, please pay close attention to defining variables and rules.
Do not add any comments from you.
Be guided by the following example:
Example input text:
Textual context: A vehicle operates over a A param between 20 and 110 in a typical day.
A vehicle operates for a B param between 2 and 10 in a typical day.
A vehicle operates with C param between 0.2 and 5 in a typical day.
A vehicle remains D param between 1 and 5 in a typical day.
A vehicle spends E param between 1 and 5 in a typical day.

Example Python3 code:
# A vehicle operates over a A param between 20 and 110 in a typical day.
def r1(a: float) -> bool:
    return 20 <= a <= 110

# A vehicle operates for a B param between 2 and 10 in a typical day.
def r2(b: float) -> bool:
    return 2 <= b <= 10

# A vehicle operates with C param between 0.2 and 5 in a typical day.
def r3(c: float) -> bool:
    return 0.2 <= c <= 5

# A vehicle remains D param between 1 and 5 in a typical day.
def r4(d: float) -> bool:
    return 1 <= d <= 5

# A vehicle spends E param between 1 and 5 in a typical day.
def r5(e: float) -> bool:
    return 1 <= e <= 5


Input text:
Textual context: The total operation durationmust not be lower than the driving time.
The weight on axle 1 cannot surpass the weight on axle 2.
The load supported by axle 1 cannot exceed that of axle 3.
Total operation time should be at least the sum of PTO, idle, and driving times.";"
# The total operation duration must not be lower than the driving time.
def r6(total_duration: float, driving_time: float) -> bool:
    return total_duration >= driving_time

# The weight on axle 1 cannot surpass the weight on axle 2.
def r7(weight_axle1: float, weight_axle2: float) -> bool:
    return weight_axle1 <= weight_axle2

# The load supported by axle 1 cannot exceed that of axle 3.
def r8(weight_axle1: float, weight_axle3: float) -> bool:
    return weight_axle1 <= weight_axle3

# Total operation time should be at least the sum of PTO, idle, and driving times.
def r9(total_operation_time: float, pto_time: float, idle_time: float, driving_time: float) -> bool:
    return total_operation_time >= (pto_time + idle_time + driving_time)"
"System Message:
You are a logician with a background in mathematics that translates natural language
reasoning text to Python3 code so that these natural language reasoning problems can be solved.
During the translation, please pay close attention to defining variables and rules.
Do not add any comments from you.
Be guided by the following example:
Example input text:
Textual context: A vehicle operates over a A param between 20 and 110 in a typical day.
A vehicle operates for a B param between 2 and 10 in a typical day.
A vehicle operates with C param between 0.2 and 5 in a typical day.
A vehicle remains D param between 1 and 5 in a typical day.
A vehicle spends E param between 1 and 5 in a typical day.

Example Python3 code:
# A vehicle operates over a A param between 20 and 110 in a typical day.
def r1(a: float) -> bool:
    return 20 <= a <= 110

# A vehicle operates for a B param between 2 and 10 in a typical day.
def r2(b: float) -> bool:
    return 2 <= b <= 10

# A vehicle operates with C param between 0.2 and 5 in a typical day.
def r3(c: float) -> bool:
    return 0.2 <= c <= 5

# A vehicle remains D param between 1 and 5 in a typical day.
def r4(d: float) -> bool:
    return 1 <= d <= 5

# A vehicle spends E param between 1 and 5 in a typical day.
def r5(e: float) -> bool:
    return 1 <= e <= 5


Input text:
Textual context: The total operation duration must not be lower than the idle time.
PTO-engaged stops cannot exceed the total number of stops.
Axle 2's load must always be equal to or greater than the payload.
The payload cannot exceed the capacity of axle 3.
The total operation duration must always be greater than or equal to the combined time for PTO, idle, and driving.";"
# The total operation duration must not be lower than the idle time.
def r6(total_duration: float, idle_time: float) -> bool:
    return total_duration >= idle_time

# PTO-engaged stops cannot exceed the total number of stops.
def r7(pto_stops: int, total_stops: int) -> bool:
    return pto_stops <= total_stops

# Axle 2's load must always be equal to or greater than the payload.
def r8(axle2_load: float, payload: float) -> bool:
    return axle2_load >= payload

# The payload cannot exceed the capacity of axle 3.
def r9(payload: float, axle3_capacity: float) -> bool:
    return payload <= axle3_capacity

# The total operation duration must always be greater than or equal to the combined time for PTO, idle, and driving.
def r10(total_duration: float, pto_time: float, idle_time: float, driving_time: float) -> bool:
    return total_duration >= (pto_time + idle_time + driving_time)"
"System Message:
You are a logician with a background in mathematics that translates natural language
reasoning text to Python3 code so that these natural language reasoning problems can be solved.
During the translation, please pay close attention to defining variables and rules.
Do not add any comments from you.
Be guided by the following example:
Example input text:
Textual context: A vehicle operates over a A param between 20 and 110 in a typical day.
A vehicle operates for a B param between 2 and 10 in a typical day.
A vehicle operates with C param between 0.2 and 5 in a typical day.
A vehicle remains D param between 1 and 5 in a typical day.
A vehicle spends E param between 1 and 5 in a typical day.

Example Python3 code:
# A vehicle operates over a A param between 20 and 110 in a typical day.
def r1(a: float) -> bool:
    return 20 <= a <= 110

# A vehicle operates for a B param between 2 and 10 in a typical day.
def r2(b: float) -> bool:
    return 2 <= b <= 10

# A vehicle operates with C param between 0.2 and 5 in a typical day.
def r3(c: float) -> bool:
    return 0.2 <= c <= 5

# A vehicle remains D param between 1 and 5 in a typical day.
def r4(d: float) -> bool:
    return 1 <= d <= 5

# A vehicle spends E param between 1 and 5 in a typical day.
def r5(e: float) -> bool:
    return 1 <= e <= 5


Input text:
Textual context: Total operation time shouldn’t be lower than PTO operation time.
The load on axle 1 must not surpass the load on axle 3.
Payload must remain below or equal to the load carried by axle 2.
The payload must always be smaller than or equal to the load on axle 3.
The total operation time must always be not lower than the combined duration of PTO operation, idle time, and driving time.";"
# Total operation time shouldn't be lower than PTO operation time.
def r1(pto_time: float, op_time: float) -> bool:
    return op_time >= pto_time

# The load on axle 1 must not surpass the load on axle 3.
def r2(axle1_load: float, axle3_load: float) -> bool:
    return axle1_load <= axle3_load

# Payload must remain below or equal to the load carried by axle 2.
def r3(payload: float, axle2_load: float) -> bool:
    return payload <= axle2_load

# Payload must always be smaller than or equal to the load on axle 3.
def r4(payload: float, axle3_load: float) -> bool:
    return payload <= axle3_load

# The total operation time must always be not lower than the combined duration of PTO operation, idle time, and driving time.
def r5(pto_time: float, idle_time: float, drive_time: float, op_time: float) -> bool:
    return op_time >= (pto_time + idle_time + drive_time)"
"System Message:
You are a logician with a background in mathematics that translates natural language
reasoning text to Python3 code so that these natural language reasoning problems can be solved.
During the translation, please pay close attention to defining variables and rules.
Do not add any comments from you.
Be guided by the following example:
Example input text:
Textual context: A vehicle operates over a A param between 20 and 110 in a typical day.
A vehicle operates for a B param between 2 and 10 in a typical day.
A vehicle operates with C param between 0.2 and 5 in a typical day.
A vehicle remains D param between 1 and 5 in a typical day.
A vehicle spends E param between 1 and 5 in a typical day.
A vehicle makes between 20 and 300 F param in a typical day.

Example Python3 code:
# A vehicle operates over a A param between 20 and 110 in a typical day.
def r1(a: float) -> bool:
    return 20 <= a <= 110

# A vehicle operates for a B param between 2 and 10 in a typical day.
def r2(b: float) -> bool:
    return 2 <= b <= 10

# A vehicle operates with C param between 0.2 and 5 in a typical day.
def r3(c: float) -> bool:
    return 0.2 <= c <= 5

# A vehicle remains D param between 1 and 5 in a typical day.
def r4(d: float) -> bool:
    return 1 <= d <= 5

# A vehicle spends E param between 1 and 5 in a typical day.
def r5(e: float) -> bool:
    return 1 <= e <= 5

# A vehicle makes between 20 and 300 F param in a typical day.
def r6(f: float) -> bool:
    return 20 <= f <= 300


Input text:
Textual context: PTO operation time should be less than or equal to the total operation time.
Driving time must always be less than or equal to the total operation time.
The number of stops where PTO is engaged must not exceed the overall stop count.
The load carried by axle 1 must be smaller than or equal to the load on axle 2.
The payload must always be smaller than or equal to the load on axle 3.
The combined time for PTO operation, idle time, and driving time must not surpass the total operation time.";"
```python
# PTO operation time should be less than or equal to the total operation time.
def r1(pto_time: float, total_time: float) -> bool:
    return pto_time <= total_time

# Driving time must always be less than or equal to the total operation time.
def r2(driving_time: float, total_time: float) -> bool:
    return driving_time <= total_time

# The number of stops where PTO is engaged must not exceed the overall stop count.
def r3(pto_stops: int, total_stops: int) -> bool:
    return pto_stops <= total_stops

# The load carried by axle 1 must be smaller than or equal to the load on axle 2.
def r4(axle1_load: float, axle2_load: float) -> bool:
    return axle1_load <= axle2_load

# The payload must always be smaller than or equal to the load on axle 3.
def r5(payload: float, axle3_load: float) -> bool:
    return payload <= axle3_load

# The combined time for PTO operation, idle time, and driving time must not surpass the total operation time.
def r6(pto_time: float, idle_time: float, driving_time: float, total_time: float) -> bool:
    return pto_time + idle_time + driving_time <= total_time
```"
"System Message:
You are a logician with a background in mathematics that translates natural language
reasoning text to Python3 code so that these natural language reasoning problems can be solved.
During the translation, please pay close attention to defining variables and rules.
Do not add any comments from you.
Be guided by the following example:
Example input text:
Textual context: A vehicle operates over a A param between 20 and 110 in a typical day.
A vehicle operates for a B param between 2 and 10 in a typical day.
A vehicle operates with C param between 0.2 and 5 in a typical day.
A vehicle remains D param between 1 and 5 in a typical day.
A vehicle spends E param between 1 and 5 in a typical day.
A vehicle makes between 20 and 300 F param in a typical day.

Example Python3 code:
# A vehicle operates over a A param between 20 and 110 in a typical day.
def r1(a: float) -> bool:
    return 20 <= a <= 110

# A vehicle operates for a B param between 2 and 10 in a typical day.
def r2(b: float) -> bool:
    return 2 <= b <= 10

# A vehicle operates with C param between 0.2 and 5 in a typical day.
def r3(c: float) -> bool:
    return 0.2 <= c <= 5

# A vehicle remains D param between 1 and 5 in a typical day.
def r4(d: float) -> bool:
    return 1 <= d <= 5

# A vehicle spends E param between 1 and 5 in a typical day.
def r5(e: float) -> bool:
    return 1 <= e <= 5

# A vehicle makes between 20 and 300 F param in a typical day.
def r6(f: float) -> bool:
    return 20 <= f <= 300


Input text:
Textual context: PTO operation time must be less than or equal to the total operation time.
The total operation durationmust not be lower than the driving time.
The load supported by axle 1 cannot exceed that of axle 2.
Payload must remain below or equal to the load carried by axle 2.
The payload must always be smaller than or equal to the load on axle 3.";"
# PTO operation time must be less than or equal to the total operation time.
def r1(pto_time: float, total_time: float) -> bool:
    return pto_time <= total_time

# The total operation duration must not be lower than the driving time.
def r2(total_time: float, driving_time: float) -> bool:
    return total_time >= driving_time

# The load supported by axle 1 cannot exceed that of axle 2.
def r3(load_axle1: float, load_axle2: float) -> bool:
    return load_axle1 <= load_axle2

# Payload must remain below or equal to the load carried by axle 2.
def r4(payload: float, load_axle2: float) -> bool:
    return payload <= load_axle2

# Payload must always be smaller than or equal to the load on axle 3.
def r5(payload: float, load_axle3: float) -> bool:
    return payload <= load_axle3"
"System Message:
You are a logician with a background in mathematics that translates natural language
reasoning text to Python3 code so that these natural language reasoning problems can be solved.
During the translation, please pay close attention to defining variables and rules.
Do not add any comments from you.
Be guided by the following example:
Example input text:
Textual context: A vehicle operates over a A param between 20 and 110 in a typical day.
A vehicle operates for a B param between 2 and 10 in a typical day.
A vehicle operates with C param between 0.2 and 5 in a typical day.
A vehicle remains D param between 1 and 5 in a typical day.
A vehicle spends E param between 1 and 5 in a typical day.
A vehicle makes between 20 and 300 F param in a typical day.

Example Python3 code:
# A vehicle operates over a A param between 20 and 110 in a typical day.
def r1(a: float) -> bool:
    return 20 <= a <= 110

# A vehicle operates for a B param between 2 and 10 in a typical day.
def r2(b: float) -> bool:
    return 2 <= b <= 10

# A vehicle operates with C param between 0.2 and 5 in a typical day.
def r3(c: float) -> bool:
    return 0.2 <= c <= 5

# A vehicle remains D param between 1 and 5 in a typical day.
def r4(d: float) -> bool:
    return 1 <= d <= 5

# A vehicle spends E param between 1 and 5 in a typical day.
def r5(e: float) -> bool:
    return 1 <= e <= 5

# A vehicle makes between 20 and 300 F param in a typical day.
def r6(f: float) -> bool:
    return 20 <= f <= 300


Input text:
Textual context: Idle time should be less than or equal to the total operation time.
The total operation durationmust not be lower than the driving time.
The number of stops where PTO is engaged must not exceed the overall stop count.
The weight on axle 1 cannot surpass the weight on axle 3.
Payload must remain below or equal to the load carried by axle 2.
Axle 3's load must always be equal to or greater than the payload.";"
# Idle time should be less than or equal to the total operation time.
def r1(idle_time: float, total_operation_time: float) -> bool:
    return idle_time <= total_operation_time

# The total operation duration must not be lower than the driving time.
def r2(total_operation_duration: float, driving_time: float) -> bool:
    return total_operation_duration >= driving_time

# The number of stops where PTO is engaged must not exceed the overall stop count.
def r3(pto_engaged_stops: int, overall_stop_count: int) -> bool:
    return pto_engaged_stops <= overall_stop_count

# Weight on axle 1 cannot surpass the weight on axle 3.
def r4(weight_axle_1: float, weight_axle_3: float) -> bool:
    return weight_axle_1 <= weight_axle_3

# Payload must remain below or equal to the load carried by axle 2.
def r5(payload: float, load_axle_2: float) -> bool:
    return payload <= load_axle_2

# Axle 3's load must always be equal to or greater than the payload.
def r6(load_axle_3: float, payload: float) -> bool:
    return load_axle_3 >= payload"
"System Message:
You are a logician with a background in mathematics that translates natural language
reasoning text to Python3 code so that these natural language reasoning problems can be solved.
During the translation, please pay close attention to defining variables and rules.
Do not add any comments from you.
Be guided by the following example:
Example input text:
Textual context: A vehicle operates over a A param between 20 and 110 in a typical day.
A vehicle operates for a B param between 2 and 10 in a typical day.
A vehicle operates with C param between 0.2 and 5 in a typical day.
A vehicle remains D param between 1 and 5 in a typical day.
A vehicle spends E param between 1 and 5 in a typical day.
A vehicle makes between 20 and 300 F param in a typical day.

Example Python3 code:
# A vehicle operates over a A param between 20 and 110 in a typical day.
def r1(a: float) -> bool:
    return 20 <= a <= 110

# A vehicle operates for a B param between 2 and 10 in a typical day.
def r2(b: float) -> bool:
    return 2 <= b <= 10

# A vehicle operates with C param between 0.2 and 5 in a typical day.
def r3(c: float) -> bool:
    return 0.2 <= c <= 5

# A vehicle remains D param between 1 and 5 in a typical day.
def r4(d: float) -> bool:
    return 1 <= d <= 5

# A vehicle spends E param between 1 and 5 in a typical day.
def r5(e: float) -> bool:
    return 1 <= e <= 5

# A vehicle makes between 20 and 300 F param in a typical day.
def r6(f: float) -> bool:
    return 20 <= f <= 300


Input text:
Textual context: Driving time cannot be greater than the total operation time.
PTO-engaged stops cannot exceed the total number of stops.
The load supported by axle 1 cannot exceed that of axle 2.
Payload must remain below or equal to the load carried by axle 3.";"
def r1(pto_time: float, total_time: float) -> bool:
    return pto_time <= total_time

def r2(pto_stops: int, total_stops: int) -> bool:
    return pto_stops <= total_stops

def r3(axle1_load: float, axle2_load: float) -> bool:
    return axle1_load <= axle2_load

def r4(payload: float, axle3_load: float) -> bool:
    return payload <= axle3_load"
"System Message:
You are a logician with a background in mathematics that translates natural language
reasoning text to Python3 code so that these natural language reasoning problems can be solved.
During the translation, please pay close attention to defining variables and rules.
Do not add any comments from you.
Be guided by the following example:
Example input text:
Textual context: A vehicle operates over a A param between 20 and 110 in a typical day.
A vehicle operates for a B param between 2 and 10 in a typical day.
A vehicle operates with C param between 0.2 and 5 in a typical day.
A vehicle remains D param between 1 and 5 in a typical day.
A vehicle spends E param between 1 and 5 in a typical day.
A vehicle makes between 20 and 300 F param in a typical day.

Example Python3 code:
# A vehicle operates over a A param between 20 and 110 in a typical day.
def r1(a: float) -> bool:
    return 20 <= a <= 110

# A vehicle operates for a B param between 2 and 10 in a typical day.
def r2(b: float) -> bool:
    return 2 <= b <= 10

# A vehicle operates with C param between 0.2 and 5 in a typical day.
def r3(c: float) -> bool:
    return 0.2 <= c <= 5

# A vehicle remains D param between 1 and 5 in a typical day.
def r4(d: float) -> bool:
    return 1 <= d <= 5

# A vehicle spends E param between 1 and 5 in a typical day.
def r5(e: float) -> bool:
    return 1 <= e <= 5

# A vehicle makes between 20 and 300 F param in a typical day.
def r6(f: float) -> bool:
    return 20 <= f <= 300


Input text:
Textual context: Driving time must always be less than or equal to the total operation time.
PTO-engaged stops cannot exceed the total number of stops.
The load supported by axle 1 cannot exceed that of axle 2.
The payload must always be smaller than or equal to the load on axle 2.
The payload must not exceed the load carried by axle 3.
Total operation time must be greater than or equal to the sum of PTO operation, idle, and driving times.";"
```python
# Driving time must always be less than or equal to the total operation time.
def r1(driving_time: float, total_operation_time: float) -> bool:
    return driving_time <= total_operation_time

# PTO-engaged stops cannot exceed the total number of stops.
def r2(pto_stops: int, total_stops: int) -> bool:
    return pto_stops <= total_stops

# The load supported by axle 1 cannot exceed that of axle 2.
def r3(axle1_load: float, axle2_load: float) -> bool:
    return axle1_load <= axle2_load

# The payload must always be smaller than or equal to the load on axle 2.
def r4(payload: float, axle2_load: float) -> bool:
    return payload <= axle2_load

# The payload must not exceed the load carried by axle 3.
def r5(payload: float, axle3_load: float) -> bool:
    return payload <= axle3_load

# Total operation time must be greater than or equal to the sum of PTO operation, idle, and driving times.
def r6(pto_operation: float, idle_time: float, driving_time: float, total_operation_time: float) -> bool:
    return total_operation_time >= (pto_operation + idle_time + driving_time)
```"
"System Message:
You are a logician with a background in mathematics that translates natural language
reasoning text to Python3 code so that these natural language reasoning problems can be solved.
During the translation, please pay close attention to defining variables and rules.
Do not add any comments from you.
Be guided by the following example:
Example input text:
Textual context: A vehicle operates over a A param between 20 and 110 in a typical day.
A vehicle operates for a B param between 2 and 10 in a typical day.
A vehicle operates with C param between 0.2 and 5 in a typical day.
A vehicle remains D param between 1 and 5 in a typical day.
A vehicle spends E param between 1 and 5 in a typical day.
A vehicle makes between 20 and 300 F param in a typical day.

Example Python3 code:
# A vehicle operates over a A param between 20 and 110 in a typical day.
def r1(a: float) -> bool:
    return 20 <= a <= 110

# A vehicle operates for a B param between 2 and 10 in a typical day.
def r2(b: float) -> bool:
    return 2 <= b <= 10

# A vehicle operates with C param between 0.2 and 5 in a typical day.
def r3(c: float) -> bool:
    return 0.2 <= c <= 5

# A vehicle remains D param between 1 and 5 in a typical day.
def r4(d: float) -> bool:
    return 1 <= d <= 5

# A vehicle spends E param between 1 and 5 in a typical day.
def r5(e: float) -> bool:
    return 1 <= e <= 5

# A vehicle makes between 20 and 300 F param in a typical day.
def r6(f: float) -> bool:
    return 20 <= f <= 300


Input text:
Textual context: The total operation duration must not be lower than the idle time.
Stops with PTO engaged should never outnumber total stops.
The load on axle 1 must not surpass the load on axle 2.
The payload must not exceed the load carried by axle 3.";"
# The total operation duration must not be lower than the idle time.
def r1(operation_duration: float, idle_time: float) -> bool:
    return operation_duration >= idle_time

# Stops with PTO engaged should never outnumber total stops.
def r2(total_stops: int, stops_with_pto: int) -> bool:
    return total_stops >= stops_with_pto

# The load on axle 1 must not surpass the load on axle 2.
def r3(load_axle_1: float, load_axle_2: float) -> bool:
    return load_axle_1 <= load_axle_2

# The payload must not exceed the load carried by axle 3.
def r4(payload: float, load_axle_3: float) -> bool:
    return payload <= load_axle_3"
"System Message:
You are a logician with a background in mathematics that translates natural language
reasoning text to Python3 code so that these natural language reasoning problems can be solved.
During the translation, please pay close attention to defining variables and rules.
Do not add any comments from you.
Be guided by the following example:
Example input text:
Textual context: A vehicle operates over a A param between 20 and 110 in a typical day.
A vehicle operates for a B param between 2 and 10 in a typical day.
A vehicle operates with C param between 0.2 and 5 in a typical day.
A vehicle remains D param between 1 and 5 in a typical day.
A vehicle spends E param between 1 and 5 in a typical day.
A vehicle makes between 20 and 300 F param in a typical day.

Example Python3 code:
# A vehicle operates over a A param between 20 and 110 in a typical day.
def r1(a: float) -> bool:
    return 20 <= a <= 110

# A vehicle operates for a B param between 2 and 10 in a typical day.
def r2(b: float) -> bool:
    return 2 <= b <= 10

# A vehicle operates with C param between 0.2 and 5 in a typical day.
def r3(c: float) -> bool:
    return 0.2 <= c <= 5

# A vehicle remains D param between 1 and 5 in a typical day.
def r4(d: float) -> bool:
    return 1 <= d <= 5

# A vehicle spends E param between 1 and 5 in a typical day.
def r5(e: float) -> bool:
    return 1 <= e <= 5

# A vehicle makes between 20 and 300 F param in a typical day.
def r6(f: float) -> bool:
    return 20 <= f <= 300


Input text:
Textual context: Axle 1's load cannot exceed Axle 2's load.
The load on axle 1 must not surpass the load on axle 3.
The payload must not exceed the load carried by axle 2.
The payload must not exceed the load carried by axle 3.";"
# Axle 1's load cannot exceed Axle 2's load.
def r1(axle1_load: float, axle2_load: float) -> bool:
    return axle1_load <= axle2_load

# The load on axle 1 must not surpass the load on axle 3.
def r2(axle1_load: float, axle3_load: float) -> bool:
    return axle1_load <= axle3_load

# The payload must not exceed the load carried by axle 2.
def r3(payload: float, axle2_load: float) -> bool:
    return payload <= axle2_load

# The payload must not exceed the load carried by axle 3.
def r4(payload: float, axle3_load: float) -> bool:
    return payload <= axle3_load"
"System Message:
You are a logician with a background in mathematics that translates natural language
reasoning text to Python3 code so that these natural language reasoning problems can be solved.
During the translation, please pay close attention to defining variables and rules.
Do not add any comments from you.
Be guided by the following example:
Example input text:
Textual context: A vehicle operates over a A param between 20 and 110 in a typical day.
A vehicle operates for a B param between 2 and 10 in a typical day.
A vehicle operates with C param between 0.2 and 5 in a typical day.
A vehicle remains D param between 1 and 5 in a typical day.
A vehicle spends E param between 1 and 5 in a typical day.

Example Python3 code:
# A vehicle operates over a A param between 20 and 110 in a typical day.
def r1(a: float) -> bool:
    return 20 <= a <= 110

# A vehicle operates for a B param between 2 and 10 in a typical day.
def r2(b: float) -> bool:
    return 2 <= b <= 10

# A vehicle operates with C param between 0.2 and 5 in a typical day.
def r3(c: float) -> bool:
    return 0.2 <= c <= 5

# A vehicle remains D param between 1 and 5 in a typical day.
def r4(d: float) -> bool:
    return 1 <= d <= 5

# A vehicle spends E param between 1 and 5 in a typical day.
def r5(e: float) -> bool:
    return 1 <= e <= 5


Input text:
Textual context: Total operation time shouldn’t be lower than PTO operation time.
PTO-engaged stops cannot exceed the total number of stops.
The load on axle 1 must not surpass the load on axle 2.
Axle 2's load must always be equal to or greater than the payload.
The payload must always be smaller than or equal to the load on axle 3.";"
# Total operation time shouldn't be lower than PTO operation time.
def r6(pto_time: float, total_time: float) -> bool:
    return pto_time <= total_time

# PTO-engaged stops cannot exceed the total number of stops.
def r7(pto_stops: int, total_stops: int) -> bool:
    return pto_stops <= total_stops

# The load on axle 1 must not surpass the load on axle 2.
def r8(axle1_load: float, axle2_load: float) -> bool:
    return axle1_load <= axle2_load

# Axle 2's load must always be equal to or greater than the payload.
def r9(payload: float, axle2_load: float) -> bool:
    return payload <= axle2_load

# The payload must always be smaller than or equal to the load on axle 3.
def r10(payload: float, axle3_load: float) -> bool:
    return payload <= axle3_load"
"System Message:
You are a logician with a background in mathematics that translates natural language
reasoning text to Python3 code so that these natural language reasoning problems can be solved.
During the translation, please pay close attention to defining variables and rules.
Do not add any comments from you.
Be guided by the following example:
Example input text:
Textual context: A vehicle operates over a A param between 20 and 110 in a typical day.
A vehicle operates for a B param between 2 and 10 in a typical day.
A vehicle operates with C param between 0.2 and 5 in a typical day.
A vehicle remains D param between 1 and 5 in a typical day.
A vehicle spends E param between 1 and 5 in a typical day.

Example Python3 code:
# A vehicle operates over a A param between 20 and 110 in a typical day.
def r1(a: float) -> bool:
    return 20 <= a <= 110

# A vehicle operates for a B param between 2 and 10 in a typical day.
def r2(b: float) -> bool:
    return 2 <= b <= 10

# A vehicle operates with C param between 0.2 and 5 in a typical day.
def r3(c: float) -> bool:
    return 0.2 <= c <= 5

# A vehicle remains D param between 1 and 5 in a typical day.
def r4(d: float) -> bool:
    return 1 <= d <= 5

# A vehicle spends E param between 1 and 5 in a typical day.
def r5(e: float) -> bool:
    return 1 <= e <= 5


Input text:
Textual context: The total operation duration must not be lower than the PTO operation time.
Stops with PTO engaged cannot outnumber the total stops.
The load supported by axle 1 cannot exceed that of axle 3.
Payload must remain below or equal to the load carried by axle 2.
The combined time for PTO operation, idle time, and driving time must not surpass the total operation time.";"
# The total operation duration must not be lower than the PTO operation time.
def r1(pto_time: float, total_time: float) -> bool:
    return pto_time <= total_time

# Stops with PTO engaged cannot outnumber the total stops.
def r2(pto_stops: int, total_stops: int) -> bool:
    return pto_stops <= total_stops

# The load supported by axle 1 cannot exceed that of axle 3.
def r3(axle1_load: float, axle3_load: float) -> bool:
    return axle1_load <= axle3_load

# Payload must remain below or equal to the load carried by axle 2.
def r4(payload: float, axle2_load: float) -> bool:
    return payload <= axle2_load

# The combined time for PTO operation, idle time, and driving time must not surpass the total operation time.
def r5(pto_time: float, idle_time: float, driving_time: float, total_time: float) -> bool:
    return pto_time + idle_time + driving_time <= total_time"
"System Message:
You are a logician with a background in mathematics that translates natural language
reasoning text to Python3 code so that these natural language reasoning problems can be solved.
During the translation, please pay close attention to defining variables and rules.
Do not add any comments from you.
Be guided by the following example:
Example input text:
Textual context: A vehicle operates over a A param between 20 and 110 in a typical day.
A vehicle operates for a B param between 2 and 10 in a typical day.
A vehicle operates with C param between 0.2 and 5 in a typical day.
A vehicle remains D param between 1 and 5 in a typical day.
A vehicle spends E param between 1 and 5 in a typical day.

Example Python3 code:
# A vehicle operates over a A param between 20 and 110 in a typical day.
def r1(a: float) -> bool:
    return 20 <= a <= 110

# A vehicle operates for a B param between 2 and 10 in a typical day.
def r2(b: float) -> bool:
    return 2 <= b <= 10

# A vehicle operates with C param between 0.2 and 5 in a typical day.
def r3(c: float) -> bool:
    return 0.2 <= c <= 5

# A vehicle remains D param between 1 and 5 in a typical day.
def r4(d: float) -> bool:
    return 1 <= d <= 5

# A vehicle spends E param between 1 and 5 in a typical day.
def r5(e: float) -> bool:
    return 1 <= e <= 5


Input text:
Textual context: PTO operation time cannot be greater than the total operation time.
Total operation time shouldn’t be lower than idle time.
Payload must remain below or equal to the load carried by axle 2.
The total operation duration must always be greater than or equal to the combined time for PTO, idle, and driving.";"
# PTO operation time cannot be greater than the total operation time.
def r1(pto_time: float, total_time: float) -> bool:
    return pto_time <= total_time

# Total operation time shouldn't be lower than idle time.
def r2(total_time: float, idle_time: float) -> bool:
    return total_time >= idle_time

# Payload must remain below or equal to the load carried by axle 2.
def r3(payload: float, axle2_load: float) -> bool:
    return payload <= axle2_load

# The total operation duration must always be greater than or equal to the combined time for PTO, idle, and driving.
def r4(pto_time: float, idle_time: float, driving_time: float, total_time: float) -> bool:
    return total_time >= (pto_time + idle_time + driving_time)"
"System Message:
You are a logician with a background in mathematics that translates natural language
reasoning text to Python3 code so that these natural language reasoning problems can be solved.
During the translation, please pay close attention to defining variables and rules.
Do not add any comments from you.
Be guided by the following example:
Example input text:
Textual context: A vehicle operates over a A param between 20 and 110 in a typical day.
A vehicle operates for a B param between 2 and 10 in a typical day.
A vehicle operates with C param between 0.2 and 5 in a typical day.
A vehicle remains D param between 1 and 5 in a typical day.
A vehicle spends E param between 1 and 5 in a typical day.

Example Python3 code:
# A vehicle operates over a A param between 20 and 110 in a typical day.
def r1(a: float) -> bool:
    return 20 <= a <= 110

# A vehicle operates for a B param between 2 and 10 in a typical day.
def r2(b: float) -> bool:
    return 2 <= b <= 10

# A vehicle operates with C param between 0.2 and 5 in a typical day.
def r3(c: float) -> bool:
    return 0.2 <= c <= 5

# A vehicle remains D param between 1 and 5 in a typical day.
def r4(d: float) -> bool:
    return 1 <= d <= 5

# A vehicle spends E param between 1 and 5 in a typical day.
def r5(e: float) -> bool:
    return 1 <= e <= 5


Input text:
Textual context: Total operation time shouldn’t be lower than PTO operation time.
Driving time cannot be greater than the total operation time.
Stops with PTO engaged should never outnumber total stops.
The load on axle 1 must not surpass the load on axle 3.
Payload must remain below or equal to the load carried by axle 2.";"
# Total operation time shouldn't be lower than PTO operation time.
def r6(pto_time: float, total_time: float) -> bool:
    return pto_time <= total_time

# Driving time cannot be greater than the total operation time.
def r7(driving_time: float, total_time: float) -> bool:
    return driving_time <= total_time

# Stops with PTO engaged should never outnumber total stops.
def r8(pto_stops: int, total_stops: int) -> bool:
    return pto_stops <= total_stops

# The load on axle 1 must not surpass the load on axle 3.
def r9(axle1_load: float, axle3_load: float) -> bool:
    return axle1_load <= axle3_load

# Payload must remain below or equal to the load carried by axle 2.
def r10(payload: float, axle2_load: float) -> bool:
    return payload <= axle2_load"
"System Message:
You are a logician with a background in mathematics that translates natural language
reasoning text to Python3 code so that these natural language reasoning problems can be solved.
During the translation, please pay close attention to defining variables and rules.
Do not add any comments from you.
Be guided by the following example:
Example input text:
Textual context: A vehicle operates over a A param between 20 and 110 in a typical day.
A vehicle operates for a B param between 2 and 10 in a typical day.
A vehicle operates with C param between 0.2 and 5 in a typical day.
A vehicle remains D param between 1 and 5 in a typical day.
A vehicle spends E param between 1 and 5 in a typical day.

Example Python3 code:
# A vehicle operates over a A param between 20 and 110 in a typical day.
def r1(a: float) -> bool:
    return 20 <= a <= 110

# A vehicle operates for a B param between 2 and 10 in a typical day.
def r2(b: float) -> bool:
    return 2 <= b <= 10

# A vehicle operates with C param between 0.2 and 5 in a typical day.
def r3(c: float) -> bool:
    return 0.2 <= c <= 5

# A vehicle remains D param between 1 and 5 in a typical day.
def r4(d: float) -> bool:
    return 1 <= d <= 5

# A vehicle spends E param between 1 and 5 in a typical day.
def r5(e: float) -> bool:
    return 1 <= e <= 5


Input text:
Textual context: Total operation time shouldn’t be lower than PTO operation time.
Idle time cannot be greater than the total operation time.
The load supported by axle 1 cannot exceed that of axle 2.
The weight on axle 1 cannot surpass the weight on axle 3.
Payload must remain below or equal to the load carried by axle 2.";"
# Total operation time shouldn't be lower than PTO operation time.
def r1(pto_time: float, total_time: float) -> bool:
    return pto_time <= total_time

# Idle time cannot be greater than the total operation time.
def r2(idle_time: float, total_time: float) -> bool:
    return idle_time <= total_time

# The load supported by axle 1 cannot exceed that of axle 2.
def r3(axle1_load: float, axle2_load: float) -> bool:
    return axle1_load <= axle2_load

# The weight on axle 1 cannot surpass the weight on axle 3.
def r4(axle1_weight: float, axle3_weight: float) -> bool:
    return axle1_weight <= axle3_weight

# Payload must remain below or equal to the load carried by axle 2.
def r5(payload: float, axle2_load: float) -> bool:
    return payload <= axle2_load"
"System Message:
You are a logician with a background in mathematics that translates natural language
reasoning text to Python3 code so that these natural language reasoning problems can be solved.
During the translation, please pay close attention to defining variables and rules.
Do not add any comments from you.
Be guided by the following example:
Example input text:
Textual context: A vehicle operates over a A param between 20 and 110 in a typical day.
A vehicle operates for a B param between 2 and 10 in a typical day.
A vehicle operates with C param between 0.2 and 5 in a typical day.
A vehicle remains D param between 1 and 5 in a typical day.
A vehicle spends E param between 1 and 5 in a typical day.
A vehicle makes between 20 and 300 F param in a typical day.

Example Python3 code:
# A vehicle operates over a A param between 20 and 110 in a typical day.
def r1(a: float) -> bool:
    return 20 <= a <= 110

# A vehicle operates for a B param between 2 and 10 in a typical day.
def r2(b: float) -> bool:
    return 2 <= b <= 10

# A vehicle operates with C param between 0.2 and 5 in a typical day.
def r3(c: float) -> bool:
    return 0.2 <= c <= 5

# A vehicle remains D param between 1 and 5 in a typical day.
def r4(d: float) -> bool:
    return 1 <= d <= 5

# A vehicle spends E param between 1 and 5 in a typical day.
def r5(e: float) -> bool:
    return 1 <= e <= 5

# A vehicle makes between 20 and 300 F param in a typical day.
def r6(f: float) -> bool:
    return 20 <= f <= 300


Input text:
Textual context: Total operation time shouldn’t be lower than PTO operation time.
The total operation duration must not be lower than the idle time.
Stops with PTO engaged should never outnumber total stops.
The load supported by axle 1 cannot exceed that of axle 3.
Payload must remain below or equal to the load carried by axle 3.
Total operation time should be at least the sum of PTO, idle, and driving times.";"
def r1(pto_time: float, idle_time: float, drive_time: float) -> bool:
    return pto_time + idle_time + drive_time >= pto_time

def r2(pto_time: float, idle_time: float, drive_time: float) -> bool:
    return pto_time + idle_time + drive_time >= idle_time

def r3(pto_time: float, idle_time: float, drive_time: float) -> bool:
    return pto_time + idle_time + drive_time >= drive_time

def r4(axle1_load: float, axle3_load: float) -> bool:
    return axle1_load <= axle3_load

def r5(payload: float, axle3_load: float) -> bool:
    return payload <= axle3_load

def r6(pto_time: float, idle_time: float, drive_time: float) -> bool:
    return pto_time + idle_time + drive_time >= pto_time + idle_time + drive_time"
"System Message:
You are a logician with a background in mathematics that translates natural language
reasoning text to Python3 code so that these natural language reasoning problems can be solved.
During the translation, please pay close attention to defining variables and rules.
Do not add any comments from you.
Be guided by the following example:
Example input text:
Textual context: A vehicle operates over a A param between 20 and 110 in a typical day.
A vehicle operates for a B param between 2 and 10 in a typical day.
A vehicle operates with C param between 0.2 and 5 in a typical day.
A vehicle remains D param between 1 and 5 in a typical day.
A vehicle spends E param between 1 and 5 in a typical day.
A vehicle makes between 20 and 300 F param in a typical day.

Example Python3 code:
# A vehicle operates over a A param between 20 and 110 in a typical day.
def r1(a: float) -> bool:
    return 20 <= a <= 110

# A vehicle operates for a B param between 2 and 10 in a typical day.
def r2(b: float) -> bool:
    return 2 <= b <= 10

# A vehicle operates with C param between 0.2 and 5 in a typical day.
def r3(c: float) -> bool:
    return 0.2 <= c <= 5

# A vehicle remains D param between 1 and 5 in a typical day.
def r4(d: float) -> bool:
    return 1 <= d <= 5

# A vehicle spends E param between 1 and 5 in a typical day.
def r5(e: float) -> bool:
    return 1 <= e <= 5

# A vehicle makes between 20 and 300 F param in a typical day.
def r6(f: float) -> bool:
    return 20 <= f <= 300


Input text:
Textual context: PTO operation time must be less than or equal to the total operation time.
Idle time cannot be greater than the total operation time.
Stops with PTO engaged cannot outnumber the total stops.
Axle 1's load cannot exceed Axle 2's load.
Axle 1's load cannot exceed Axle 3's load.
Axle 2's load must always be equal to or greater than the payload.";"
# PTO operation time must be less than or equal to the total operation time.
def r1(pto_time: float, total_time: float) -> bool:
    return pto_time <= total_time

# Idle time cannot be greater than the total operation time.
def r2(idle_time: float, total_time: float) -> bool:
    return idle_time <= total_time

# Stops with PTO engaged cannot outnumber the total stops.
def r3(pto_stops: int, total_stops: int) -> bool:
    return pto_stops <= total_stops

# Axle 1's load cannot exceed Axle 2's load.
def r4(axle1_load: float, axle2_load: float) -> bool:
    return axle1_load <= axle2_load

# Axle 1's load cannot exceed Axle 3's load.
def r5(axle1_load: float, axle3_load: float) -> bool:
    return axle1_load <= axle3_load

# Axle 2's load must always be equal to or greater than the payload.
def r6(axle2_load: float, payload: float) -> bool:
    return axle2_load >= payload"
"System Message:
You are a logician with a background in mathematics that translates natural language
reasoning text to Python3 code so that these natural language reasoning problems can be solved.
During the translation, please pay close attention to defining variables and rules.
Do not add any comments from you.
Be guided by the following example:
Example input text:
Textual context: A vehicle operates over a A param between 20 and 110 in a typical day.
A vehicle operates for a B param between 2 and 10 in a typical day.
A vehicle operates with C param between 0.2 and 5 in a typical day.
A vehicle remains D param between 1 and 5 in a typical day.
A vehicle spends E param between 1 and 5 in a typical day.
A vehicle makes between 20 and 300 F param in a typical day.

Example Python3 code:
# A vehicle operates over a A param between 20 and 110 in a typical day.
def r1(a: float) -> bool:
    return 20 <= a <= 110

# A vehicle operates for a B param between 2 and 10 in a typical day.
def r2(b: float) -> bool:
    return 2 <= b <= 10

# A vehicle operates with C param between 0.2 and 5 in a typical day.
def r3(c: float) -> bool:
    return 0.2 <= c <= 5

# A vehicle remains D param between 1 and 5 in a typical day.
def r4(d: float) -> bool:
    return 1 <= d <= 5

# A vehicle spends E param between 1 and 5 in a typical day.
def r5(e: float) -> bool:
    return 1 <= e <= 5

# A vehicle makes between 20 and 300 F param in a typical day.
def r6(f: float) -> bool:
    return 20 <= f <= 300


Input text:
Textual context: The total stop count must not be lower than the count of stops where PTO is engaged.
The load carried by axle 1 must be smaller than or equal to the load on axle 2.
The load carried by axle 1 must be smaller than or equal to the load on axle 3.
The payload cannot exceed the capacity of axle 2.
The payload cannot exceed the capacity of axle 3.
The combined time for PTO operation, idle time, and driving time must not surpass the total operation time.";"
```python
def r1(stop_count: int, engaged_pto_stops: int) -> bool:
    return stop_count >= engaged_pto_stops

def r2(axle1_load: float, axle2_load: float) -> bool:
    return axle1_load <= axle2_load

def r3(axle1_load: float, axle3_load: float) -> bool:
    return axle1_load <= axle3_load

def r4(axle2_capacity: float, payload: float) -> bool:
    return payload <= axle2_capacity

def r5(axle3_capacity: float, payload: float) -> bool:
    return payload <= axle3_capacity

def r6(pto_time: float, idle_time: float, driving_time: float, total_operation_time: float) -> bool:
    return pto_time + idle_time + driving_time <= total_operation_time
```"
"System Message:
You are a logician with a background in mathematics that translates natural language
reasoning text to Python3 code so that these natural language reasoning problems can be solved.
During the translation, please pay close attention to defining variables and rules.
Do not add any comments from you.
Be guided by the following example:
Example input text:
Textual context: A vehicle operates over a A param between 20 and 110 in a typical day.
A vehicle operates for a B param between 2 and 10 in a typical day.
A vehicle operates with C param between 0.2 and 5 in a typical day.
A vehicle remains D param between 1 and 5 in a typical day.
A vehicle spends E param between 1 and 5 in a typical day.
A vehicle makes between 20 and 300 F param in a typical day.

Example Python3 code:
# A vehicle operates over a A param between 20 and 110 in a typical day.
def r1(a: float) -> bool:
    return 20 <= a <= 110

# A vehicle operates for a B param between 2 and 10 in a typical day.
def r2(b: float) -> bool:
    return 2 <= b <= 10

# A vehicle operates with C param between 0.2 and 5 in a typical day.
def r3(c: float) -> bool:
    return 0.2 <= c <= 5

# A vehicle remains D param between 1 and 5 in a typical day.
def r4(d: float) -> bool:
    return 1 <= d <= 5

# A vehicle spends E param between 1 and 5 in a typical day.
def r5(e: float) -> bool:
    return 1 <= e <= 5

# A vehicle makes between 20 and 300 F param in a typical day.
def r6(f: float) -> bool:
    return 20 <= f <= 300


Input text:
Textual context: PTO operation time must be less than or equal to the total operation time.
Idle time should be less than or equal to the total operation time.
Driving time must always be less than or equal to the total operation time.
Axle 1's load cannot exceed Axle 3's load.
Payload must remain below or equal to the load carried by axle 2.";"
# PTO operation time must be less than or equal to the total operation time.
def r1(pto_time: float, total_time: float) -> bool:
    return pto_time <= total_time

# Idle time should be less than or equal to the total operation time.
def r2(idle_time: float, total_time: float) -> bool:
    return idle_time <= total_time

# Driving time must always be less than or equal to the total operation time.
def r3(driving_time: float, total_time: float) -> bool:
    return driving_time <= total_time

# Axle 1's load cannot exceed Axle 3's load.
def r4(axle1_load: float, axle3_load: float) -> bool:
    return axle1_load <= axle3_load

# Payload must remain below or equal to the load carried by axle 2.
def r5(payload: float, axle2_load: float) -> bool:
    return payload <= axle2_load"
"System Message:
You are a logician with a background in mathematics that translates natural language
reasoning text to Python3 code so that these natural language reasoning problems can be solved.
During the translation, please pay close attention to defining variables and rules.
Do not add any comments from you.
Be guided by the following example:
Example input text:
Textual context: A vehicle operates over a A param between 20 and 110 in a typical day.
A vehicle operates for a B param between 2 and 10 in a typical day.
A vehicle operates with C param between 0.2 and 5 in a typical day.
A vehicle remains D param between 1 and 5 in a typical day.
A vehicle spends E param between 1 and 5 in a typical day.
A vehicle makes between 20 and 300 F param in a typical day.

Example Python3 code:
# A vehicle operates over a A param between 20 and 110 in a typical day.
def r1(a: float) -> bool:
    return 20 <= a <= 110

# A vehicle operates for a B param between 2 and 10 in a typical day.
def r2(b: float) -> bool:
    return 2 <= b <= 10

# A vehicle operates with C param between 0.2 and 5 in a typical day.
def r3(c: float) -> bool:
    return 0.2 <= c <= 5

# A vehicle remains D param between 1 and 5 in a typical day.
def r4(d: float) -> bool:
    return 1 <= d <= 5

# A vehicle spends E param between 1 and 5 in a typical day.
def r5(e: float) -> bool:
    return 1 <= e <= 5

# A vehicle makes between 20 and 300 F param in a typical day.
def r6(f: float) -> bool:
    return 20 <= f <= 300


Input text:
Textual context: PTO operation time should be less than or equal to the total operation time.
Stops with PTO engaged should never outnumber total stops.
Axle 1's load cannot exceed Axle 3's load.
The payload must not exceed the load carried by axle 3.
Total operation time should be at least the sum of PTO, idle, and driving times.";"
# PTO operation time should be less than or equal to the total operation time.
def r1(pto_time: float, total_time: float) -> bool:
    return pto_time <= total_time

# Stops with PTO engaged should never outnumber total stops.
def r2(pto_stops: int, total_stops: int) -> bool:
    return pto_stops <= total_stops

# Axle 1's load cannot exceed Axle 3's load.
def r3(axle1_load: float, axle3_load: float) -> bool:
    return axle1_load <= axle3_load

# The payload must not exceed the load carried by axle 3.
def r4(payload: float, axle3_load: float) -> bool:
    return payload <= axle3_load

# Total operation time should be at least the sum of PTO, idle, and driving times.
def r5(pto_time: float, idle_time: float, driving_time: float, total_time: float) -> bool:
    return total_time >= pto_time + idle_time + driving_time"
"System Message:
You are a logician with a background in mathematics that translates natural language
reasoning text to Python3 code so that these natural language reasoning problems can be solved.
During the translation, please pay close attention to defining variables and rules.
Do not add any comments from you.
Be guided by the following example:
Example input text:
Textual context: A vehicle operates over a A param between 20 and 110 in a typical day.
A vehicle operates for a B param between 2 and 10 in a typical day.
A vehicle operates with C param between 0.2 and 5 in a typical day.
A vehicle remains D param between 1 and 5 in a typical day.
A vehicle spends E param between 1 and 5 in a typical day.
A vehicle makes between 20 and 300 F param in a typical day.

Example Python3 code:
# A vehicle operates over a A param between 20 and 110 in a typical day.
def r1(a: float) -> bool:
    return 20 <= a <= 110

# A vehicle operates for a B param between 2 and 10 in a typical day.
def r2(b: float) -> bool:
    return 2 <= b <= 10

# A vehicle operates with C param between 0.2 and 5 in a typical day.
def r3(c: float) -> bool:
    return 0.2 <= c <= 5

# A vehicle remains D param between 1 and 5 in a typical day.
def r4(d: float) -> bool:
    return 1 <= d <= 5

# A vehicle spends E param between 1 and 5 in a typical day.
def r5(e: float) -> bool:
    return 1 <= e <= 5

# A vehicle makes between 20 and 300 F param in a typical day.
def r6(f: float) -> bool:
    return 20 <= f <= 300


Input text:
Textual context: PTO operation time must be less than or equal to the total operation time.
Stops with PTO engaged should never outnumber total stops.
The weight on axle 1 cannot surpass the weight on axle 2.
The payload must not exceed the load carried by axle 3.
The combined time for PTO operation, idle time, and driving time must not surpass the total operation time.";"
# PTO operation time must be less than or equal to the total operation time.
def r1(pto_time: float, total_time: float) -> bool:
    return pto_time <= total_time

# Stops with PTO engaged should never outnumber total stops.
def r2(pto_stops: int, total_stops: int) -> bool:
    return pto_stops <= total_stops

# The weight on axle 1 cannot surpass the weight on axle 2.
def r3(axle1_weight: float, axle2_weight: float) -> bool:
    return axle1_weight <= axle2_weight

# The payload must not exceed the load carried by axle 3.
def r4(payload: float, axle3_load: float) -> bool:
    return payload <= axle3_load

# The combined time for PTO operation, idle time, and driving time must not surpass the total operation time.
def r5(pto_time: float, idle_time: float, driving_time: float, total_time: float) -> bool:
    return pto_time + idle_time + driving_time <= total_time"
"System Message:
You are a logician with a background in mathematics that translates natural language
reasoning text to Python3 code so that these natural language reasoning problems can be solved.
During the translation, please pay close attention to defining variables and rules.
Do not add any comments from you.
Be guided by the following example:
Example input text:
Textual context: A vehicle operates over a A param between 20 and 110 in a typical day.
A vehicle operates for a B param between 2 and 10 in a typical day.
A vehicle operates with C param between 0.2 and 5 in a typical day.
A vehicle remains D param between 1 and 5 in a typical day.
A vehicle spends E param between 1 and 5 in a typical day.
A vehicle makes between 20 and 300 F param in a typical day.

Example Python3 code:
# A vehicle operates over a A param between 20 and 110 in a typical day.
def r1(a: float) -> bool:
    return 20 <= a <= 110

# A vehicle operates for a B param between 2 and 10 in a typical day.
def r2(b: float) -> bool:
    return 2 <= b <= 10

# A vehicle operates with C param between 0.2 and 5 in a typical day.
def r3(c: float) -> bool:
    return 0.2 <= c <= 5

# A vehicle remains D param between 1 and 5 in a typical day.
def r4(d: float) -> bool:
    return 1 <= d <= 5

# A vehicle spends E param between 1 and 5 in a typical day.
def r5(e: float) -> bool:
    return 1 <= e <= 5

# A vehicle makes between 20 and 300 F param in a typical day.
def r6(f: float) -> bool:
    return 20 <= f <= 300


Input text:
Textual context: The total operation duration must not be lower than the PTO operation time.
Total operation time shouldn’t be lower than idle time.
PTO-engaged stops cannot exceed the total number of stops.
The load carried by axle 1 must be smaller than or equal to the load on axle 3.
The payload must not exceed the load carried by axle 2.
The payload cannot exceed the capacity of axle 3.";"
# The total operation duration must not be lower than the PTO operation time.
def r1(total_duration: float, pto_operation_time: float) -> bool:
    return total_duration >= pto_operation_time

# Total operation time shouldn't be lower than idle time.
def r2(total_operation_time: float, idle_time: float) -> bool:
    return total_operation_time >= idle_time

# PTO-engaged stops cannot exceed the total number of stops.
def r3(pto_engaged_stops: int, total_stops: int) -> bool:
    return pto_engaged_stops <= total_stops

# The load carried by axle 1 must be smaller than or equal to the load on axle 3.
def r4(load_axle1: float, load_axle3: float) -> bool:
    return load_axle1 <= load_axle3

# The payload must not exceed the load carried by axle 2.
def r5(payload: float, load_axle2: float) -> bool:
    return payload <= load_axle2

# The payload cannot exceed the capacity of axle 3.
def r6(payload: float, capacity_axle3: float) -> bool:
    return payload <= capacity_axle3"
"System Message:
You are a logician with a background in mathematics that translates natural language
reasoning text to Python3 code so that these natural language reasoning problems can be solved.
During the translation, please pay close attention to defining variables and rules.
Do not add any comments from you.
Be guided by the following example:
Example input text:
Textual context: A vehicle operates over a A param between 20 and 110 in a typical day.
A vehicle operates for a B param between 2 and 10 in a typical day.
A vehicle operates with C param between 0.2 and 5 in a typical day.
A vehicle remains D param between 1 and 5 in a typical day.
A vehicle spends E param between 1 and 5 in a typical day.
A vehicle makes between 20 and 300 F param in a typical day.

Example Python3 code:
# A vehicle operates over a A param between 20 and 110 in a typical day.
def r1(a: float) -> bool:
    return 20 <= a <= 110

# A vehicle operates for a B param between 2 and 10 in a typical day.
def r2(b: float) -> bool:
    return 2 <= b <= 10

# A vehicle operates with C param between 0.2 and 5 in a typical day.
def r3(c: float) -> bool:
    return 0.2 <= c <= 5

# A vehicle remains D param between 1 and 5 in a typical day.
def r4(d: float) -> bool:
    return 1 <= d <= 5

# A vehicle spends E param between 1 and 5 in a typical day.
def r5(e: float) -> bool:
    return 1 <= e <= 5

# A vehicle makes between 20 and 300 F param in a typical day.
def r6(f: float) -> bool:
    return 20 <= f <= 300


Input text:
Textual context: Total operation time shouldn’t be lower than idle time.
Driving time should be less than or equal to the total operation time.
The number of stops where PTO is engaged must not exceed the overall stop count.
The weight on axle 1 cannot surpass the weight on axle 2.
The load on axle 1 must not surpass the load on axle 3.
The combined time for PTO operation, idle time, and driving time must not surpass the total operation time.";"
def r1(total_operation_time: float, idle_time: float) -> bool:
    return total_operation_time >= idle_time

def r2(driving_time: float, total_operation_time: float) -> bool:
    return driving_time <= total_operation_time

def r3(pto_stops: int, total_stops: int) -> bool:
    return pto_stops <= total_stops

def r4(axle1_weight: float, axle2_weight: float) -> bool:
    return axle1_weight <= axle2_weight

def r5(axle1_load: float, axle3_load: float) -> bool:
    return axle1_load <= axle3_load

def r6(pto_time: float, idle_time: float, driving_time: float, total_operation_time: float) -> bool:
    return pto_time + idle_time + driving_time <= total_operation_time"
"System Message:
You are a logician with a background in mathematics that translates natural language
reasoning text to Python3 code so that these natural language reasoning problems can be solved.
During the translation, please pay close attention to defining variables and rules.
Do not add any comments from you.
Be guided by the following example:
Example input text:
Textual context: A vehicle operates over a A param between 20 and 110 in a typical day.
A vehicle operates for a B param between 2 and 10 in a typical day.
A vehicle operates with C param between 0.2 and 5 in a typical day.
A vehicle remains D param between 1 and 5 in a typical day.
A vehicle spends E param between 1 and 5 in a typical day.
A vehicle makes between 20 and 300 F param in a typical day.
A vehicle makes between 20 and 250 G param in a typical day.

Example Python3 code:
# A vehicle operates over a A param between 20 and 110 in a typical day.
def r1(a: float) -> bool:
    return 20 <= a <= 110

# A vehicle operates for a B param between 2 and 10 in a typical day.
def r2(b: float) -> bool:
    return 2 <= b <= 10

# A vehicle operates with C param between 0.2 and 5 in a typical day.
def r3(c: float) -> bool:
    return 0.2 <= c <= 5

# A vehicle remains D param between 1 and 5 in a typical day.
def r4(d: float) -> bool:
    return 1 <= d <= 5

# A vehicle spends E param between 1 and 5 in a typical day.
def r5(e: float) -> bool:
    return 1 <= e <= 5

# A vehicle makes between 20 and 300 F param in a typical day.
def r6(f: float) -> bool:
    return 20 <= f <= 300

# A vehicle makes between 20 and 250 G param in a typical day.
def r7(g: float) -> bool:
    return 20 <= g <= 250


Input text:
Textual context: Total operation time shouldn’t be lower than PTO operation time.
Idle time must always be less than or equal to the total operation time.
The total operation durationmust not be lower than the driving time.
Stops with PTO engaged should never outnumber total stops.
The weight on axle 1 cannot surpass the weight on axle 2.
The payload cannot exceed the capacity of axle 2.
The combined time for PTO operation, idle time, and driving time must not surpass the total operation time.";"
```python
# Total operation time shouldn't be lower than PTO operation time.
def r8(pto_time: float, total_time: float) -> bool:
    return pto_time <= total_time

# Idle time must always be less than or equal to the total operation time.
def r9(idle_time: float, total_time: float) -> bool:
    return idle_time <= total_time

# The total operation durationmust not be lower than the driving time.
def r10(driving_time: float, total_time: float) -> bool:
    return driving_time <= total_time

# Stops with PTO engaged should never outnumber total stops.
def r11(pto_stops: int, total_stops: int) -> bool:
    return pto_stops <= total_stops

# The weight on axle 1 cannot surpass the weight on axle 2.
def r12(axle1_weight: float, axle2_weight: float) -> bool:
    return axle1_weight <= axle2_weight

# The payload cannot exceed the capacity of axle 2.
def r13(payload: float, axle2_capacity: float) -> bool:
    return payload <= axle2_capacity

# The combined time for PTO operation, idle time, and driving time must not surpass the total operation time.
def r14(pto_time: float, idle_time: float, driving_time: float, total_time: float) -> bool:
    return pto_time + idle_time + driving_time <= total_time
```"
"System Message:
You are a logician with a background in mathematics that translates natural language
reasoning text to Python3 code so that these natural language reasoning problems can be solved.
During the translation, please pay close attention to defining variables and rules.
Do not add any comments from you.
Be guided by the following example:
Example input text:
Textual context: A vehicle operates over a A param between 20 and 110 in a typical day.
A vehicle operates for a B param between 2 and 10 in a typical day.
A vehicle operates with C param between 0.2 and 5 in a typical day.
A vehicle remains D param between 1 and 5 in a typical day.
A vehicle spends E param between 1 and 5 in a typical day.
A vehicle makes between 20 and 300 F param in a typical day.
A vehicle makes between 20 and 250 G param in a typical day.

Example Python3 code:
# A vehicle operates over a A param between 20 and 110 in a typical day.
def r1(a: float) -> bool:
    return 20 <= a <= 110

# A vehicle operates for a B param between 2 and 10 in a typical day.
def r2(b: float) -> bool:
    return 2 <= b <= 10

# A vehicle operates with C param between 0.2 and 5 in a typical day.
def r3(c: float) -> bool:
    return 0.2 <= c <= 5

# A vehicle remains D param between 1 and 5 in a typical day.
def r4(d: float) -> bool:
    return 1 <= d <= 5

# A vehicle spends E param between 1 and 5 in a typical day.
def r5(e: float) -> bool:
    return 1 <= e <= 5

# A vehicle makes between 20 and 300 F param in a typical day.
def r6(f: float) -> bool:
    return 20 <= f <= 300

# A vehicle makes between 20 and 250 G param in a typical day.
def r7(g: float) -> bool:
    return 20 <= g <= 250


Input text:
Textual context: Idle time must always be less than or equal to the total operation time.
Driving time must always be less than or equal to the total operation time.
The total stop count must not be lower than the count of stops where PTO is engaged.
Axle 1's load cannot exceed Axle 2's load.
Axle 1's load cannot exceed Axle 3's load.
Axle 2's load must always be equal to or greater than the payload.
The combined time for PTO operation, idle time, and driving time must not surpass the total operation time.";"
```python
# Idle time must always be less than or equal to the total operation time.
def r1(idle_time: float, total_operation_time: float) -> bool:
    return idle_time <= total_operation_time

# Driving time must always be less than or equal to the total operation time.
def r2(driving_time: float, total_operation_time: float) -> bool:
    return driving_time <= total_operation_time

# The total stop count must not be lower than the count of stops where PTO is engaged.
def r3(total_stops: int, pto_engaged_stops: int) -> bool:
    return total_stops >= pto_engaged_stops

# Axle 1's load cannot exceed Axle 2's load.
def r4(axle1_load: float, axle2_load: float) -> bool:
    return axle1_load <= axle2_load

# Axle 1's load cannot exceed Axle 3's load.
def r5(axle1_load: float, axle3_load: float) -> bool:
    return axle1_load <= axle3_load

# Axle 2's load must always be equal to or greater than the payload.
def r6(axle2_load: float, payload: float) -> bool:
    return axle2_load >= payload

# The combined time for PTO operation, idle time, and driving time must not surpass the total operation time.
def r7(pto_time: float, idle_time: float, driving_time: float, total_operation_time: float) -> bool:
    return pto_time + idle_time + driving_time <= total_operation_time
```"
"System Message:
You are a logician with a background in mathematics that translates natural language
reasoning text to Python3 code so that these natural language reasoning problems can be solved.
During the translation, please pay close attention to defining variables and rules.
Do not add any comments from you.
Be guided by the following example:
Example input text:
Textual context: A vehicle operates over a A param between 20 and 110 in a typical day.
A vehicle operates for a B param between 2 and 10 in a typical day.
A vehicle operates with C param between 0.2 and 5 in a typical day.
A vehicle remains D param between 1 and 5 in a typical day.
A vehicle spends E param between 1 and 5 in a typical day.
A vehicle makes between 20 and 300 F param in a typical day.
A vehicle makes between 20 and 250 G param in a typical day.

Example Python3 code:
# A vehicle operates over a A param between 20 and 110 in a typical day.
def r1(a: float) -> bool:
    return 20 <= a <= 110

# A vehicle operates for a B param between 2 and 10 in a typical day.
def r2(b: float) -> bool:
    return 2 <= b <= 10

# A vehicle operates with C param between 0.2 and 5 in a typical day.
def r3(c: float) -> bool:
    return 0.2 <= c <= 5

# A vehicle remains D param between 1 and 5 in a typical day.
def r4(d: float) -> bool:
    return 1 <= d <= 5

# A vehicle spends E param between 1 and 5 in a typical day.
def r5(e: float) -> bool:
    return 1 <= e <= 5

# A vehicle makes between 20 and 300 F param in a typical day.
def r6(f: float) -> bool:
    return 20 <= f <= 300

# A vehicle makes between 20 and 250 G param in a typical day.
def r7(g: float) -> bool:
    return 20 <= g <= 250


Input text:
Textual context: The total operation duration must not be lower than the PTO operation time.
Idle time must always be less than or equal to the total operation time.
Total operation time should shouldn’t be lower than driving time.
The number of stops where PTO is engaged must not exceed the overall stop count.
The load on axle 1 must not surpass the load on axle 3.
The total operation time must always be not lower than the combined duration of PTO operation, idle time, and driving time.";"
```python
def r8(total_operation_time: float, pto_operation_time: float) -> bool:
    return total_operation_time >= pto_operation_time

def r9(idle_time: float, total_operation_time: float) -> bool:
    return idle_time <= total_operation_time

def r10(total_operation_time: float, driving_time: float) -> bool:
    return total_operation_time >= driving_time

def r11(pto_engaged_stops: int, overall_stop_count: int) -> bool:
    return pto_engaged_stops <= overall_stop_count

def r12(load_axle1: float, load_axle3: float) -> bool:
    return load_axle1 <= load_axle3

def r13(total_operation_time: float, pto_operation_time: float, idle_time: float, driving_time: float) -> bool:
    return total_operation_time >= (pto_operation_time + idle_time + driving_time)
```"
"System Message:
You are a logician with a background in mathematics that translates natural language
reasoning text to Python3 code so that these natural language reasoning problems can be solved.
During the translation, please pay close attention to defining variables and rules.
Do not add any comments from you.
Be guided by the following example:
Example input text:
Textual context: A vehicle operates over a A param between 20 and 110 in a typical day.
A vehicle operates for a B param between 2 and 10 in a typical day.
A vehicle operates with C param between 0.2 and 5 in a typical day.
A vehicle remains D param between 1 and 5 in a typical day.
A vehicle spends E param between 1 and 5 in a typical day.
A vehicle makes between 20 and 300 F param in a typical day.
A vehicle makes between 20 and 250 G param in a typical day.

Example Python3 code:
# A vehicle operates over a A param between 20 and 110 in a typical day.
def r1(a: float) -> bool:
    return 20 <= a <= 110

# A vehicle operates for a B param between 2 and 10 in a typical day.
def r2(b: float) -> bool:
    return 2 <= b <= 10

# A vehicle operates with C param between 0.2 and 5 in a typical day.
def r3(c: float) -> bool:
    return 0.2 <= c <= 5

# A vehicle remains D param between 1 and 5 in a typical day.
def r4(d: float) -> bool:
    return 1 <= d <= 5

# A vehicle spends E param between 1 and 5 in a typical day.
def r5(e: float) -> bool:
    return 1 <= e <= 5

# A vehicle makes between 20 and 300 F param in a typical day.
def r6(f: float) -> bool:
    return 20 <= f <= 300

# A vehicle makes between 20 and 250 G param in a typical day.
def r7(g: float) -> bool:
    return 20 <= g <= 250


Input text:
Textual context: Idle time should be less than or equal to the total operation time.
The load supported by axle 1 cannot exceed that of axle 2.
The load supported by axle 1 cannot exceed that of axle 3.
The payload must always be smaller than or equal to the load on axle 2.
Axle 3's load must always be equal to or greater than the payload.
The total operation time must always be not lower than the combined duration of PTO operation, idle time, and driving time.";"
# Idle time should be less than or equal to the total operation time.
def r8(idle_time: float, total_operation_time: float) -> bool:
    return idle_time <= total_operation_time

# The load supported by axle 1 cannot exceed that of axle 2.
def r9(load_axle1: float, load_axle2: float) -> bool:
    return load_axle1 <= load_axle2

# The load supported by axle 1 cannot exceed that of axle 3.
def r10(load_axle1: float, load_axle3: float) -> bool:
    return load_axle1 <= load_axle3

# The payload must always be smaller than or equal to the load on axle 2.
def r11(payload: float, load_axle2: float) -> bool:
    return payload <= load_axle2

# Axle 3's load must always be equal to or greater than the payload.
def r12(payload: float, load_axle3: float) -> bool:
    return payload <= load_axle3

# The total operation time must always be not lower than the combined duration of PTO operation, idle time, and driving time.
def r13(pto_operation_time: float, idle_time: float, driving_time: float, total_operation_time: float) -> bool:
    return total_operation_time >= pto_operation_time + idle_time + driving_time"
"System Message:
You are a logician with a background in mathematics that translates natural language
reasoning text to Python3 code so that these natural language reasoning problems can be solved.
During the translation, please pay close attention to defining variables and rules.
Do not add any comments from you.
Be guided by the following example:
Example input text:
Textual context: A vehicle operates over a A param between 20 and 110 in a typical day.
A vehicle operates for a B param between 2 and 10 in a typical day.
A vehicle operates with C param between 0.2 and 5 in a typical day.
A vehicle remains D param between 1 and 5 in a typical day.
A vehicle spends E param between 1 and 5 in a typical day.
A vehicle makes between 20 and 300 F param in a typical day.
A vehicle makes between 20 and 250 G param in a typical day.

Example Python3 code:
# A vehicle operates over a A param between 20 and 110 in a typical day.
def r1(a: float) -> bool:
    return 20 <= a <= 110

# A vehicle operates for a B param between 2 and 10 in a typical day.
def r2(b: float) -> bool:
    return 2 <= b <= 10

# A vehicle operates with C param between 0.2 and 5 in a typical day.
def r3(c: float) -> bool:
    return 0.2 <= c <= 5

# A vehicle remains D param between 1 and 5 in a typical day.
def r4(d: float) -> bool:
    return 1 <= d <= 5

# A vehicle spends E param between 1 and 5 in a typical day.
def r5(e: float) -> bool:
    return 1 <= e <= 5

# A vehicle makes between 20 and 300 F param in a typical day.
def r6(f: float) -> bool:
    return 20 <= f <= 300

# A vehicle makes between 20 and 250 G param in a typical day.
def r7(g: float) -> bool:
    return 20 <= g <= 250


Input text:
Textual context: The total operation duration must not be lower than the PTO operation time.
The total operation durationmust not be lower than the driving time.
The number of stops where PTO is engaged must not exceed the overall stop count.
The load on axle 1 must not surpass the load on axle 2.
The load carried by axle 1 must be smaller than or equal to the load on axle 3.
Axle 3's load must always be equal to or greater than the payload.";"
def r1(pto_time: float, driving_time: float) -> bool:
    return pto_time >= driving_time

def r2(stop_count: int, pto_stops: int) -> bool:
    return pto_stops <= stop_count

def r3(axle1_load: float, axle2_load: float) -> bool:
    return axle1_load <= axle2_load

def r4(axle1_load: float, axle3_load: float) -> bool:
    return axle1_load <= axle3_load

def r5(axle3_load: float, payload: float) -> bool:
    return axle3_load >= payload"
"System Message:
You are a logician with a background in mathematics that translates natural language
reasoning text to Python3 code so that these natural language reasoning problems can be solved.
During the translation, please pay close attention to defining variables and rules.
Do not add any comments from you.
Be guided by the following example:
Example input text:
Textual context: A vehicle operates over a A param between 20 and 110 in a typical day.
A vehicle operates for a B param between 2 and 10 in a typical day.
A vehicle operates with C param between 0.2 and 5 in a typical day.
A vehicle remains D param between 1 and 5 in a typical day.
A vehicle spends E param between 1 and 5 in a typical day.
A vehicle makes between 20 and 300 F param in a typical day.
A vehicle makes between 20 and 250 G param in a typical day.

Example Python3 code:
# A vehicle operates over a A param between 20 and 110 in a typical day.
def r1(a: float) -> bool:
    return 20 <= a <= 110

# A vehicle operates for a B param between 2 and 10 in a typical day.
def r2(b: float) -> bool:
    return 2 <= b <= 10

# A vehicle operates with C param between 0.2 and 5 in a typical day.
def r3(c: float) -> bool:
    return 0.2 <= c <= 5

# A vehicle remains D param between 1 and 5 in a typical day.
def r4(d: float) -> bool:
    return 1 <= d <= 5

# A vehicle spends E param between 1 and 5 in a typical day.
def r5(e: float) -> bool:
    return 1 <= e <= 5

# A vehicle makes between 20 and 300 F param in a typical day.
def r6(f: float) -> bool:
    return 20 <= f <= 300

# A vehicle makes between 20 and 250 G param in a typical day.
def r7(g: float) -> bool:
    return 20 <= g <= 250


Input text:
Textual context: PTO operation time should be less than or equal to the total operation time.
The total operation duration must not be lower than the idle time.
Axle 1's load cannot exceed Axle 2's load.
Axle 1's load cannot exceed Axle 3's load.
The payload cannot exceed the capacity of axle 2.
The payload must always be smaller than or equal to the load on axle 3.
The combined time for PTO operation, idle time, and driving time must not surpass the total operation time.";"
# PTO operation time should be less than or equal to the total operation time.
def r1(pto_time: float, total_time: float) -> bool:
    return pto_time <= total_time

# The total operation duration must not be lower than the idle time.
def r2(total_time: float, idle_time: float) -> bool:
    return total_time >= idle_time

# Axle 1's load cannot exceed Axle 2's load.
def r3(axle1_load: float, axle2_load: float) -> bool:
    return axle1_load <= axle2_load

# Axle 1's load cannot exceed Axle 3's load.
def r4(axle1_load: float, axle3_load: float) -> bool:
    return axle1_load <= axle3_load

# The payload cannot exceed the capacity of axle 2.
def r5(payload: float, axle2_capacity: float) -> bool:
    return payload <= axle2_capacity

# The payload must always be smaller than or equal to the load on axle 3.
def r6(payload: float, axle3_load: float) -> bool:
    return payload <= axle3_load

# The combined time for PTO operation, idle time, and driving time must not surpass the total operation time.
def r7(pto_time: float, idle_time: float, driving_time: float, total_time: float) -> bool:
    return pto_time + idle_time + driving_time <= total_time"
"System Message:
You are a logician with a background in mathematics that translates natural language
reasoning text to Python3 code so that these natural language reasoning problems can be solved.
During the translation, please pay close attention to defining variables and rules.
Do not add any comments from you.
Be guided by the following example:
Example input text:
Textual context: A vehicle operates over a A param between 20 and 110 in a typical day.
A vehicle operates for a B param between 2 and 10 in a typical day.
A vehicle operates with C param between 0.2 and 5 in a typical day.
A vehicle remains D param between 1 and 5 in a typical day.
A vehicle spends E param between 1 and 5 in a typical day.
A vehicle makes between 20 and 300 F param in a typical day.
A vehicle makes between 20 and 250 G param in a typical day.

Example Python3 code:
# A vehicle operates over a A param between 20 and 110 in a typical day.
def r1(a: float) -> bool:
    return 20 <= a <= 110

# A vehicle operates for a B param between 2 and 10 in a typical day.
def r2(b: float) -> bool:
    return 2 <= b <= 10

# A vehicle operates with C param between 0.2 and 5 in a typical day.
def r3(c: float) -> bool:
    return 0.2 <= c <= 5

# A vehicle remains D param between 1 and 5 in a typical day.
def r4(d: float) -> bool:
    return 1 <= d <= 5

# A vehicle spends E param between 1 and 5 in a typical day.
def r5(e: float) -> bool:
    return 1 <= e <= 5

# A vehicle makes between 20 and 300 F param in a typical day.
def r6(f: float) -> bool:
    return 20 <= f <= 300

# A vehicle makes between 20 and 250 G param in a typical day.
def r7(g: float) -> bool:
    return 20 <= g <= 250


Input text:
Textual context: Stops with PTO engaged cannot outnumber the total stops.
The weight on axle 1 cannot surpass the weight on axle 2.
The payload must always be smaller than or equal to the load on axle 2.
The payload must not exceed the load carried by axle 3.
Total operation time must be greater than or equal to the sum of PTO operation, idle, and driving times.";"
```python
def r8(pto_stops: int, total_stops: int) -> bool:
    return pto_stops <= total_stops

def r9(axle1_weight: float, axle2_weight: float) -> bool:
    return axle1_weight <= axle2_weight

def r10(payload: float, axle2_load: float) -> bool:
    return payload <= axle2_load

def r11(payload: float, axle3_load: float) -> bool:
    return payload <= axle3_load

def r12(pto_time: float, idle_time: float, driving_time: float) -> bool:
    return pto_time + idle_time + driving_time >= total_operation_time
```"
"System Message:
You are a logician with a background in mathematics that translates natural language
reasoning text to Python3 code so that these natural language reasoning problems can be solved.
During the translation, please pay close attention to defining variables and rules.
Do not add any comments from you.
Be guided by the following example:
Example input text:
Textual context: A vehicle operates over a A param between 20 and 110 in a typical day.
A vehicle operates for a B param between 2 and 10 in a typical day.
A vehicle operates with C param between 0.2 and 5 in a typical day.
A vehicle remains D param between 1 and 5 in a typical day.
A vehicle spends E param between 1 and 5 in a typical day.
A vehicle makes between 20 and 300 F param in a typical day.

Example Python3 code:
# A vehicle operates over a A param between 20 and 110 in a typical day.
def r1(a: float) -> bool:
    return 20 <= a <= 110

# A vehicle operates for a B param between 2 and 10 in a typical day.
def r2(b: float) -> bool:
    return 2 <= b <= 10

# A vehicle operates with C param between 0.2 and 5 in a typical day.
def r3(c: float) -> bool:
    return 0.2 <= c <= 5

# A vehicle remains D param between 1 and 5 in a typical day.
def r4(d: float) -> bool:
    return 1 <= d <= 5

# A vehicle spends E param between 1 and 5 in a typical day.
def r5(e: float) -> bool:
    return 1 <= e <= 5

# A vehicle makes between 20 and 300 F param in a typical day.
def r6(f: float) -> bool:
    return 20 <= f <= 300


Input text:
Textual context: The total operation duration must not be lower than the PTO operation time.
Total operation time shouldn’t be lower than idle time.
Driving time cannot be greater than the total operation time.
Stops with PTO engaged cannot outnumber the total stops.
The load on axle 1 must not surpass the load on axle 2.
The weight on axle 1 cannot surpass the weight on axle 3.";"
# The total operation duration must not be lower than the PTO operation time.
def r7(total_duration: float, pto_time: float) -> bool:
    return total_duration >= pto_time

# Total operation time shouldn’t be lower than idle time.
def r8(total_duration: float, idle_time: float) -> bool:
    return total_duration >= idle_time

# Driving time cannot be greater than the total operation time.
def r9(driving_time: float, total_duration: float) -> bool:
    return driving_time <= total_duration

# Stops with PTO engaged cannot outnumber the total stops.
def r10(pto_stops: int, total_stops: int) -> bool:
    return pto_stops <= total_stops

# The load on axle 1 must not surpass the load on axle 2.
def r11(axle1_load: float, axle2_load: float) -> bool:
    return axle1_load <= axle2_load

# The weight on axle 1 cannot surpass the weight on axle 3.
def r12(axle1_weight: float, axle3_weight: float) -> bool:
    return axle1_weight <= axle3_weight"
"System Message:
You are a logician with a background in mathematics that translates natural language
reasoning text to Python3 code so that these natural language reasoning problems can be solved.
During the translation, please pay close attention to defining variables and rules.
Do not add any comments from you.
Be guided by the following example:
Example input text:
Textual context: A vehicle operates over a A param between 20 and 110 in a typical day.
A vehicle operates for a B param between 2 and 10 in a typical day.
A vehicle operates with C param between 0.2 and 5 in a typical day.
A vehicle remains D param between 1 and 5 in a typical day.
A vehicle spends E param between 1 and 5 in a typical day.
A vehicle makes between 20 and 300 F param in a typical day.
A vehicle makes between 20 and 250 G param in a typical day.

Example Python3 code:
# A vehicle operates over a A param between 20 and 110 in a typical day.
def r1(a: float) -> bool:
    return 20 <= a <= 110

# A vehicle operates for a B param between 2 and 10 in a typical day.
def r2(b: float) -> bool:
    return 2 <= b <= 10

# A vehicle operates with C param between 0.2 and 5 in a typical day.
def r3(c: float) -> bool:
    return 0.2 <= c <= 5

# A vehicle remains D param between 1 and 5 in a typical day.
def r4(d: float) -> bool:
    return 1 <= d <= 5

# A vehicle spends E param between 1 and 5 in a typical day.
def r5(e: float) -> bool:
    return 1 <= e <= 5

# A vehicle makes between 20 and 300 F param in a typical day.
def r6(f: float) -> bool:
    return 20 <= f <= 300

# A vehicle makes between 20 and 250 G param in a typical day.
def r7(g: float) -> bool:
    return 20 <= g <= 250


Input text:
Textual context: The total operation duration must not be lower than the PTO operation time.
Idle time should be less than or equal to the total operation time.
PTO-engaged stops cannot exceed the total number of stops.
The load on axle 1 must not surpass the load on axle 2.
The load carried by axle 1 must be smaller than or equal to the load on axle 3.
Payload must remain below or equal to the load carried by axle 2.
The total operation duration must always be greater than or equal to the combined time for PTO, idle, and driving.";"
```python
# The total operation duration must not be lower than the PTO operation time.
def r1(total_duration: float, pto_time: float) -> bool:
    return total_duration >= pto_time

# Idle time should be less than or equal to the total operation time.
def r2(idle_time: float, total_duration: float) -> bool:
    return idle_time <= total_duration

# PTO-engaged stops cannot exceed the total number of stops.
def r3(pto_stops: int, total_stops: int) -> bool:
    return pto_stops <= total_stops

# The load on axle 1 must not surpass the load on axle 2.
def r4(load_axle1: float, load_axle2: float) -> bool:
    return load_axle1 <= load_axle2

# The load carried by axle 1 must be smaller than or equal to the load on axle 3.
def r5(load_axle1: float, load_axle3: float) -> bool:
    return load_axle1 <= load_axle3

# Payload must remain below or equal to the load carried by axle 2.
def r6(payload: float, load_axle2: float) -> bool:
    return payload <= load_axle2

# The total operation duration must always be greater than or equal to the combined time for PTO, idle, and driving.
def r7(total_duration: float, pto_time: float, idle_time: float, driving_time: float) -> bool:
    return total_duration >= (pto_time + idle_time + driving_time)
```"
"System Message:
You are a logician with a background in mathematics that translates natural language
reasoning text to Python3 code so that these natural language reasoning problems can be solved.
During the translation, please pay close attention to defining variables and rules.
Do not add any comments from you.
Be guided by the following example:
Example input text:
Textual context: A vehicle operates over a A param between 20 and 110 in a typical day.
A vehicle operates for a B param between 2 and 10 in a typical day.
A vehicle operates with C param between 0.2 and 5 in a typical day.
A vehicle remains D param between 1 and 5 in a typical day.
A vehicle spends E param between 1 and 5 in a typical day.
A vehicle makes between 20 and 300 F param in a typical day.
A vehicle makes between 20 and 250 G param in a typical day.

Example Python3 code:
# A vehicle operates over a A param between 20 and 110 in a typical day.
def r1(a: float) -> bool:
    return 20 <= a <= 110

# A vehicle operates for a B param between 2 and 10 in a typical day.
def r2(b: float) -> bool:
    return 2 <= b <= 10

# A vehicle operates with C param between 0.2 and 5 in a typical day.
def r3(c: float) -> bool:
    return 0.2 <= c <= 5

# A vehicle remains D param between 1 and 5 in a typical day.
def r4(d: float) -> bool:
    return 1 <= d <= 5

# A vehicle spends E param between 1 and 5 in a typical day.
def r5(e: float) -> bool:
    return 1 <= e <= 5

# A vehicle makes between 20 and 300 F param in a typical day.
def r6(f: float) -> bool:
    return 20 <= f <= 300

# A vehicle makes between 20 and 250 G param in a typical day.
def r7(g: float) -> bool:
    return 20 <= g <= 250


Input text:
Textual context: PTO operation time cannot be greater than the total operation time.
Total operation time shouldn’t be lower than idle time.
Total operation time should shouldn’t be lower than driving time.
The payload cannot exceed the capacity of axle 2.
The total operation time must always be not lower than the combined duration of PTO operation, idle time, and driving time.";"
```python
def pto_operation_time_can_not_be_greater_than_total_operation_time(pto_time: float, total_time: float) -> bool:
    return pto_time <= total_time

def total_operation_time_should_not_be_lower_than_idle_time(total_time: float, idle_time: float) -> bool:
    return total_time >= idle_time

def total_operation_time_should_not_be_lower_than_driving_time(total_time: float, driving_time: float) -> bool:
    return total_time >= driving_time

def payload_cannot_exceed_capacity_of_axle_2(payload: float, axle_2_capacity: float) -> bool:
    return payload <= axle_2_capacity

def total_operation_time_must_always_be_not_lower_than_combined_duration(pto_time: float, idle_time: float, driving_time: float, total_time: float) -> bool:
    return total_time >= pto_time + idle_time + driving_time
```"
"System Message:
You are a logician with a background in mathematics that translates natural language
reasoning text to Python3 code so that these natural language reasoning problems can be solved.
During the translation, please pay close attention to defining variables and rules.
Do not add any comments from you.
Be guided by the following example:
Example input text:
Textual context: A vehicle operates over a A param between 20 and 110 in a typical day.
A vehicle operates for a B param between 2 and 10 in a typical day.
A vehicle operates with C param between 0.2 and 5 in a typical day.
A vehicle remains D param between 1 and 5 in a typical day.
A vehicle spends E param between 1 and 5 in a typical day.
A vehicle makes between 20 and 300 F param in a typical day.
A vehicle makes between 20 and 250 G param in a typical day.

Example Python3 code:
# A vehicle operates over a A param between 20 and 110 in a typical day.
def r1(a: float) -> bool:
    return 20 <= a <= 110

# A vehicle operates for a B param between 2 and 10 in a typical day.
def r2(b: float) -> bool:
    return 2 <= b <= 10

# A vehicle operates with C param between 0.2 and 5 in a typical day.
def r3(c: float) -> bool:
    return 0.2 <= c <= 5

# A vehicle remains D param between 1 and 5 in a typical day.
def r4(d: float) -> bool:
    return 1 <= d <= 5

# A vehicle spends E param between 1 and 5 in a typical day.
def r5(e: float) -> bool:
    return 1 <= e <= 5

# A vehicle makes between 20 and 300 F param in a typical day.
def r6(f: float) -> bool:
    return 20 <= f <= 300

# A vehicle makes between 20 and 250 G param in a typical day.
def r7(g: float) -> bool:
    return 20 <= g <= 250


Input text:
Textual context: Idle time must always be less than or equal to the total operation time.
Driving time cannot be greater than the total operation time.
Stops with PTO engaged cannot outnumber the total stops.
The load carried by axle 1 must be smaller than or equal to the load on axle 2.
The load on axle 1 must not surpass the load on axle 3.";"
# Idle time must always be less than or equal to the total operation time.
def r1(idle_time: float, total_operation_time: float) -> bool:
    return idle_time <= total_operation_time

# Driving time cannot be greater than the total operation time.
def r2(driving_time: float, total_operation_time: float) -> bool:
    return driving_time <= total_operation_time

# Stops with PTO engaged cannot outnumber the total stops.
def r3(pto_stops: int, total_stops: int) -> bool:
    return pto_stops <= total_stops

# The load carried by axle 1 must be smaller than or equal to the load on axle 2.
def r4(load_axle1: float, load_axle2: float) -> bool:
    return load_axle1 <= load_axle2

# The load on axle 1 must not surpass the load on axle 3.
def r5(load_axle1: float, load_axle3: float) -> bool:
    return load_axle1 <= load_axle3"
"System Message:
You are a logician with a background in mathematics that translates natural language
reasoning text to Python3 code so that these natural language reasoning problems can be solved.
During the translation, please pay close attention to defining variables and rules.
Do not add any comments from you.
Be guided by the following example:
Example input text:
Textual context: A vehicle operates over a A param between 20 and 110 in a typical day.
A vehicle operates for a B param between 2 and 10 in a typical day.
A vehicle operates with C param between 0.2 and 5 in a typical day.
A vehicle remains D param between 1 and 5 in a typical day.
A vehicle spends E param between 1 and 5 in a typical day.
A vehicle makes between 20 and 300 F param in a typical day.

Example Python3 code:
# A vehicle operates over a A param between 20 and 110 in a typical day.
def r1(a: float) -> bool:
    return 20 <= a <= 110

# A vehicle operates for a B param between 2 and 10 in a typical day.
def r2(b: float) -> bool:
    return 2 <= b <= 10

# A vehicle operates with C param between 0.2 and 5 in a typical day.
def r3(c: float) -> bool:
    return 0.2 <= c <= 5

# A vehicle remains D param between 1 and 5 in a typical day.
def r4(d: float) -> bool:
    return 1 <= d <= 5

# A vehicle spends E param between 1 and 5 in a typical day.
def r5(e: float) -> bool:
    return 1 <= e <= 5

# A vehicle makes between 20 and 300 F param in a typical day.
def r6(f: float) -> bool:
    return 20 <= f <= 300


Input text:
Textual context: The total operation duration must not be lower than the PTO operation time.
Idle time should be less than or equal to the total operation time.
The total operation durationmust not be lower than the driving time.
Stops with PTO engaged cannot outnumber the total stops.
The load on axle 1 must not surpass the load on axle 2.
Axle 1's load cannot exceed Axle 3's load.";"
# The total operation duration must not be lower than the PTO operation time.
def r1(total_duration: float, pto_time: float) -> bool:
    return total_duration >= pto_time

# Idle time should be less than or equal to the total operation time.
def r2(idle_time: float, total_duration: float) -> bool:
    return idle_time <= total_duration

# The total operation duration must not be lower than the driving time.
def r3(total_duration: float, driving_time: float) -> bool:
    return total_duration >= driving_time

# Stops with PTO engaged cannot outnumber the total stops.
def r4(pto_stops: int, total_stops: int) -> bool:
    return pto_stops <= total_stops

# Load on axle 1 must not surpass the load on axle 2.
def r5(axle1_load: float, axle2_load: float) -> bool:
    return axle1_load <= axle2_load

# Axle 1's load cannot exceed Axle 3's load.
def r6(axle1_load: float, axle3_load: float) -> bool:
    return axle1_load <= axle3_load"
"System Message:
You are a logician with a background in mathematics that translates natural language
reasoning text to Python3 code so that these natural language reasoning problems can be solved.
During the translation, please pay close attention to defining variables and rules.
Do not add any comments from you.
Be guided by the following example:
Example input text:
Textual context: A vehicle operates over a A param between 20 and 110 in a typical day.
A vehicle operates for a B param between 2 and 10 in a typical day.
A vehicle operates with C param between 0.2 and 5 in a typical day.
A vehicle remains D param between 1 and 5 in a typical day.
A vehicle spends E param between 1 and 5 in a typical day.
A vehicle makes between 20 and 300 F param in a typical day.

Example Python3 code:
# A vehicle operates over a A param between 20 and 110 in a typical day.
def r1(a: float) -> bool:
    return 20 <= a <= 110

# A vehicle operates for a B param between 2 and 10 in a typical day.
def r2(b: float) -> bool:
    return 2 <= b <= 10

# A vehicle operates with C param between 0.2 and 5 in a typical day.
def r3(c: float) -> bool:
    return 0.2 <= c <= 5

# A vehicle remains D param between 1 and 5 in a typical day.
def r4(d: float) -> bool:
    return 1 <= d <= 5

# A vehicle spends E param between 1 and 5 in a typical day.
def r5(e: float) -> bool:
    return 1 <= e <= 5

# A vehicle makes between 20 and 300 F param in a typical day.
def r6(f: float) -> bool:
    return 20 <= f <= 300


Input text:
Textual context: PTO operation time should be less than or equal to the total operation time.
Idle time cannot be greater than the total operation time.
Driving time should be less than or equal to the total operation time.
Stops with PTO engaged should never outnumber total stops.
Axle 1's load cannot exceed Axle 2's load.
Payload must remain below or equal to the load carried by axle 2.";"
# PTO operation time should be less than or equal to the total operation time.
def r1(pto_time: float, total_time: float) -> bool:
    return pto_time <= total_time

# Idle time cannot be greater than the total operation time.
def r2(idle_time: float, total_time: float) -> bool:
    return idle_time <= total_time

# Driving time should be less than or equal to the total operation time.
def r3(driving_time: float, total_time: float) -> bool:
    return driving_time <= total_time

# Stops with PTO engaged should never outnumber total stops.
def r4(pto_stops: int, total_stops: int) -> bool:
    return pto_stops <= total_stops

# Axle 1's load cannot exceed Axle 2's load.
def r5(axle1_load: float, axle2_load: float) -> bool:
    return axle1_load <= axle2_load

# Payload must remain below or equal to the load carried by axle 2.
def r6(payload: float, axle2_load: float) -> bool:
    return payload <= axle2_load"
"System Message:
You are a logician with a background in mathematics that translates natural language
reasoning text to Python3 code so that these natural language reasoning problems can be solved.
During the translation, please pay close attention to defining variables and rules.
Do not add any comments from you.
Be guided by the following example:
Example input text:
Textual context: A vehicle operates over a A param between 20 and 110 in a typical day.
A vehicle operates for a B param between 2 and 10 in a typical day.
A vehicle operates with C param between 0.2 and 5 in a typical day.
A vehicle remains D param between 1 and 5 in a typical day.
A vehicle spends E param between 1 and 5 in a typical day.
A vehicle makes between 20 and 300 F param in a typical day.

Example Python3 code:
# A vehicle operates over a A param between 20 and 110 in a typical day.
def r1(a: float) -> bool:
    return 20 <= a <= 110

# A vehicle operates for a B param between 2 and 10 in a typical day.
def r2(b: float) -> bool:
    return 2 <= b <= 10

# A vehicle operates with C param between 0.2 and 5 in a typical day.
def r3(c: float) -> bool:
    return 0.2 <= c <= 5

# A vehicle remains D param between 1 and 5 in a typical day.
def r4(d: float) -> bool:
    return 1 <= d <= 5

# A vehicle spends E param between 1 and 5 in a typical day.
def r5(e: float) -> bool:
    return 1 <= e <= 5

# A vehicle makes between 20 and 300 F param in a typical day.
def r6(f: float) -> bool:
    return 20 <= f <= 300


Input text:
Textual context: PTO operation time must be less than or equal to the total operation time.
Idle time cannot be greater than the total operation time.
Driving time must always be less than or equal to the total operation time.
Stops with PTO engaged should never outnumber total stops.
The payload must not exceed the load carried by axle 2.
The payload cannot exceed the capacity of axle 3.";"
# PTO operation time must be less than or equal to the total operation time.
def r1(pto_time: float, total_time: float) -> bool:
    return pto_time <= total_time

# Idle time cannot be greater than the total operation time.
def r2(idle_time: float, total_time: float) -> bool:
    return idle_time <= total_time

# Driving time must always be less than or equal to the total operation time.
def r3(driving_time: float, total_time: float) -> bool:
    return driving_time <= total_time

# Stops with PTO engaged should never outnumber total stops.
def r4(pto_stops: int, total_stops: int) -> bool:
    return pto_stops <= total_stops

# The payload must not exceed the load carried by axle 2.
def r5(payload: float, axle2_load: float) -> bool:
    return payload <= axle2_load

# The payload cannot exceed the capacity of axle 3.
def r6(payload: float, axle3_capacity: float) -> bool:
    return payload <= axle3_capacity"
"System Message:
You are a logician with a background in mathematics that translates natural language
reasoning text to Python3 code so that these natural language reasoning problems can be solved.
During the translation, please pay close attention to defining variables and rules.
Do not add any comments from you.
Be guided by the following example:
Example input text:
Textual context: A vehicle operates over a A param between 20 and 110 in a typical day.
A vehicle operates for a B param between 2 and 10 in a typical day.
A vehicle operates with C param between 0.2 and 5 in a typical day.
A vehicle remains D param between 1 and 5 in a typical day.
A vehicle spends E param between 1 and 5 in a typical day.
A vehicle makes between 20 and 300 F param in a typical day.
A vehicle makes between 20 and 250 G param in a typical day.

Example Python3 code:
# A vehicle operates over a A param between 20 and 110 in a typical day.
def r1(a: float) -> bool:
    return 20 <= a <= 110

# A vehicle operates for a B param between 2 and 10 in a typical day.
def r2(b: float) -> bool:
    return 2 <= b <= 10

# A vehicle operates with C param between 0.2 and 5 in a typical day.
def r3(c: float) -> bool:
    return 0.2 <= c <= 5

# A vehicle remains D param between 1 and 5 in a typical day.
def r4(d: float) -> bool:
    return 1 <= d <= 5

# A vehicle spends E param between 1 and 5 in a typical day.
def r5(e: float) -> bool:
    return 1 <= e <= 5

# A vehicle makes between 20 and 300 F param in a typical day.
def r6(f: float) -> bool:
    return 20 <= f <= 300

# A vehicle makes between 20 and 250 G param in a typical day.
def r7(g: float) -> bool:
    return 20 <= g <= 250


Input text:
Textual context: Total operation time shouldn’t be lower than idle time.
Driving time must always be less than or equal to the total operation time.
PTO-engaged stops cannot exceed the total number of stops.
The weight on axle 1 cannot surpass the weight on axle 2.
The weight on axle 1 cannot surpass the weight on axle 3.
The payload cannot exceed the capacity of axle 3.
The combined time for PTO operation, idle time, and driving time must not surpass the total operation time.";"
# Total operation time shouldn't be lower than idle time.
def r1(total_operation_time: float, idle_time: float) -> bool:
    return total_operation_time >= idle_time

# Driving time must always be less than or equal to the total operation time.
def r2(driving_time: float, total_operation_time: float) -> bool:
    return driving_time <= total_operation_time

# PTO-engaged stops cannot exceed the total number of stops.
def r3(pto_stops: int, total_stops: int) -> bool:
    return pto_stops <= total_stops

# The weight on axle 1 cannot surpass the weight on axle 2.
def r4(weight_axle1: float, weight_axle2: float) -> bool:
    return weight_axle1 <= weight_axle2

# The weight on axle 1 cannot surpass the weight on axle 3.
def r5(weight_axle1: float, weight_axle3: float) -> bool:
    return weight_axle1 <= weight_axle3

# The payload cannot exceed the capacity of axle 3.
def r6(payload: float, axle3_capacity: float) -> bool:
    return payload <= axle3_capacity

# The combined time for PTO operation, idle time, and driving time must not surpass the total operation time.
def r7(pto_time: float, idle_time: float, driving_time: float, total_operation_time: float) -> bool:
    return pto_time + idle_time + driving_time <= total_operation_time"
"System Message:
You are a logician with a background in mathematics that translates natural language
reasoning text to Python3 code so that these natural language reasoning problems can be solved.
During the translation, please pay close attention to defining variables and rules.
Do not add any comments from you.
Be guided by the following example:
Example input text:
Textual context: A vehicle operates over a A param between 20 and 110 in a typical day.
A vehicle operates for a B param between 2 and 10 in a typical day.
A vehicle operates with C param between 0.2 and 5 in a typical day.
A vehicle remains D param between 1 and 5 in a typical day.
A vehicle spends E param between 1 and 5 in a typical day.
A vehicle makes between 20 and 300 F param in a typical day.
A vehicle makes between 20 and 250 G param in a typical day.

Example Python3 code:
# A vehicle operates over a A param between 20 and 110 in a typical day.
def r1(a: float) -> bool:
    return 20 <= a <= 110

# A vehicle operates for a B param between 2 and 10 in a typical day.
def r2(b: float) -> bool:
    return 2 <= b <= 10

# A vehicle operates with C param between 0.2 and 5 in a typical day.
def r3(c: float) -> bool:
    return 0.2 <= c <= 5

# A vehicle remains D param between 1 and 5 in a typical day.
def r4(d: float) -> bool:
    return 1 <= d <= 5

# A vehicle spends E param between 1 and 5 in a typical day.
def r5(e: float) -> bool:
    return 1 <= e <= 5

# A vehicle makes between 20 and 300 F param in a typical day.
def r6(f: float) -> bool:
    return 20 <= f <= 300

# A vehicle makes between 20 and 250 G param in a typical day.
def r7(g: float) -> bool:
    return 20 <= g <= 250


Input text:
Textual context: PTO operation time cannot be greater than the total operation time.
The total operation duration must not be lower than the idle time.
Stops with PTO engaged should never outnumber total stops.
The load carried by axle 1 must be smaller than or equal to the load on axle 2.
Axle 3's load must always be equal to or greater than the payload.
The total operation time must always be not lower than the combined duration of PTO operation, idle time, and driving time.";"
# PTO operation time cannot be greater than the total operation time.
def r8(pto_time: float, total_time: float) -> bool:
    return pto_time <= total_time

# The total operation duration must not be lower than the idle time.
def r9(total_time: float, idle_time: float) -> bool:
    return total_time >= idle_time

# Stops with PTO engaged should never outnumber total stops.
def r10(pto_stops: int, total_stops: int) -> bool:
    return pto_stops <= total_stops

# The load carried by axle 1 must be smaller than or equal to the load on axle 2.
def r11(load_axle1: float, load_axle2: float) -> bool:
    return load_axle1 <= load_axle2

# Axle 3's load must always be equal to or greater than the payload.
def r12(load_axle3: float, payload: float) -> bool:
    return load_axle3 >= payload

# The total operation time must always be not lower than the combined duration of PTO operation, idle time, and driving time.
def r13(total_time: float, pto_time: float, idle_time: float, driving_time: float) -> bool:
    return total_time >= pto_time + idle_time + driving_time"
"System Message:
You are a logician with a background in mathematics that translates natural language
reasoning text to Python3 code so that these natural language reasoning problems can be solved.
During the translation, please pay close attention to defining variables and rules.
Do not add any comments from you.
Be guided by the following example:
Example input text:
Textual context: A vehicle operates over a A param between 20 and 110 in a typical day.
A vehicle operates for a B param between 2 and 10 in a typical day.
A vehicle operates with C param between 0.2 and 5 in a typical day.
A vehicle remains D param between 1 and 5 in a typical day.
A vehicle spends E param between 1 and 5 in a typical day.
A vehicle makes between 20 and 300 F param in a typical day.
A vehicle makes between 20 and 250 G param in a typical day.

Example Python3 code:
# A vehicle operates over a A param between 20 and 110 in a typical day.
def r1(a: float) -> bool:
    return 20 <= a <= 110

# A vehicle operates for a B param between 2 and 10 in a typical day.
def r2(b: float) -> bool:
    return 2 <= b <= 10

# A vehicle operates with C param between 0.2 and 5 in a typical day.
def r3(c: float) -> bool:
    return 0.2 <= c <= 5

# A vehicle remains D param between 1 and 5 in a typical day.
def r4(d: float) -> bool:
    return 1 <= d <= 5

# A vehicle spends E param between 1 and 5 in a typical day.
def r5(e: float) -> bool:
    return 1 <= e <= 5

# A vehicle makes between 20 and 300 F param in a typical day.
def r6(f: float) -> bool:
    return 20 <= f <= 300

# A vehicle makes between 20 and 250 G param in a typical day.
def r7(g: float) -> bool:
    return 20 <= g <= 250


Input text:
Textual context: The total operation duration must not be lower than the PTO operation time.
Total operation time should shouldn’t be lower than driving time.
Axle 1's load cannot exceed Axle 2's load.
Axle 1's load cannot exceed Axle 3's load.
Axle 3's load must always be equal to or greater than the payload.
Total operation time should be at least the sum of PTO, idle, and driving times.";"
# The total operation duration must not be lower than the PTO operation time.
def r1(pto_time: float, total_time: float) -> bool:
    return total_time >= pto_time

# Total operation time should shouldn't be lower than driving time.
def r2(driving_time: float, total_time: float) -> bool:
    return total_time >= driving_time

# Axle 1's load cannot exceed Axle 2's load.
def r3(axle1_load: float, axle2_load: float) -> bool:
    return axle1_load <= axle2_load

# Axle 1's load cannot exceed Axle 3's load.
def r4(axle1_load: float, axle3_load: float) -> bool:
    return axle1_load <= axle3_load

# Axle 3's load must always be equal to or greater than the payload.
def r5(payload: float, axle3_load: float) -> bool:
    return axle3_load >= payload

# Total operation time should be at least the sum of PTO, idle, and driving times.
def r6(pto_time: float, idle_time: float, driving_time: float, total_time: float) -> bool:
    return total_time >= pto_time + idle_time + driving_time"
"System Message:
You are a logician with a background in mathematics that translates natural language
reasoning text to Python3 code so that these natural language reasoning problems can be solved.
During the translation, please pay close attention to defining variables and rules.
Do not add any comments from you.
Be guided by the following example:
Example input text:
Textual context: A vehicle operates over a A param between 20 and 110 in a typical day.
A vehicle operates for a B param between 2 and 10 in a typical day.
A vehicle operates with C param between 0.2 and 5 in a typical day.
A vehicle remains D param between 1 and 5 in a typical day.
A vehicle spends E param between 1 and 5 in a typical day.
A vehicle makes between 20 and 300 F param in a typical day.
A vehicle makes between 20 and 250 G param in a typical day.

Example Python3 code:
# A vehicle operates over a A param between 20 and 110 in a typical day.
def r1(a: float) -> bool:
    return 20 <= a <= 110

# A vehicle operates for a B param between 2 and 10 in a typical day.
def r2(b: float) -> bool:
    return 2 <= b <= 10

# A vehicle operates with C param between 0.2 and 5 in a typical day.
def r3(c: float) -> bool:
    return 0.2 <= c <= 5

# A vehicle remains D param between 1 and 5 in a typical day.
def r4(d: float) -> bool:
    return 1 <= d <= 5

# A vehicle spends E param between 1 and 5 in a typical day.
def r5(e: float) -> bool:
    return 1 <= e <= 5

# A vehicle makes between 20 and 300 F param in a typical day.
def r6(f: float) -> bool:
    return 20 <= f <= 300

# A vehicle makes between 20 and 250 G param in a typical day.
def r7(g: float) -> bool:
    return 20 <= g <= 250


Input text:
Textual context: Total operation time shouldn’t be lower than PTO operation time.
Idle time cannot be greater than the total operation time.
Total operation time should shouldn’t be lower than driving time.
The load supported by axle 1 cannot exceed that of axle 3.
The payload must not exceed the load carried by axle 2.
Axle 3's load must always be equal to or greater than the payload.
The combined time for PTO operation, idle time, and driving time must not surpass the total operation time.";"
def r1(pto_time: float, total_time: float) -> bool:
    return pto_time <= total_time

def r2(idle_time: float, total_time: float) -> bool:
    return idle_time <= total_time

def r3(total_time: float, driving_time: float) -> bool:
    return total_time >= driving_time

def r4(axle1_load: float, axle3_load: float) -> bool:
    return axle1_load <= axle3_load

def r5(payload: float, axle2_load: float) -> bool:
    return payload <= axle2_load

def r6(axle3_load: float, payload: float) -> bool:
    return axle3_load >= payload

def r7(pto_time: float, idle_time: float, driving_time: float, total_time: float) -> bool:
    return pto_time + idle_time + driving_time <= total_time"
"System Message:
You are a logician with a background in mathematics that translates natural language
reasoning text to Python3 code so that these natural language reasoning problems can be solved.
During the translation, please pay close attention to defining variables and rules.
Do not add any comments from you.
Be guided by the following example:
Example input text:
Textual context: A vehicle operates over a A param between 20 and 110 in a typical day.
A vehicle operates for a B param between 2 and 10 in a typical day.
A vehicle operates with C param between 0.2 and 5 in a typical day.
A vehicle remains D param between 1 and 5 in a typical day.
A vehicle spends E param between 1 and 5 in a typical day.
A vehicle makes between 20 and 300 F param in a typical day.
A vehicle makes between 20 and 250 G param in a typical day.

Example Python3 code:
# A vehicle operates over a A param between 20 and 110 in a typical day.
def r1(a: float) -> bool:
    return 20 <= a <= 110

# A vehicle operates for a B param between 2 and 10 in a typical day.
def r2(b: float) -> bool:
    return 2 <= b <= 10

# A vehicle operates with C param between 0.2 and 5 in a typical day.
def r3(c: float) -> bool:
    return 0.2 <= c <= 5

# A vehicle remains D param between 1 and 5 in a typical day.
def r4(d: float) -> bool:
    return 1 <= d <= 5

# A vehicle spends E param between 1 and 5 in a typical day.
def r5(e: float) -> bool:
    return 1 <= e <= 5

# A vehicle makes between 20 and 300 F param in a typical day.
def r6(f: float) -> bool:
    return 20 <= f <= 300

# A vehicle makes between 20 and 250 G param in a typical day.
def r7(g: float) -> bool:
    return 20 <= g <= 250


Input text:
Textual context: Total operation time should shouldn’t be lower than driving time.
The number of stops where PTO is engaged must not exceed the overall stop count.
The load supported by axle 1 cannot exceed that of axle 2.
The weight on axle 1 cannot surpass the weight on axle 3.
Payload must remain below or equal to the load carried by axle 2.
The combined time for PTO operation, idle time, and driving time must not surpass the total operation time.";"
# Total operation time should shouldn't be lower than driving time.
def r8(total_time: float, driving_time: float) -> bool:
    return total_time >= driving_time

# The number of stops where PTO is engaged must not exceed the overall stop count.
def r9(pto_stops: int, total_stops: int) -> bool:
    return pto_stops <= total_stops

# The load supported by axle 1 cannot exceed that of axle 2.
def r10(axle1_load: float, axle2_load: float) -> bool:
    return axle1_load <= axle2_load

# The weight on axle 1 cannot surpass the weight on axle 3.
def r11(axle1_weight: float, axle3_weight: float) -> bool:
    return axle1_weight <= axle3_weight

# Payload must remain below or equal to the load carried by axle 2.
def r12(payload: float, axle2_load: float) -> bool:
    return payload <= axle2_load

# The combined time for PTO operation, idle time, and driving time must not surpass the total operation time.
def r13(pto_time: float, idle_time: float, driving_time: float, total_time: float) -> bool:
    return pto_time + idle_time + driving_time <= total_time"
"System Message:
You are a logician with a background in mathematics that translates natural language
reasoning text to Python3 code so that these natural language reasoning problems can be solved.
During the translation, please pay close attention to defining variables and rules.
Do not add any comments from you.
Be guided by the following example:
Example input text:
Textual context: A vehicle operates over a A param between 20 and 110 in a typical day.
A vehicle operates for a B param between 2 and 10 in a typical day.
A vehicle operates with C param between 0.2 and 5 in a typical day.
A vehicle remains D param between 1 and 5 in a typical day.
A vehicle spends E param between 1 and 5 in a typical day.
A vehicle makes between 20 and 300 F param in a typical day.
A vehicle makes between 20 and 250 G param in a typical day.

Example Python3 code:
# A vehicle operates over a A param between 20 and 110 in a typical day.
def r1(a: float) -> bool:
    return 20 <= a <= 110

# A vehicle operates for a B param between 2 and 10 in a typical day.
def r2(b: float) -> bool:
    return 2 <= b <= 10

# A vehicle operates with C param between 0.2 and 5 in a typical day.
def r3(c: float) -> bool:
    return 0.2 <= c <= 5

# A vehicle remains D param between 1 and 5 in a typical day.
def r4(d: float) -> bool:
    return 1 <= d <= 5

# A vehicle spends E param between 1 and 5 in a typical day.
def r5(e: float) -> bool:
    return 1 <= e <= 5

# A vehicle makes between 20 and 300 F param in a typical day.
def r6(f: float) -> bool:
    return 20 <= f <= 300

# A vehicle makes between 20 and 250 G param in a typical day.
def r7(g: float) -> bool:
    return 20 <= g <= 250


Input text:
Textual context: Total operation time shouldn’t be lower than PTO operation time.
The total operation duration must not be lower than the idle time.
Total operation time should shouldn’t be lower than driving time.
Stops with PTO engaged should never outnumber total stops.
The load carried by axle 1 must be smaller than or equal to the load on axle 2.
Axle 3's load must always be equal to or greater than the payload.
Total operation time should be at least the sum of PTO, idle, and driving times.";"
# Total operation time shouldn't be lower than PTO operation time.
def r8(pto_time: float, total_time: float) -> bool:
    return total_time >= pto_time

# The total operation duration must not be lower than the idle time.
def r9(idle_time: float, total_time: float) -> bool:
    return total_time >= idle_time

# Total operation time should shouldn't be lower than driving time.
def r10(driving_time: float, total_time: float) -> bool:
    return total_time >= driving_time

# Stops with PTO engaged should never outnumber total stops.
def r11(pto_stops: int, total_stops: int) -> bool:
    return pto_stops <= total_stops

# The load carried by axle 1 must be smaller than or equal to the load on axle 2.
def r12(axle1_load: float, axle2_load: float) -> bool:
    return axle1_load <= axle2_load

# Axle 3's load must always be equal to or greater than the payload.
def r13(axle3_load: float, payload: float) -> bool:
    return axle3_load >= payload

# Total operation time should be at least the sum of PTO, idle, and driving times.
def r14(pto_time: float, idle_time: float, driving_time: float, total_time: float) -> bool:
    return total_time >= (pto_time + idle_time + driving_time)"
"System Message:
You are a logician with a background in mathematics that translates natural language
reasoning text to Python3 code so that these natural language reasoning problems can be solved.
During the translation, please pay close attention to defining variables and rules.
Do not add any comments from you.
Be guided by the following example:
Example input text:
Textual context: A vehicle operates over a A param between 20 and 110 in a typical day.
A vehicle operates for a B param between 2 and 10 in a typical day.
A vehicle operates with C param between 0.2 and 5 in a typical day.
A vehicle remains D param between 1 and 5 in a typical day.
A vehicle spends E param between 1 and 5 in a typical day.
A vehicle makes between 20 and 300 F param in a typical day.
A vehicle makes between 20 and 250 G param in a typical day.

Example Python3 code:
# A vehicle operates over a A param between 20 and 110 in a typical day.
def r1(a: float) -> bool:
    return 20 <= a <= 110

# A vehicle operates for a B param between 2 and 10 in a typical day.
def r2(b: float) -> bool:
    return 2 <= b <= 10

# A vehicle operates with C param between 0.2 and 5 in a typical day.
def r3(c: float) -> bool:
    return 0.2 <= c <= 5

# A vehicle remains D param between 1 and 5 in a typical day.
def r4(d: float) -> bool:
    return 1 <= d <= 5

# A vehicle spends E param between 1 and 5 in a typical day.
def r5(e: float) -> bool:
    return 1 <= e <= 5

# A vehicle makes between 20 and 300 F param in a typical day.
def r6(f: float) -> bool:
    return 20 <= f <= 300

# A vehicle makes between 20 and 250 G param in a typical day.
def r7(g: float) -> bool:
    return 20 <= g <= 250


Input text:
Textual context: PTO operation time should be less than or equal to the total operation time.
Idle time should be less than or equal to the total operation time.
Driving time cannot be greater than the total operation time.
Axle 1's load cannot exceed Axle 3's load.
The payload must not exceed the load carried by axle 3.
Total operation time must be greater than or equal to the sum of PTO operation, idle, and driving times.";"
# PTO operation time should be less than or equal to the total operation time.
def r1(pto_time: float, total_time: float) -> bool:
    return pto_time <= total_time

# Idle time should be less than or equal to the total operation time.
def r2(idle_time: float, total_time: float) -> bool:
    return idle_time <= total_time

# Driving time cannot be greater than the total operation time.
def r3(driving_time: float, total_time: float) -> bool:
    return driving_time <= total_time

# Axle 1's load cannot exceed Axle 3's load.
def r4(axle1_load: float, axle3_load: float) -> bool:
    return axle1_load <= axle3_load

# The payload must not exceed the load carried by axle 3.
def r5(payload: float, axle3_load: float) -> bool:
    return payload <= axle3_load

# Total operation time must be greater than or equal to the sum of PTO operation, idle, and driving times.
def r6(total_time: float, pto_time: float, idle_time: float, driving_time: float) -> bool:
    return total_time >= (pto_time + idle_time + driving_time)"
"System Message:
You are a logician with a background in mathematics that translates natural language
reasoning text to Python3 code so that these natural language reasoning problems can be solved.
During the translation, please pay close attention to defining variables and rules.
Do not add any comments from you.
Be guided by the following example:
Example input text:
Textual context: A vehicle operates over a A param between 20 and 110 in a typical day.
A vehicle operates for a B param between 2 and 10 in a typical day.
A vehicle operates with C param between 0.2 and 5 in a typical day.
A vehicle remains D param between 1 and 5 in a typical day.
A vehicle spends E param between 1 and 5 in a typical day.
A vehicle makes between 20 and 300 F param in a typical day.
A vehicle makes between 20 and 250 G param in a typical day.

Example Python3 code:
# A vehicle operates over a A param between 20 and 110 in a typical day.
def r1(a: float) -> bool:
    return 20 <= a <= 110

# A vehicle operates for a B param between 2 and 10 in a typical day.
def r2(b: float) -> bool:
    return 2 <= b <= 10

# A vehicle operates with C param between 0.2 and 5 in a typical day.
def r3(c: float) -> bool:
    return 0.2 <= c <= 5

# A vehicle remains D param between 1 and 5 in a typical day.
def r4(d: float) -> bool:
    return 1 <= d <= 5

# A vehicle spends E param between 1 and 5 in a typical day.
def r5(e: float) -> bool:
    return 1 <= e <= 5

# A vehicle makes between 20 and 300 F param in a typical day.
def r6(f: float) -> bool:
    return 20 <= f <= 300

# A vehicle makes between 20 and 250 G param in a typical day.
def r7(g: float) -> bool:
    return 20 <= g <= 250


Input text:
Textual context: The total operation duration must not be lower than the PTO operation time.
The total operation duration must not be lower than the idle time.
Axle 1's load cannot exceed Axle 3's load.
Payload must remain below or equal to the load carried by axle 2.
Total operation time should be at least the sum of PTO, idle, and driving times.";"
```python
# The total operation duration must not be lower than the PTO operation time.
def r8(pto: float) -> bool:
    return pto > 0

# The total operation duration must not be lower than the idle time.
def r9(idle: float) -> bool:
    return idle > 0

# Axle 1's load cannot exceed Axle 3's load.
def r10(axle1: float, axle3: float) -> bool:
    return axle1 <= axle3

# Payload must remain below or equal to the load carried by axle 2.
def r11(payload: float, axle2: float) -> bool:
    return payload <= axle2

# Total operation time should be at least the sum of PTO, idle, and driving times.
def r12(pto: float, idle: float, driving: float) -> bool:
    return pto + idle + driving > 0
```"
"System Message:
You are a logician with a background in mathematics that translates natural language
reasoning text to Python3 code so that these natural language reasoning problems can be solved.
During the translation, please pay close attention to defining variables and rules.
Do not add any comments from you.
Be guided by the following example:
Example input text:
Textual context: A vehicle operates over a A param between 20 and 110 in a typical day.
A vehicle operates for a B param between 2 and 10 in a typical day.
A vehicle operates with C param between 0.2 and 5 in a typical day.
A vehicle remains D param between 1 and 5 in a typical day.
A vehicle spends E param between 1 and 5 in a typical day.
A vehicle makes between 20 and 300 F param in a typical day.
A vehicle makes between 20 and 250 G param in a typical day.

Example Python3 code:
# A vehicle operates over a A param between 20 and 110 in a typical day.
def r1(a: float) -> bool:
    return 20 <= a <= 110

# A vehicle operates for a B param between 2 and 10 in a typical day.
def r2(b: float) -> bool:
    return 2 <= b <= 10

# A vehicle operates with C param between 0.2 and 5 in a typical day.
def r3(c: float) -> bool:
    return 0.2 <= c <= 5

# A vehicle remains D param between 1 and 5 in a typical day.
def r4(d: float) -> bool:
    return 1 <= d <= 5

# A vehicle spends E param between 1 and 5 in a typical day.
def r5(e: float) -> bool:
    return 1 <= e <= 5

# A vehicle makes between 20 and 300 F param in a typical day.
def r6(f: float) -> bool:
    return 20 <= f <= 300

# A vehicle makes between 20 and 250 G param in a typical day.
def r7(g: float) -> bool:
    return 20 <= g <= 250


Input text:
Textual context: Total operation time shouldn’t be lower than idle time.
Total operation time should shouldn’t be lower than driving time.
The number of stops where PTO is engaged must not exceed the overall stop count.
The load carried by axle 1 must be smaller than or equal to the load on axle 2.
The payload must always be smaller than or equal to the load on axle 2.";"
# Total operation time shouldn't be lower than idle time.
def r8(total_time: float, idle_time: float) -> bool:
    return total_time >= idle_time

# Total operation time should shouldn’t be lower than driving time.
def r9(total_time: float, driving_time: float) -> bool:
    return total_time >= driving_time

# The number of stops where PTO is engaged must not exceed the overall stop count.
def r10(pto_stops: int, total_stops: int) -> bool:
    return pto_stops <= total_stops

# The load carried by axle 1 must be smaller than or equal to the load on axle 2.
def r11(load_axle1: float, load_axle2: float) -> bool:
    return load_axle1 <= load_axle2

# The payload must always be smaller than or equal to the load on axle 2.
def r12(payload: float, load_axle2: float) -> bool:
    return payload <= load_axle2"
"System Message:
You are a logician with a background in mathematics that translates natural language
reasoning text to Python3 code so that these natural language reasoning problems can be solved.
During the translation, please pay close attention to defining variables and rules.
Do not add any comments from you.
Be guided by the following example:
Example input text:
Textual context: A vehicle operates over a A param between 20 and 110 in a typical day.
A vehicle operates for a B param between 2 and 10 in a typical day.
A vehicle operates with C param between 0.2 and 5 in a typical day.
A vehicle remains D param between 1 and 5 in a typical day.
A vehicle spends E param between 1 and 5 in a typical day.
A vehicle makes between 20 and 300 F param in a typical day.
A vehicle makes between 20 and 250 G param in a typical day.

Example Python3 code:
# A vehicle operates over a A param between 20 and 110 in a typical day.
def r1(a: float) -> bool:
    return 20 <= a <= 110

# A vehicle operates for a B param between 2 and 10 in a typical day.
def r2(b: float) -> bool:
    return 2 <= b <= 10

# A vehicle operates with C param between 0.2 and 5 in a typical day.
def r3(c: float) -> bool:
    return 0.2 <= c <= 5

# A vehicle remains D param between 1 and 5 in a typical day.
def r4(d: float) -> bool:
    return 1 <= d <= 5

# A vehicle spends E param between 1 and 5 in a typical day.
def r5(e: float) -> bool:
    return 1 <= e <= 5

# A vehicle makes between 20 and 300 F param in a typical day.
def r6(f: float) -> bool:
    return 20 <= f <= 300

# A vehicle makes between 20 and 250 G param in a typical day.
def r7(g: float) -> bool:
    return 20 <= g <= 250


Input text:
Textual context: PTO operation time should be less than or equal to the total operation time.
Idle time cannot be greater than the total operation time.
The total operation durationmust not be lower than the driving time.
The load on axle 1 must not surpass the load on axle 2.
The weight on axle 1 cannot surpass the weight on axle 3.
Payload must remain below or equal to the load carried by axle 2.
Total operation time should be at least the sum of PTO, idle, and driving times.";"
# PTO operation time should be less than or equal to the total operation time.
def r8(pto_time: float, total_time: float) -> bool:
    return pto_time <= total_time

# Idle time cannot be greater than the total operation time.
def r9(idle_time: float, total_time: float) -> bool:
    return idle_time <= total_time

# The total operation duration must not be lower than the driving time.
def r10(total_time: float, driving_time: float) -> bool:
    return total_time >= driving_time

# The load on axle 1 must not surpass the load on axle 2.
def r11(load_axle1: float, load_axle2: float) -> bool:
    return load_axle1 <= load_axle2

# The weight on axle 1 cannot surpass the weight on axle 3.
def r12(weight_axle1: float, weight_axle3: float) -> bool:
    return weight_axle1 <= weight_axle3

# Payload must remain below or equal to the load carried by axle 2.
def r13(payload: float, load_axle2: float) -> bool:
    return payload <= load_axle2

# Total operation time should be at least the sum of PTO, idle, and driving times.
def r14(pto_time: float, idle_time: float, driving_time: float, total_time: float) -> bool:
    return total_time >= pto_time + idle_time + driving_time"
"System Message:
You are a logician with a background in mathematics that translates natural language
reasoning text to Python3 code so that these natural language reasoning problems can be solved.
During the translation, please pay close attention to defining variables and rules.
Do not add any comments from you.
Be guided by the following example:
Example input text:
Textual context: A vehicle operates over a A param between 20 and 110 in a typical day.
A vehicle operates for a B param between 2 and 10 in a typical day.
A vehicle operates with C param between 0.2 and 5 in a typical day.
A vehicle remains D param between 1 and 5 in a typical day.
A vehicle spends E param between 1 and 5 in a typical day.
A vehicle makes between 20 and 300 F param in a typical day.
A vehicle makes between 20 and 250 G param in a typical day.

Example Python3 code:
# A vehicle operates over a A param between 20 and 110 in a typical day.
def r1(a: float) -> bool:
    return 20 <= a <= 110

# A vehicle operates for a B param between 2 and 10 in a typical day.
def r2(b: float) -> bool:
    return 2 <= b <= 10

# A vehicle operates with C param between 0.2 and 5 in a typical day.
def r3(c: float) -> bool:
    return 0.2 <= c <= 5

# A vehicle remains D param between 1 and 5 in a typical day.
def r4(d: float) -> bool:
    return 1 <= d <= 5

# A vehicle spends E param between 1 and 5 in a typical day.
def r5(e: float) -> bool:
    return 1 <= e <= 5

# A vehicle makes between 20 and 300 F param in a typical day.
def r6(f: float) -> bool:
    return 20 <= f <= 300

# A vehicle makes between 20 and 250 G param in a typical day.
def r7(g: float) -> bool:
    return 20 <= g <= 250


Input text:
Textual context: Idle time should be less than or equal to the total operation time.
Axle 1's load cannot exceed Axle 2's load.
The load supported by axle 1 cannot exceed that of axle 3.
The payload cannot exceed the capacity of axle 2.
The payload must always be smaller than or equal to the load on axle 3.
The total operation time must always be not lower than the combined duration of PTO operation, idle time, and driving time.";"
# Idle time should be less than or equal to the total operation time.
def r8(idle_time: float, total_operation_time: float) -> bool:
    return idle_time <= total_operation_time

# Axle 1's load cannot exceed Axle 2's load.
def r9(axle1_load: float, axle2_load: float) -> bool:
    return axle1_load <= axle2_load

# The load supported by axle 1 cannot exceed that of axle 3.
def r10(axle1_load: float, axle3_load: float) -> bool:
    return axle1_load <= axle3_load

# The payload cannot exceed the capacity of axle 2.
def r11(payload: float, axle2_capacity: float) -> bool:
    return payload <= axle2_capacity

# The payload must always be smaller than or equal to the load on axle 3.
def r12(payload: float, axle3_load: float) -> bool:
    return payload <= axle3_load

# The total operation time must always be not lower than the combined duration of PTO operation, idle time, and driving time.
def r13(pto_time: float, idle_time: float, driving_time: float, total_operation_time: float) -> bool:
    return total_operation_time >= pto_time + idle_time + driving_time"
"System Message:
You are a logician with a background in mathematics that translates natural language
reasoning text to Python3 code so that these natural language reasoning problems can be solved.
During the translation, please pay close attention to defining variables and rules.
Do not add any comments from you.
Be guided by the following example:
Example input text:
Textual context: A vehicle operates over a A param between 20 and 110 in a typical day.
A vehicle operates for a B param between 2 and 10 in a typical day.
A vehicle operates with C param between 0.2 and 5 in a typical day.
A vehicle remains D param between 1 and 5 in a typical day.
A vehicle spends E param between 1 and 5 in a typical day.
A vehicle makes between 20 and 300 F param in a typical day.
A vehicle makes between 20 and 250 G param in a typical day.

Example Python3 code:
# A vehicle operates over a A param between 20 and 110 in a typical day.
def r1(a: float) -> bool:
    return 20 <= a <= 110

# A vehicle operates for a B param between 2 and 10 in a typical day.
def r2(b: float) -> bool:
    return 2 <= b <= 10

# A vehicle operates with C param between 0.2 and 5 in a typical day.
def r3(c: float) -> bool:
    return 0.2 <= c <= 5

# A vehicle remains D param between 1 and 5 in a typical day.
def r4(d: float) -> bool:
    return 1 <= d <= 5

# A vehicle spends E param between 1 and 5 in a typical day.
def r5(e: float) -> bool:
    return 1 <= e <= 5

# A vehicle makes between 20 and 300 F param in a typical day.
def r6(f: float) -> bool:
    return 20 <= f <= 300

# A vehicle makes between 20 and 250 G param in a typical day.
def r7(g: float) -> bool:
    return 20 <= g <= 250


Input text:
Textual context: PTO operation time should be less than or equal to the total operation time.
Driving time cannot be greater than the total operation time.
Stops with PTO engaged should never outnumber total stops.
Axle 1's load cannot exceed Axle 3's load.
Axle 3's load must always be equal to or greater than the payload.
Total operation time should be at least the sum of PTO, idle, and driving times.";"
# PTO operation time should be less than or equal to the total operation time.
def r1(pto_time: float, total_time: float) -> bool:
    return pto_time <= total_time

# Driving time cannot be greater than the total operation time.
def r2(driving_time: float, total_time: float) -> bool:
    return driving_time <= total_time

# Stops with PTO engaged should never outnumber total stops.
def r3(pto_stops: int, total_stops: int) -> bool:
    return pto_stops <= total_stops

# Axle 1's load cannot exceed Axle 3's load.
def r4(axle1_load: float, axle3_load: float) -> bool:
    return axle1_load <= axle3_load

# Axle 3's load must always be equal to or greater than the payload.
def r5(axle3_load: float, payload: float) -> bool:
    return axle3_load >= payload

# Total operation time should be at least the sum of PTO, idle, and driving times.
def r6(pto_time: float, idle_time: float, driving_time: float, total_time: float) -> bool:
    return total_time >= (pto_time + idle_time + driving_time)"
"System Message:
You are a logician with a background in mathematics that translates natural language
reasoning text to Python3 code so that these natural language reasoning problems can be solved.
During the translation, please pay close attention to defining variables and rules.
Do not add any comments from you.
Be guided by the following example:
Example input text:
Textual context: A vehicle operates over a A param between 20 and 110 in a typical day.
A vehicle operates for a B param between 2 and 10 in a typical day.
A vehicle operates with C param between 0.2 and 5 in a typical day.
A vehicle remains D param between 1 and 5 in a typical day.
A vehicle spends E param between 1 and 5 in a typical day.
A vehicle makes between 20 and 300 F param in a typical day.
A vehicle makes between 20 and 250 G param in a typical day.

Example Python3 code:
# A vehicle operates over a A param between 20 and 110 in a typical day.
def r1(a: float) -> bool:
    return 20 <= a <= 110

# A vehicle operates for a B param between 2 and 10 in a typical day.
def r2(b: float) -> bool:
    return 2 <= b <= 10

# A vehicle operates with C param between 0.2 and 5 in a typical day.
def r3(c: float) -> bool:
    return 0.2 <= c <= 5

# A vehicle remains D param between 1 and 5 in a typical day.
def r4(d: float) -> bool:
    return 1 <= d <= 5

# A vehicle spends E param between 1 and 5 in a typical day.
def r5(e: float) -> bool:
    return 1 <= e <= 5

# A vehicle makes between 20 and 300 F param in a typical day.
def r6(f: float) -> bool:
    return 20 <= f <= 300

# A vehicle makes between 20 and 250 G param in a typical day.
def r7(g: float) -> bool:
    return 20 <= g <= 250


Input text:
Textual context: PTO operation time cannot be greater than the total operation time.
Idle time should be less than or equal to the total operation time.
Driving time cannot be greater than the total operation time.
Stops with PTO engaged cannot outnumber the total stops.
The load supported by axle 1 cannot exceed that of axle 3.";"
```python
# PTO operation time cannot be greater than the total operation time.
def r1(pto_time: float, total_time: float) -> bool:
    return pto_time <= total_time

# Idle time should be less than or equal to the total operation time.
def r2(idle_time: float, total_time: float) -> bool:
    return idle_time <= total_time

# Driving time cannot be greater than the total operation time.
def r3(driving_time: float, total_time: float) -> bool:
    return driving_time <= total_time

# Stops with PTO engaged cannot outnumber the total stops.
def r4(pto_stops: int, total_stops: int) -> bool:
    return pto_stops <= total_stops

# The load supported by axle 1 cannot exceed that of axle 3.
def r5(axle1_load: float, axle3_load: float) -> bool:
    return axle1_load <= axle3_load
```"
"System Message:
You are a logician with a background in mathematics that translates natural language
reasoning text to Python3 code so that these natural language reasoning problems can be solved.
During the translation, please pay close attention to defining variables and rules.
Do not add any comments from you.
Be guided by the following example:
Example input text:
Textual context: A vehicle operates over a A param between 20 and 110 in a typical day.
A vehicle operates for a B param between 2 and 10 in a typical day.
A vehicle operates with C param between 0.2 and 5 in a typical day.
A vehicle remains D param between 1 and 5 in a typical day.
A vehicle spends E param between 1 and 5 in a typical day.
A vehicle makes between 20 and 300 F param in a typical day.
A vehicle makes between 20 and 250 G param in a typical day.

Example Python3 code:
# A vehicle operates over a A param between 20 and 110 in a typical day.
def r1(a: float) -> bool:
    return 20 <= a <= 110

# A vehicle operates for a B param between 2 and 10 in a typical day.
def r2(b: float) -> bool:
    return 2 <= b <= 10

# A vehicle operates with C param between 0.2 and 5 in a typical day.
def r3(c: float) -> bool:
    return 0.2 <= c <= 5

# A vehicle remains D param between 1 and 5 in a typical day.
def r4(d: float) -> bool:
    return 1 <= d <= 5

# A vehicle spends E param between 1 and 5 in a typical day.
def r5(e: float) -> bool:
    return 1 <= e <= 5

# A vehicle makes between 20 and 300 F param in a typical day.
def r6(f: float) -> bool:
    return 20 <= f <= 300

# A vehicle makes between 20 and 250 G param in a typical day.
def r7(g: float) -> bool:
    return 20 <= g <= 250


Input text:
Textual context: The total operation duration must not be lower than the PTO operation time.
Driving time cannot be greater than the total operation time.
Axle 1's load cannot exceed Axle 2's load.
The weight on axle 1 cannot surpass the weight on axle 3.
The payload must always be smaller than or equal to the load on axle 2.";"
# The total operation duration must not be lower than the PTO operation time.
def r1(total_duration: float, pto_time: float) -> bool:
    return total_duration >= pto_time

# Driving time cannot be greater than the total operation time.
def r2(driving_time: float, total_duration: float) -> bool:
    return driving_time <= total_duration

# Axle 1's load cannot exceed Axle 2's load.
def r3(axle1_load: float, axle2_load: float) -> bool:
    return axle1_load <= axle2_load

# The weight on axle 1 cannot surpass the weight on axle 3.
def r4(axle1_weight: float, axle3_weight: float) -> bool:
    return axle1_weight <= axle3_weight

# The payload must always be smaller than or equal to the load on axle 2.
def r5(payload: float, axle2_load: float) -> bool:
    return payload <= axle2_load"
"System Message:
You are a logician with a background in mathematics that translates natural language
reasoning text to Python3 code so that these natural language reasoning problems can be solved.
During the translation, please pay close attention to defining variables and rules.
Do not add any comments from you.
Be guided by the following example:
Example input text:
Textual context: A vehicle operates over a A param between 20 and 110 in a typical day.
A vehicle operates for a B param between 2 and 10 in a typical day.
A vehicle operates with C param between 0.2 and 5 in a typical day.
A vehicle remains D param between 1 and 5 in a typical day.
A vehicle spends E param between 1 and 5 in a typical day.
A vehicle makes between 20 and 300 F param in a typical day.

Example Python3 code:
# A vehicle operates over a A param between 20 and 110 in a typical day.
def r1(a: float) -> bool:
    return 20 <= a <= 110

# A vehicle operates for a B param between 2 and 10 in a typical day.
def r2(b: float) -> bool:
    return 2 <= b <= 10

# A vehicle operates with C param between 0.2 and 5 in a typical day.
def r3(c: float) -> bool:
    return 0.2 <= c <= 5

# A vehicle remains D param between 1 and 5 in a typical day.
def r4(d: float) -> bool:
    return 1 <= d <= 5

# A vehicle spends E param between 1 and 5 in a typical day.
def r5(e: float) -> bool:
    return 1 <= e <= 5

# A vehicle makes between 20 and 300 F param in a typical day.
def r6(f: float) -> bool:
    return 20 <= f <= 300


Input text:
Textual context: Idle time cannot be greater than the total operation time.
Driving time should be less than or equal to the total operation time.
The number of stops where PTO is engaged must not exceed the overall stop count.
Axle 1's load cannot exceed Axle 3's load.
The payload must not exceed the load carried by axle 3.
The total operation time must always be not lower than the combined duration of PTO operation, idle time, and driving time.";"
# Idle time cannot be greater than the total operation time.
def r7(idle_time: float, total_operation_time: float) -> bool:
    return idle_time <= total_operation_time

# Driving time should be less than or equal to the total operation time.
def r8(driving_time: float, total_operation_time: float) -> bool:
    return driving_time <= total_operation_time

# The number of stops where PTO is engaged must not exceed the overall stop count.
def r9(pto_stops: int, total_stops: int) -> bool:
    return pto_stops <= total_stops

# Axle 1's load cannot exceed Axle 3's load.
def r10(axle1_load: float, axle3_load: float) -> bool:
    return axle1_load <= axle3_load

# The payload must not exceed the load carried by axle 3.
def r11(payload: float, axle3_load: float) -> bool:
    return payload <= axle3_load

# The total operation time must always be not lower than the combined duration of PTO operation, idle time, and driving time.
def r12(total_operation_time: float, pto_duration: float, idle_time: float, driving_time: float) -> bool:
    return total_operation_time >= (pto_duration + idle_time + driving_time)"
"System Message:
You are a logician with a background in mathematics that translates natural language
reasoning text to Python3 code so that these natural language reasoning problems can be solved.
During the translation, please pay close attention to defining variables and rules.
Do not add any comments from you.
Be guided by the following example:
Example input text:
Textual context: A vehicle operates over a A param between 20 and 110 in a typical day.
A vehicle operates for a B param between 2 and 10 in a typical day.
A vehicle operates with C param between 0.2 and 5 in a typical day.
A vehicle remains D param between 1 and 5 in a typical day.
A vehicle spends E param between 1 and 5 in a typical day.
A vehicle makes between 20 and 300 F param in a typical day.

Example Python3 code:
# A vehicle operates over a A param between 20 and 110 in a typical day.
def r1(a: float) -> bool:
    return 20 <= a <= 110

# A vehicle operates for a B param between 2 and 10 in a typical day.
def r2(b: float) -> bool:
    return 2 <= b <= 10

# A vehicle operates with C param between 0.2 and 5 in a typical day.
def r3(c: float) -> bool:
    return 0.2 <= c <= 5

# A vehicle remains D param between 1 and 5 in a typical day.
def r4(d: float) -> bool:
    return 1 <= d <= 5

# A vehicle spends E param between 1 and 5 in a typical day.
def r5(e: float) -> bool:
    return 1 <= e <= 5

# A vehicle makes between 20 and 300 F param in a typical day.
def r6(f: float) -> bool:
    return 20 <= f <= 300


Input text:
Textual context: PTO operation time cannot be greater than the total operation time.
The total stop count must not be lower than the count of stops where PTO is engaged.
The load carried by axle 1 must be smaller than or equal to the load on axle 2.
The load supported by axle 1 cannot exceed that of axle 3.
The combined time for PTO operation, idle time, and driving time must not surpass the total operation time.";"
# PTO operation time cannot be greater than the total operation time.
def r1(pto_time: float, total_time: float) -> bool:
    return pto_time <= total_time

# The total stop count must not be lower than the count of stops where PTO is engaged.
def r2(total_stops: int, pto_stops: int) -> bool:
    return total_stops >= pto_stops

# The load carried by axle 1 must be smaller than or equal to the load on axle 2.
def r3(axle1_load: float, axle2_load: float) -> bool:
    return axle1_load <= axle2_load

# The load supported by axle 1 cannot exceed that of axle 3.
def r4(axle1_load: float, axle3_load: float) -> bool:
    return axle1_load <= axle3_load

# The combined time for PTO operation, idle time, and driving time must not surpass the total operation time.
def r5(pto_time: float, idle_time: float, driving_time: float, total_time: float) -> bool:
    return pto_time + idle_time + driving_time <= total_time"
"System Message:
You are a logician with a background in mathematics that translates natural language
reasoning text to Python3 code so that these natural language reasoning problems can be solved.
During the translation, please pay close attention to defining variables and rules.
Do not add any comments from you.
Be guided by the following example:
Example input text:
Textual context: A vehicle operates over a A param between 20 and 110 in a typical day.
A vehicle operates for a B param between 2 and 10 in a typical day.
A vehicle operates with C param between 0.2 and 5 in a typical day.
A vehicle remains D param between 1 and 5 in a typical day.
A vehicle spends E param between 1 and 5 in a typical day.
A vehicle makes between 20 and 300 F param in a typical day.

Example Python3 code:
# A vehicle operates over a A param between 20 and 110 in a typical day.
def r1(a: float) -> bool:
    return 20 <= a <= 110

# A vehicle operates for a B param between 2 and 10 in a typical day.
def r2(b: float) -> bool:
    return 2 <= b <= 10

# A vehicle operates with C param between 0.2 and 5 in a typical day.
def r3(c: float) -> bool:
    return 0.2 <= c <= 5

# A vehicle remains D param between 1 and 5 in a typical day.
def r4(d: float) -> bool:
    return 1 <= d <= 5

# A vehicle spends E param between 1 and 5 in a typical day.
def r5(e: float) -> bool:
    return 1 <= e <= 5

# A vehicle makes between 20 and 300 F param in a typical day.
def r6(f: float) -> bool:
    return 20 <= f <= 300


Input text:
Textual context: The total operation duration must not be lower than the PTO operation time.
The total stop count must not be lower than the count of stops where PTO is engaged.
Axle 1's load cannot exceed Axle 3's load.
The payload must not exceed the load carried by axle 2.
The payload must not exceed the load carried by axle 3.
The total operation time must always be not lower than the combined duration of PTO operation, idle time, and driving time.";"
def r1(pto_time: float, total_time: float) -> bool:
    return pto_time <= total_time

def r2(pto_stops: int, stop_count: int) -> bool:
    return pto_stops <= stop_count

def r3(axle1_load: float, axle3_load: float) -> bool:
    return axle1_load <= axle3_load

def r4(payload: float, axle2_load: float) -> bool:
    return payload <= axle2_load

def r5(payload: float, axle3_load: float) -> bool:
    return payload <= axle3_load

def r6(total_time: float, pto_time: float, idle_time: float, drive_time: float) -> bool:
    return total_time >= pto_time + idle_time + drive_time"
"System Message:
You are a logician with a background in mathematics that translates natural language
reasoning text to Python3 code so that these natural language reasoning problems can be solved.
During the translation, please pay close attention to defining variables and rules.
Do not add any comments from you.
Be guided by the following example:
Example input text:
Textual context: A vehicle operates over a A param between 20 and 110 in a typical day.
A vehicle operates for a B param between 2 and 10 in a typical day.
A vehicle operates with C param between 0.2 and 5 in a typical day.
A vehicle remains D param between 1 and 5 in a typical day.
A vehicle spends E param between 1 and 5 in a typical day.
A vehicle makes between 20 and 300 F param in a typical day.

Example Python3 code:
# A vehicle operates over a A param between 20 and 110 in a typical day.
def r1(a: float) -> bool:
    return 20 <= a <= 110

# A vehicle operates for a B param between 2 and 10 in a typical day.
def r2(b: float) -> bool:
    return 2 <= b <= 10

# A vehicle operates with C param between 0.2 and 5 in a typical day.
def r3(c: float) -> bool:
    return 0.2 <= c <= 5

# A vehicle remains D param between 1 and 5 in a typical day.
def r4(d: float) -> bool:
    return 1 <= d <= 5

# A vehicle spends E param between 1 and 5 in a typical day.
def r5(e: float) -> bool:
    return 1 <= e <= 5

# A vehicle makes between 20 and 300 F param in a typical day.
def r6(f: float) -> bool:
    return 20 <= f <= 300


Input text:
Textual context: Idle time must always be less than or equal to the total operation time.
Stops with PTO engaged cannot outnumber the total stops.
The load on axle 1 must not surpass the load on axle 2.
The weight on axle 1 cannot surpass the weight on axle 3.
Total operation time should be at least the sum of PTO, idle, and driving times.";"
# Idle time must always be less than or equal to the total operation time.
def r1(idle_time: float, total_operation_time: float) -> bool:
    return idle_time <= total_operation_time

# Stops with PTO engaged cannot outnumber the total stops.
def r2(pto_stops: int, total_stops: int) -> bool:
    return pto_stops <= total_stops

# The load on axle 1 must not surpass the load on axle 2.
def r3(load_axle1: float, load_axle2: float) -> bool:
    return load_axle1 <= load_axle2

# The weight on axle 1 cannot surpass the weight on axle 3.
def r4(weight_axle1: float, weight_axle3: float) -> bool:
    return weight_axle1 <= weight_axle3

# Total operation time should be at least the sum of PTO, idle, and driving times.
def r5(pto_time: float, idle_time: float, driving_time: float) -> bool:
    return total_operation_time >= pto_time + idle_time + driving_time"
"System Message:
You are a logician with a background in mathematics that translates natural language
reasoning text to Python3 code so that these natural language reasoning problems can be solved.
During the translation, please pay close attention to defining variables and rules.
Do not add any comments from you.
Be guided by the following example:
Example input text:
Textual context: A vehicle operates over a A param between 20 and 110 in a typical day.
A vehicle operates for a B param between 2 and 10 in a typical day.
A vehicle operates with C param between 0.2 and 5 in a typical day.
A vehicle remains D param between 1 and 5 in a typical day.
A vehicle spends E param between 1 and 5 in a typical day.
A vehicle makes between 20 and 300 F param in a typical day.

Example Python3 code:
# A vehicle operates over a A param between 20 and 110 in a typical day.
def r1(a: float) -> bool:
    return 20 <= a <= 110

# A vehicle operates for a B param between 2 and 10 in a typical day.
def r2(b: float) -> bool:
    return 2 <= b <= 10

# A vehicle operates with C param between 0.2 and 5 in a typical day.
def r3(c: float) -> bool:
    return 0.2 <= c <= 5

# A vehicle remains D param between 1 and 5 in a typical day.
def r4(d: float) -> bool:
    return 1 <= d <= 5

# A vehicle spends E param between 1 and 5 in a typical day.
def r5(e: float) -> bool:
    return 1 <= e <= 5

# A vehicle makes between 20 and 300 F param in a typical day.
def r6(f: float) -> bool:
    return 20 <= f <= 300


Input text:
Textual context: Total operation time shouldn’t be lower than idle time.
Stops with PTO engaged cannot outnumber the total stops.
The load on axle 1 must not surpass the load on axle 2.
Axle 1's load cannot exceed Axle 3's load.
The payload cannot exceed the capacity of axle 3.
The combined time for PTO operation, idle time, and driving time must not surpass the total operation time.";"
# Total operation time shouldn't be lower than idle time.
def r1(total_time: float, idle_time: float) -> bool:
    return total_time >= idle_time

# Stops with PTO engaged cannot outnumber the total stops.
def r2(pto_stops: int, total_stops: int) -> bool:
    return pto_stops <= total_stops

# The load on axle 1 must not surpass the load on axle 2.
def r3(axle1_load: float, axle2_load: float) -> bool:
    return axle1_load <= axle2_load

# Axle 1's load cannot exceed Axle 3's load.
def r4(axle1_load: float, axle3_load: float) -> bool:
    return axle1_load <= axle3_load

# The payload cannot exceed the capacity of axle 3.
def r5(payload: float, axle3_capacity: float) -> bool:
    return payload <= axle3_capacity

# The combined time for PTO operation, idle time, and driving time must not surpass the total operation time.
def r6(pto_time: float, idle_time: float, driving_time: float, total_time: float) -> bool:
    return pto_time + idle_time + driving_time <= total_time"
"System Message:
You are a logician with a background in mathematics that translates natural language
reasoning text to Python3 code so that these natural language reasoning problems can be solved.
During the translation, please pay close attention to defining variables and rules.
Do not add any comments from you.
Be guided by the following example:
Example input text:
Textual context: A vehicle operates over a A param between 20 and 110 in a typical day.
A vehicle operates for a B param between 2 and 10 in a typical day.
A vehicle operates with C param between 0.2 and 5 in a typical day.
A vehicle remains D param between 1 and 5 in a typical day.
A vehicle spends E param between 1 and 5 in a typical day.
A vehicle makes between 20 and 300 F param in a typical day.

Example Python3 code:
# A vehicle operates over a A param between 20 and 110 in a typical day.
def r1(a: float) -> bool:
    return 20 <= a <= 110

# A vehicle operates for a B param between 2 and 10 in a typical day.
def r2(b: float) -> bool:
    return 2 <= b <= 10

# A vehicle operates with C param between 0.2 and 5 in a typical day.
def r3(c: float) -> bool:
    return 0.2 <= c <= 5

# A vehicle remains D param between 1 and 5 in a typical day.
def r4(d: float) -> bool:
    return 1 <= d <= 5

# A vehicle spends E param between 1 and 5 in a typical day.
def r5(e: float) -> bool:
    return 1 <= e <= 5

# A vehicle makes between 20 and 300 F param in a typical day.
def r6(f: float) -> bool:
    return 20 <= f <= 300


Input text:
Textual context: Total operation time shouldn’t be lower than PTO operation time.
Idle time should be less than or equal to the total operation time.
The total stop count must not be lower than the count of stops where PTO is engaged.
The load supported by axle 1 cannot exceed that of axle 2.
The payload must always be smaller than or equal to the load on axle 2.
Axle 3's load must always be equal to or greater than the payload.";"
# Total operation time shouldn't be lower than PTO operation time.
def r1(pto_time: float, total_time: float) -> bool:
    return pto_time <= total_time

# Idle time should be less than or equal to the total operation time.
def r2(idle_time: float, total_time: float) -> bool:
    return idle_time <= total_time

# The total stop count must not be lower than the count of stops where PTO is engaged.
def r3(pto_stops: int, total_stops: int) -> bool:
    return pto_stops <= total_stops

# Load supported by axle 1 cannot exceed that of axle 2.
def r4(axle1_load: float, axle2_load: float) -> bool:
    return axle1_load <= axle2_load

# Payload must always be smaller than or equal to the load on axle 2.
def r5(payload: float, axle2_load: float) -> bool:
    return payload <= axle2_load

# Axle 3's load must always be equal to or greater than the payload.
def r6(axle3_load: float, payload: float) -> bool:
    return axle3_load >= payload"
"System Message:
You are a logician with a background in mathematics that translates natural language
reasoning text to Python3 code so that these natural language reasoning problems can be solved.
During the translation, please pay close attention to defining variables and rules.
Do not add any comments from you.
Be guided by the following example:
Example input text:
Textual context: A vehicle operates over a A param between 20 and 110 in a typical day.
A vehicle operates for a B param between 2 and 10 in a typical day.
A vehicle operates with C param between 0.2 and 5 in a typical day.
A vehicle remains D param between 1 and 5 in a typical day.
A vehicle spends E param between 1 and 5 in a typical day.
A vehicle makes between 20 and 300 F param in a typical day.

Example Python3 code:
# A vehicle operates over a A param between 20 and 110 in a typical day.
def r1(a: float) -> bool:
    return 20 <= a <= 110

# A vehicle operates for a B param between 2 and 10 in a typical day.
def r2(b: float) -> bool:
    return 2 <= b <= 10

# A vehicle operates with C param between 0.2 and 5 in a typical day.
def r3(c: float) -> bool:
    return 0.2 <= c <= 5

# A vehicle remains D param between 1 and 5 in a typical day.
def r4(d: float) -> bool:
    return 1 <= d <= 5

# A vehicle spends E param between 1 and 5 in a typical day.
def r5(e: float) -> bool:
    return 1 <= e <= 5

# A vehicle makes between 20 and 300 F param in a typical day.
def r6(f: float) -> bool:
    return 20 <= f <= 300


Input text:
Textual context: PTO operation time should be less than or equal to the total operation time.
Total operation time shouldn’t be lower than idle time.
The load on axle 1 must not surpass the load on axle 2.
Axle 2's load must always be equal to or greater than the payload.
Payload must remain below or equal to the load carried by axle 3.
The total operation duration must always be greater than or equal to the combined time for PTO, idle, and driving.";"
```python
def pto_operation_time(pto_time: float) -> bool:
    def total_operation_time(total_time: float) -> bool:
        def idle_time(idle_time: float) -> bool:
            def axle_1_load(axle_1_load: float) -> bool:
                def axle_2_load(axle_2_load: float) -> bool:
                    def payload(payload: float) -> bool:
                        def axle_3_load(axle_3_load: float) -> bool:
                            def total_duration(total_duration: float) -> bool:
                                def pto_plus_idle_plus_driving(pto_plus_idle_plus_driving: float) -> bool:
                                    return total_duration >= pto_plus_idle_plus_driving
                                return axle_3_load <= payload
                            return payload <= axle_3_load
                        return axle_2_load >= payload
                    return axle_2_load == axle_1_load
                return idle_time >= 0
            return total_time >= idle_time
        return pto_time <= total_time
    return total_operation_time >= 0
```"
"System Message:
You are a logician with a background in mathematics that translates natural language
reasoning text to Python3 code so that these natural language reasoning problems can be solved.
During the translation, please pay close attention to defining variables and rules.
Do not add any comments from you.
Be guided by the following example:
Example input text:
Textual context: A vehicle operates over a A param between 20 and 110 in a typical day.
A vehicle operates for a B param between 2 and 10 in a typical day.
A vehicle operates with C param between 0.2 and 5 in a typical day.
A vehicle remains D param between 1 and 5 in a typical day.
A vehicle spends E param between 1 and 5 in a typical day.
A vehicle makes between 20 and 300 F param in a typical day.

Example Python3 code:
# A vehicle operates over a A param between 20 and 110 in a typical day.
def r1(a: float) -> bool:
    return 20 <= a <= 110

# A vehicle operates for a B param between 2 and 10 in a typical day.
def r2(b: float) -> bool:
    return 2 <= b <= 10

# A vehicle operates with C param between 0.2 and 5 in a typical day.
def r3(c: float) -> bool:
    return 0.2 <= c <= 5

# A vehicle remains D param between 1 and 5 in a typical day.
def r4(d: float) -> bool:
    return 1 <= d <= 5

# A vehicle spends E param between 1 and 5 in a typical day.
def r5(e: float) -> bool:
    return 1 <= e <= 5

# A vehicle makes between 20 and 300 F param in a typical day.
def r6(f: float) -> bool:
    return 20 <= f <= 300


Input text:
Textual context: The total operation duration must not be lower than the PTO operation time.
Total operation time should shouldn’t be lower than driving time.
The total stop count must not be lower than the count of stops where PTO is engaged.
The payload must not exceed the load carried by axle 3.
The combined time for PTO operation, idle time, and driving time must not surpass the total operation time.";"
def r7(pto_time: float, drive_time: float) -> bool:
    return pto_time >= drive_time

def r8(total_stop_count: int, pto_stops: int) -> bool:
    return total_stop_count >= pto_stops

def r9(load_carried_by_axle_3: float, payload: float) -> bool:
    return payload <= load_carried_by_axle_3

def r10(pto_time: float, idle_time: float, drive_time: float, total_operation_time: float) -> bool:
    return pto_time + idle_time + drive_time <= total_operation_time"
"System Message:
You are a logician with a background in mathematics that translates natural language
reasoning text to Python3 code so that these natural language reasoning problems can be solved.
During the translation, please pay close attention to defining variables and rules.
Do not add any comments from you.
Be guided by the following example:
Example input text:
Textual context: A vehicle operates over a A param between 20 and 110 in a typical day.
A vehicle operates for a B param between 2 and 10 in a typical day.
A vehicle operates with C param between 0.2 and 5 in a typical day.
A vehicle remains D param between 1 and 5 in a typical day.
A vehicle spends E param between 1 and 5 in a typical day.
A vehicle makes between 20 and 300 F param in a typical day.

Example Python3 code:
# A vehicle operates over a A param between 20 and 110 in a typical day.
def r1(a: float) -> bool:
    return 20 <= a <= 110

# A vehicle operates for a B param between 2 and 10 in a typical day.
def r2(b: float) -> bool:
    return 2 <= b <= 10

# A vehicle operates with C param between 0.2 and 5 in a typical day.
def r3(c: float) -> bool:
    return 0.2 <= c <= 5

# A vehicle remains D param between 1 and 5 in a typical day.
def r4(d: float) -> bool:
    return 1 <= d <= 5

# A vehicle spends E param between 1 and 5 in a typical day.
def r5(e: float) -> bool:
    return 1 <= e <= 5

# A vehicle makes between 20 and 300 F param in a typical day.
def r6(f: float) -> bool:
    return 20 <= f <= 300


Input text:
Textual context: The total operation durationmust not be lower than the driving time.
Stops with PTO engaged should never outnumber total stops.
The load on axle 1 must not surpass the load on axle 3.
The payload cannot exceed the capacity of axle 2.
The payload must not exceed the load carried by axle 3.";"
# The total operation duration must not be lower than the driving time.
def r1(total_duration: float, driving_time: float) -> bool:
    return total_duration >= driving_time

# Stops with PTO engaged should never outnumber total stops.
def r2(pto_stops: int, total_stops: int) -> bool:
    return pto_stops <= total_stops

# The load on axle 1 must not surpass the load on axle 3.
def r3(axle1_load: float, axle3_load: float) -> bool:
    return axle1_load <= axle3_load

# The payload cannot exceed the capacity of axle 2.
def r4(payload: float, axle2_capacity: float) -> bool:
    return payload <= axle2_capacity

# The payload must not exceed the load carried by axle 3.
def r5(payload: float, axle3_load: float) -> bool:
    return payload <= axle3_load"
"System Message:
You are a logician with a background in mathematics that translates natural language
reasoning text to Python3 code so that these natural language reasoning problems can be solved.
During the translation, please pay close attention to defining variables and rules.
Do not add any comments from you.
Be guided by the following example:
Example input text:
Textual context: A vehicle operates over a A param between 20 and 110 in a typical day.
A vehicle operates for a B param between 2 and 10 in a typical day.
A vehicle operates with C param between 0.2 and 5 in a typical day.
A vehicle remains D param between 1 and 5 in a typical day.
A vehicle spends E param between 1 and 5 in a typical day.
A vehicle makes between 20 and 300 F param in a typical day.

Example Python3 code:
# A vehicle operates over a A param between 20 and 110 in a typical day.
def r1(a: float) -> bool:
    return 20 <= a <= 110

# A vehicle operates for a B param between 2 and 10 in a typical day.
def r2(b: float) -> bool:
    return 2 <= b <= 10

# A vehicle operates with C param between 0.2 and 5 in a typical day.
def r3(c: float) -> bool:
    return 0.2 <= c <= 5

# A vehicle remains D param between 1 and 5 in a typical day.
def r4(d: float) -> bool:
    return 1 <= d <= 5

# A vehicle spends E param between 1 and 5 in a typical day.
def r5(e: float) -> bool:
    return 1 <= e <= 5

# A vehicle makes between 20 and 300 F param in a typical day.
def r6(f: float) -> bool:
    return 20 <= f <= 300


Input text:
Textual context: PTO operation time must be less than or equal to the total operation time.
The total operation durationmust not be lower than the driving time.
The number of stops where PTO is engaged must not exceed the overall stop count.
The load supported by axle 1 cannot exceed that of axle 2.
The load carried by axle 1 must be smaller than or equal to the load on axle 3.
Axle 2's load must always be equal to or greater than the payload.";"
# PTO operation time must be less than or equal to the total operation time.
def r1(pto_time: float, total_time: float) -> bool:
    return pto_time <= total_time

# The total operation duration must not be lower than the driving time.
def r2(total_time: float, driving_time: float) -> bool:
    return total_time >= driving_time

# The number of stops where PTO is engaged must not exceed the overall stop count.
def r3(pto_stops: int, total_stops: int) -> bool:
    return pto_stops <= total_stops

# The load supported by axle 1 cannot exceed that of axle 2.
def r4(axle1_load: float, axle2_load: float) -> bool:
    return axle1_load <= axle2_load

# The load carried by axle 1 must be smaller than or equal to the load on axle 3.
def r5(axle1_load: float, axle3_load: float) -> bool:
    return axle1_load <= axle3_load

# Axle 2's load must always be equal to or greater than the payload.
def r6(axle2_load: float, payload: float) -> bool:
    return axle2_load >= payload"
"System Message:
You are a logician with a background in mathematics that translates natural language
reasoning text to Python3 code so that these natural language reasoning problems can be solved.
During the translation, please pay close attention to defining variables and rules.
Do not add any comments from you.
Be guided by the following example:
Example input text:
Textual context: A vehicle operates over a A param between 20 and 110 in a typical day.
A vehicle operates for a B param between 2 and 10 in a typical day.
A vehicle operates with C param between 0.2 and 5 in a typical day.
A vehicle remains D param between 1 and 5 in a typical day.
A vehicle spends E param between 1 and 5 in a typical day.
A vehicle makes between 20 and 300 F param in a typical day.

Example Python3 code:
# A vehicle operates over a A param between 20 and 110 in a typical day.
def r1(a: float) -> bool:
    return 20 <= a <= 110

# A vehicle operates for a B param between 2 and 10 in a typical day.
def r2(b: float) -> bool:
    return 2 <= b <= 10

# A vehicle operates with C param between 0.2 and 5 in a typical day.
def r3(c: float) -> bool:
    return 0.2 <= c <= 5

# A vehicle remains D param between 1 and 5 in a typical day.
def r4(d: float) -> bool:
    return 1 <= d <= 5

# A vehicle spends E param between 1 and 5 in a typical day.
def r5(e: float) -> bool:
    return 1 <= e <= 5

# A vehicle makes between 20 and 300 F param in a typical day.
def r6(f: float) -> bool:
    return 20 <= f <= 300


Input text:
Textual context: The total operation duration must not be lower than the idle time.
Stops with PTO engaged should never outnumber total stops.
The load supported by axle 1 cannot exceed that of axle 2.
The load carried by axle 1 must be smaller than or equal to the load on axle 3.
The payload cannot exceed the capacity of axle 2.
The payload cannot exceed the capacity of axle 3.";"
# The total operation duration must not be lower than the idle time.
def r1(total_duration: float, idle_time: float) -> bool:
    return total_duration >= idle_time

# Stops with PTO engaged should never outnumber total stops.
def r2(pto_stops: int, total_stops: int) -> bool:
    return pto_stops <= total_stops

# The load supported by axle 1 cannot exceed that of axle 2.
def r3(axle1_load: float, axle2_load: float) -> bool:
    return axle1_load <= axle2_load

# The load carried by axle 1 must be smaller than or equal to the load on axle 3.
def r4(axle1_load: float, axle3_load: float) -> bool:
    return axle1_load <= axle3_load

# The payload cannot exceed the capacity of axle 2.
def r5(payload: float, axle2_capacity: float) -> bool:
    return payload <= axle2_capacity

# The payload cannot exceed the capacity of axle 3.
def r6(payload: float, axle3_capacity: float) -> bool:
    return payload <= axle3_capacity"
"System Message:
You are a logician with a background in mathematics that translates natural language
reasoning text to Python3 code so that these natural language reasoning problems can be solved.
During the translation, please pay close attention to defining variables and rules.
Do not add any comments from you.
Be guided by the following example:
Example input text:
Textual context: A vehicle operates over a A param between 20 and 110 in a typical day.
A vehicle operates for a B param between 2 and 10 in a typical day.
A vehicle operates with C param between 0.2 and 5 in a typical day.
A vehicle remains D param between 1 and 5 in a typical day.
A vehicle spends E param between 1 and 5 in a typical day.
A vehicle makes between 20 and 300 F param in a typical day.

Example Python3 code:
# A vehicle operates over a A param between 20 and 110 in a typical day.
def r1(a: float) -> bool:
    return 20 <= a <= 110

# A vehicle operates for a B param between 2 and 10 in a typical day.
def r2(b: float) -> bool:
    return 2 <= b <= 10

# A vehicle operates with C param between 0.2 and 5 in a typical day.
def r3(c: float) -> bool:
    return 0.2 <= c <= 5

# A vehicle remains D param between 1 and 5 in a typical day.
def r4(d: float) -> bool:
    return 1 <= d <= 5

# A vehicle spends E param between 1 and 5 in a typical day.
def r5(e: float) -> bool:
    return 1 <= e <= 5

# A vehicle makes between 20 and 300 F param in a typical day.
def r6(f: float) -> bool:
    return 20 <= f <= 300


Input text:
Textual context: The total operation duration must not be lower than the idle time.
Stops with PTO engaged cannot outnumber the total stops.
Axle 1's load cannot exceed Axle 3's load.
The payload must always be smaller than or equal to the load on axle 2.
The payload must not exceed the load carried by axle 3.
The total operation duration must always be greater than or equal to the combined time for PTO, idle, and driving.";"
# The total operation duration must not be lower than the idle time.
def r7(total_duration: float, idle_time: float) -> bool:
    return total_duration >= idle_time

# Stops with PTO engaged cannot outnumber the total stops.
def r8(pto_stops: int, total_stops: int) -> bool:
    return pto_stops <= total_stops

# Axle 1's load cannot exceed Axle 3's load.
def r9(axle1_load: float, axle3_load: float) -> bool:
    return axle1_load <= axle3_load

# The payload must always be smaller than or equal to the load on axle 2.
def r10(payload: float, axle2_load: float) -> bool:
    return payload <= axle2_load

# The payload must not exceed the load carried by axle 3.
def r11(payload: float, axle3_load: float) -> bool:
    return payload <= axle3_load

# The total operation duration must always be greater than or equal to the combined time for PTO, idle, and driving.
def r12(total_duration: float, pto_time: float, idle_time: float, driving_time: float) -> bool:
    return total_duration >= (pto_time + idle_time + driving_time)"
"System Message:
You are a logician with a background in mathematics that translates natural language
reasoning text to Python3 code so that these natural language reasoning problems can be solved.
During the translation, please pay close attention to defining variables and rules.
Do not add any comments from you.
Be guided by the following example:
Example input text:
Textual context: A vehicle operates over a A param between 20 and 110 in a typical day.
A vehicle operates for a B param between 2 and 10 in a typical day.
A vehicle operates with C param between 0.2 and 5 in a typical day.
A vehicle remains D param between 1 and 5 in a typical day.
A vehicle spends E param between 1 and 5 in a typical day.
A vehicle makes between 20 and 300 F param in a typical day.

Example Python3 code:
# A vehicle operates over a A param between 20 and 110 in a typical day.
def r1(a: float) -> bool:
    return 20 <= a <= 110

# A vehicle operates for a B param between 2 and 10 in a typical day.
def r2(b: float) -> bool:
    return 2 <= b <= 10

# A vehicle operates with C param between 0.2 and 5 in a typical day.
def r3(c: float) -> bool:
    return 0.2 <= c <= 5

# A vehicle remains D param between 1 and 5 in a typical day.
def r4(d: float) -> bool:
    return 1 <= d <= 5

# A vehicle spends E param between 1 and 5 in a typical day.
def r5(e: float) -> bool:
    return 1 <= e <= 5

# A vehicle makes between 20 and 300 F param in a typical day.
def r6(f: float) -> bool:
    return 20 <= f <= 300


Input text:
Textual context: PTO operation time should be less than or equal to the total operation time.
Driving time should be less than or equal to the total operation time.
The load carried by axle 1 must be smaller than or equal to the load on axle 2.
The payload cannot exceed the capacity of axle 2.
The payload cannot exceed the capacity of axle 3.
Total operation time should be at least the sum of PTO, idle, and driving times.";"
# PTO operation time should be less than or equal to the total operation time.
def r1(pto_time: float, total_time: float) -> bool:
    return pto_time <= total_time

# Driving time should be less than or equal to the total operation time.
def r2(driving_time: float, total_time: float) -> bool:
    return driving_time <= total_time

# The load carried by axle 1 must be smaller than or equal to the load on axle 2.
def r3(load_axle1: float, load_axle2: float) -> bool:
    return load_axle1 <= load_axle2

# The payload cannot exceed the capacity of axle 2.
def r4(payload: float, axle2_capacity: float) -> bool:
    return payload <= axle2_capacity

# The payload cannot exceed the capacity of axle 3.
def r5(payload: float, axle3_capacity: float) -> bool:
    return payload <= axle3_capacity

# Total operation time should be at least the sum of PTO, idle, and driving times.
def r6(pto_time: float, idle_time: float, driving_time: float, total_time: float) -> bool:
    return total_time >= (pto_time + idle_time + driving_time)"
"System Message:
You are a logician with a background in mathematics that translates natural language
reasoning text to Python3 code so that these natural language reasoning problems can be solved.
During the translation, please pay close attention to defining variables and rules.
Do not add any comments from you.
Be guided by the following example:
Example input text:
Textual context: A vehicle operates over a A param between 20 and 110 in a typical day.
A vehicle operates for a B param between 2 and 10 in a typical day.
A vehicle operates with C param between 0.2 and 5 in a typical day.
A vehicle remains D param between 1 and 5 in a typical day.
A vehicle spends E param between 1 and 5 in a typical day.
A vehicle makes between 20 and 300 F param in a typical day.

Example Python3 code:
# A vehicle operates over a A param between 20 and 110 in a typical day.
def r1(a: float) -> bool:
    return 20 <= a <= 110

# A vehicle operates for a B param between 2 and 10 in a typical day.
def r2(b: float) -> bool:
    return 2 <= b <= 10

# A vehicle operates with C param between 0.2 and 5 in a typical day.
def r3(c: float) -> bool:
    return 0.2 <= c <= 5

# A vehicle remains D param between 1 and 5 in a typical day.
def r4(d: float) -> bool:
    return 1 <= d <= 5

# A vehicle spends E param between 1 and 5 in a typical day.
def r5(e: float) -> bool:
    return 1 <= e <= 5

# A vehicle makes between 20 and 300 F param in a typical day.
def r6(f: float) -> bool:
    return 20 <= f <= 300


Input text:
Textual context: Total operation time shouldn’t be lower than idle time.
Stops with PTO engaged cannot outnumber the total stops.
The weight on axle 1 cannot surpass the weight on axle 2.
The weight on axle 1 cannot surpass the weight on axle 3.
Axle 2's load must always be equal to or greater than the payload.
Total operation time should be at least the sum of PTO, idle, and driving times.";"
# Total operation time shouldn't be lower than idle time.
def r1(total_time: float, idle_time: float) -> bool:
    return total_time >= idle_time

# Stops with PTO engaged cannot outnumber the total stops.
def r2(pto_stops: int, total_stops: int) -> bool:
    return pto_stops <= total_stops

# The weight on axle 1 cannot surpass the weight on axle 2.
def r3(axle1_weight: float, axle2_weight: float) -> bool:
    return axle1_weight <= axle2_weight

# The weight on axle 1 cannot surpass the weight on axle 3.
def r4(axle1_weight: float, axle3_weight: float) -> bool:
    return axle1_weight <= axle3_weight

# Axle 2's load must always be equal to or greater than the payload.
def r5(axle2_load: float, payload: float) -> bool:
    return axle2_load >= payload

# Total operation time should be at least the sum of PTO, idle, and driving times.
def r6(total_time: float, pto_time: float, idle_time: float, driving_time: float) -> bool:
    return total_time >= (pto_time + idle_time + driving_time)"
"System Message:
You are a logician with a background in mathematics that translates natural language
reasoning text to Python3 code so that these natural language reasoning problems can be solved.
During the translation, please pay close attention to defining variables and rules.
Do not add any comments from you.
Be guided by the following example:
Example input text:
Textual context: A vehicle operates over a A param between 20 and 110 in a typical day.
A vehicle operates for a B param between 2 and 10 in a typical day.
A vehicle operates with C param between 0.2 and 5 in a typical day.
A vehicle remains D param between 1 and 5 in a typical day.
A vehicle spends E param between 1 and 5 in a typical day.
A vehicle makes between 20 and 300 F param in a typical day.

Example Python3 code:
# A vehicle operates over a A param between 20 and 110 in a typical day.
def r1(a: float) -> bool:
    return 20 <= a <= 110

# A vehicle operates for a B param between 2 and 10 in a typical day.
def r2(b: float) -> bool:
    return 2 <= b <= 10

# A vehicle operates with C param between 0.2 and 5 in a typical day.
def r3(c: float) -> bool:
    return 0.2 <= c <= 5

# A vehicle remains D param between 1 and 5 in a typical day.
def r4(d: float) -> bool:
    return 1 <= d <= 5

# A vehicle spends E param between 1 and 5 in a typical day.
def r5(e: float) -> bool:
    return 1 <= e <= 5

# A vehicle makes between 20 and 300 F param in a typical day.
def r6(f: float) -> bool:
    return 20 <= f <= 300


Input text:
Textual context: PTO operation time cannot be greater than the total operation time.
Idle time cannot be greater than the total operation time.
The number of stops where PTO is engaged must not exceed the overall stop count.
The load carried by axle 1 must be smaller than or equal to the load on axle 2.
Payload must remain below or equal to the load carried by axle 3.
The combined time for PTO operation, idle time, and driving time must not surpass the total operation time.";"
```python
def pto_operation_time(time: float) -> bool:
    return time <= total_operation_time

def idle_time(time: float) -> bool:
    return time <= total_operation_time

def stop_count(stops: int) -> bool:
    return stops <= overall_stop_count

def axle_1_load(load: float) -> bool:
    return load <= axle_2_load

def axle_3_load(load: float) -> bool:
    return load <= axle_3_load

def total_time(pto_time: float, idle_time: float, driving_time: float) -> bool:
    return pto_time + idle_time + driving_time <= total_operation_time
```"
"System Message:
You are a logician with a background in mathematics that translates natural language
reasoning text to Python3 code so that these natural language reasoning problems can be solved.
During the translation, please pay close attention to defining variables and rules.
Do not add any comments from you.
Be guided by the following example:
Example input text:
Textual context: A vehicle operates over a A param between 20 and 110 in a typical day.
A vehicle operates for a B param between 2 and 10 in a typical day.
A vehicle operates with C param between 0.2 and 5 in a typical day.
A vehicle remains D param between 1 and 5 in a typical day.
A vehicle spends E param between 1 and 5 in a typical day.
A vehicle makes between 20 and 300 F param in a typical day.
A vehicle makes between 20 and 250 G param in a typical day.

Example Python3 code:
# A vehicle operates over a A param between 20 and 110 in a typical day.
def r1(a: float) -> bool:
    return 20 <= a <= 110

# A vehicle operates for a B param between 2 and 10 in a typical day.
def r2(b: float) -> bool:
    return 2 <= b <= 10

# A vehicle operates with C param between 0.2 and 5 in a typical day.
def r3(c: float) -> bool:
    return 0.2 <= c <= 5

# A vehicle remains D param between 1 and 5 in a typical day.
def r4(d: float) -> bool:
    return 1 <= d <= 5

# A vehicle spends E param between 1 and 5 in a typical day.
def r5(e: float) -> bool:
    return 1 <= e <= 5

# A vehicle makes between 20 and 300 F param in a typical day.
def r6(f: float) -> bool:
    return 20 <= f <= 300

# A vehicle makes between 20 and 250 G param in a typical day.
def r7(g: float) -> bool:
    return 20 <= g <= 250


Input text:
Textual context: PTO operation time must be less than or equal to the total operation time.
Idle time should be less than or equal to the total operation time.
Driving time must always be less than or equal to the total operation time.
The total stop count must not be lower than the count of stops where PTO is engaged.
The load supported by axle 1 cannot exceed that of axle 2.
The payload must not exceed the load carried by axle 2.
The total operation duration must always be greater than or equal to the combined time for PTO, idle, and driving.";"
```python
# PTO operation time must be less than or equal to the total operation time.
def r8(pto_time: float, total_time: float) -> bool:
    return pto_time <= total_time

# Idle time should be less than or equal to the total operation time.
def r9(idle_time: float, total_time: float) -> bool:
    return idle_time <= total_time

# Driving time must always be less than or equal to the total operation time.
def r10(driving_time: float, total_time: float) -> bool:
    return driving_time <= total_time

# The total stop count must not be lower than the count of stops where PTO is engaged.
def r11(total_stops: int, pto_engaged_stops: int) -> bool:
    return total_stops >= pto_engaged_stops

# The load supported by axle 1 cannot exceed that of axle 2.
def r12(axle1_load: float, axle2_load: float) -> bool:
    return axle1_load <= axle2_load

# The payload must not exceed the load carried by axle 2.
def r13(payload: float, axle2_load: float) -> bool:
    return payload <= axle2_load

# The total operation duration must always be greater than or equal to the combined time for PTO, idle, and driving.
def r14(pto_time: float, idle_time: float, driving_time: float, total_operation_duration: float) -> bool:
    return total_operation_duration >= (pto_time + idle_time + driving_time)
```"
"System Message:
You are a logician with a background in mathematics that translates natural language
reasoning text to Python3 code so that these natural language reasoning problems can be solved.
During the translation, please pay close attention to defining variables and rules.
Do not add any comments from you.
Be guided by the following example:
Example input text:
Textual context: A vehicle operates over a A param between 20 and 110 in a typical day.
A vehicle operates for a B param between 2 and 10 in a typical day.
A vehicle operates with C param between 0.2 and 5 in a typical day.
A vehicle remains D param between 1 and 5 in a typical day.
A vehicle spends E param between 1 and 5 in a typical day.
A vehicle makes between 20 and 300 F param in a typical day.
A vehicle makes between 20 and 250 G param in a typical day.

Example Python3 code:
# A vehicle operates over a A param between 20 and 110 in a typical day.
def r1(a: float) -> bool:
    return 20 <= a <= 110

# A vehicle operates for a B param between 2 and 10 in a typical day.
def r2(b: float) -> bool:
    return 2 <= b <= 10

# A vehicle operates with C param between 0.2 and 5 in a typical day.
def r3(c: float) -> bool:
    return 0.2 <= c <= 5

# A vehicle remains D param between 1 and 5 in a typical day.
def r4(d: float) -> bool:
    return 1 <= d <= 5

# A vehicle spends E param between 1 and 5 in a typical day.
def r5(e: float) -> bool:
    return 1 <= e <= 5

# A vehicle makes between 20 and 300 F param in a typical day.
def r6(f: float) -> bool:
    return 20 <= f <= 300

# A vehicle makes between 20 and 250 G param in a typical day.
def r7(g: float) -> bool:
    return 20 <= g <= 250


Input text:
Textual context: PTO operation time cannot be greater than the total operation time.
Total operation time shouldn’t be lower than idle time.
PTO-engaged stops cannot exceed the total number of stops.
The load supported by axle 1 cannot exceed that of axle 2.
The load on axle 1 must not surpass the load on axle 3.
The payload cannot exceed the capacity of axle 3.
Total operation time must be greater than or equal to the sum of PTO operation, idle, and driving times.";"
def pto_operation_time(pto_time: float, total_time: float) -> bool:
    return pto_time <= total_time

def total_time(idle_time: float, pto_time: float, driving_time: float) -> bool:
    return idle_time + pto_time + driving_time >= total_time

def pto_engaged_stops(pto_stops: int, total_stops: int) -> bool:
    return pto_stops <= total_stops

def axle_load(axle1_load: float, axle2_load: float) -> bool:
    return axle1_load <= axle2_load

def axle_load_constraint(axle1_load: float, axle3_load: float) -> bool:
    return axle1_load <= axle3_load

def payload_capacity(payload: float, axle3_capacity: float) -> bool:
    return payload <= axle3_capacity

def total_operation_time_constraint(total_time: float, pto_time: float, idle_time: float, driving_time: float) -> bool:
    return total_time >= pto_time + idle_time + driving_time"
"System Message:
You are a logician with a background in mathematics that translates natural language
reasoning text to Python3 code so that these natural language reasoning problems can be solved.
During the translation, please pay close attention to defining variables and rules.
Do not add any comments from you.
Be guided by the following example:
Example input text:
Textual context: A vehicle operates over a A param between 20 and 110 in a typical day.
A vehicle operates for a B param between 2 and 10 in a typical day.
A vehicle operates with C param between 0.2 and 5 in a typical day.
A vehicle remains D param between 1 and 5 in a typical day.
A vehicle spends E param between 1 and 5 in a typical day.
A vehicle makes between 20 and 300 F param in a typical day.
A vehicle makes between 20 and 250 G param in a typical day.

Example Python3 code:
# A vehicle operates over a A param between 20 and 110 in a typical day.
def r1(a: float) -> bool:
    return 20 <= a <= 110

# A vehicle operates for a B param between 2 and 10 in a typical day.
def r2(b: float) -> bool:
    return 2 <= b <= 10

# A vehicle operates with C param between 0.2 and 5 in a typical day.
def r3(c: float) -> bool:
    return 0.2 <= c <= 5

# A vehicle remains D param between 1 and 5 in a typical day.
def r4(d: float) -> bool:
    return 1 <= d <= 5

# A vehicle spends E param between 1 and 5 in a typical day.
def r5(e: float) -> bool:
    return 1 <= e <= 5

# A vehicle makes between 20 and 300 F param in a typical day.
def r6(f: float) -> bool:
    return 20 <= f <= 300

# A vehicle makes between 20 and 250 G param in a typical day.
def r7(g: float) -> bool:
    return 20 <= g <= 250


Input text:
Textual context: The total operation duration must not be lower than the idle time.
Driving time must always be less than or equal to the total operation time.
The total stop count must not be lower than the count of stops where PTO is engaged.
The load on axle 1 must not surpass the load on axle 2.
The weight on axle 1 cannot surpass the weight on axle 3.
Axle 2's load must always be equal to or greater than the payload.";"
# The total operation duration must not be lower than the idle time.
def r8(total_operation_duration: float, idle_time: float) -> bool:
    return total_operation_duration >= idle_time

# Driving time must always be less than or equal to the total operation time.
def r9(driving_time: float, total_operation_time: float) -> bool:
    return driving_time <= total_operation_time

# The total stop count must not be lower than the count of stops where PTO is engaged.
def r10(total_stop_count: int, pto_engaged_stops: int) -> bool:
    return total_stop_count >= pto_engaged_stops

# Load on axle 1 must not surpass the load on axle 2.
def r11(load_axle1: float, load_axle2: float) -> bool:
    return load_axle1 <= load_axle2

# Weight on axle 1 cannot surpass the weight on axle 3.
def r12(weight_axle1: float, weight_axle3: float) -> bool:
    return weight_axle1 <= weight_axle3

# Axle 2's load must always be equal to or greater than the payload.
def r13(load_axle2: float, payload: float) -> bool:
    return load_axle2 >= payload"
"System Message:
You are a logician with a background in mathematics that translates natural language
reasoning text to Python3 code so that these natural language reasoning problems can be solved.
During the translation, please pay close attention to defining variables and rules.
Do not add any comments from you.
Be guided by the following example:
Example input text:
Textual context: A vehicle operates over a A param between 20 and 110 in a typical day.
A vehicle operates for a B param between 2 and 10 in a typical day.
A vehicle operates with C param between 0.2 and 5 in a typical day.
A vehicle remains D param between 1 and 5 in a typical day.
A vehicle spends E param between 1 and 5 in a typical day.
A vehicle makes between 20 and 300 F param in a typical day.
A vehicle makes between 20 and 250 G param in a typical day.

Example Python3 code:
# A vehicle operates over a A param between 20 and 110 in a typical day.
def r1(a: float) -> bool:
    return 20 <= a <= 110

# A vehicle operates for a B param between 2 and 10 in a typical day.
def r2(b: float) -> bool:
    return 2 <= b <= 10

# A vehicle operates with C param between 0.2 and 5 in a typical day.
def r3(c: float) -> bool:
    return 0.2 <= c <= 5

# A vehicle remains D param between 1 and 5 in a typical day.
def r4(d: float) -> bool:
    return 1 <= d <= 5

# A vehicle spends E param between 1 and 5 in a typical day.
def r5(e: float) -> bool:
    return 1 <= e <= 5

# A vehicle makes between 20 and 300 F param in a typical day.
def r6(f: float) -> bool:
    return 20 <= f <= 300

# A vehicle makes between 20 and 250 G param in a typical day.
def r7(g: float) -> bool:
    return 20 <= g <= 250


Input text:
Textual context: Total operation time shouldn’t be lower than PTO operation time.
Idle time must always be less than or equal to the total operation time.
The total operation durationmust not be lower than the driving time.
The payload must not exceed the load carried by axle 2.
The payload must always be smaller than or equal to the load on axle 3.
Total operation time must be greater than or equal to the sum of PTO operation, idle, and driving times.";"
def r8(pto_time: float, total_time: float) -> bool:
    return pto_time <= total_time

def r9(idle_time: float, total_time: float) -> bool:
    return idle_time <= total_time

def r10(total_time: float, driving_time: float) -> bool:
    return total_time >= driving_time

def r11(payload: float, axle2_load: float) -> bool:
    return payload <= axle2_load

def r12(payload: float, axle3_load: float) -> bool:
    return payload <= axle3_load

def r13(total_time: float, pto_time: float, idle_time: float, driving_time: float) -> bool:
    return total_time >= (pto_time + idle_time + driving_time)"
"System Message:
You are a logician with a background in mathematics that translates natural language
reasoning text to Python3 code so that these natural language reasoning problems can be solved.
During the translation, please pay close attention to defining variables and rules.
Do not add any comments from you.
Be guided by the following example:
Example input text:
Textual context: A vehicle operates over a A param between 20 and 110 in a typical day.
A vehicle operates for a B param between 2 and 10 in a typical day.
A vehicle operates with C param between 0.2 and 5 in a typical day.
A vehicle remains D param between 1 and 5 in a typical day.
A vehicle spends E param between 1 and 5 in a typical day.
A vehicle makes between 20 and 300 F param in a typical day.
A vehicle makes between 20 and 250 G param in a typical day.

Example Python3 code:
# A vehicle operates over a A param between 20 and 110 in a typical day.
def r1(a: float) -> bool:
    return 20 <= a <= 110

# A vehicle operates for a B param between 2 and 10 in a typical day.
def r2(b: float) -> bool:
    return 2 <= b <= 10

# A vehicle operates with C param between 0.2 and 5 in a typical day.
def r3(c: float) -> bool:
    return 0.2 <= c <= 5

# A vehicle remains D param between 1 and 5 in a typical day.
def r4(d: float) -> bool:
    return 1 <= d <= 5

# A vehicle spends E param between 1 and 5 in a typical day.
def r5(e: float) -> bool:
    return 1 <= e <= 5

# A vehicle makes between 20 and 300 F param in a typical day.
def r6(f: float) -> bool:
    return 20 <= f <= 300

# A vehicle makes between 20 and 250 G param in a typical day.
def r7(g: float) -> bool:
    return 20 <= g <= 250


Input text:
Textual context: PTO operation time cannot be greater than the total operation time.
The total operation duration must not be lower than the idle time.
Stops with PTO engaged cannot outnumber the total stops.
The weight on axle 1 cannot surpass the weight on axle 3.
Axle 2's load must always be equal to or greater than the payload.
Payload must remain below or equal to the load carried by axle 3.
The combined time for PTO operation, idle time, and driving time must not surpass the total operation time.";"
# PTO operation time cannot be greater than the total operation time.
def r1(pto_time: float, total_time: float) -> bool:
    return pto_time <= total_time

# The total operation duration must not be lower than the idle time.
def r2(total_time: float, idle_time: float) -> bool:
    return total_time >= idle_time

# Stops with PTO engaged cannot outnumber the total stops.
def r3(pto_stops: int, total_stops: int) -> bool:
    return pto_stops <= total_stops

# Weight on axle 1 cannot surpass the weight on axle 3.
def r4(axle1_weight: float, axle3_weight: float) -> bool:
    return axle1_weight <= axle3_weight

# Axle 2's load must always be equal to or greater than the payload.
def r5(axle2_load: float, payload: float) -> bool:
    return axle2_load >= payload

# Payload must remain below or equal to the load carried by axle 3.
def r6(payload: float, axle3_load: float) -> bool:
    return payload <= axle3_load

# The combined time for PTO operation, idle time, and driving time must not surpass the total operation time.
def r7(pto_time: float, idle_time: float, driving_time: float, total_time: float) -> bool:
    return pto_time + idle_time + driving_time <= total_time"
"System Message:
You are a logician with a background in mathematics that translates natural language
reasoning text to Python3 code so that these natural language reasoning problems can be solved.
During the translation, please pay close attention to defining variables and rules.
Do not add any comments from you.
Be guided by the following example:
Example input text:
Textual context: A vehicle operates over a A param between 20 and 110 in a typical day.
A vehicle operates for a B param between 2 and 10 in a typical day.
A vehicle operates with C param between 0.2 and 5 in a typical day.
A vehicle remains D param between 1 and 5 in a typical day.
A vehicle spends E param between 1 and 5 in a typical day.
A vehicle makes between 20 and 300 F param in a typical day.
A vehicle makes between 20 and 250 G param in a typical day.

Example Python3 code:
# A vehicle operates over a A param between 20 and 110 in a typical day.
def r1(a: float) -> bool:
    return 20 <= a <= 110

# A vehicle operates for a B param between 2 and 10 in a typical day.
def r2(b: float) -> bool:
    return 2 <= b <= 10

# A vehicle operates with C param between 0.2 and 5 in a typical day.
def r3(c: float) -> bool:
    return 0.2 <= c <= 5

# A vehicle remains D param between 1 and 5 in a typical day.
def r4(d: float) -> bool:
    return 1 <= d <= 5

# A vehicle spends E param between 1 and 5 in a typical day.
def r5(e: float) -> bool:
    return 1 <= e <= 5

# A vehicle makes between 20 and 300 F param in a typical day.
def r6(f: float) -> bool:
    return 20 <= f <= 300

# A vehicle makes between 20 and 250 G param in a typical day.
def r7(g: float) -> bool:
    return 20 <= g <= 250


Input text:
Textual context: PTO operation time should be less than or equal to the total operation time.
Idle time should be less than or equal to the total operation time.
The total operation durationmust not be lower than the driving time.
The number of stops where PTO is engaged must not exceed the overall stop count.
The load supported by axle 1 cannot exceed that of axle 3.
The payload must not exceed the load carried by axle 3.
Total operation time must be greater than or equal to the sum of PTO operation, idle, and driving times.";"
# PTO operation time should be less than or equal to the total operation time.
def r8(pto_time: float, total_time: float) -> bool:
    return pto_time <= total_time

# Idle time should be less than or equal to the total operation time.
def r9(idle_time: float, total_time: float) -> bool:
    return idle_time <= total_time

# The total operation duration must not be lower than the driving time.
def r10(total_time: float, driving_time: float) -> bool:
    return total_time >= driving_time

# The number of stops where PTO is engaged must not exceed the overall stop count.
def r11(pto_stops: int, total_stops: int) -> bool:
    return pto_stops <= total_stops

# The load supported by axle 1 cannot exceed that of axle 3.
def r12(axle1_load: float, axle3_load: float) -> bool:
    return axle1_load <= axle3_load

# The payload must not exceed the load carried by axle 3.
def r13(payload: float, axle3_load: float) -> bool:
    return payload <= axle3_load

# Total operation time must be greater than or equal to the sum of PTO operation, idle, and driving times.
def r14(pto_time: float, idle_time: float, driving_time: float, total_time: float) -> bool:
    return total_time >= (pto_time + idle_time + driving_time)"
"System Message:
You are a logician with a background in mathematics that translates natural language
reasoning text to Python3 code so that these natural language reasoning problems can be solved.
During the translation, please pay close attention to defining variables and rules.
Do not add any comments from you.
Be guided by the following example:
Example input text:
Textual context: A vehicle operates over a A param between 20 and 110 in a typical day.
A vehicle operates for a B param between 2 and 10 in a typical day.
A vehicle operates with C param between 0.2 and 5 in a typical day.
A vehicle remains D param between 1 and 5 in a typical day.
A vehicle spends E param between 1 and 5 in a typical day.
A vehicle makes between 20 and 300 F param in a typical day.
A vehicle makes between 20 and 250 G param in a typical day.

Example Python3 code:
# A vehicle operates over a A param between 20 and 110 in a typical day.
def r1(a: float) -> bool:
    return 20 <= a <= 110

# A vehicle operates for a B param between 2 and 10 in a typical day.
def r2(b: float) -> bool:
    return 2 <= b <= 10

# A vehicle operates with C param between 0.2 and 5 in a typical day.
def r3(c: float) -> bool:
    return 0.2 <= c <= 5

# A vehicle remains D param between 1 and 5 in a typical day.
def r4(d: float) -> bool:
    return 1 <= d <= 5

# A vehicle spends E param between 1 and 5 in a typical day.
def r5(e: float) -> bool:
    return 1 <= e <= 5

# A vehicle makes between 20 and 300 F param in a typical day.
def r6(f: float) -> bool:
    return 20 <= f <= 300

# A vehicle makes between 20 and 250 G param in a typical day.
def r7(g: float) -> bool:
    return 20 <= g <= 250


Input text:
Textual context: PTO operation time should be less than or equal to the total operation time.
Total operation time should shouldn’t be lower than driving time.
The total stop count must not be lower than the count of stops where PTO is engaged.
The load carried by axle 1 must be smaller than or equal to the load on axle 3.
Payload must remain below or equal to the load carried by axle 2.
The payload cannot exceed the capacity of axle 3.
Total operation time must be greater than or equal to the sum of PTO operation, idle, and driving times.";"
def pto_operation_time_is_less_than_or_equal_to_total_operation_time(pto_operation_time: float, total_operation_time: float) -> bool:
    return pto_operation_time <= total_operation_time

def total_operation_time_should_not_be_lower_than_driving_time(total_operation_time: float, driving_time: float) -> bool:
    return total_operation_time >= driving_time

def total_stop_count_must_not_be_lower_than_stops_with_pto(total_stop_count: int, stops_with_pto: int) -> bool:
    return total_stop_count >= stops_with_pto

def load_carried_by_axle_1_is_smaller_than_or_equal_to_load_on_axle_3(load_carried_by_axle_1: float, load_on_axle_3: float) -> bool:
    return load_carried_by_axle_1 <= load_on_axle_3

def payload_must_remain_below_or_equal_to_load_carried_by_axle_2(payload: float, load_carried_by_axle_2: float) -> bool:
    return payload <= load_carried_by_axle_2

def payload_cannot_exceed_capacity_of_axle_3(payload: float, capacity_of_axle_3: float) -> bool:
    return payload <= capacity_of_axle_3

def total_operation_time_must_be_greater_than_or_equal_to_sum_of_pto_operation_idle_and_driving_times(pto_operation_time: float, idle_time: float, driving_time: float) -> bool:
    return total_operation_time >= (pto_operation_time + idle_time + driving_time)"
"System Message:
You are a logician with a background in mathematics that translates natural language
reasoning text to Python3 code so that these natural language reasoning problems can be solved.
During the translation, please pay close attention to defining variables and rules.
Do not add any comments from you.
Be guided by the following example:
Example input text:
Textual context: A vehicle operates over a A param between 20 and 110 in a typical day.
A vehicle operates for a B param between 2 and 10 in a typical day.
A vehicle operates with C param between 0.2 and 5 in a typical day.
A vehicle remains D param between 1 and 5 in a typical day.
A vehicle spends E param between 1 and 5 in a typical day.
A vehicle makes between 20 and 300 F param in a typical day.
A vehicle makes between 20 and 250 G param in a typical day.

Example Python3 code:
# A vehicle operates over a A param between 20 and 110 in a typical day.
def r1(a: float) -> bool:
    return 20 <= a <= 110

# A vehicle operates for a B param between 2 and 10 in a typical day.
def r2(b: float) -> bool:
    return 2 <= b <= 10

# A vehicle operates with C param between 0.2 and 5 in a typical day.
def r3(c: float) -> bool:
    return 0.2 <= c <= 5

# A vehicle remains D param between 1 and 5 in a typical day.
def r4(d: float) -> bool:
    return 1 <= d <= 5

# A vehicle spends E param between 1 and 5 in a typical day.
def r5(e: float) -> bool:
    return 1 <= e <= 5

# A vehicle makes between 20 and 300 F param in a typical day.
def r6(f: float) -> bool:
    return 20 <= f <= 300

# A vehicle makes between 20 and 250 G param in a typical day.
def r7(g: float) -> bool:
    return 20 <= g <= 250


Input text:
Textual context: PTO operation time must be less than or equal to the total operation time.
Idle time should be less than or equal to the total operation time.
Driving time should be less than or equal to the total operation time.
Stops with PTO engaged cannot outnumber the total stops.
The load supported by axle 1 cannot exceed that of axle 2.
Payload must remain below or equal to the load carried by axle 3.
Total operation time must be greater than or equal to the sum of PTO operation, idle, and driving times.";"
# PTO operation time must be less than or equal to the total operation time.
def r8(pto_time: float, total_time: float) -> bool:
    return pto_time <= total_time

# Idle time should be less than or equal to the total operation time.
def r9(idle_time: float, total_time: float) -> bool:
    return idle_time <= total_time

# Driving time should be less than or equal to the total operation time.
def r10(driving_time: float, total_time: float) -> bool:
    return driving_time <= total_time

# Stops with PTO engaged cannot outnumber the total stops.
def r11(pto_stops: int, total_stops: int) -> bool:
    return pto_stops <= total_stops

# The load supported by axle 1 cannot exceed that of axle 2.
def r12(axle1_load: float, axle2_load: float) -> bool:
    return axle1_load <= axle2_load

# Payload must remain below or equal to the load carried by axle 3.
def r13(payload: float, axle3_load: float) -> bool:
    return payload <= axle3_load

# Total operation time must be greater than or equal to the sum of PTO operation, idle, and driving times.
def r14(pto_time: float, idle_time: float, driving_time: float, total_time: float) -> bool:
    return total_time >= (pto_time + idle_time + driving_time)"
"System Message:
You are a logician with a background in mathematics that translates natural language
reasoning text to Python3 code so that these natural language reasoning problems can be solved.
During the translation, please pay close attention to defining variables and rules.
Do not add any comments from you.
Be guided by the following example:
Example input text:
Textual context: A vehicle operates over a A param between 20 and 110 in a typical day.
A vehicle operates for a B param between 2 and 10 in a typical day.
A vehicle operates with C param between 0.2 and 5 in a typical day.
A vehicle remains D param between 1 and 5 in a typical day.
A vehicle spends E param between 1 and 5 in a typical day.
A vehicle makes between 20 and 300 F param in a typical day.
A vehicle makes between 20 and 250 G param in a typical day.

Example Python3 code:
# A vehicle operates over a A param between 20 and 110 in a typical day.
def r1(a: float) -> bool:
    return 20 <= a <= 110

# A vehicle operates for a B param between 2 and 10 in a typical day.
def r2(b: float) -> bool:
    return 2 <= b <= 10

# A vehicle operates with C param between 0.2 and 5 in a typical day.
def r3(c: float) -> bool:
    return 0.2 <= c <= 5

# A vehicle remains D param between 1 and 5 in a typical day.
def r4(d: float) -> bool:
    return 1 <= d <= 5

# A vehicle spends E param between 1 and 5 in a typical day.
def r5(e: float) -> bool:
    return 1 <= e <= 5

# A vehicle makes between 20 and 300 F param in a typical day.
def r6(f: float) -> bool:
    return 20 <= f <= 300

# A vehicle makes between 20 and 250 G param in a typical day.
def r7(g: float) -> bool:
    return 20 <= g <= 250


Input text:
Textual context: Idle time should be less than or equal to the total operation time.
Driving time should be less than or equal to the total operation time.
The number of stops where PTO is engaged must not exceed the overall stop count.
The load on axle 1 must not surpass the load on axle 2.
Payload must remain below or equal to the load carried by axle 2.
Payload must remain below or equal to the load carried by axle 3.
The combined time for PTO operation, idle time, and driving time must not surpass the total operation time.";"
# Idle time should be less than or equal to the total operation time.
def r1(idle_time: float, total_operation_time: float) -> bool:
    return idle_time <= total_operation_time

# Driving time should be less than or equal to the total operation time.
def r2(driving_time: float, total_operation_time: float) -> bool:
    return driving_time <= total_operation_time

# The number of stops where PTO is engaged must not exceed the overall stop count.
def r3(pto_stops: int, total_stops: int) -> bool:
    return pto_stops <= total_stops

# Load on axle 1 must not surpass the load on axle 2.
def r4(load_axle1: float, load_axle2: float) -> bool:
    return load_axle1 <= load_axle2

# Payload must remain below or equal to the load carried by axle 2.
def r5(payload: float, load_axle2: float) -> bool:
    return payload <= load_axle2

# Payload must remain below or equal to the load carried by axle 3.
def r6(payload: float, load_axle3: float) -> bool:
    return payload <= load_axle3

# The combined time for PTO operation, idle time, and driving time must not surpass the total operation time.
def r7(pto_time: float, idle_time: float, driving_time: float, total_operation_time: float) -> bool:
    return pto_time + idle_time + driving_time <= total_operation_time"
"System Message:
You are a logician with a background in mathematics that translates natural language
reasoning text to Python3 code so that these natural language reasoning problems can be solved.
During the translation, please pay close attention to defining variables and rules.
Do not add any comments from you.
Be guided by the following example:
Example input text:
Textual context: A vehicle operates over a A param between 20 and 110 in a typical day.
A vehicle operates for a B param between 2 and 10 in a typical day.
A vehicle operates with C param between 0.2 and 5 in a typical day.
A vehicle remains D param between 1 and 5 in a typical day.
A vehicle spends E param between 1 and 5 in a typical day.
A vehicle makes between 20 and 300 F param in a typical day.
A vehicle makes between 20 and 250 G param in a typical day.

Example Python3 code:
# A vehicle operates over a A param between 20 and 110 in a typical day.
def r1(a: float) -> bool:
    return 20 <= a <= 110

# A vehicle operates for a B param between 2 and 10 in a typical day.
def r2(b: float) -> bool:
    return 2 <= b <= 10

# A vehicle operates with C param between 0.2 and 5 in a typical day.
def r3(c: float) -> bool:
    return 0.2 <= c <= 5

# A vehicle remains D param between 1 and 5 in a typical day.
def r4(d: float) -> bool:
    return 1 <= d <= 5

# A vehicle spends E param between 1 and 5 in a typical day.
def r5(e: float) -> bool:
    return 1 <= e <= 5

# A vehicle makes between 20 and 300 F param in a typical day.
def r6(f: float) -> bool:
    return 20 <= f <= 300

# A vehicle makes between 20 and 250 G param in a typical day.
def r7(g: float) -> bool:
    return 20 <= g <= 250


Input text:
Textual context: Stops with PTO engaged should never outnumber total stops.
The load supported by axle 1 cannot exceed that of axle 2.
The load carried by axle 1 must be smaller than or equal to the load on axle 3.
The payload must not exceed the load carried by axle 2.
Payload must remain below or equal to the load carried by axle 3.
The total operation duration must always be greater than or equal to the combined time for PTO, idle, and driving.";"
# Stops with PTO engaged should never outnumber total stops.
def r1(pto_stops: int, total_stops: int) -> bool:
    return pto_stops <= total_stops

# The load supported by axle 1 cannot exceed that of axle 2.
def r2(axle1_load: float, axle2_load: float) -> bool:
    return axle1_load <= axle2_load

# The load carried by axle 1 must be smaller than or equal to the load on axle 3.
def r3(axle1_load: float, axle3_load: float) -> bool:
    return axle1_load <= axle3_load

# Payload must not exceed the load carried by axle 2.
def r4(payload: float, axle2_load: float) -> bool:
    return payload <= axle2_load

# Payload must remain below or equal to the load carried by axle 3.
def r5(payload: float, axle3_load: float) -> bool:
    return payload <= axle3_load

# The total operation duration must always be greater than or equal to the combined time for PTO, idle, and driving.
def r6(total_duration: float, pto_time: float, idle_time: float, driving_time: float) -> bool:
    return total_duration >= (pto_time + idle_time + driving_time)"
"System Message:
You are a logician with a background in mathematics that translates natural language
reasoning text to Python3 code so that these natural language reasoning problems can be solved.
During the translation, please pay close attention to defining variables and rules.
Do not add any comments from you.
Be guided by the following example:
Example input text:
Textual context: A vehicle operates over a A param between 20 and 110 in a typical day.
A vehicle operates for a B param between 2 and 10 in a typical day.
A vehicle operates with C param between 0.2 and 5 in a typical day.
A vehicle remains D param between 1 and 5 in a typical day.
A vehicle spends E param between 1 and 5 in a typical day.
A vehicle makes between 20 and 300 F param in a typical day.
A vehicle makes between 20 and 250 G param in a typical day.

Example Python3 code:
# A vehicle operates over a A param between 20 and 110 in a typical day.
def r1(a: float) -> bool:
    return 20 <= a <= 110

# A vehicle operates for a B param between 2 and 10 in a typical day.
def r2(b: float) -> bool:
    return 2 <= b <= 10

# A vehicle operates with C param between 0.2 and 5 in a typical day.
def r3(c: float) -> bool:
    return 0.2 <= c <= 5

# A vehicle remains D param between 1 and 5 in a typical day.
def r4(d: float) -> bool:
    return 1 <= d <= 5

# A vehicle spends E param between 1 and 5 in a typical day.
def r5(e: float) -> bool:
    return 1 <= e <= 5

# A vehicle makes between 20 and 300 F param in a typical day.
def r6(f: float) -> bool:
    return 20 <= f <= 300

# A vehicle makes between 20 and 250 G param in a typical day.
def r7(g: float) -> bool:
    return 20 <= g <= 250


Input text:
Textual context: PTO operation time must be less than or equal to the total operation time.
The total stop count must not be lower than the count of stops where PTO is engaged.
The load supported by axle 1 cannot exceed that of axle 2.
Axle 1's load cannot exceed Axle 3's load.
The payload must always be smaller than or equal to the load on axle 2.
Axle 3's load must always be equal to or greater than the payload.
The total operation duration must always be greater than or equal to the combined time for PTO, idle, and driving.";"
```python
# PTO operation time must be less than or equal to the total operation time.
def r8(pto_time: float, total_time: float) -> bool:
    return pto_time <= total_time

# The total stop count must not be lower than the count of stops where PTO is engaged.
def r9(total_stops: int, pto_engaged_stops: int) -> bool:
    return total_stops >= pto_engaged_stops

# Load supported by axle 1 cannot exceed that of axle 2.
def r10(axle1_load: float, axle2_load: float) -> bool:
    return axle1_load <= axle2_load

# Axle 1's load cannot exceed Axle 3's load.
def r11(axle1_load: float, axle3_load: float) -> bool:
    return axle1_load <= axle3_load

# The payload must always be smaller than or equal to the load on axle 2.
def r12(payload: float, axle2_load: float) -> bool:
    return payload <= axle2_load

# Axle 3's load must always be equal to or greater than the payload.
def r13(axle3_load: float, payload: float) -> bool:
    return axle3_load >= payload

# The total operation duration must always be greater than or equal to the combined time for PTO, idle, and driving.
def r14(total_duration: float, pto_time: float, idle_time: float, driving_time: float) -> bool:
    return total_duration >= (pto_time + idle_time + driving_time)
```"
"System Message:
You are a logician with a background in mathematics that translates natural language
reasoning text to Python3 code so that these natural language reasoning problems can be solved.
During the translation, please pay close attention to defining variables and rules.
Do not add any comments from you.
Be guided by the following example:
Example input text:
Textual context: A vehicle operates over a A param between 20 and 110 in a typical day.
A vehicle operates for a B param between 2 and 10 in a typical day.
A vehicle operates with C param between 0.2 and 5 in a typical day.
A vehicle remains D param between 1 and 5 in a typical day.
A vehicle spends E param between 1 and 5 in a typical day.
A vehicle makes between 20 and 300 F param in a typical day.
A vehicle makes between 20 and 250 G param in a typical day.

Example Python3 code:
# A vehicle operates over a A param between 20 and 110 in a typical day.
def r1(a: float) -> bool:
    return 20 <= a <= 110

# A vehicle operates for a B param between 2 and 10 in a typical day.
def r2(b: float) -> bool:
    return 2 <= b <= 10

# A vehicle operates with C param between 0.2 and 5 in a typical day.
def r3(c: float) -> bool:
    return 0.2 <= c <= 5

# A vehicle remains D param between 1 and 5 in a typical day.
def r4(d: float) -> bool:
    return 1 <= d <= 5

# A vehicle spends E param between 1 and 5 in a typical day.
def r5(e: float) -> bool:
    return 1 <= e <= 5

# A vehicle makes between 20 and 300 F param in a typical day.
def r6(f: float) -> bool:
    return 20 <= f <= 300

# A vehicle makes between 20 and 250 G param in a typical day.
def r7(g: float) -> bool:
    return 20 <= g <= 250


Input text:
Textual context: PTO operation time should be less than or equal to the total operation time.
Idle time cannot be greater than the total operation time.
The total operation durationmust not be lower than the driving time.
The total stop count must not be lower than the count of stops where PTO is engaged.
The load supported by axle 1 cannot exceed that of axle 3.
Payload must remain below or equal to the load carried by axle 3.
The total operation duration must always be greater than or equal to the combined time for PTO, idle, and driving.";"
# PTO operation time should be less than or equal to the total operation time.
def r8(pto_time: float, total_time: float) -> bool:
    return pto_time <= total_time

# Idle time cannot be greater than the total operation time.
def r9(idle_time: float, total_time: float) -> bool:
    return idle_time <= total_time

# The total operation duration must not be lower than the driving time.
def r10(total_duration: float, driving_time: float) -> bool:
    return total_duration >= driving_time

# The total stop count must not be lower than the count of stops where PTO is engaged.
def r11(total_stops: int, pto_engaged_stops: int) -> bool:
    return total_stops >= pto_engaged_stops

# Load supported by axle 1 cannot exceed that of axle 3.
def r12(load_axle1: float, load_axle3: float) -> bool:
    return load_axle1 <= load_axle3

# Payload must remain below or equal to the load carried by axle 3.
def r13(payload: float, load_axle3: float) -> bool:
    return payload <= load_axle3

# The total operation duration must always be greater than or equal to the combined time for PTO, idle, and driving.
def r14(total_duration: float, pto_time: float, idle_time: float, driving_time: float) -> bool:
    return total_duration >= pto_time + idle_time + driving_time"
"System Message:
You are a logician with a background in mathematics that translates natural language
reasoning text to Python3 code so that these natural language reasoning problems can be solved.
During the translation, please pay close attention to defining variables and rules.
Do not add any comments from you.
Be guided by the following example:
Example input text:
Textual context: A vehicle operates over a A param between 20 and 110 in a typical day.
A vehicle operates for a B param between 2 and 10 in a typical day.
A vehicle operates with C param between 0.2 and 5 in a typical day.
A vehicle remains D param between 1 and 5 in a typical day.
A vehicle spends E param between 1 and 5 in a typical day.
A vehicle makes between 20 and 300 F param in a typical day.
A vehicle makes between 20 and 250 G param in a typical day.

Example Python3 code:
# A vehicle operates over a A param between 20 and 110 in a typical day.
def r1(a: float) -> bool:
    return 20 <= a <= 110

# A vehicle operates for a B param between 2 and 10 in a typical day.
def r2(b: float) -> bool:
    return 2 <= b <= 10

# A vehicle operates with C param between 0.2 and 5 in a typical day.
def r3(c: float) -> bool:
    return 0.2 <= c <= 5

# A vehicle remains D param between 1 and 5 in a typical day.
def r4(d: float) -> bool:
    return 1 <= d <= 5

# A vehicle spends E param between 1 and 5 in a typical day.
def r5(e: float) -> bool:
    return 1 <= e <= 5

# A vehicle makes between 20 and 300 F param in a typical day.
def r6(f: float) -> bool:
    return 20 <= f <= 300

# A vehicle makes between 20 and 250 G param in a typical day.
def r7(g: float) -> bool:
    return 20 <= g <= 250


Input text:
Textual context: PTO operation time must be less than or equal to the total operation time.
The total operation duration must not be lower than the idle time.
PTO-engaged stops cannot exceed the total number of stops.
The load on axle 1 must not surpass the load on axle 2.
The load carried by axle 1 must be smaller than or equal to the load on axle 3.
The payload must not exceed the load carried by axle 3.";"
```python
# PTO operation time must be less than or equal to the total operation time.
def pto_operation_time(pto_time: float, total_time: float) -> bool:
    return pto_time <= total_time

# The total operation duration must not be lower than the idle time.
def total_operation_duration(total_time: float, idle_time: float) -> bool:
    return total_time >= idle_time

# PTO-engaged stops cannot exceed the total number of stops.
def pto_engaged_stops(pto_stops: int, total_stops: int) -> bool:
    return pto_stops <= total_stops

# The load on axle 1 must not surpass the load on axle 2.
def load_axle_1(load_axle_1: float, load_axle_2: float) -> bool:
    return load_axle_1 <= load_axle_2

# The load carried by axle 1 must be smaller than or equal to the load on axle 3.
def load_axle_1_to_axle_3(load_axle_1: float, load_axle_3: float) -> bool:
    return load_axle_1 <= load_axle_3

# The payload must not exceed the load carried by axle 3.
def payload_to_axle_3(payload: float, load_axle_3: float) -> bool:
    return payload <= load_axle_3
```"
"System Message:
You are a logician with a background in mathematics that translates natural language
reasoning text to Python3 code so that these natural language reasoning problems can be solved.
During the translation, please pay close attention to defining variables and rules.
Do not add any comments from you.
Be guided by the following example:
Example input text:
Textual context: A vehicle operates over a A param between 20 and 110 in a typical day.
A vehicle operates for a B param between 2 and 10 in a typical day.
A vehicle operates with C param between 0.2 and 5 in a typical day.
A vehicle remains D param between 1 and 5 in a typical day.
A vehicle spends E param between 1 and 5 in a typical day.
A vehicle makes between 20 and 300 F param in a typical day.
A vehicle makes between 20 and 250 G param in a typical day.

Example Python3 code:
# A vehicle operates over a A param between 20 and 110 in a typical day.
def r1(a: float) -> bool:
    return 20 <= a <= 110

# A vehicle operates for a B param between 2 and 10 in a typical day.
def r2(b: float) -> bool:
    return 2 <= b <= 10

# A vehicle operates with C param between 0.2 and 5 in a typical day.
def r3(c: float) -> bool:
    return 0.2 <= c <= 5

# A vehicle remains D param between 1 and 5 in a typical day.
def r4(d: float) -> bool:
    return 1 <= d <= 5

# A vehicle spends E param between 1 and 5 in a typical day.
def r5(e: float) -> bool:
    return 1 <= e <= 5

# A vehicle makes between 20 and 300 F param in a typical day.
def r6(f: float) -> bool:
    return 20 <= f <= 300

# A vehicle makes between 20 and 250 G param in a typical day.
def r7(g: float) -> bool:
    return 20 <= g <= 250


Input text:
Textual context: Total operation time should shouldn’t be lower than driving time.
Stops with PTO engaged cannot outnumber the total stops.
The load carried by axle 1 must be smaller than or equal to the load on axle 2.
The payload must not exceed the load carried by axle 2.
Payload must remain below or equal to the load carried by axle 3.
Total operation time must be greater than or equal to the sum of PTO operation, idle, and driving times.";"
```python
def r8(total_time: float, driving_time: float) -> bool:
    return total_time >= driving_time

def r9(pto_stops: int, total_stops: int) -> bool:
    return pto_stops <= total_stops

def r10(axle1_load: float, axle2_load: float) -> bool:
    return axle1_load <= axle2_load

def r11(payload: float, axle2_load: float) -> bool:
    return payload <= axle2_load

def r12(payload: float, axle3_load: float) -> bool:
    return payload <= axle3_load

def r13(total_time: float, pto_operation_time: float, idle_time: float, driving_time: float) -> bool:
    return total_time >= (pto_operation_time + idle_time + driving_time)
```"
"System Message:
You are a logician with a background in mathematics that translates natural language
reasoning text to Python3 code so that these natural language reasoning problems can be solved.
During the translation, please pay close attention to defining variables and rules.
Do not add any comments from you.
Be guided by the following example:
Example input text:
Textual context: A vehicle operates over a A param between 20 and 110 in a typical day.
A vehicle operates for a B param between 2 and 10 in a typical day.
A vehicle operates with C param between 0.2 and 5 in a typical day.
A vehicle remains D param between 1 and 5 in a typical day.
A vehicle spends E param between 1 and 5 in a typical day.
A vehicle makes between 20 and 300 F param in a typical day.
A vehicle makes between 20 and 250 G param in a typical day.

Example Python3 code:
# A vehicle operates over a A param between 20 and 110 in a typical day.
def r1(a: float) -> bool:
    return 20 <= a <= 110

# A vehicle operates for a B param between 2 and 10 in a typical day.
def r2(b: float) -> bool:
    return 2 <= b <= 10

# A vehicle operates with C param between 0.2 and 5 in a typical day.
def r3(c: float) -> bool:
    return 0.2 <= c <= 5

# A vehicle remains D param between 1 and 5 in a typical day.
def r4(d: float) -> bool:
    return 1 <= d <= 5

# A vehicle spends E param between 1 and 5 in a typical day.
def r5(e: float) -> bool:
    return 1 <= e <= 5

# A vehicle makes between 20 and 300 F param in a typical day.
def r6(f: float) -> bool:
    return 20 <= f <= 300

# A vehicle makes between 20 and 250 G param in a typical day.
def r7(g: float) -> bool:
    return 20 <= g <= 250


Input text:
Textual context: Total operation time shouldn’t be lower than PTO operation time.
Idle time cannot be greater than the total operation time.
The total operation durationmust not be lower than the driving time.
PTO-engaged stops cannot exceed the total number of stops.
Axle 2's load must always be equal to or greater than the payload.
Axle 3's load must always be equal to or greater than the payload.";"
# Total operation time shouldn't be lower than PTO operation time.
def r1(pto_time: float, total_time: float) -> bool:
    return pto_time <= total_time

# Idle time cannot be greater than the total operation time.
def r2(idle_time: float, total_time: float) -> bool:
    return idle_time <= total_time

# The total operation duration must not be lower than the driving time.
def r3(driving_time: float, total_time: float) -> bool:
    return driving_time <= total_time

# PTO-engaged stops cannot exceed the total number of stops.
def r4(pto_stops: int, total_stops: int) -> bool:
    return pto_stops <= total_stops

# Axle 2's load must always be equal to or greater than the payload.
def r5(axle2_load: float, payload: float) -> bool:
    return axle2_load >= payload

# Axle 3's load must always be equal to or greater than the payload.
def r6(axle3_load: float, payload: float) -> bool:
    return axle3_load >= payload"
"System Message:
You are a logician with a background in mathematics that translates natural language
reasoning text to Python3 code so that these natural language reasoning problems can be solved.
During the translation, please pay close attention to defining variables and rules.
Do not add any comments from you.
Be guided by the following example:
Example input text:
Textual context: A vehicle operates over a A param between 20 and 110 in a typical day.
A vehicle operates for a B param between 2 and 10 in a typical day.
A vehicle operates with C param between 0.2 and 5 in a typical day.
A vehicle remains D param between 1 and 5 in a typical day.
A vehicle spends E param between 1 and 5 in a typical day.
A vehicle makes between 20 and 300 F param in a typical day.
A vehicle makes between 20 and 250 G param in a typical day.

Example Python3 code:
# A vehicle operates over a A param between 20 and 110 in a typical day.
def r1(a: float) -> bool:
    return 20 <= a <= 110

# A vehicle operates for a B param between 2 and 10 in a typical day.
def r2(b: float) -> bool:
    return 2 <= b <= 10

# A vehicle operates with C param between 0.2 and 5 in a typical day.
def r3(c: float) -> bool:
    return 0.2 <= c <= 5

# A vehicle remains D param between 1 and 5 in a typical day.
def r4(d: float) -> bool:
    return 1 <= d <= 5

# A vehicle spends E param between 1 and 5 in a typical day.
def r5(e: float) -> bool:
    return 1 <= e <= 5

# A vehicle makes between 20 and 300 F param in a typical day.
def r6(f: float) -> bool:
    return 20 <= f <= 300

# A vehicle makes between 20 and 250 G param in a typical day.
def r7(g: float) -> bool:
    return 20 <= g <= 250


Input text:
Textual context: PTO operation time must be less than or equal to the total operation time.
Idle time must always be less than or equal to the total operation time.
Total operation time should shouldn’t be lower than driving time.
The total stop count must not be lower than the count of stops where PTO is engaged.
The load supported by axle 1 cannot exceed that of axle 2.
The weight on axle 1 cannot surpass the weight on axle 3.
The payload must not exceed the load carried by axle 3.";"
# PTO operation time must be less than or equal to the total operation time.
def r1(pto_time: float, total_time: float) -> bool:
    return pto_time <= total_time

# Idle time must always be less than or equal to the total operation time.
def r2(idle_time: float, total_time: float) -> bool:
    return idle_time <= total_time

# Total operation time should shouldn't be lower than driving time.
def r3(total_time: float, driving_time: float) -> bool:
    return total_time >= driving_time

# The total stop count must not be lower than the count of stops where PTO is engaged.
def r4(total_stops: int, pto_engaged_stops: int) -> bool:
    return total_stops >= pto_engaged_stops

# The load supported by axle 1 cannot exceed that of axle 2.
def r5(load_axle1: float, load_axle2: float) -> bool:
    return load_axle1 <= load_axle2

# The weight on axle 1 cannot surpass the weight on axle 3.
def r6(weight_axle1: float, weight_axle3: float) -> bool:
    return weight_axle1 <= weight_axle3

# The payload must not exceed the load carried by axle 3.
def r7(payload: float, load_axle3: float) -> bool:
    return payload <= load_axle3"
"System Message:
You are a logician with a background in mathematics that translates natural language
reasoning text to Python3 code so that these natural language reasoning problems can be solved.
During the translation, please pay close attention to defining variables and rules.
Do not add any comments from you.
Be guided by the following example:
Example input text:
Textual context: A vehicle operates over a A param between 20 and 110 in a typical day.
A vehicle operates for a B param between 2 and 10 in a typical day.
A vehicle operates with C param between 0.2 and 5 in a typical day.
A vehicle remains D param between 1 and 5 in a typical day.
A vehicle spends E param between 1 and 5 in a typical day.
A vehicle makes between 20 and 300 F param in a typical day.
A vehicle makes between 20 and 250 G param in a typical day.

Example Python3 code:
# A vehicle operates over a A param between 20 and 110 in a typical day.
def r1(a: float) -> bool:
    return 20 <= a <= 110

# A vehicle operates for a B param between 2 and 10 in a typical day.
def r2(b: float) -> bool:
    return 2 <= b <= 10

# A vehicle operates with C param between 0.2 and 5 in a typical day.
def r3(c: float) -> bool:
    return 0.2 <= c <= 5

# A vehicle remains D param between 1 and 5 in a typical day.
def r4(d: float) -> bool:
    return 1 <= d <= 5

# A vehicle spends E param between 1 and 5 in a typical day.
def r5(e: float) -> bool:
    return 1 <= e <= 5

# A vehicle makes between 20 and 300 F param in a typical day.
def r6(f: float) -> bool:
    return 20 <= f <= 300

# A vehicle makes between 20 and 250 G param in a typical day.
def r7(g: float) -> bool:
    return 20 <= g <= 250


Input text:
Textual context: PTO operation time cannot be greater than the total operation time.
Total operation time should shouldn’t be lower than driving time.
The total stop count must not be lower than the count of stops where PTO is engaged.
The load supported by axle 1 cannot exceed that of axle 2.
The payload must always be smaller than or equal to the load on axle 2.
The payload must always be smaller than or equal to the load on axle 3.";"
# PTO operation time cannot be greater than the total operation time.
def r1(pto_time: float, total_time: float) -> bool:
    return pto_time <= total_time

# Total operation time should shouldn't be lower than driving time.
def r2(total_time: float, driving_time: float) -> bool:
    return total_time >= driving_time

# The total stop count must not be lower than the count of stops where PTO is engaged.
def r3(total_stops: int, pto_stops: int) -> bool:
    return total_stops >= pto_stops

# The load supported by axle 1 cannot exceed that of axle 2.
def r4(axle1_load: float, axle2_load: float) -> bool:
    return axle1_load <= axle2_load

# The payload must always be smaller than or equal to the load on axle 2.
def r5(payload: float, axle2_load: float) -> bool:
    return payload <= axle2_load

# The payload must always be smaller than or equal to the load on axle 3.
def r6(payload: float, axle3_load: float) -> bool:
    return payload <= axle3_load"
"System Message:
You are a logician with a background in mathematics that translates natural language
reasoning text to Python3 code so that these natural language reasoning problems can be solved.
During the translation, please pay close attention to defining variables and rules.
Do not add any comments from you.
Be guided by the following example:
Example input text:
Textual context: A vehicle operates over a A param between 20 and 110 in a typical day.
A vehicle operates for a B param between 2 and 10 in a typical day.
A vehicle operates with C param between 0.2 and 5 in a typical day.
A vehicle remains D param between 1 and 5 in a typical day.
A vehicle spends E param between 1 and 5 in a typical day.
A vehicle makes between 20 and 300 F param in a typical day.
A vehicle makes between 20 and 250 G param in a typical day.

Example Python3 code:
# A vehicle operates over a A param between 20 and 110 in a typical day.
def r1(a: float) -> bool:
    return 20 <= a <= 110

# A vehicle operates for a B param between 2 and 10 in a typical day.
def r2(b: float) -> bool:
    return 2 <= b <= 10

# A vehicle operates with C param between 0.2 and 5 in a typical day.
def r3(c: float) -> bool:
    return 0.2 <= c <= 5

# A vehicle remains D param between 1 and 5 in a typical day.
def r4(d: float) -> bool:
    return 1 <= d <= 5

# A vehicle spends E param between 1 and 5 in a typical day.
def r5(e: float) -> bool:
    return 1 <= e <= 5

# A vehicle makes between 20 and 300 F param in a typical day.
def r6(f: float) -> bool:
    return 20 <= f <= 300

# A vehicle makes between 20 and 250 G param in a typical day.
def r7(g: float) -> bool:
    return 20 <= g <= 250


Input text:
Textual context: Total operation time shouldn’t be lower than PTO operation time.
Idle time must always be less than or equal to the total operation time.
Driving time should be less than or equal to the total operation time.
The weight on axle 1 cannot surpass the weight on axle 2.
Axle 2's load must always be equal to or greater than the payload.
Total operation time should be at least the sum of PTO, idle, and driving times.";"
# Total operation time shouldn't be lower than PTO operation time.
def r1(pto_time: float, total_time: float) -> bool:
    return total_time >= pto_time

# Idle time must always be less than or equal to the total operation time.
def r2(idle_time: float, total_time: float) -> bool:
    return idle_time <= total_time

# Driving time should be less than or equal to the total operation time.
def r3(driving_time: float, total_time: float) -> bool:
    return driving_time <= total_time

# The weight on axle 1 cannot surpass the weight on axle 2.
def r4(axle1_weight: float, axle2_weight: float) -> bool:
    return axle1_weight <= axle2_weight

# Axle 2's load must always be equal to or greater than the payload.
def r5(axle2_load: float, payload: float) -> bool:
    return axle2_load >= payload

# Total operation time should be at least the sum of PTO, idle, and driving times.
def r6(pto_time: float, idle_time: float, driving_time: float, total_time: float) -> bool:
    return total_time >= (pto_time + idle_time + driving_time)"
"System Message:
You are a logician with a background in mathematics that translates natural language
reasoning text to Python3 code so that these natural language reasoning problems can be solved.
During the translation, please pay close attention to defining variables and rules.
Do not add any comments from you.
Be guided by the following example:
Example input text:
Textual context: A vehicle operates over a A param between 20 and 110 in a typical day.
A vehicle operates for a B param between 2 and 10 in a typical day.
A vehicle operates with C param between 0.2 and 5 in a typical day.
A vehicle remains D param between 1 and 5 in a typical day.
A vehicle spends E param between 1 and 5 in a typical day.
A vehicle makes between 20 and 300 F param in a typical day.
A vehicle makes between 20 and 250 G param in a typical day.

Example Python3 code:
# A vehicle operates over a A param between 20 and 110 in a typical day.
def r1(a: float) -> bool:
    return 20 <= a <= 110

# A vehicle operates for a B param between 2 and 10 in a typical day.
def r2(b: float) -> bool:
    return 2 <= b <= 10

# A vehicle operates with C param between 0.2 and 5 in a typical day.
def r3(c: float) -> bool:
    return 0.2 <= c <= 5

# A vehicle remains D param between 1 and 5 in a typical day.
def r4(d: float) -> bool:
    return 1 <= d <= 5

# A vehicle spends E param between 1 and 5 in a typical day.
def r5(e: float) -> bool:
    return 1 <= e <= 5

# A vehicle makes between 20 and 300 F param in a typical day.
def r6(f: float) -> bool:
    return 20 <= f <= 300

# A vehicle makes between 20 and 250 G param in a typical day.
def r7(g: float) -> bool:
    return 20 <= g <= 250


Input text:
Textual context: Total operation time shouldn’t be lower than PTO operation time.
Idle time must always be less than or equal to the total operation time.
Stops with PTO engaged should never outnumber total stops.
The weight on axle 1 cannot surpass the weight on axle 2.
Axle 1's load cannot exceed Axle 3's load.
Axle 2's load must always be equal to or greater than the payload.
The payload cannot exceed the capacity of axle 3.";"
# Total operation time shouldn't be lower than PTO operation time.
def r8(pto_time: float, total_time: float) -> bool:
    return pto_time <= total_time

# Idle time must always be less than or equal to the total operation time.
def r9(idle_time: float, total_time: float) -> bool:
    return idle_time <= total_time

# Stops with PTO engaged should never outnumber total stops.
def r10(pto_stops: int, total_stops: int) -> bool:
    return pto_stops <= total_stops

# The weight on axle 1 cannot surpass the weight on axle 2.
def r11(axle1_weight: float, axle2_weight: float) -> bool:
    return axle1_weight <= axle2_weight

# Axle 1's load cannot exceed Axle 3's load.
def r12(axle1_load: float, axle3_load: float) -> bool:
    return axle1_load <= axle3_load

# Axle 2's load must always be equal to or greater than the payload.
def r13(axle2_load: float, payload: float) -> bool:
    return axle2_load >= payload

# The payload cannot exceed the capacity of axle 3.
def r14(payload: float, axle3_capacity: float) -> bool:
    return payload <= axle3_capacity"
"System Message:
You are a logician with a background in mathematics that translates natural language
reasoning text to Python3 code so that these natural language reasoning problems can be solved.
During the translation, please pay close attention to defining variables and rules.
Do not add any comments from you.
Be guided by the following example:
Example input text:
Textual context: A vehicle operates over a A param between 20 and 110 in a typical day.
A vehicle operates for a B param between 2 and 10 in a typical day.
A vehicle operates with C param between 0.2 and 5 in a typical day.
A vehicle remains D param between 1 and 5 in a typical day.
A vehicle spends E param between 1 and 5 in a typical day.
A vehicle makes between 20 and 300 F param in a typical day.
A vehicle makes between 20 and 250 G param in a typical day.

Example Python3 code:
# A vehicle operates over a A param between 20 and 110 in a typical day.
def r1(a: float) -> bool:
    return 20 <= a <= 110

# A vehicle operates for a B param between 2 and 10 in a typical day.
def r2(b: float) -> bool:
    return 2 <= b <= 10

# A vehicle operates with C param between 0.2 and 5 in a typical day.
def r3(c: float) -> bool:
    return 0.2 <= c <= 5

# A vehicle remains D param between 1 and 5 in a typical day.
def r4(d: float) -> bool:
    return 1 <= d <= 5

# A vehicle spends E param between 1 and 5 in a typical day.
def r5(e: float) -> bool:
    return 1 <= e <= 5

# A vehicle makes between 20 and 300 F param in a typical day.
def r6(f: float) -> bool:
    return 20 <= f <= 300

# A vehicle makes between 20 and 250 G param in a typical day.
def r7(g: float) -> bool:
    return 20 <= g <= 250


Input text:
Textual context: The total operation duration must not be lower than the idle time.
Driving time should be less than or equal to the total operation time.
The total stop count must not be lower than the count of stops where PTO is engaged.
Axle 2's load must always be equal to or greater than the payload.
The payload cannot exceed the capacity of axle 3.
The total operation duration must always be greater than or equal to the combined time for PTO, idle, and driving.";"
```python
def r8(total_operation_duration: float, idle_time: float) -> bool:
    return total_operation_duration >= idle_time

def r9(driving_time: float, total_operation_duration: float) -> bool:
    return driving_time <= total_operation_duration

def r10(total_stop_count: float, stops_with_pto_engaged: float) -> bool:
    return total_stop_count >= stops_with_pto_engaged

def r11(axle_2_load: float, payload: float) -> bool:
    return axle_2_load >= payload

def r12(payload: float, axle_3_capacity: float) -> bool:
    return payload <= axle_3_capacity

def r13(total_operation_duration: float, pto_time: float, idle_time: float, driving_time: float) -> bool:
    return total_operation_duration >= pto_time + idle_time + driving_time
```"
"System Message:
You are a logician with a background in mathematics that translates natural language
reasoning text to Python3 code so that these natural language reasoning problems can be solved.
During the translation, please pay close attention to defining variables and rules.
Do not add any comments from you.
Be guided by the following example:
Example input text:
Textual context: A vehicle operates over a A param between 20 and 110 in a typical day.
A vehicle operates for a B param between 2 and 10 in a typical day.
A vehicle operates with C param between 0.2 and 5 in a typical day.
A vehicle remains D param between 1 and 5 in a typical day.
A vehicle spends E param between 1 and 5 in a typical day.
A vehicle makes between 20 and 300 F param in a typical day.
A vehicle makes between 20 and 250 G param in a typical day.

Example Python3 code:
# A vehicle operates over a A param between 20 and 110 in a typical day.
def r1(a: float) -> bool:
    return 20 <= a <= 110

# A vehicle operates for a B param between 2 and 10 in a typical day.
def r2(b: float) -> bool:
    return 2 <= b <= 10

# A vehicle operates with C param between 0.2 and 5 in a typical day.
def r3(c: float) -> bool:
    return 0.2 <= c <= 5

# A vehicle remains D param between 1 and 5 in a typical day.
def r4(d: float) -> bool:
    return 1 <= d <= 5

# A vehicle spends E param between 1 and 5 in a typical day.
def r5(e: float) -> bool:
    return 1 <= e <= 5

# A vehicle makes between 20 and 300 F param in a typical day.
def r6(f: float) -> bool:
    return 20 <= f <= 300

# A vehicle makes between 20 and 250 G param in a typical day.
def r7(g: float) -> bool:
    return 20 <= g <= 250


Input text:
Textual context: PTO operation time cannot be greater than the total operation time.
The total operation duration must not be lower than the idle time.
Stops with PTO engaged should never outnumber total stops.
The load on axle 1 must not surpass the load on axle 3.
The payload cannot exceed the capacity of axle 2.
The total operation duration must always be greater than or equal to the combined time for PTO, idle, and driving.";"
# PTO operation time cannot be greater than the total operation time.
def r1(pto_time: float, total_time: float) -> bool:
    return pto_time <= total_time

# The total operation duration must not be lower than the idle time.
def r2(total_time: float, idle_time: float) -> bool:
    return total_time >= idle_time

# Stops with PTO engaged should never outnumber total stops.
def r3(pto_stops: int, total_stops: int) -> bool:
    return pto_stops <= total_stops

# The load on axle 1 must not surpass the load on axle 3.
def r4(axle1_load: float, axle3_load: float) -> bool:
    return axle1_load <= axle3_load

# The payload cannot exceed the capacity of axle 2.
def r5(payload: float, axle2_capacity: float) -> bool:
    return payload <= axle2_capacity

# The total operation duration must always be greater than or equal to the combined time for PTO, idle, and driving.
def r6(total_time: float, pto_time: float, idle_time: float, driving_time: float) -> bool:
    return total_time >= (pto_time + idle_time + driving_time)"
"System Message:
You are a logician with a background in mathematics that translates natural language
reasoning text to Python3 code so that these natural language reasoning problems can be solved.
During the translation, please pay close attention to defining variables and rules.
Do not add any comments from you.
Be guided by the following example:
Example input text:
Textual context: A vehicle operates over a A param between 20 and 110 in a typical day.
A vehicle operates for a B param between 2 and 10 in a typical day.
A vehicle operates with C param between 0.2 and 5 in a typical day.
A vehicle remains D param between 1 and 5 in a typical day.
A vehicle spends E param between 1 and 5 in a typical day.
A vehicle makes between 20 and 300 F param in a typical day.
A vehicle makes between 20 and 250 G param in a typical day.

Example Python3 code:
# A vehicle operates over a A param between 20 and 110 in a typical day.
def r1(a: float) -> bool:
    return 20 <= a <= 110

# A vehicle operates for a B param between 2 and 10 in a typical day.
def r2(b: float) -> bool:
    return 2 <= b <= 10

# A vehicle operates with C param between 0.2 and 5 in a typical day.
def r3(c: float) -> bool:
    return 0.2 <= c <= 5

# A vehicle remains D param between 1 and 5 in a typical day.
def r4(d: float) -> bool:
    return 1 <= d <= 5

# A vehicle spends E param between 1 and 5 in a typical day.
def r5(e: float) -> bool:
    return 1 <= e <= 5

# A vehicle makes between 20 and 300 F param in a typical day.
def r6(f: float) -> bool:
    return 20 <= f <= 300

# A vehicle makes between 20 and 250 G param in a typical day.
def r7(g: float) -> bool:
    return 20 <= g <= 250


Input text:
Textual context: PTO operation time cannot be greater than the total operation time.
Total operation time should shouldn’t be lower than driving time.
PTO-engaged stops cannot exceed the total number of stops.
The weight on axle 1 cannot surpass the weight on axle 2.
The load supported by axle 1 cannot exceed that of axle 3.
The payload must always be smaller than or equal to the load on axle 3.
Total operation time must be greater than or equal to the sum of PTO operation, idle, and driving times.";"
# PTO operation time cannot be greater than the total operation time.
def r8(pto_time: float, total_time: float) -> bool:
    return pto_time <= total_time

# Total operation time should shouldn’t be lower than driving time.
def r9(total_time: float, drive_time: float) -> bool:
    return total_time >= drive_time

# PTO-engaged stops cannot exceed the total number of stops.
def r10(pto_stops: int, total_stops: int) -> bool:
    return pto_stops <= total_stops

# The weight on axle 1 cannot surpass the weight on axle 2.
def r11(axle1_weight: float, axle2_weight: float) -> bool:
    return axle1_weight <= axle2_weight

# The load supported by axle 1 cannot exceed that of axle 3.
def r12(axle1_load: float, axle3_load: float) -> bool:
    return axle1_load <= axle3_load

# The payload must always be smaller than or equal to the load on axle 3.
def r13(payload: float, axle3_load: float) -> bool:
    return payload <= axle3_load

# Total operation time must be greater than or equal to the sum of PTO operation, idle, and driving times.
def r14(pto_time: float, idle_time: float, drive_time: float) -> bool:
    return total_time >= (pto_time + idle_time + drive_time)"
"System Message:
You are a logician with a background in mathematics that translates natural language
reasoning text to Python3 code so that these natural language reasoning problems can be solved.
During the translation, please pay close attention to defining variables and rules.
Do not add any comments from you.
Be guided by the following example:
Example input text:
Textual context: A vehicle operates over a A param between 20 and 110 in a typical day.
A vehicle operates for a B param between 2 and 10 in a typical day.
A vehicle operates with C param between 0.2 and 5 in a typical day.
A vehicle remains D param between 1 and 5 in a typical day.
A vehicle spends E param between 1 and 5 in a typical day.
A vehicle makes between 20 and 300 F param in a typical day.
A vehicle makes between 20 and 250 G param in a typical day.

Example Python3 code:
# A vehicle operates over a A param between 20 and 110 in a typical day.
def r1(a: float) -> bool:
    return 20 <= a <= 110

# A vehicle operates for a B param between 2 and 10 in a typical day.
def r2(b: float) -> bool:
    return 2 <= b <= 10

# A vehicle operates with C param between 0.2 and 5 in a typical day.
def r3(c: float) -> bool:
    return 0.2 <= c <= 5

# A vehicle remains D param between 1 and 5 in a typical day.
def r4(d: float) -> bool:
    return 1 <= d <= 5

# A vehicle spends E param between 1 and 5 in a typical day.
def r5(e: float) -> bool:
    return 1 <= e <= 5

# A vehicle makes between 20 and 300 F param in a typical day.
def r6(f: float) -> bool:
    return 20 <= f <= 300

# A vehicle makes between 20 and 250 G param in a typical day.
def r7(g: float) -> bool:
    return 20 <= g <= 250


Input text:
Textual context: PTO operation time should be less than or equal to the total operation time.
Total operation time shouldn’t be lower than idle time.
Driving time must always be less than or equal to the total operation time.
Stops with PTO engaged cannot outnumber the total stops.
The payload must always be smaller than or equal to the load on axle 2.
The payload must not exceed the load carried by axle 3.
The combined time for PTO operation, idle time, and driving time must not surpass the total operation time.";"
# PTO operation time should be less than or equal to the total operation time.
def r8(pto_time: float, total_time: float) -> bool:
    return pto_time <= total_time

# Total operation time shouldn’t be lower than idle time.
def r9(total_time: float, idle_time: float) -> bool:
    return total_time >= idle_time

# Driving time must always be less than or equal to the total operation time.
def r10(driving_time: float, total_time: float) -> bool:
    return driving_time <= total_time

# Stops with PTO engaged cannot outnumber the total stops.
def r11(pto_stops: int, total_stops: int) -> bool:
    return pto_stops <= total_stops

# The payload must always be smaller than or equal to the load on axle 2.
def r12(payload: float, load_axle2: float) -> bool:
    return payload <= load_axle2

# The payload must not exceed the load carried by axle 3.
def r13(payload: float, load_axle3: float) -> bool:
    return payload <= load_axle3

# The combined time for PTO operation, idle time, and driving time must not surpass the total operation time.
def r14(pto_time: float, idle_time: float, driving_time: float, total_time: float) -> bool:
    return pto_time + idle_time + driving_time <= total_time"
"System Message:
You are a logician with a background in mathematics that translates natural language
reasoning text to Python3 code so that these natural language reasoning problems can be solved.
During the translation, please pay close attention to defining variables and rules.
Do not add any comments from you.
Be guided by the following example:
Example input text:
Textual context: A vehicle operates over a A param between 20 and 110 in a typical day.
A vehicle operates for a B param between 2 and 10 in a typical day.
A vehicle operates with C param between 0.2 and 5 in a typical day.
A vehicle remains D param between 1 and 5 in a typical day.
A vehicle spends E param between 1 and 5 in a typical day.
A vehicle makes between 20 and 300 F param in a typical day.
A vehicle makes between 20 and 250 G param in a typical day.

Example Python3 code:
# A vehicle operates over a A param between 20 and 110 in a typical day.
def r1(a: float) -> bool:
    return 20 <= a <= 110

# A vehicle operates for a B param between 2 and 10 in a typical day.
def r2(b: float) -> bool:
    return 2 <= b <= 10

# A vehicle operates with C param between 0.2 and 5 in a typical day.
def r3(c: float) -> bool:
    return 0.2 <= c <= 5

# A vehicle remains D param between 1 and 5 in a typical day.
def r4(d: float) -> bool:
    return 1 <= d <= 5

# A vehicle spends E param between 1 and 5 in a typical day.
def r5(e: float) -> bool:
    return 1 <= e <= 5

# A vehicle makes between 20 and 300 F param in a typical day.
def r6(f: float) -> bool:
    return 20 <= f <= 300

# A vehicle makes between 20 and 250 G param in a typical day.
def r7(g: float) -> bool:
    return 20 <= g <= 250


Input text:
Textual context: PTO operation time should be less than or equal to the total operation time.
Idle time must always be less than or equal to the total operation time.
Driving time should be less than or equal to the total operation time.
PTO-engaged stops cannot exceed the total number of stops.
The weight on axle 1 cannot surpass the weight on axle 2.
Payload must remain below or equal to the load carried by axle 2.
The payload cannot exceed the capacity of axle 3.";"
# PTO operation time should be less than or equal to the total operation time.
def r1(pto_time: float, total_time: float) -> bool:
    return pto_time <= total_time

# Idle time must always be less than or equal to the total operation time.
def r2(idle_time: float, total_time: float) -> bool:
    return idle_time <= total_time

# Driving time should be less than or equal to the total operation time.
def r3(driving_time: float, total_time: float) -> bool:
    return driving_time <= total_time

# PTO-engaged stops cannot exceed the total number of stops.
def r4(pto_stops: int, total_stops: int) -> bool:
    return pto_stops <= total_stops

# The weight on axle 1 cannot surpass the weight on axle 2.
def r5(weight_axle1: float, weight_axle2: float) -> bool:
    return weight_axle1 <= weight_axle2

# Payload must remain below or equal to the load carried by axle 2.
def r6(payload: float, load_axle2: float) -> bool:
    return payload <= load_axle2

# The payload cannot exceed the capacity of axle 3.
def r7(payload: float, capacity_axle3: float) -> bool:
    return payload <= capacity_axle3"
"System Message:
You are a logician with a background in mathematics that translates natural language
reasoning text to Python3 code so that these natural language reasoning problems can be solved.
During the translation, please pay close attention to defining variables and rules.
Do not add any comments from you.
Be guided by the following example:
Example input text:
Textual context: A vehicle operates over a A param between 20 and 110 in a typical day.
A vehicle operates for a B param between 2 and 10 in a typical day.
A vehicle operates with C param between 0.2 and 5 in a typical day.
A vehicle remains D param between 1 and 5 in a typical day.
A vehicle spends E param between 1 and 5 in a typical day.
A vehicle makes between 20 and 300 F param in a typical day.
A vehicle makes between 20 and 250 G param in a typical day.

Example Python3 code:
# A vehicle operates over a A param between 20 and 110 in a typical day.
def r1(a: float) -> bool:
    return 20 <= a <= 110

# A vehicle operates for a B param between 2 and 10 in a typical day.
def r2(b: float) -> bool:
    return 2 <= b <= 10

# A vehicle operates with C param between 0.2 and 5 in a typical day.
def r3(c: float) -> bool:
    return 0.2 <= c <= 5

# A vehicle remains D param between 1 and 5 in a typical day.
def r4(d: float) -> bool:
    return 1 <= d <= 5

# A vehicle spends E param between 1 and 5 in a typical day.
def r5(e: float) -> bool:
    return 1 <= e <= 5

# A vehicle makes between 20 and 300 F param in a typical day.
def r6(f: float) -> bool:
    return 20 <= f <= 300

# A vehicle makes between 20 and 250 G param in a typical day.
def r7(g: float) -> bool:
    return 20 <= g <= 250


Input text:
Textual context: Total operation time shouldn’t be lower than PTO operation time.
Driving time cannot be greater than the total operation time.
The total stop count must not be lower than the count of stops where PTO is engaged.
Axle 1's load cannot exceed Axle 2's load.
Payload must remain below or equal to the load carried by axle 2.
The payload must always be smaller than or equal to the load on axle 3.
The total operation duration must always be greater than or equal to the combined time for PTO, idle, and driving.";"
```python
# Total operation time shouldn't be lower than PTO operation time.
def r1(pto_time: float, total_time: float) -> bool:
    return total_time >= pto_time

# Driving time cannot be greater than the total operation time.
def r2(driving_time: float, total_time: float) -> bool:
    return driving_time <= total_time

# The total stop count must not be lower than the count of stops where PTO is engaged.
def r3(total_stops: int, pto_stops: int) -> bool:
    return total_stops >= pto_stops

# Axle 1's load cannot exceed Axle 2's load.
def r4(axle1_load: float, axle2_load: float) -> bool:
    return axle1_load <= axle2_load

# Payload must remain below or equal to the load carried by axle 2.
def r5(payload: float, axle2_load: float) -> bool:
    return payload <= axle2_load

# The payload must always be smaller than or equal to the load on axle 3.
def r6(payload: float, axle3_load: float) -> bool:
    return payload <= axle3_load

# The total operation duration must always be greater than or equal to the combined time for PTO, idle, and driving.
def r7(total_duration: float, pto_time: float, idle_time: float, driving_time: float) -> bool:
    return total_duration >= (pto_time + idle_time + driving_time)
```"
"System Message:
You are a logician with a background in mathematics that translates natural language
reasoning text to Python3 code so that these natural language reasoning problems can be solved.
During the translation, please pay close attention to defining variables and rules.
Do not add any comments from you.
Be guided by the following example:
Example input text:
Textual context: A vehicle operates over a A param between 20 and 110 in a typical day.
A vehicle operates for a B param between 2 and 10 in a typical day.
A vehicle operates with C param between 0.2 and 5 in a typical day.
A vehicle remains D param between 1 and 5 in a typical day.
A vehicle spends E param between 1 and 5 in a typical day.
A vehicle makes between 20 and 300 F param in a typical day.
A vehicle makes between 20 and 250 G param in a typical day.
A vehicle operates at H param between 0 and 80 in a typical day.

Example Python3 code:
# A vehicle operates over a A param between 20 and 110 in a typical day.
def r1(a: float) -> bool:
    return 20 <= a <= 110

# A vehicle operates for a B param between 2 and 10 in a typical day.
def r2(b: float) -> bool:
    return 2 <= b <= 10

# A vehicle operates with C param between 0.2 and 5 in a typical day.
def r3(c: float) -> bool:
    return 0.2 <= c <= 5

# A vehicle remains D param between 1 and 5 in a typical day.
def r4(d: float) -> bool:
    return 1 <= d <= 5

# A vehicle spends E param between 1 and 5 in a typical day.
def r5(e: float) -> bool:
    return 1 <= e <= 5

# A vehicle makes between 20 and 300 F param in a typical day.
def r6(f: float) -> bool:
    return 20 <= f <= 300

# A vehicle makes between 20 and 250 G param in a typical day.
def r7(g: float) -> bool:
    return 20 <= g <= 250

# A vehicle operates at H param between 0 and 80 in a typical day.
def r8(h: float) -> bool:
    return 0 <= h <= 80


Input text:
Textual context: Total operation time shouldn’t be lower than idle time.
Driving time must always be less than or equal to the total operation time.
Stops with PTO engaged cannot outnumber the total stops.
The weight on axle 1 cannot surpass the weight on axle 2.
The load carried by axle 1 must be smaller than or equal to the load on axle 3.
Axle 2's load must always be equal to or greater than the payload.
The payload must not exceed the load carried by axle 3.
Total operation time must be greater than or equal to the sum of PTO operation, idle, and driving times.";"
# Total operation time shouldn't be lower than idle time.
def r1(total_time: float, idle_time: float) -> bool:
    return total_time >= idle_time

# Driving time must always be less than or equal to the total operation time.
def r2(driving_time: float, total_time: float) -> bool:
    return driving_time <= total_time

# Stops with PTO engaged cannot outnumber the total stops.
def r3(pto_stops: int, total_stops: int) -> bool:
    return pto_stops <= total_stops

# The weight on axle 1 cannot surpass the weight on axle 2.
def r4(weight_axle1: float, weight_axle2: float) -> bool:
    return weight_axle1 <= weight_axle2

# The load carried by axle 1 must be smaller than or equal to the load on axle 3.
def r5(load_axle1: float, load_axle3: float) -> bool:
    return load_axle1 <= load_axle3

# Axle 2's load must always be equal to or greater than the payload.
def r6(payload: float, load_axle2: float) -> bool:
    return load_axle2 >= payload

# The payload must not exceed the load carried by axle 3.
def r7(payload: float, load_axle3: float) -> bool:
    return payload <= load_axle3

# Total operation time must be greater than or equal to the sum of PTO operation, idle, and driving times.
def r8(total_time: float, pto_operation: float, idle_time: float, driving_time: float) -> bool:
    return total_time >= (pto_operation + idle_time + driving_time)"
"System Message:
You are a logician with a background in mathematics that translates natural language
reasoning text to Python3 code so that these natural language reasoning problems can be solved.
During the translation, please pay close attention to defining variables and rules.
Do not add any comments from you.
Be guided by the following example:
Example input text:
Textual context: A vehicle operates over a A param between 20 and 110 in a typical day.
A vehicle operates for a B param between 2 and 10 in a typical day.
A vehicle operates with C param between 0.2 and 5 in a typical day.
A vehicle remains D param between 1 and 5 in a typical day.
A vehicle spends E param between 1 and 5 in a typical day.
A vehicle makes between 20 and 300 F param in a typical day.
A vehicle makes between 20 and 250 G param in a typical day.
A vehicle operates at H param between 0 and 80 in a typical day.

Example Python3 code:
# A vehicle operates over a A param between 20 and 110 in a typical day.
def r1(a: float) -> bool:
    return 20 <= a <= 110

# A vehicle operates for a B param between 2 and 10 in a typical day.
def r2(b: float) -> bool:
    return 2 <= b <= 10

# A vehicle operates with C param between 0.2 and 5 in a typical day.
def r3(c: float) -> bool:
    return 0.2 <= c <= 5

# A vehicle remains D param between 1 and 5 in a typical day.
def r4(d: float) -> bool:
    return 1 <= d <= 5

# A vehicle spends E param between 1 and 5 in a typical day.
def r5(e: float) -> bool:
    return 1 <= e <= 5

# A vehicle makes between 20 and 300 F param in a typical day.
def r6(f: float) -> bool:
    return 20 <= f <= 300

# A vehicle makes between 20 and 250 G param in a typical day.
def r7(g: float) -> bool:
    return 20 <= g <= 250

# A vehicle operates at H param between 0 and 80 in a typical day.
def r8(h: float) -> bool:
    return 0 <= h <= 80


Input text:
Textual context: Total operation time shouldn’t be lower than PTO operation time.
The weight on axle 1 cannot surpass the weight on axle 2.
The weight on axle 1 cannot surpass the weight on axle 3.
Axle 2's load must always be equal to or greater than the payload.
The payload must always be smaller than or equal to the load on axle 3.
Total operation time must be greater than or equal to the sum of PTO operation, idle, and driving times.";"
# Total operation time shouldn't be lower than PTO operation time.
def r1(pto_time: float, total_time: float) -> bool:
    return total_time >= pto_time

# The weight on axle 1 cannot surpass the weight on axle 2.
def r2(axle1_weight: float, axle2_weight: float) -> bool:
    return axle1_weight <= axle2_weight

# The weight on axle 1 cannot surpass the weight on axle 3.
def r3(axle1_weight: float, axle3_weight: float) -> bool:
    return axle1_weight <= axle3_weight

# Axle 2's load must always be equal to or greater than the payload.
def r4(axle2_load: float, payload: float) -> bool:
    return axle2_load >= payload

# The payload must always be smaller than or equal to the load on axle 3.
def r5(payload: float, axle3_load: float) -> bool:
    return payload <= axle3_load

# Total operation time must be greater than or equal to the sum of PTO operation, idle, and driving times.
def r6(pto_time: float, idle_time: float, driving_time: float, total_time: float) -> bool:
    return total_time >= (pto_time + idle_time + driving_time)"
"System Message:
You are a logician with a background in mathematics that translates natural language
reasoning text to Python3 code so that these natural language reasoning problems can be solved.
During the translation, please pay close attention to defining variables and rules.
Do not add any comments from you.
Be guided by the following example:
Example input text:
Textual context: A vehicle operates over a A param between 20 and 110 in a typical day.
A vehicle operates for a B param between 2 and 10 in a typical day.
A vehicle operates with C param between 0.2 and 5 in a typical day.
A vehicle remains D param between 1 and 5 in a typical day.
A vehicle spends E param between 1 and 5 in a typical day.
A vehicle makes between 20 and 300 F param in a typical day.
A vehicle makes between 20 and 250 G param in a typical day.

Example Python3 code:
# A vehicle operates over a A param between 20 and 110 in a typical day.
def r1(a: float) -> bool:
    return 20 <= a <= 110

# A vehicle operates for a B param between 2 and 10 in a typical day.
def r2(b: float) -> bool:
    return 2 <= b <= 10

# A vehicle operates with C param between 0.2 and 5 in a typical day.
def r3(c: float) -> bool:
    return 0.2 <= c <= 5

# A vehicle remains D param between 1 and 5 in a typical day.
def r4(d: float) -> bool:
    return 1 <= d <= 5

# A vehicle spends E param between 1 and 5 in a typical day.
def r5(e: float) -> bool:
    return 1 <= e <= 5

# A vehicle makes between 20 and 300 F param in a typical day.
def r6(f: float) -> bool:
    return 20 <= f <= 300

# A vehicle makes between 20 and 250 G param in a typical day.
def r7(g: float) -> bool:
    return 20 <= g <= 250


Input text:
Textual context: PTO operation time should be less than or equal to the total operation time.
Idle time should be less than or equal to the total operation time.
Driving time must always be less than or equal to the total operation time.
The total stop count must not be lower than the count of stops where PTO is engaged.
Axle 1's load cannot exceed Axle 2's load.
Payload must remain below or equal to the load carried by axle 2.
The combined time for PTO operation, idle time, and driving time must not surpass the total operation time.";"
# PTO operation time should be less than or equal to the total operation time.
def r8(pto_time: float, total_time: float) -> bool:
    return pto_time <= total_time

# Idle time should be less than or equal to the total operation time.
def r9(idle_time: float, total_time: float) -> bool:
    return idle_time <= total_time

# Driving time must always be less than or equal to the total operation time.
def r10(driving_time: float, total_time: float) -> bool:
    return driving_time <= total_time

# The total stop count must not be lower than the count of stops where PTO is engaged.
def r11(total_stops: int, pto_engaged_stops: int) -> bool:
    return total_stops >= pto_engaged_stops

# Axle 1's load cannot exceed Axle 2's load.
def r12(axle1_load: float, axle2_load: float) -> bool:
    return axle1_load <= axle2_load

# Payload must remain below or equal to the load carried by axle 2.
def r13(payload: float, axle2_load: float) -> bool:
    return payload <= axle2_load

# The combined time for PTO operation, idle time, and driving time must not surpass the total operation time.
def r14(pto_time: float, idle_time: float, driving_time: float, total_time: float) -> bool:
    return pto_time + idle_time + driving_time <= total_time"
"System Message:
You are a logician with a background in mathematics that translates natural language
reasoning text to Python3 code so that these natural language reasoning problems can be solved.
During the translation, please pay close attention to defining variables and rules.
Do not add any comments from you.
Be guided by the following example:
Example input text:
Textual context: A vehicle operates over a A param between 20 and 110 in a typical day.
A vehicle operates for a B param between 2 and 10 in a typical day.
A vehicle operates with C param between 0.2 and 5 in a typical day.
A vehicle remains D param between 1 and 5 in a typical day.
A vehicle spends E param between 1 and 5 in a typical day.
A vehicle makes between 20 and 300 F param in a typical day.
A vehicle makes between 20 and 250 G param in a typical day.

Example Python3 code:
# A vehicle operates over a A param between 20 and 110 in a typical day.
def r1(a: float) -> bool:
    return 20 <= a <= 110

# A vehicle operates for a B param between 2 and 10 in a typical day.
def r2(b: float) -> bool:
    return 2 <= b <= 10

# A vehicle operates with C param between 0.2 and 5 in a typical day.
def r3(c: float) -> bool:
    return 0.2 <= c <= 5

# A vehicle remains D param between 1 and 5 in a typical day.
def r4(d: float) -> bool:
    return 1 <= d <= 5

# A vehicle spends E param between 1 and 5 in a typical day.
def r5(e: float) -> bool:
    return 1 <= e <= 5

# A vehicle makes between 20 and 300 F param in a typical day.
def r6(f: float) -> bool:
    return 20 <= f <= 300

# A vehicle makes between 20 and 250 G param in a typical day.
def r7(g: float) -> bool:
    return 20 <= g <= 250


Input text:
Textual context: Driving time must always be less than or equal to the total operation time.
The total stop count must not be lower than the count of stops where PTO is engaged.
The weight on axle 1 cannot surpass the weight on axle 3.
The payload cannot exceed the capacity of axle 2.
The payload must not exceed the load carried by axle 3.
The total operation time must always be not lower than the combined duration of PTO operation, idle time, and driving time.";"
```python
def r1(driving_time: float, total_operation_time: float) -> bool:
    return driving_time <= total_operation_time

def r2(total_stop_count: int, pto_stops: int) -> bool:
    return total_stop_count >= pto_stops

def r3(axle1_weight: float, axle3_weight: float) -> bool:
    return axle1_weight <= axle3_weight

def r4(payload: float, axle2_capacity: float) -> bool:
    return payload <= axle2_capacity

def r5(payload: float, axle3_load: float) -> bool:
    return payload <= axle3_load

def r6(total_operation_time: float, pto_duration: float, idle_time: float, driving_time: float) -> bool:
    return total_operation_time >= (pto_duration + idle_time + driving_time)
```"
"System Message:
You are a logician with a background in mathematics that translates natural language
reasoning text to Python3 code so that these natural language reasoning problems can be solved.
During the translation, please pay close attention to defining variables and rules.
Do not add any comments from you.
Be guided by the following example:
Example input text:
Textual context: A vehicle operates over a A param between 20 and 110 in a typical day.
A vehicle operates for a B param between 2 and 10 in a typical day.
A vehicle operates with C param between 0.2 and 5 in a typical day.
A vehicle remains D param between 1 and 5 in a typical day.
A vehicle spends E param between 1 and 5 in a typical day.
A vehicle makes between 20 and 300 F param in a typical day.
A vehicle makes between 20 and 250 G param in a typical day.

Example Python3 code:
# A vehicle operates over a A param between 20 and 110 in a typical day.
def r1(a: float) -> bool:
    return 20 <= a <= 110

# A vehicle operates for a B param between 2 and 10 in a typical day.
def r2(b: float) -> bool:
    return 2 <= b <= 10

# A vehicle operates with C param between 0.2 and 5 in a typical day.
def r3(c: float) -> bool:
    return 0.2 <= c <= 5

# A vehicle remains D param between 1 and 5 in a typical day.
def r4(d: float) -> bool:
    return 1 <= d <= 5

# A vehicle spends E param between 1 and 5 in a typical day.
def r5(e: float) -> bool:
    return 1 <= e <= 5

# A vehicle makes between 20 and 300 F param in a typical day.
def r6(f: float) -> bool:
    return 20 <= f <= 300

# A vehicle makes between 20 and 250 G param in a typical day.
def r7(g: float) -> bool:
    return 20 <= g <= 250


Input text:
Textual context: The total operation duration must not be lower than the PTO operation time.
PTO-engaged stops cannot exceed the total number of stops.
The load carried by axle 1 must be smaller than or equal to the load on axle 2.
Axle 1's load cannot exceed Axle 3's load.
The payload cannot exceed the capacity of axle 3.
The total operation duration must always be greater than or equal to the combined time for PTO, idle, and driving.";"
# The total operation duration must not be lower than the PTO operation time.
def r1(pto_time: float, total_duration: float) -> bool:
    return total_duration >= pto_time

# PTO-engaged stops cannot exceed the total number of stops.
def r2(pto_stops: int, total_stops: int) -> bool:
    return pto_stops <= total_stops

# The load carried by axle 1 must be smaller than or equal to the load on axle 2.
def r3(axle1_load: float, axle2_load: float) -> bool:
    return axle1_load <= axle2_load

# Axle 1's load cannot exceed Axle 3's load.
def r4(axle1_load: float, axle3_load: float) -> bool:
    return axle1_load <= axle3_load

# The payload cannot exceed the capacity of axle 3.
def r5(payload: float, axle3_capacity: float) -> bool:
    return payload <= axle3_capacity

# The total operation duration must always be greater than or equal to the combined time for PTO, idle, and driving.
def r6(pto_time: float, idle_time: float, driving_time: float, total_duration: float) -> bool:
    return total_duration >= (pto_time + idle_time + driving_time)"
"System Message:
You are a logician with a background in mathematics that translates natural language
reasoning text to Python3 code so that these natural language reasoning problems can be solved.
During the translation, please pay close attention to defining variables and rules.
Do not add any comments from you.
Be guided by the following example:
Example input text:
Textual context: A vehicle operates over a A param between 20 and 110 in a typical day.
A vehicle operates for a B param between 2 and 10 in a typical day.
A vehicle operates with C param between 0.2 and 5 in a typical day.
A vehicle remains D param between 1 and 5 in a typical day.
A vehicle spends E param between 1 and 5 in a typical day.
A vehicle makes between 20 and 300 F param in a typical day.
A vehicle makes between 20 and 250 G param in a typical day.

Example Python3 code:
# A vehicle operates over a A param between 20 and 110 in a typical day.
def r1(a: float) -> bool:
    return 20 <= a <= 110

# A vehicle operates for a B param between 2 and 10 in a typical day.
def r2(b: float) -> bool:
    return 2 <= b <= 10

# A vehicle operates with C param between 0.2 and 5 in a typical day.
def r3(c: float) -> bool:
    return 0.2 <= c <= 5

# A vehicle remains D param between 1 and 5 in a typical day.
def r4(d: float) -> bool:
    return 1 <= d <= 5

# A vehicle spends E param between 1 and 5 in a typical day.
def r5(e: float) -> bool:
    return 1 <= e <= 5

# A vehicle makes between 20 and 300 F param in a typical day.
def r6(f: float) -> bool:
    return 20 <= f <= 300

# A vehicle makes between 20 and 250 G param in a typical day.
def r7(g: float) -> bool:
    return 20 <= g <= 250


Input text:
Textual context: The total operation duration must not be lower than the PTO operation time.
The total operation duration must not be lower than the idle time.
The total stop count must not be lower than the count of stops where PTO is engaged.
Payload must remain below or equal to the load carried by axle 2.
The payload cannot exceed the capacity of axle 3.
The total operation duration must always be greater than or equal to the combined time for PTO, idle, and driving.";"
# The total operation duration must not be lower than the PTO operation time.
def r1(pto_time: float, total_duration: float) -> bool:
    return total_duration >= pto_time

# The total operation duration must not be lower than the idle time.
def r2(idle_time: float, total_duration: float) -> bool:
    return total_duration >= idle_time

# The total stop count must not be lower than the count of stops where PTO is engaged.
def r3(pto_stops: int, total_stops: int) -> bool:
    return total_stops >= pto_stops

# Payload must remain below or equal to the load carried by axle 2.
def r4(payload: float, axle2_load: float) -> bool:
    return payload <= axle2_load

# Payload cannot exceed the capacity of axle 3.
def r5(payload: float, axle3_capacity: float) -> bool:
    return payload <= axle3_capacity

# The total operation duration must always be greater than or equal to the combined time for PTO, idle, and driving.
def r6(pto_time: float, idle_time: float, driving_time: float, total_duration: float) -> bool:
    return total_duration >= (pto_time + idle_time + driving_time)"
"System Message:
You are a logician with a background in mathematics that translates natural language
reasoning text to Python3 code so that these natural language reasoning problems can be solved.
During the translation, please pay close attention to defining variables and rules.
Do not add any comments from you.
Be guided by the following example:
Example input text:
Textual context: A vehicle operates over a A param between 20 and 110 in a typical day.
A vehicle operates for a B param between 2 and 10 in a typical day.
A vehicle operates with C param between 0.2 and 5 in a typical day.
A vehicle remains D param between 1 and 5 in a typical day.
A vehicle spends E param between 1 and 5 in a typical day.
A vehicle makes between 20 and 300 F param in a typical day.
A vehicle makes between 20 and 250 G param in a typical day.
A vehicle operates at H param between 0 and 80 in a typical day.

Example Python3 code:
# A vehicle operates over a A param between 20 and 110 in a typical day.
def r1(a: float) -> bool:
    return 20 <= a <= 110

# A vehicle operates for a B param between 2 and 10 in a typical day.
def r2(b: float) -> bool:
    return 2 <= b <= 10

# A vehicle operates with C param between 0.2 and 5 in a typical day.
def r3(c: float) -> bool:
    return 0.2 <= c <= 5

# A vehicle remains D param between 1 and 5 in a typical day.
def r4(d: float) -> bool:
    return 1 <= d <= 5

# A vehicle spends E param between 1 and 5 in a typical day.
def r5(e: float) -> bool:
    return 1 <= e <= 5

# A vehicle makes between 20 and 300 F param in a typical day.
def r6(f: float) -> bool:
    return 20 <= f <= 300

# A vehicle makes between 20 and 250 G param in a typical day.
def r7(g: float) -> bool:
    return 20 <= g <= 250

# A vehicle operates at H param between 0 and 80 in a typical day.
def r8(h: float) -> bool:
    return 0 <= h <= 80


Input text:
Textual context: PTO operation time should be less than or equal to the total operation time.
Idle time must always be less than or equal to the total operation time.
PTO-engaged stops cannot exceed the total number of stops.
Axle 1's load cannot exceed Axle 2's load.
The load carried by axle 1 must be smaller than or equal to the load on axle 3.
The payload must not exceed the load carried by axle 2.
Axle 3's load must always be equal to or greater than the payload.
Total operation time should be at least the sum of PTO, idle, and driving times.";"
def pto_operation_time(pto_time: float, total_time: float) -> bool:
    return pto_time <= total_time

def idle_time(idle_time: float, total_time: float) -> bool:
    return idle_time <= total_time

def pto_engaged_stops(pto_stops: int, total_stops: int) -> bool:
    return pto_stops <= total_stops

def axle_1_load(axle_1_load: float, axle_2_load: float) -> bool:
    return axle_1_load <= axle_2_load

def load_axle_1(load_axle_1: float, load_axle_3: float) -> bool:
    return load_axle_1 <= load_axle_3

def payload(payload: float, axle_2_load: float) -> bool:
    return payload <= axle_2_load

def axle_3_load(axle_3_load: float, payload: float) -> bool:
    return axle_3_load >= payload

def total_operation_time(total_operation_time: float, pto_time: float, idle_time: float, driving_time: float) -> bool:
    return total_operation_time >= (pto_time + idle_time + driving_time)"
"System Message:
You are a logician with a background in mathematics that translates natural language
reasoning text to Python3 code so that these natural language reasoning problems can be solved.
During the translation, please pay close attention to defining variables and rules.
Do not add any comments from you.
Be guided by the following example:
Example input text:
Textual context: A vehicle operates over a A param between 20 and 110 in a typical day.
A vehicle operates for a B param between 2 and 10 in a typical day.
A vehicle operates with C param between 0.2 and 5 in a typical day.
A vehicle remains D param between 1 and 5 in a typical day.
A vehicle spends E param between 1 and 5 in a typical day.
A vehicle makes between 20 and 300 F param in a typical day.
A vehicle makes between 20 and 250 G param in a typical day.
A vehicle operates at H param between 0 and 80 in a typical day.

Example Python3 code:
# A vehicle operates over a A param between 20 and 110 in a typical day.
def r1(a: float) -> bool:
    return 20 <= a <= 110

# A vehicle operates for a B param between 2 and 10 in a typical day.
def r2(b: float) -> bool:
    return 2 <= b <= 10

# A vehicle operates with C param between 0.2 and 5 in a typical day.
def r3(c: float) -> bool:
    return 0.2 <= c <= 5

# A vehicle remains D param between 1 and 5 in a typical day.
def r4(d: float) -> bool:
    return 1 <= d <= 5

# A vehicle spends E param between 1 and 5 in a typical day.
def r5(e: float) -> bool:
    return 1 <= e <= 5

# A vehicle makes between 20 and 300 F param in a typical day.
def r6(f: float) -> bool:
    return 20 <= f <= 300

# A vehicle makes between 20 and 250 G param in a typical day.
def r7(g: float) -> bool:
    return 20 <= g <= 250

# A vehicle operates at H param between 0 and 80 in a typical day.
def r8(h: float) -> bool:
    return 0 <= h <= 80


Input text:
Textual context: The total operation duration must not be lower than the PTO operation time.
Total operation time shouldn’t be lower than idle time.
The number of stops where PTO is engaged must not exceed the overall stop count.
The weight on axle 1 cannot surpass the weight on axle 2.
The load supported by axle 1 cannot exceed that of axle 3.
The payload cannot exceed the capacity of axle 2.
The payload cannot exceed the capacity of axle 3.";"
def r1(pto_time: float, idle_time: float) -> bool:
    return pto_time >= idle_time

def r2(stop_count: int, pto_stops: int) -> bool:
    return pto_stops <= stop_count

def r3(weight_axle1: float, weight_axle2: float) -> bool:
    return weight_axle1 <= weight_axle2

def r4(weight_axle1: float, weight_axle3: float) -> bool:
    return weight_axle1 <= weight_axle3

def r5(payload: float, axle2_capacity: float) -> bool:
    return payload <= axle2_capacity

def r6(payload: float, axle3_capacity: float) -> bool:
    return payload <= axle3_capacity"
"System Message:
You are a logician with a background in mathematics that translates natural language
reasoning text to Python3 code so that these natural language reasoning problems can be solved.
During the translation, please pay close attention to defining variables and rules.
Do not add any comments from you.
Be guided by the following example:
Example input text:
Textual context: A vehicle operates over a A param between 20 and 110 in a typical day.
A vehicle operates for a B param between 2 and 10 in a typical day.
A vehicle operates with C param between 0.2 and 5 in a typical day.
A vehicle remains D param between 1 and 5 in a typical day.
A vehicle spends E param between 1 and 5 in a typical day.
A vehicle makes between 20 and 300 F param in a typical day.
A vehicle makes between 20 and 250 G param in a typical day.
A vehicle operates at H param between 0 and 80 in a typical day.

Example Python3 code:
# A vehicle operates over a A param between 20 and 110 in a typical day.
def r1(a: float) -> bool:
    return 20 <= a <= 110

# A vehicle operates for a B param between 2 and 10 in a typical day.
def r2(b: float) -> bool:
    return 2 <= b <= 10

# A vehicle operates with C param between 0.2 and 5 in a typical day.
def r3(c: float) -> bool:
    return 0.2 <= c <= 5

# A vehicle remains D param between 1 and 5 in a typical day.
def r4(d: float) -> bool:
    return 1 <= d <= 5

# A vehicle spends E param between 1 and 5 in a typical day.
def r5(e: float) -> bool:
    return 1 <= e <= 5

# A vehicle makes between 20 and 300 F param in a typical day.
def r6(f: float) -> bool:
    return 20 <= f <= 300

# A vehicle makes between 20 and 250 G param in a typical day.
def r7(g: float) -> bool:
    return 20 <= g <= 250

# A vehicle operates at H param between 0 and 80 in a typical day.
def r8(h: float) -> bool:
    return 0 <= h <= 80


Input text:
Textual context: Total operation time shouldn’t be lower than idle time.
Driving time should be less than or equal to the total operation time.
The load supported by axle 1 cannot exceed that of axle 3.
The payload must not exceed the load carried by axle 2.
The payload must not exceed the load carried by axle 3.
Total operation time must be greater than or equal to the sum of PTO operation, idle, and driving times.";"
# Total operation time shouldn't be lower than idle time.
def r1(total_operation_time: float, idle_time: float) -> bool:
    return total_operation_time >= idle_time

# Driving time should be less than or equal to the total operation time.
def r2(driving_time: float, total_operation_time: float) -> bool:
    return driving_time <= total_operation_time

# The load supported by axle 1 cannot exceed that of axle 3.
def r3(load_axle1: float, load_axle3: float) -> bool:
    return load_axle1 <= load_axle3

# The payload must not exceed the load carried by axle 2.
def r4(payload: float, load_axle2: float) -> bool:
    return payload <= load_axle2

# The payload must not exceed the load carried by axle 3.
def r5(payload: float, load_axle3: float) -> bool:
    return payload <= load_axle3

# Total operation time must be greater than or equal to the sum of PTO operation, idle, and driving times.
def r6(pto_operation: float, idle_time: float, driving_time: float, total_operation_time: float) -> bool:
    return total_operation_time >= pto_operation + idle_time + driving_time"
"System Message:
You are a logician with a background in mathematics that translates natural language
reasoning text to Python3 code so that these natural language reasoning problems can be solved.
During the translation, please pay close attention to defining variables and rules.
Do not add any comments from you.
Be guided by the following example:
Example input text:
Textual context: A vehicle operates over a A param between 20 and 110 in a typical day.
A vehicle operates for a B param between 2 and 10 in a typical day.
A vehicle operates with C param between 0.2 and 5 in a typical day.
A vehicle remains D param between 1 and 5 in a typical day.
A vehicle spends E param between 1 and 5 in a typical day.
A vehicle makes between 20 and 300 F param in a typical day.
A vehicle makes between 20 and 250 G param in a typical day.
A vehicle operates at H param between 0 and 80 in a typical day.

Example Python3 code:
# A vehicle operates over a A param between 20 and 110 in a typical day.
def r1(a: float) -> bool:
    return 20 <= a <= 110

# A vehicle operates for a B param between 2 and 10 in a typical day.
def r2(b: float) -> bool:
    return 2 <= b <= 10

# A vehicle operates with C param between 0.2 and 5 in a typical day.
def r3(c: float) -> bool:
    return 0.2 <= c <= 5

# A vehicle remains D param between 1 and 5 in a typical day.
def r4(d: float) -> bool:
    return 1 <= d <= 5

# A vehicle spends E param between 1 and 5 in a typical day.
def r5(e: float) -> bool:
    return 1 <= e <= 5

# A vehicle makes between 20 and 300 F param in a typical day.
def r6(f: float) -> bool:
    return 20 <= f <= 300

# A vehicle makes between 20 and 250 G param in a typical day.
def r7(g: float) -> bool:
    return 20 <= g <= 250

# A vehicle operates at H param between 0 and 80 in a typical day.
def r8(h: float) -> bool:
    return 0 <= h <= 80


Input text:
Textual context: Total operation time shouldn’t be lower than PTO operation time.
Idle time cannot be greater than the total operation time.
Driving time should be less than or equal to the total operation time.
The load carried by axle 1 must be smaller than or equal to the load on axle 3.
Payload must remain below or equal to the load carried by axle 2.
Total operation time should be at least the sum of PTO, idle, and driving times.";"
# Total operation time shouldn't be lower than PTO operation time.
def r9(pto_time: float, total_time: float) -> bool:
    return pto_time <= total_time

# Idle time cannot be greater than the total operation time.
def r10(idle_time: float, total_time: float) -> bool:
    return idle_time <= total_time

# Driving time should be less than or equal to the total operation time.
def r11(driving_time: float, total_time: float) -> bool:
    return driving_time <= total_time

# The load carried by axle 1 must be smaller than or equal to the load on axle 3.
def r12(load_axle1: float, load_axle3: float) -> bool:
    return load_axle1 <= load_axle3

# Payload must remain below or equal to the load carried by axle 2.
def r13(payload: float, load_axle2: float) -> bool:
    return payload <= load_axle2

# Total operation time should be at least the sum of PTO, idle, and driving times.
def r14(pto_time: float, idle_time: float, driving_time: float, total_time: float) -> bool:
    return total_time >= (pto_time + idle_time + driving_time)"
"System Message:
You are a logician with a background in mathematics that translates natural language
reasoning text to Python3 code so that these natural language reasoning problems can be solved.
During the translation, please pay close attention to defining variables and rules.
Do not add any comments from you.
Be guided by the following example:
Example input text:
Textual context: A vehicle operates over a A param between 20 and 110 in a typical day.
A vehicle operates for a B param between 2 and 10 in a typical day.
A vehicle operates with C param between 0.2 and 5 in a typical day.
A vehicle remains D param between 1 and 5 in a typical day.
A vehicle spends E param between 1 and 5 in a typical day.
A vehicle makes between 20 and 300 F param in a typical day.
A vehicle makes between 20 and 250 G param in a typical day.

Example Python3 code:
# A vehicle operates over a A param between 20 and 110 in a typical day.
def r1(a: float) -> bool:
    return 20 <= a <= 110

# A vehicle operates for a B param between 2 and 10 in a typical day.
def r2(b: float) -> bool:
    return 2 <= b <= 10

# A vehicle operates with C param between 0.2 and 5 in a typical day.
def r3(c: float) -> bool:
    return 0.2 <= c <= 5

# A vehicle remains D param between 1 and 5 in a typical day.
def r4(d: float) -> bool:
    return 1 <= d <= 5

# A vehicle spends E param between 1 and 5 in a typical day.
def r5(e: float) -> bool:
    return 1 <= e <= 5

# A vehicle makes between 20 and 300 F param in a typical day.
def r6(f: float) -> bool:
    return 20 <= f <= 300

# A vehicle makes between 20 and 250 G param in a typical day.
def r7(g: float) -> bool:
    return 20 <= g <= 250


Input text:
Textual context: PTO operation time must be less than or equal to the total operation time.
Idle time should be less than or equal to the total operation time.
The total stop count must not be lower than the count of stops where PTO is engaged.
The weight on axle 1 cannot surpass the weight on axle 2.
Axle 2's load must always be equal to or greater than the payload.
Payload must remain below or equal to the load carried by axle 3.
Total operation time should be at least the sum of PTO, idle, and driving times.";"
# PTO operation time must be less than or equal to the total operation time.
def r8(pto_time: float, total_time: float) -> bool:
    return pto_time <= total_time

# Idle time should be less than or equal to the total operation time.
def r9(idle_time: float, total_time: float) -> bool:
    return idle_time <= total_time

# The total stop count must not be lower than the count of stops where PTO is engaged.
def r10(total_stops: int, pto_stops: int) -> bool:
    return total_stops >= pto_stops

# Weight on axle 1 cannot surpass the weight on axle 2.
def r11(weight_axle1: float, weight_axle2: float) -> bool:
    return weight_axle1 <= weight_axle2

# Axle 2's load must always be equal to or greater than the payload.
def r12(payload: float, load_axle2: float) -> bool:
    return payload <= load_axle2

# Payload must remain below or equal to the load carried by axle 3.
def r13(payload: float, load_axle3: float) -> bool:
    return payload <= load_axle3

# Total operation time should be at least the sum of PTO, idle, and driving times.
def r14(pto_time: float, idle_time: float, driving_time: float, total_time: float) -> bool:
    return total_time >= pto_time + idle_time + driving_time"
"System Message:
You are a logician with a background in mathematics that translates natural language
reasoning text to Python3 code so that these natural language reasoning problems can be solved.
During the translation, please pay close attention to defining variables and rules.
Do not add any comments from you.
Be guided by the following example:
Example input text:
Textual context: A vehicle operates over a A param between 20 and 110 in a typical day.
A vehicle operates for a B param between 2 and 10 in a typical day.
A vehicle operates with C param between 0.2 and 5 in a typical day.
A vehicle remains D param between 1 and 5 in a typical day.
A vehicle spends E param between 1 and 5 in a typical day.
A vehicle makes between 20 and 300 F param in a typical day.
A vehicle makes between 20 and 250 G param in a typical day.

Example Python3 code:
# A vehicle operates over a A param between 20 and 110 in a typical day.
def r1(a: float) -> bool:
    return 20 <= a <= 110

# A vehicle operates for a B param between 2 and 10 in a typical day.
def r2(b: float) -> bool:
    return 2 <= b <= 10

# A vehicle operates with C param between 0.2 and 5 in a typical day.
def r3(c: float) -> bool:
    return 0.2 <= c <= 5

# A vehicle remains D param between 1 and 5 in a typical day.
def r4(d: float) -> bool:
    return 1 <= d <= 5

# A vehicle spends E param between 1 and 5 in a typical day.
def r5(e: float) -> bool:
    return 1 <= e <= 5

# A vehicle makes between 20 and 300 F param in a typical day.
def r6(f: float) -> bool:
    return 20 <= f <= 300

# A vehicle makes between 20 and 250 G param in a typical day.
def r7(g: float) -> bool:
    return 20 <= g <= 250


Input text:
Textual context: Idle time should be less than or equal to the total operation time.
Driving time must always be less than or equal to the total operation time.
The total stop count must not be lower than the count of stops where PTO is engaged.
The weight on axle 1 cannot surpass the weight on axle 3.
The payload must not exceed the load carried by axle 2.
The payload must always be smaller than or equal to the load on axle 3.
The combined time for PTO operation, idle time, and driving time must not surpass the total operation time.";"
```python
# Idle time should be less than or equal to the total operation time.
def r1(idle_time: float, total_operation_time: float) -> bool:
    return idle_time <= total_operation_time

# Driving time must always be less than or equal to the total operation time.
def r2(driving_time: float, total_operation_time: float) -> bool:
    return driving_time <= total_operation_time

# The total stop count must not be lower than the count of stops where PTO is engaged.
def r3(total_stop_count: int, pto_engaged_stops: int) -> bool:
    return total_stop_count >= pto_engaged_stops

# Weight on axle 1 cannot surpass the weight on axle 3.
def r4(weight_axle1: float, weight_axle3: float) -> bool:
    return weight_axle1 <= weight_axle3

# Payload must not exceed the load carried by axle 2.
def r5(payload: float, load_axle2: float) -> bool:
    return payload <= load_axle2

# Payload must always be smaller than or equal to the load on axle 3.
def r6(payload: float, load_axle3: float) -> bool:
    return payload <= load_axle3

# The combined time for PTO operation, idle time, and driving time must not surpass the total operation time.
def r7(pto_time: float, idle_time: float, driving_time: float, total_operation_time: float) -> bool:
    return pto_time + idle_time + driving_time <= total_operation_time
```"
"System Message:
You are a logician with a background in mathematics that translates natural language
reasoning text to Python3 code so that these natural language reasoning problems can be solved.
During the translation, please pay close attention to defining variables and rules.
Do not add any comments from you.
Be guided by the following example:
Example input text:
Textual context: A vehicle operates over a A param between 20 and 110 in a typical day.
A vehicle operates for a B param between 2 and 10 in a typical day.
A vehicle operates with C param between 0.2 and 5 in a typical day.
A vehicle remains D param between 1 and 5 in a typical day.
A vehicle spends E param between 1 and 5 in a typical day.
A vehicle makes between 20 and 300 F param in a typical day.
A vehicle makes between 20 and 250 G param in a typical day.

Example Python3 code:
# A vehicle operates over a A param between 20 and 110 in a typical day.
def r1(a: float) -> bool:
    return 20 <= a <= 110

# A vehicle operates for a B param between 2 and 10 in a typical day.
def r2(b: float) -> bool:
    return 2 <= b <= 10

# A vehicle operates with C param between 0.2 and 5 in a typical day.
def r3(c: float) -> bool:
    return 0.2 <= c <= 5

# A vehicle remains D param between 1 and 5 in a typical day.
def r4(d: float) -> bool:
    return 1 <= d <= 5

# A vehicle spends E param between 1 and 5 in a typical day.
def r5(e: float) -> bool:
    return 1 <= e <= 5

# A vehicle makes between 20 and 300 F param in a typical day.
def r6(f: float) -> bool:
    return 20 <= f <= 300

# A vehicle makes between 20 and 250 G param in a typical day.
def r7(g: float) -> bool:
    return 20 <= g <= 250


Input text:
Textual context: PTO operation time should be less than or equal to the total operation time.
Total operation time shouldn’t be lower than idle time.
Total operation time should shouldn’t be lower than driving time.
The load carried by axle 1 must be smaller than or equal to the load on axle 2.
The load supported by axle 1 cannot exceed that of axle 3.
Axle 3's load must always be equal to or greater than the payload.";"
# PTO operation time should be less than or equal to the total operation time.
def r8(pto_time: float, total_time: float) -> bool:
    return pto_time <= total_time

# Total operation time shouldn’t be lower than idle time.
def r9(total_time: float, idle_time: float) -> bool:
    return total_time >= idle_time

# Total operation time should shouldn’t be lower than driving time.
def r10(total_time: float, driving_time: float) -> bool:
    return total_time >= driving_time

# The load carried by axle 1 must be smaller than or equal to the load on axle 2.
def r11(load_axle1: float, load_axle2: float) -> bool:
    return load_axle1 <= load_axle2

# The load supported by axle 1 cannot exceed that of axle 3.
def r12(load_axle1: float, load_axle3: float) -> bool:
    return load_axle1 <= load_axle3

# Axle 3's load must always be equal to or greater than the payload.
def r13(load_axle3: float, payload: float) -> bool:
    return load_axle3 >= payload"
"System Message:
You are a logician with a background in mathematics that translates natural language
reasoning text to Python3 code so that these natural language reasoning problems can be solved.
During the translation, please pay close attention to defining variables and rules.
Do not add any comments from you.
Be guided by the following example:
Example input text:
Textual context: A vehicle operates over a A param between 20 and 110 in a typical day.
A vehicle operates for a B param between 2 and 10 in a typical day.
A vehicle operates with C param between 0.2 and 5 in a typical day.
A vehicle remains D param between 1 and 5 in a typical day.
A vehicle spends E param between 1 and 5 in a typical day.
A vehicle makes between 20 and 300 F param in a typical day.
A vehicle makes between 20 and 250 G param in a typical day.

Example Python3 code:
# A vehicle operates over a A param between 20 and 110 in a typical day.
def r1(a: float) -> bool:
    return 20 <= a <= 110

# A vehicle operates for a B param between 2 and 10 in a typical day.
def r2(b: float) -> bool:
    return 2 <= b <= 10

# A vehicle operates with C param between 0.2 and 5 in a typical day.
def r3(c: float) -> bool:
    return 0.2 <= c <= 5

# A vehicle remains D param between 1 and 5 in a typical day.
def r4(d: float) -> bool:
    return 1 <= d <= 5

# A vehicle spends E param between 1 and 5 in a typical day.
def r5(e: float) -> bool:
    return 1 <= e <= 5

# A vehicle makes between 20 and 300 F param in a typical day.
def r6(f: float) -> bool:
    return 20 <= f <= 300

# A vehicle makes between 20 and 250 G param in a typical day.
def r7(g: float) -> bool:
    return 20 <= g <= 250


Input text:
Textual context: Total operation time shouldn’t be lower than PTO operation time.
Idle time cannot be greater than the total operation time.
Total operation time should shouldn’t be lower than driving time.
PTO-engaged stops cannot exceed the total number of stops.
The payload must always be smaller than or equal to the load on axle 3.
The combined time for PTO operation, idle time, and driving time must not surpass the total operation time.";"
```python
def r8(pto_operation_time: float, total_operation_time: float, idle_time: float, driving_time: float) -> bool:
    return pto_operation_time >= total_operation_time and idle_time <= total_operation_time and total_operation_time >= driving_time

def r9(pto_engaged_stops: int, total_stops: int) -> bool:
    return pto_engaged_stops <= total_stops

def r10(payload: float, load_on_axle_3: float) -> bool:
    return payload <= load_on_axle_3

def r11(pto_operation_time: float, idle_time: float, driving_time: float, total_operation_time: float) -> bool:
    return pto_operation_time + idle_time + driving_time <= total_operation_time
```"
"System Message:
You are a logician with a background in mathematics that translates natural language
reasoning text to Python3 code so that these natural language reasoning problems can be solved.
During the translation, please pay close attention to defining variables and rules.
Do not add any comments from you.
Be guided by the following example:
Example input text:
Textual context: A vehicle operates over a A param between 20 and 110 in a typical day.
A vehicle operates for a B param between 2 and 10 in a typical day.
A vehicle operates with C param between 0.2 and 5 in a typical day.
A vehicle remains D param between 1 and 5 in a typical day.
A vehicle spends E param between 1 and 5 in a typical day.
A vehicle makes between 20 and 300 F param in a typical day.
A vehicle makes between 20 and 250 G param in a typical day.

Example Python3 code:
# A vehicle operates over a A param between 20 and 110 in a typical day.
def r1(a: float) -> bool:
    return 20 <= a <= 110

# A vehicle operates for a B param between 2 and 10 in a typical day.
def r2(b: float) -> bool:
    return 2 <= b <= 10

# A vehicle operates with C param between 0.2 and 5 in a typical day.
def r3(c: float) -> bool:
    return 0.2 <= c <= 5

# A vehicle remains D param between 1 and 5 in a typical day.
def r4(d: float) -> bool:
    return 1 <= d <= 5

# A vehicle spends E param between 1 and 5 in a typical day.
def r5(e: float) -> bool:
    return 1 <= e <= 5

# A vehicle makes between 20 and 300 F param in a typical day.
def r6(f: float) -> bool:
    return 20 <= f <= 300

# A vehicle makes between 20 and 250 G param in a typical day.
def r7(g: float) -> bool:
    return 20 <= g <= 250


Input text:
Textual context: PTO operation time must be less than or equal to the total operation time.
Idle time must always be less than or equal to the total operation time.
Driving time should be less than or equal to the total operation time.
Stops with PTO engaged should never outnumber total stops.
Axle 2's load must always be equal to or greater than the payload.
The total operation duration must always be greater than or equal to the combined time for PTO, idle, and driving.";"
# PTO operation time must be less than or equal to the total operation time.
def r8(pto_time: float, total_time: float) -> bool:
    return pto_time <= total_time

# Idle time must always be less than or equal to the total operation time.
def r9(idle_time: float, total_time: float) -> bool:
    return idle_time <= total_time

# Driving time should be less than or equal to the total operation time.
def r10(driving_time: float, total_time: float) -> bool:
    return driving_time <= total_time

# Stops with PTO engaged should never outnumber total stops.
def r11(pto_stops: int, total_stops: int) -> bool:
    return pto_stops <= total_stops

# Axle 2's load must always be equal to or greater than the payload.
def r12(axle2_load: float, payload: float) -> bool:
    return axle2_load >= payload

# The total operation duration must always be greater than or equal to the combined time for PTO, idle, and driving.
def r13(total_duration: float, pto_time: float, idle_time: float, driving_time: float) -> bool:
    return total_duration >= pto_time + idle_time + driving_time"
"System Message:
You are a logician with a background in mathematics that translates natural language
reasoning text to Python3 code so that these natural language reasoning problems can be solved.
During the translation, please pay close attention to defining variables and rules.
Do not add any comments from you.
Be guided by the following example:
Example input text:
Textual context: A vehicle operates over a A param between 20 and 110 in a typical day.
A vehicle operates for a B param between 2 and 10 in a typical day.
A vehicle operates with C param between 0.2 and 5 in a typical day.
A vehicle remains D param between 1 and 5 in a typical day.
A vehicle spends E param between 1 and 5 in a typical day.
A vehicle makes between 20 and 300 F param in a typical day.
A vehicle makes between 20 and 250 G param in a typical day.
A vehicle operates at H param between 0 and 80 in a typical day.

Example Python3 code:
# A vehicle operates over a A param between 20 and 110 in a typical day.
def r1(a: float) -> bool:
    return 20 <= a <= 110

# A vehicle operates for a B param between 2 and 10 in a typical day.
def r2(b: float) -> bool:
    return 2 <= b <= 10

# A vehicle operates with C param between 0.2 and 5 in a typical day.
def r3(c: float) -> bool:
    return 0.2 <= c <= 5

# A vehicle remains D param between 1 and 5 in a typical day.
def r4(d: float) -> bool:
    return 1 <= d <= 5

# A vehicle spends E param between 1 and 5 in a typical day.
def r5(e: float) -> bool:
    return 1 <= e <= 5

# A vehicle makes between 20 and 300 F param in a typical day.
def r6(f: float) -> bool:
    return 20 <= f <= 300

# A vehicle makes between 20 and 250 G param in a typical day.
def r7(g: float) -> bool:
    return 20 <= g <= 250

# A vehicle operates at H param between 0 and 80 in a typical day.
def r8(h: float) -> bool:
    return 0 <= h <= 80


Input text:
Textual context: PTO operation time cannot be greater than the total operation time.
Idle time should be less than or equal to the total operation time.
Driving time cannot be greater than the total operation time.
PTO-engaged stops cannot exceed the total number of stops.
The weight on axle 1 cannot surpass the weight on axle 2.
The load on axle 1 must not surpass the load on axle 3.
The payload cannot exceed the capacity of axle 3.
The combined time for PTO operation, idle time, and driving time must not surpass the total operation time.";"
# PTO operation time cannot be greater than the total operation time.
def r9(pto_time: float, total_time: float) -> bool:
    return pto_time <= total_time

# Idle time should be less than or equal to the total operation time.
def r10(idle_time: float, total_time: float) -> bool:
    return idle_time <= total_time

# Driving time cannot be greater than the total operation time.
def r11(driving_time: float, total_time: float) -> bool:
    return driving_time <= total_time

# PTO-engaged stops cannot exceed the total number of stops.
def r12(pto_stops: int, total_stops: int) -> bool:
    return pto_stops <= total_stops

# The weight on axle 1 cannot surpass the weight on axle 2.
def r13(weight_axle1: float, weight_axle2: float) -> bool:
    return weight_axle1 <= weight_axle2

# The load on axle 1 must not surpass the load on axle 3.
def r14(load_axle1: float, load_axle3: float) -> bool:
    return load_axle1 <= load_axle3

# The payload cannot exceed the capacity of axle 3.
def r15(payload: float, capacity_axle3: float) -> bool:
    return payload <= capacity_axle3

# The combined time for PTO operation, idle time, and driving time must not surpass the total operation time.
def r16(pto_time: float, idle_time: float, driving_time: float, total_time: float) -> bool:
    return pto_time + idle_time + driving_time <= total_time"
"System Message:
You are a logician with a background in mathematics that translates natural language
reasoning text to Python3 code so that these natural language reasoning problems can be solved.
During the translation, please pay close attention to defining variables and rules.
Do not add any comments from you.
Be guided by the following example:
Example input text:
Textual context: A vehicle operates over a A param between 20 and 110 in a typical day.
A vehicle operates for a B param between 2 and 10 in a typical day.
A vehicle operates with C param between 0.2 and 5 in a typical day.
A vehicle remains D param between 1 and 5 in a typical day.
A vehicle spends E param between 1 and 5 in a typical day.
A vehicle makes between 20 and 300 F param in a typical day.
A vehicle makes between 20 and 250 G param in a typical day.
A vehicle operates at H param between 0 and 80 in a typical day.

Example Python3 code:
# A vehicle operates over a A param between 20 and 110 in a typical day.
def r1(a: float) -> bool:
    return 20 <= a <= 110

# A vehicle operates for a B param between 2 and 10 in a typical day.
def r2(b: float) -> bool:
    return 2 <= b <= 10

# A vehicle operates with C param between 0.2 and 5 in a typical day.
def r3(c: float) -> bool:
    return 0.2 <= c <= 5

# A vehicle remains D param between 1 and 5 in a typical day.
def r4(d: float) -> bool:
    return 1 <= d <= 5

# A vehicle spends E param between 1 and 5 in a typical day.
def r5(e: float) -> bool:
    return 1 <= e <= 5

# A vehicle makes between 20 and 300 F param in a typical day.
def r6(f: float) -> bool:
    return 20 <= f <= 300

# A vehicle makes between 20 and 250 G param in a typical day.
def r7(g: float) -> bool:
    return 20 <= g <= 250

# A vehicle operates at H param between 0 and 80 in a typical day.
def r8(h: float) -> bool:
    return 0 <= h <= 80


Input text:
Textual context: Idle time cannot be greater than the total operation time.
Driving time must always be less than or equal to the total operation time.
The load supported by axle 1 cannot exceed that of axle 2.
The load supported by axle 1 cannot exceed that of axle 3.
The payload must not exceed the load carried by axle 2.
The payload must not exceed the load carried by axle 3.
The total operation duration must always be greater than or equal to the combined time for PTO, idle, and driving.";"
# Idle time cannot be greater than the total operation time.
def r9(idle_time: float, total_operation_time: float) -> bool:
    return idle_time <= total_operation_time

# Driving time must always be less than or equal to the total operation time.
def r10(driving_time: float, total_operation_time: float) -> bool:
    return driving_time <= total_operation_time

# The load supported by axle 1 cannot exceed that of axle 2.
def r11(load_axle1: float, load_axle2: float) -> bool:
    return load_axle1 <= load_axle2

# The load supported by axle 1 cannot exceed that of axle 3.
def r12(load_axle1: float, load_axle3: float) -> bool:
    return load_axle1 <= load_axle3

# The payload must not exceed the load carried by axle 2.
def r13(payload: float, load_axle2: float) -> bool:
    return payload <= load_axle2

# The payload must not exceed the load carried by axle 3.
def r14(payload: float, load_axle3: float) -> bool:
    return payload <= load_axle3

# The total operation duration must always be greater than or equal to the combined time for PTO, idle, and driving.
def r15(total_operation_duration: float, pto_time: float, idle_time: float, driving_time: float) -> bool:
    return total_operation_duration >= (pto_time + idle_time + driving_time)"
"System Message:
You are a logician with a background in mathematics that translates natural language
reasoning text to Python3 code so that these natural language reasoning problems can be solved.
During the translation, please pay close attention to defining variables and rules.
Do not add any comments from you.
Be guided by the following example:
Example input text:
Textual context: A vehicle operates over a A param between 20 and 110 in a typical day.
A vehicle operates for a B param between 2 and 10 in a typical day.
A vehicle operates with C param between 0.2 and 5 in a typical day.
A vehicle remains D param between 1 and 5 in a typical day.
A vehicle spends E param between 1 and 5 in a typical day.
A vehicle makes between 20 and 300 F param in a typical day.
A vehicle makes between 20 and 250 G param in a typical day.
A vehicle operates at H param between 0 and 80 in a typical day.

Example Python3 code:
# A vehicle operates over a A param between 20 and 110 in a typical day.
def r1(a: float) -> bool:
    return 20 <= a <= 110

# A vehicle operates for a B param between 2 and 10 in a typical day.
def r2(b: float) -> bool:
    return 2 <= b <= 10

# A vehicle operates with C param between 0.2 and 5 in a typical day.
def r3(c: float) -> bool:
    return 0.2 <= c <= 5

# A vehicle remains D param between 1 and 5 in a typical day.
def r4(d: float) -> bool:
    return 1 <= d <= 5

# A vehicle spends E param between 1 and 5 in a typical day.
def r5(e: float) -> bool:
    return 1 <= e <= 5

# A vehicle makes between 20 and 300 F param in a typical day.
def r6(f: float) -> bool:
    return 20 <= f <= 300

# A vehicle makes between 20 and 250 G param in a typical day.
def r7(g: float) -> bool:
    return 20 <= g <= 250

# A vehicle operates at H param between 0 and 80 in a typical day.
def r8(h: float) -> bool:
    return 0 <= h <= 80


Input text:
Textual context: Driving time must always be less than or equal to the total operation time.
Stops with PTO engaged cannot outnumber the total stops.
The weight on axle 1 cannot surpass the weight on axle 2.
The load on axle 1 must not surpass the load on axle 3.
Axle 2's load must always be equal to or greater than the payload.
The combined time for PTO operation, idle time, and driving time must not surpass the total operation time.";"
# Driving time must always be less than or equal to the total operation time.
def r9(driving_time: float, total_operation_time: float) -> bool:
    return driving_time <= total_operation_time

# Stops with PTO engaged cannot outnumber the total stops.
def r10(pto_stops: int, total_stops: int) -> bool:
    return pto_stops <= total_stops

# The weight on axle 1 cannot surpass the weight on axle 2.
def r11(axle1_weight: float, axle2_weight: float) -> bool:
    return axle1_weight <= axle2_weight

# The load on axle 1 must not surpass the load on axle 3.
def r12(axle1_load: float, axle3_load: float) -> bool:
    return axle1_load <= axle3_load

# Axle 2's load must always be equal to or greater than the payload.
def r13(axle2_load: float, payload: float) -> bool:
    return axle2_load >= payload

# The combined time for PTO operation, idle time, and driving time must not surpass the total operation time.
def r14(pto_time: float, idle_time: float, driving_time: float, total_operation_time: float) -> bool:
    return pto_time + idle_time + driving_time <= total_operation_time"
"System Message:
You are a logician with a background in mathematics that translates natural language
reasoning text to Python3 code so that these natural language reasoning problems can be solved.
During the translation, please pay close attention to defining variables and rules.
Do not add any comments from you.
Be guided by the following example:
Example input text:
Textual context: A vehicle operates over a A param between 20 and 110 in a typical day.
A vehicle operates for a B param between 2 and 10 in a typical day.
A vehicle operates with C param between 0.2 and 5 in a typical day.
A vehicle remains D param between 1 and 5 in a typical day.
A vehicle spends E param between 1 and 5 in a typical day.
A vehicle makes between 20 and 300 F param in a typical day.
A vehicle makes between 20 and 250 G param in a typical day.
A vehicle operates at H param between 0 and 80 in a typical day.

Example Python3 code:
# A vehicle operates over a A param between 20 and 110 in a typical day.
def r1(a: float) -> bool:
    return 20 <= a <= 110

# A vehicle operates for a B param between 2 and 10 in a typical day.
def r2(b: float) -> bool:
    return 2 <= b <= 10

# A vehicle operates with C param between 0.2 and 5 in a typical day.
def r3(c: float) -> bool:
    return 0.2 <= c <= 5

# A vehicle remains D param between 1 and 5 in a typical day.
def r4(d: float) -> bool:
    return 1 <= d <= 5

# A vehicle spends E param between 1 and 5 in a typical day.
def r5(e: float) -> bool:
    return 1 <= e <= 5

# A vehicle makes between 20 and 300 F param in a typical day.
def r6(f: float) -> bool:
    return 20 <= f <= 300

# A vehicle makes between 20 and 250 G param in a typical day.
def r7(g: float) -> bool:
    return 20 <= g <= 250

# A vehicle operates at H param between 0 and 80 in a typical day.
def r8(h: float) -> bool:
    return 0 <= h <= 80


Input text:
Textual context: The total operation duration must not be lower than the PTO operation time.
Idle time must always be less than or equal to the total operation time.
PTO-engaged stops cannot exceed the total number of stops.
The load supported by axle 1 cannot exceed that of axle 3.
The payload must always be smaller than or equal to the load on axle 2.
Axle 3's load must always be equal to or greater than the payload.";"
# The total operation duration must not be lower than the PTO operation time.
def r1(total_duration: float, pto_time: float) -> bool:
    return total_duration >= pto_time

# Idle time must always be less than or equal to the total operation time.
def r2(idle_time: float, total_duration: float) -> bool:
    return idle_time <= total_duration

# PTO-engaged stops cannot exceed the total number of stops.
def r3(pto_stops: int, total_stops: int) -> bool:
    return pto_stops <= total_stops

# The load supported by axle 1 cannot exceed that of axle 3.
def r4(axle1_load: float, axle3_load: float) -> bool:
    return axle1_load <= axle3_load

# Payload must always be smaller than or equal to the load on axle 2.
def r5(payload: float, axle2_load: float) -> bool:
    return payload <= axle2_load

# Axle 3's load must always be equal to or greater than the payload.
def r6(axle3_load: float, payload: float) -> bool:
    return axle3_load >= payload"
"System Message:
You are a logician with a background in mathematics that translates natural language
reasoning text to Python3 code so that these natural language reasoning problems can be solved.
During the translation, please pay close attention to defining variables and rules.
Do not add any comments from you.
Be guided by the following example:
Example input text:
Textual context: A vehicle operates over a A param between 20 and 110 in a typical day.
A vehicle operates for a B param between 2 and 10 in a typical day.
A vehicle operates with C param between 0.2 and 5 in a typical day.
A vehicle remains D param between 1 and 5 in a typical day.
A vehicle spends E param between 1 and 5 in a typical day.
A vehicle makes between 20 and 300 F param in a typical day.
A vehicle makes between 20 and 250 G param in a typical day.

Example Python3 code:
# A vehicle operates over a A param between 20 and 110 in a typical day.
def r1(a: float) -> bool:
    return 20 <= a <= 110

# A vehicle operates for a B param between 2 and 10 in a typical day.
def r2(b: float) -> bool:
    return 2 <= b <= 10

# A vehicle operates with C param between 0.2 and 5 in a typical day.
def r3(c: float) -> bool:
    return 0.2 <= c <= 5

# A vehicle remains D param between 1 and 5 in a typical day.
def r4(d: float) -> bool:
    return 1 <= d <= 5

# A vehicle spends E param between 1 and 5 in a typical day.
def r5(e: float) -> bool:
    return 1 <= e <= 5

# A vehicle makes between 20 and 300 F param in a typical day.
def r6(f: float) -> bool:
    return 20 <= f <= 300

# A vehicle makes between 20 and 250 G param in a typical day.
def r7(g: float) -> bool:
    return 20 <= g <= 250


Input text:
Textual context: PTO operation time must be less than or equal to the total operation time.
Idle time should be less than or equal to the total operation time.
Driving time should be less than or equal to the total operation time.
PTO-engaged stops cannot exceed the total number of stops.
The weight on axle 1 cannot surpass the weight on axle 2.
The load carried by axle 1 must be smaller than or equal to the load on axle 3.
The payload must not exceed the load carried by axle 2.";"
# PTO operation time must be less than or equal to the total operation time.
def r1(pto_time: float, total_time: float) -> bool:
    return pto_time <= total_time

# Idle time should be less than or equal to the total operation time.
def r2(idle_time: float, total_time: float) -> bool:
    return idle_time <= total_time

# Driving time should be less than or equal to the total operation time.
def r3(driving_time: float, total_time: float) -> bool:
    return driving_time <= total_time

# PTO-engaged stops cannot exceed the total number of stops.
def r4(pto_stops: int, total_stops: int) -> bool:
    return pto_stops <= total_stops

# The weight on axle 1 cannot surpass the weight on axle 2.
def r5(weight_axle1: float, weight_axle2: float) -> bool:
    return weight_axle1 <= weight_axle2

# The load carried by axle 1 must be smaller than or equal to the load on axle 3.
def r6(load_axle1: float, load_axle3: float) -> bool:
    return load_axle1 <= load_axle3

# The payload must not exceed the load carried by axle 2.
def r7(payload: float, load_axle2: float) -> bool:
    return payload <= load_axle2"
"System Message:
You are a logician with a background in mathematics that translates natural language
reasoning text to Python3 code so that these natural language reasoning problems can be solved.
During the translation, please pay close attention to defining variables and rules.
Do not add any comments from you.
Be guided by the following example:
Example input text:
Textual context: A vehicle operates over a A param between 20 and 110 in a typical day.
A vehicle operates for a B param between 2 and 10 in a typical day.
A vehicle operates with C param between 0.2 and 5 in a typical day.
A vehicle remains D param between 1 and 5 in a typical day.
A vehicle spends E param between 1 and 5 in a typical day.
A vehicle makes between 20 and 300 F param in a typical day.
A vehicle makes between 20 and 250 G param in a typical day.

Example Python3 code:
# A vehicle operates over a A param between 20 and 110 in a typical day.
def r1(a: float) -> bool:
    return 20 <= a <= 110

# A vehicle operates for a B param between 2 and 10 in a typical day.
def r2(b: float) -> bool:
    return 2 <= b <= 10

# A vehicle operates with C param between 0.2 and 5 in a typical day.
def r3(c: float) -> bool:
    return 0.2 <= c <= 5

# A vehicle remains D param between 1 and 5 in a typical day.
def r4(d: float) -> bool:
    return 1 <= d <= 5

# A vehicle spends E param between 1 and 5 in a typical day.
def r5(e: float) -> bool:
    return 1 <= e <= 5

# A vehicle makes between 20 and 300 F param in a typical day.
def r6(f: float) -> bool:
    return 20 <= f <= 300

# A vehicle makes between 20 and 250 G param in a typical day.
def r7(g: float) -> bool:
    return 20 <= g <= 250


Input text:
Textual context: PTO operation time must be less than or equal to the total operation time.
Idle time cannot be greater than the total operation time.
The total operation durationmust not be lower than the driving time.
The load on axle 1 must not surpass the load on axle 2.
The load on axle 1 must not surpass the load on axle 3.
Payload must remain below or equal to the load carried by axle 2.";"
# PTO operation time must be less than or equal to the total operation time.
def r8(pto_time: float, total_time: float) -> bool:
    return pto_time <= total_time

# Idle time cannot be greater than the total operation time.
def r9(idle_time: float, total_time: float) -> bool:
    return idle_time <= total_time

# The total operation duration must not be lower than the driving time.
def r10(total_time: float, driving_time: float) -> bool:
    return total_time >= driving_time

# The load on axle 1 must not surpass the load on axle 2.
def r11(load_axle1: float, load_axle2: float) -> bool:
    return load_axle1 <= load_axle2

# The load on axle 1 must not surpass the load on axle 3.
def r12(load_axle1: float, load_axle3: float) -> bool:
    return load_axle1 <= load_axle3

# Payload must remain below or equal to the load carried by axle 2.
def r13(payload: float, load_axle2: float) -> bool:
    return payload <= load_axle2"
"System Message:
You are a logician with a background in mathematics that translates natural language
reasoning text to Python3 code so that these natural language reasoning problems can be solved.
During the translation, please pay close attention to defining variables and rules.
Do not add any comments from you.
Be guided by the following example:
Example input text:
Textual context: A vehicle operates over a A param between 20 and 110 in a typical day.
A vehicle operates for a B param between 2 and 10 in a typical day.
A vehicle operates with C param between 0.2 and 5 in a typical day.
A vehicle remains D param between 1 and 5 in a typical day.
A vehicle spends E param between 1 and 5 in a typical day.
A vehicle makes between 20 and 300 F param in a typical day.
A vehicle makes between 20 and 250 G param in a typical day.

Example Python3 code:
# A vehicle operates over a A param between 20 and 110 in a typical day.
def r1(a: float) -> bool:
    return 20 <= a <= 110

# A vehicle operates for a B param between 2 and 10 in a typical day.
def r2(b: float) -> bool:
    return 2 <= b <= 10

# A vehicle operates with C param between 0.2 and 5 in a typical day.
def r3(c: float) -> bool:
    return 0.2 <= c <= 5

# A vehicle remains D param between 1 and 5 in a typical day.
def r4(d: float) -> bool:
    return 1 <= d <= 5

# A vehicle spends E param between 1 and 5 in a typical day.
def r5(e: float) -> bool:
    return 1 <= e <= 5

# A vehicle makes between 20 and 300 F param in a typical day.
def r6(f: float) -> bool:
    return 20 <= f <= 300

# A vehicle makes between 20 and 250 G param in a typical day.
def r7(g: float) -> bool:
    return 20 <= g <= 250


Input text:
Textual context: PTO operation time cannot be greater than the total operation time.
Total operation time shouldn’t be lower than idle time.
Total operation time should shouldn’t be lower than driving time.
Stops with PTO engaged should never outnumber total stops.
Axle 1's load cannot exceed Axle 2's load.
The payload must always be smaller than or equal to the load on axle 2.
The payload must always be smaller than or equal to the load on axle 3.";"
# PTO operation time cannot be greater than the total operation time.
def r1(pto_time: float, total_time: float) -> bool:
    return pto_time <= total_time

# Total operation time shouldn’t be lower than idle time.
def r2(total_time: float, idle_time: float) -> bool:
    return total_time >= idle_time

# Total operation time should shouldn’t be lower than driving time.
def r3(total_time: float, driving_time: float) -> bool:
    return total_time >= driving_time

# Stops with PTO engaged should never outnumber total stops.
def r4(pto_stops: int, total_stops: int) -> bool:
    return pto_stops <= total_stops

# Axle 1's load cannot exceed Axle 2's load.
def r5(axle1_load: float, axle2_load: float) -> bool:
    return axle1_load <= axle2_load

# The payload must always be smaller than or equal to the load on axle 2.
def r6(payload: float, axle2_load: float) -> bool:
    return payload <= axle2_load

# The payload must always be smaller than or equal to the load on axle 3.
def r7(payload: float, axle3_load: float) -> bool:
    return payload <= axle3_load"
"System Message:
You are a logician with a background in mathematics that translates natural language
reasoning text to Python3 code so that these natural language reasoning problems can be solved.
During the translation, please pay close attention to defining variables and rules.
Do not add any comments from you.
Be guided by the following example:
Example input text:
Textual context: A vehicle operates over a A param between 20 and 110 in a typical day.
A vehicle operates for a B param between 2 and 10 in a typical day.
A vehicle operates with C param between 0.2 and 5 in a typical day.
A vehicle remains D param between 1 and 5 in a typical day.
A vehicle spends E param between 1 and 5 in a typical day.
A vehicle makes between 20 and 300 F param in a typical day.
A vehicle makes between 20 and 250 G param in a typical day.

Example Python3 code:
# A vehicle operates over a A param between 20 and 110 in a typical day.
def r1(a: float) -> bool:
    return 20 <= a <= 110

# A vehicle operates for a B param between 2 and 10 in a typical day.
def r2(b: float) -> bool:
    return 2 <= b <= 10

# A vehicle operates with C param between 0.2 and 5 in a typical day.
def r3(c: float) -> bool:
    return 0.2 <= c <= 5

# A vehicle remains D param between 1 and 5 in a typical day.
def r4(d: float) -> bool:
    return 1 <= d <= 5

# A vehicle spends E param between 1 and 5 in a typical day.
def r5(e: float) -> bool:
    return 1 <= e <= 5

# A vehicle makes between 20 and 300 F param in a typical day.
def r6(f: float) -> bool:
    return 20 <= f <= 300

# A vehicle makes between 20 and 250 G param in a typical day.
def r7(g: float) -> bool:
    return 20 <= g <= 250


Input text:
Textual context: The total operation duration must not be lower than the idle time.
Driving time must always be less than or equal to the total operation time.
PTO-engaged stops cannot exceed the total number of stops.
Axle 1's load cannot exceed Axle 3's load.
Payload must remain below or equal to the load carried by axle 2.
Payload must remain below or equal to the load carried by axle 3.
Total operation time should be at least the sum of PTO, idle, and driving times.";"
```python
# The total operation duration must not be lower than the idle time.
def r8(total_duration: float, idle_time: float) -> bool:
    return total_duration >= idle_time

# Driving time must always be less than or equal to the total operation time.
def r9(driving_time: float, total_duration: float) -> bool:
    return driving_time <= total_duration

# PTO-engaged stops cannot exceed the total number of stops.
def r10(pto_stops: int, total_stops: int) -> bool:
    return pto_stops <= total_stops

# Axle 1's load cannot exceed Axle 3's load.
def r11(axle1_load: float, axle3_load: float) -> bool:
    return axle1_load <= axle3_load

# Payload must remain below or equal to the load carried by axle 2.
def r12(payload: float, axle2_load: float) -> bool:
    return payload <= axle2_load

# Payload must remain below or equal to the load carried by axle 3.
def r13(payload: float, axle3_load: float) -> bool:
    return payload <= axle3_load

# Total operation time should be at least the sum of PTO, idle, and driving times.
def r14(total_duration: float, pto_time: float, idle_time: float, driving_time: float) -> bool:
    return total_duration >= pto_time + idle_time + driving_time
```"
"System Message:
You are a logician with a background in mathematics that translates natural language
reasoning text to Python3 code so that these natural language reasoning problems can be solved.
During the translation, please pay close attention to defining variables and rules.
Do not add any comments from you.
Be guided by the following example:
Example input text:
Textual context: A vehicle operates over a A param between 20 and 110 in a typical day.
A vehicle operates for a B param between 2 and 10 in a typical day.
A vehicle operates with C param between 0.2 and 5 in a typical day.
A vehicle remains D param between 1 and 5 in a typical day.
A vehicle spends E param between 1 and 5 in a typical day.
A vehicle makes between 20 and 300 F param in a typical day.
A vehicle makes between 20 and 250 G param in a typical day.

Example Python3 code:
# A vehicle operates over a A param between 20 and 110 in a typical day.
def r1(a: float) -> bool:
    return 20 <= a <= 110

# A vehicle operates for a B param between 2 and 10 in a typical day.
def r2(b: float) -> bool:
    return 2 <= b <= 10

# A vehicle operates with C param between 0.2 and 5 in a typical day.
def r3(c: float) -> bool:
    return 0.2 <= c <= 5

# A vehicle remains D param between 1 and 5 in a typical day.
def r4(d: float) -> bool:
    return 1 <= d <= 5

# A vehicle spends E param between 1 and 5 in a typical day.
def r5(e: float) -> bool:
    return 1 <= e <= 5

# A vehicle makes between 20 and 300 F param in a typical day.
def r6(f: float) -> bool:
    return 20 <= f <= 300

# A vehicle makes between 20 and 250 G param in a typical day.
def r7(g: float) -> bool:
    return 20 <= g <= 250


Input text:
Textual context: Idle time cannot be greater than the total operation time.
Total operation time should shouldn’t be lower than driving time.
Stops with PTO engaged cannot outnumber the total stops.
The weight on axle 1 cannot surpass the weight on axle 2.
Axle 1's load cannot exceed Axle 3's load.
Axle 3's load must always be equal to or greater than the payload.
Total operation time should be at least the sum of PTO, idle, and driving times.";"
# Idle time cannot be greater than the total operation time.
def r1(idle_time: float, total_operation_time: float) -> bool:
    return idle_time <= total_operation_time

# Total operation time should shouldn't be lower than driving time.
def r2(total_operation_time: float, driving_time: float) -> bool:
    return total_operation_time >= driving_time

# Stops with PTO engaged cannot outnumber the total stops.
def r3(total_stops: int, stops_with_pto: int) -> bool:
    return stops_with_pto <= total_stops

# The weight on axle 1 cannot surpass the weight on axle 2.
def r4(weight_axle1: float, weight_axle2: float) -> bool:
    return weight_axle1 <= weight_axle2

# Axle 1's load cannot exceed Axle 3's load.
def r5(load_axle1: float, load_axle3: float) -> bool:
    return load_axle1 <= load_axle3

# Axle 3's load must always be equal to or greater than the payload.
def r6(load_axle3: float, payload: float) -> bool:
    return load_axle3 >= payload

# Total operation time should be at least the sum of PTO, idle, and driving times.
def r7(total_operation_time: float, pto_time: float, idle_time: float, driving_time: float) -> bool:
    return total_operation_time >= pto_time + idle_time + driving_time"
"System Message:
You are a logician with a background in mathematics that translates natural language
reasoning text to Python3 code so that these natural language reasoning problems can be solved.
During the translation, please pay close attention to defining variables and rules.
Do not add any comments from you.
Be guided by the following example:
Example input text:
Textual context: A vehicle operates over a A param between 20 and 110 in a typical day.
A vehicle operates for a B param between 2 and 10 in a typical day.
A vehicle operates with C param between 0.2 and 5 in a typical day.
A vehicle remains D param between 1 and 5 in a typical day.
A vehicle spends E param between 1 and 5 in a typical day.
A vehicle makes between 20 and 300 F param in a typical day.
A vehicle makes between 20 and 250 G param in a typical day.

Example Python3 code:
# A vehicle operates over a A param between 20 and 110 in a typical day.
def r1(a: float) -> bool:
    return 20 <= a <= 110

# A vehicle operates for a B param between 2 and 10 in a typical day.
def r2(b: float) -> bool:
    return 2 <= b <= 10

# A vehicle operates with C param between 0.2 and 5 in a typical day.
def r3(c: float) -> bool:
    return 0.2 <= c <= 5

# A vehicle remains D param between 1 and 5 in a typical day.
def r4(d: float) -> bool:
    return 1 <= d <= 5

# A vehicle spends E param between 1 and 5 in a typical day.
def r5(e: float) -> bool:
    return 1 <= e <= 5

# A vehicle makes between 20 and 300 F param in a typical day.
def r6(f: float) -> bool:
    return 20 <= f <= 300

# A vehicle makes between 20 and 250 G param in a typical day.
def r7(g: float) -> bool:
    return 20 <= g <= 250


Input text:
Textual context: Total operation time shouldn’t be lower than PTO operation time.
The total operation duration must not be lower than the idle time.
Driving time must always be less than or equal to the total operation time.
The load on axle 1 must not surpass the load on axle 3.
The payload must not exceed the load carried by axle 2.
The payload must always be smaller than or equal to the load on axle 3.
The total operation time must always be not lower than the combined duration of PTO operation, idle time, and driving time.";"
# Total operation time shouldn't be lower than PTO operation time.
def r8(pto_time: float, total_time: float) -> bool:
    return total_time >= pto_time

# The total operation duration must not be lower than the idle time.
def r9(idle_time: float, total_time: float) -> bool:
    return total_time >= idle_time

# Driving time must always be less than or equal to the total operation time.
def r10(driving_time: float, total_time: float) -> bool:
    return driving_time <= total_time

# The load on axle 1 must not surpass the load on axle 3.
def r11(axle1_load: float, axle3_load: float) -> bool:
    return axle1_load <= axle3_load

# The payload must not exceed the load carried by axle 2.
def r12(payload: float, axle2_load: float) -> bool:
    return payload <= axle2_load

# The payload must always be smaller than or equal to the load on axle 3.
def r13(payload: float, axle3_load: float) -> bool:
    return payload <= axle3_load

# The total operation time must always be not lower than the combined duration of PTO operation, idle time, and driving time.
def r14(pto_time: float, idle_time: float, driving_time: float, total_time: float) -> bool:
    return total_time >= (pto_time + idle_time + driving_time)"
"System Message:
You are a logician with a background in mathematics that translates natural language
reasoning text to Python3 code so that these natural language reasoning problems can be solved.
During the translation, please pay close attention to defining variables and rules.
Do not add any comments from you.
Be guided by the following example:
Example input text:
Textual context: A vehicle operates over a A param between 20 and 110 in a typical day.
A vehicle operates for a B param between 2 and 10 in a typical day.
A vehicle operates with C param between 0.2 and 5 in a typical day.
A vehicle remains D param between 1 and 5 in a typical day.
A vehicle spends E param between 1 and 5 in a typical day.
A vehicle makes between 20 and 300 F param in a typical day.
A vehicle makes between 20 and 250 G param in a typical day.
A vehicle operates at H param between 0 and 80 in a typical day.

Example Python3 code:
# A vehicle operates over a A param between 20 and 110 in a typical day.
def r1(a: float) -> bool:
    return 20 <= a <= 110

# A vehicle operates for a B param between 2 and 10 in a typical day.
def r2(b: float) -> bool:
    return 2 <= b <= 10

# A vehicle operates with C param between 0.2 and 5 in a typical day.
def r3(c: float) -> bool:
    return 0.2 <= c <= 5

# A vehicle remains D param between 1 and 5 in a typical day.
def r4(d: float) -> bool:
    return 1 <= d <= 5

# A vehicle spends E param between 1 and 5 in a typical day.
def r5(e: float) -> bool:
    return 1 <= e <= 5

# A vehicle makes between 20 and 300 F param in a typical day.
def r6(f: float) -> bool:
    return 20 <= f <= 300

# A vehicle makes between 20 and 250 G param in a typical day.
def r7(g: float) -> bool:
    return 20 <= g <= 250

# A vehicle operates at H param between 0 and 80 in a typical day.
def r8(h: float) -> bool:
    return 0 <= h <= 80


Input text:
Textual context: PTO operation time cannot be greater than the total operation time.
The total operation duration must not be lower than the idle time.
Driving time cannot be greater than the total operation time.
The load supported by axle 1 cannot exceed that of axle 2.
The load on axle 1 must not surpass the load on axle 3.
Axle 2's load must always be equal to or greater than the payload.
Payload must remain below or equal to the load carried by axle 3.
The total operation duration must always be greater than or equal to the combined time for PTO, idle, and driving.";"
# PTO operation time cannot be greater than the total operation time.
def r1(pto_time: float, total_time: float) -> bool:
    return pto_time <= total_time

# The total operation duration must not be lower than the idle time.
def r2(total_time: float, idle_time: float) -> bool:
    return total_time >= idle_time

# Driving time cannot be greater than the total operation time.
def r3(driving_time: float, total_time: float) -> bool:
    return driving_time <= total_time

# Load supported by axle 1 cannot exceed that of axle 2.
def r4(axle1_load: float, axle2_load: float) -> bool:
    return axle1_load <= axle2_load

# Load on axle 1 must not surpass the load on axle 3.
def r5(axle1_load: float, axle3_load: float) -> bool:
    return axle1_load <= axle3_load

# Axle 2's load must always be equal to or greater than the payload.
def r6(payload: float, axle2_load: float) -> bool:
    return payload <= axle2_load

# Payload must remain below or equal to the load carried by axle 3.
def r7(payload: float, axle3_load: float) -> bool:
    return payload <= axle3_load

# The total operation duration must always be greater than or equal to the combined time for PTO, idle, and driving.
def r8(total_time: float, pto_time: float, idle_time: float, driving_time: float) -> bool:
    return total_time >= (pto_time + idle_time + driving_time)"
"System Message:
You are a logician with a background in mathematics that translates natural language
reasoning text to Python3 code so that these natural language reasoning problems can be solved.
During the translation, please pay close attention to defining variables and rules.
Do not add any comments from you.
Be guided by the following example:
Example input text:
Textual context: A vehicle operates over a A param between 20 and 110 in a typical day.
A vehicle operates for a B param between 2 and 10 in a typical day.
A vehicle operates with C param between 0.2 and 5 in a typical day.
A vehicle remains D param between 1 and 5 in a typical day.
A vehicle spends E param between 1 and 5 in a typical day.
A vehicle makes between 20 and 300 F param in a typical day.
A vehicle makes between 20 and 250 G param in a typical day.
A vehicle operates at H param between 0 and 80 in a typical day.

Example Python3 code:
# A vehicle operates over a A param between 20 and 110 in a typical day.
def r1(a: float) -> bool:
    return 20 <= a <= 110

# A vehicle operates for a B param between 2 and 10 in a typical day.
def r2(b: float) -> bool:
    return 2 <= b <= 10

# A vehicle operates with C param between 0.2 and 5 in a typical day.
def r3(c: float) -> bool:
    return 0.2 <= c <= 5

# A vehicle remains D param between 1 and 5 in a typical day.
def r4(d: float) -> bool:
    return 1 <= d <= 5

# A vehicle spends E param between 1 and 5 in a typical day.
def r5(e: float) -> bool:
    return 1 <= e <= 5

# A vehicle makes between 20 and 300 F param in a typical day.
def r6(f: float) -> bool:
    return 20 <= f <= 300

# A vehicle makes between 20 and 250 G param in a typical day.
def r7(g: float) -> bool:
    return 20 <= g <= 250

# A vehicle operates at H param between 0 and 80 in a typical day.
def r8(h: float) -> bool:
    return 0 <= h <= 80


Input text:
Textual context: The total operation duration must not be lower than the PTO operation time.
Idle time should be less than or equal to the total operation time.
The number of stops where PTO is engaged must not exceed the overall stop count.
The weight on axle 1 cannot surpass the weight on axle 2.
Axle 1's load cannot exceed Axle 3's load.
Payload must remain below or equal to the load carried by axle 3.
The total operation duration must always be greater than or equal to the combined time for PTO, idle, and driving.";"
def r1(pto_time: float, total_time: float) -> bool:
    return pto_time <= total_time

def r2(idle_time: float, total_time: float) -> bool:
    return idle_time <= total_time

def r3(pto_count: int, total_stop_count: int) -> bool:
    return pto_count <= total_stop_count

def r4(weight_axle1: float, weight_axle2: float) -> bool:
    return weight_axle1 <= weight_axle2

def r5(weight_axle1: float, weight_axle3: float) -> bool:
    return weight_axle1 <= weight_axle3

def r6(payload: float, weight_axle3: float) -> bool:
    return payload <= weight_axle3

def r7(total_time: float, pto_time: float, idle_time: float) -> bool:
    return total_time >= (pto_time + idle_time + pto_time)"
"System Message:
You are a logician with a background in mathematics that translates natural language
reasoning text to Python3 code so that these natural language reasoning problems can be solved.
During the translation, please pay close attention to defining variables and rules.
Do not add any comments from you.
Be guided by the following example:
Example input text:
Textual context: A vehicle operates over a A param between 20 and 110 in a typical day.
A vehicle operates for a B param between 2 and 10 in a typical day.
A vehicle operates with C param between 0.2 and 5 in a typical day.
A vehicle remains D param between 1 and 5 in a typical day.
A vehicle spends E param between 1 and 5 in a typical day.
A vehicle makes between 20 and 300 F param in a typical day.
A vehicle makes between 20 and 250 G param in a typical day.
A vehicle operates at H param between 0 and 80 in a typical day.

Example Python3 code:
# A vehicle operates over a A param between 20 and 110 in a typical day.
def r1(a: float) -> bool:
    return 20 <= a <= 110

# A vehicle operates for a B param between 2 and 10 in a typical day.
def r2(b: float) -> bool:
    return 2 <= b <= 10

# A vehicle operates with C param between 0.2 and 5 in a typical day.
def r3(c: float) -> bool:
    return 0.2 <= c <= 5

# A vehicle remains D param between 1 and 5 in a typical day.
def r4(d: float) -> bool:
    return 1 <= d <= 5

# A vehicle spends E param between 1 and 5 in a typical day.
def r5(e: float) -> bool:
    return 1 <= e <= 5

# A vehicle makes between 20 and 300 F param in a typical day.
def r6(f: float) -> bool:
    return 20 <= f <= 300

# A vehicle makes between 20 and 250 G param in a typical day.
def r7(g: float) -> bool:
    return 20 <= g <= 250

# A vehicle operates at H param between 0 and 80 in a typical day.
def r8(h: float) -> bool:
    return 0 <= h <= 80


Input text:
Textual context: PTO operation time must be less than or equal to the total operation time.
Idle time should be less than or equal to the total operation time.
Driving time cannot be greater than the total operation time.
The number of stops where PTO is engaged must not exceed the overall stop count.
The load on axle 1 must not surpass the load on axle 2.
The payload must always be smaller than or equal to the load on axle 2.
The payload cannot exceed the capacity of axle 3.";"
```python
# PTO operation time must be less than or equal to the total operation time.
def r1(pto_time: float, total_time: float) -> bool:
    return pto_time <= total_time

# Idle time should be less than or equal to the total operation time.
def r2(idle_time: float, total_time: float) -> bool:
    return idle_time <= total_time

# Driving time cannot be greater than the total operation time.
def r3(driving_time: float, total_time: float) -> bool:
    return driving_time <= total_time

# The number of stops where PTO is engaged must not exceed the overall stop count.
def r4(pto_stops: int, total_stops: int) -> bool:
    return pto_stops <= total_stops

# Load on axle 1 must not surpass the load on axle 2.
def r5(load_axle1: float, load_axle2: float) -> bool:
    return load_axle1 <= load_axle2

# Payload must always be smaller than or equal to the load on axle 2.
def r6(payload: float, load_axle2: float) -> bool:
    return payload <= load_axle2

# Payload cannot exceed the capacity of axle 3.
def r7(payload: float, capacity_axle3: float) -> bool:
    return payload <= capacity_axle3
```"
"System Message:
You are a logician with a background in mathematics that translates natural language
reasoning text to Python3 code so that these natural language reasoning problems can be solved.
During the translation, please pay close attention to defining variables and rules.
Do not add any comments from you.
Be guided by the following example:
Example input text:
Textual context: A vehicle operates over a A param between 20 and 110 in a typical day.
A vehicle operates for a B param between 2 and 10 in a typical day.
A vehicle operates with C param between 0.2 and 5 in a typical day.
A vehicle remains D param between 1 and 5 in a typical day.
A vehicle spends E param between 1 and 5 in a typical day.
A vehicle makes between 20 and 300 F param in a typical day.
A vehicle makes between 20 and 250 G param in a typical day.
A vehicle operates at H param between 0 and 80 in a typical day.

Example Python3 code:
# A vehicle operates over a A param between 20 and 110 in a typical day.
def r1(a: float) -> bool:
    return 20 <= a <= 110

# A vehicle operates for a B param between 2 and 10 in a typical day.
def r2(b: float) -> bool:
    return 2 <= b <= 10

# A vehicle operates with C param between 0.2 and 5 in a typical day.
def r3(c: float) -> bool:
    return 0.2 <= c <= 5

# A vehicle remains D param between 1 and 5 in a typical day.
def r4(d: float) -> bool:
    return 1 <= d <= 5

# A vehicle spends E param between 1 and 5 in a typical day.
def r5(e: float) -> bool:
    return 1 <= e <= 5

# A vehicle makes between 20 and 300 F param in a typical day.
def r6(f: float) -> bool:
    return 20 <= f <= 300

# A vehicle makes between 20 and 250 G param in a typical day.
def r7(g: float) -> bool:
    return 20 <= g <= 250

# A vehicle operates at H param between 0 and 80 in a typical day.
def r8(h: float) -> bool:
    return 0 <= h <= 80


Input text:
Textual context: PTO operation time should be less than or equal to the total operation time.
Idle time must always be less than or equal to the total operation time.
Driving time must always be less than or equal to the total operation time.
PTO-engaged stops cannot exceed the total number of stops.
Axle 1's load cannot exceed Axle 2's load.
The weight on axle 1 cannot surpass the weight on axle 3.
Payload must remain below or equal to the load carried by axle 2.
Total operation time should be at least the sum of PTO, idle, and driving times.";"
# PTO operation time should be less than or equal to the total operation time.
def r9(pto_time: float, total_time: float) -> bool:
    return pto_time <= total_time

# Idle time must always be less than or equal to the total operation time.
def r10(idle_time: float, total_time: float) -> bool:
    return idle_time <= total_time

# Driving time must always be less than or equal to the total operation time.
def r11(driving_time: float, total_time: float) -> bool:
    return driving_time <= total_time

# PTO-engaged stops cannot exceed the total number of stops.
def r12(pto_stops: int, total_stops: int) -> bool:
    return pto_stops <= total_stops

# Axle 1's load cannot exceed Axle 2's load.
def r13(axle1_load: float, axle2_load: float) -> bool:
    return axle1_load <= axle2_load

# The weight on axle 1 cannot surpass the weight on axle 3.
def r14(axle1_weight: float, axle3_weight: float) -> bool:
    return axle1_weight <= axle3_weight

# Payload must remain below or equal to the load carried by axle 2.
def r15(payload: float, axle2_load: float) -> bool:
    return payload <= axle2_load

# Total operation time should be at least the sum of PTO, idle, and driving times.
def r16(pto_time: float, idle_time: float, driving_time: float) -> bool:
    return total_time >= (pto_time + idle_time + driving_time)"
"System Message:
You are a logician with a background in mathematics that translates natural language
reasoning text to Python3 code so that these natural language reasoning problems can be solved.
During the translation, please pay close attention to defining variables and rules.
Do not add any comments from you.
Be guided by the following example:
Example input text:
Textual context: A vehicle operates over a A param between 20 and 110 in a typical day.
A vehicle operates for a B param between 2 and 10 in a typical day.
A vehicle operates with C param between 0.2 and 5 in a typical day.
A vehicle remains D param between 1 and 5 in a typical day.
A vehicle spends E param between 1 and 5 in a typical day.
A vehicle makes between 20 and 300 F param in a typical day.
A vehicle makes between 20 and 250 G param in a typical day.
A vehicle operates at H param between 0 and 80 in a typical day.

Example Python3 code:
# A vehicle operates over a A param between 20 and 110 in a typical day.
def r1(a: float) -> bool:
    return 20 <= a <= 110

# A vehicle operates for a B param between 2 and 10 in a typical day.
def r2(b: float) -> bool:
    return 2 <= b <= 10

# A vehicle operates with C param between 0.2 and 5 in a typical day.
def r3(c: float) -> bool:
    return 0.2 <= c <= 5

# A vehicle remains D param between 1 and 5 in a typical day.
def r4(d: float) -> bool:
    return 1 <= d <= 5

# A vehicle spends E param between 1 and 5 in a typical day.
def r5(e: float) -> bool:
    return 1 <= e <= 5

# A vehicle makes between 20 and 300 F param in a typical day.
def r6(f: float) -> bool:
    return 20 <= f <= 300

# A vehicle makes between 20 and 250 G param in a typical day.
def r7(g: float) -> bool:
    return 20 <= g <= 250

# A vehicle operates at H param between 0 and 80 in a typical day.
def r8(h: float) -> bool:
    return 0 <= h <= 80


Input text:
Textual context: PTO operation time should be less than or equal to the total operation time.
Driving time cannot be greater than the total operation time.
Stops with PTO engaged cannot outnumber the total stops.
The load supported by axle 1 cannot exceed that of axle 2.
The weight on axle 1 cannot surpass the weight on axle 3.
The payload must not exceed the load carried by axle 2.
Axle 3's load must always be equal to or greater than the payload.";"
# PTO operation time should be less than or equal to the total operation time.
def r1(pto_time: float, total_time: float) -> bool:
    return pto_time <= total_time

# Driving time cannot be greater than the total operation time.
def r2(driving_time: float, total_time: float) -> bool:
    return driving_time <= total_time

# Stops with PTO engaged cannot outnumber the total stops.
def r3(pto_stops: int, total_stops: int) -> bool:
    return pto_stops <= total_stops

# The load supported by axle 1 cannot exceed that of axle 2.
def r4(axle1_load: float, axle2_load: float) -> bool:
    return axle1_load <= axle2_load

# The weight on axle 1 cannot surpass the weight on axle 3.
def r5(axle1_weight: float, axle3_weight: float) -> bool:
    return axle1_weight <= axle3_weight

# The payload must not exceed the load carried by axle 2.
def r6(payload: float, axle2_load: float) -> bool:
    return payload <= axle2_load

# Axle 3's load must always be equal to or greater than the payload.
def r7(axle3_load: float, payload: float) -> bool:
    return axle3_load >= payload"
"System Message:
You are a logician with a background in mathematics that translates natural language
reasoning text to Python3 code so that these natural language reasoning problems can be solved.
During the translation, please pay close attention to defining variables and rules.
Do not add any comments from you.
Be guided by the following example:
Example input text:
Textual context: A vehicle operates over a A param between 20 and 110 in a typical day.
A vehicle operates for a B param between 2 and 10 in a typical day.
A vehicle operates with C param between 0.2 and 5 in a typical day.
A vehicle remains D param between 1 and 5 in a typical day.
A vehicle spends E param between 1 and 5 in a typical day.
A vehicle makes between 20 and 300 F param in a typical day.
A vehicle makes between 20 and 250 G param in a typical day.
A vehicle operates at H param between 0 and 80 in a typical day.

Example Python3 code:
# A vehicle operates over a A param between 20 and 110 in a typical day.
def r1(a: float) -> bool:
    return 20 <= a <= 110

# A vehicle operates for a B param between 2 and 10 in a typical day.
def r2(b: float) -> bool:
    return 2 <= b <= 10

# A vehicle operates with C param between 0.2 and 5 in a typical day.
def r3(c: float) -> bool:
    return 0.2 <= c <= 5

# A vehicle remains D param between 1 and 5 in a typical day.
def r4(d: float) -> bool:
    return 1 <= d <= 5

# A vehicle spends E param between 1 and 5 in a typical day.
def r5(e: float) -> bool:
    return 1 <= e <= 5

# A vehicle makes between 20 and 300 F param in a typical day.
def r6(f: float) -> bool:
    return 20 <= f <= 300

# A vehicle makes between 20 and 250 G param in a typical day.
def r7(g: float) -> bool:
    return 20 <= g <= 250

# A vehicle operates at H param between 0 and 80 in a typical day.
def r8(h: float) -> bool:
    return 0 <= h <= 80


Input text:
Textual context: Idle time cannot be greater than the total operation time.
Driving time should be less than or equal to the total operation time.
The total stop count must not be lower than the count of stops where PTO is engaged.
The load carried by axle 1 must be smaller than or equal to the load on axle 2.
The load supported by axle 1 cannot exceed that of axle 3.
The payload must not exceed the load carried by axle 2.
The payload must not exceed the load carried by axle 3.
The combined time for PTO operation, idle time, and driving time must not surpass the total operation time.";"
# Idle time cannot be greater than the total operation time.
def r9(idle_time: float, total_operation_time: float) -> bool:
    return idle_time <= total_operation_time

# Driving time should be less than or equal to the total operation time.
def r10(driving_time: float, total_operation_time: float) -> bool:
    return driving_time <= total_operation_time

# The total stop count must not be lower than the count of stops where PTO is engaged.
def r11(total_stop_count: int, pto_engaged_stops: int) -> bool:
    return total_stop_count >= pto_engaged_stops

# The load carried by axle 1 must be smaller than or equal to the load on axle 2.
def r12(load_axle1: float, load_axle2: float) -> bool:
    return load_axle1 <= load_axle2

# The load supported by axle 1 cannot exceed that of axle 3.
def r13(load_axle1: float, load_axle3: float) -> bool:
    return load_axle1 <= load_axle3

# Payload must not exceed the load carried by axle 2.
def r14(payload: float, load_axle2: float) -> bool:
    return payload <= load_axle2

# Payload must not exceed the load carried by axle 3.
def r15(payload: float, load_axle3: float) -> bool:
    return payload <= load_axle3

# The combined time for PTO operation, idle time, and driving time must not surpass the total operation time.
def r16(pto_operation_time: float, idle_time: float, driving_time: float, total_operation_time: float) -> bool:
    return pto_operation_time + idle_time + driving_time <= total_operation_time"
"System Message:
You are a logician with a background in mathematics that translates natural language
reasoning text to Python3 code so that these natural language reasoning problems can be solved.
During the translation, please pay close attention to defining variables and rules.
Do not add any comments from you.
Be guided by the following example:
Example input text:
Textual context: A vehicle operates over a A param between 20 and 110 in a typical day.
A vehicle operates for a B param between 2 and 10 in a typical day.
A vehicle operates with C param between 0.2 and 5 in a typical day.
A vehicle remains D param between 1 and 5 in a typical day.
A vehicle spends E param between 1 and 5 in a typical day.
A vehicle makes between 20 and 300 F param in a typical day.
A vehicle makes between 20 and 250 G param in a typical day.
A vehicle operates at H param between 0 and 80 in a typical day.

Example Python3 code:
# A vehicle operates over a A param between 20 and 110 in a typical day.
def r1(a: float) -> bool:
    return 20 <= a <= 110

# A vehicle operates for a B param between 2 and 10 in a typical day.
def r2(b: float) -> bool:
    return 2 <= b <= 10

# A vehicle operates with C param between 0.2 and 5 in a typical day.
def r3(c: float) -> bool:
    return 0.2 <= c <= 5

# A vehicle remains D param between 1 and 5 in a typical day.
def r4(d: float) -> bool:
    return 1 <= d <= 5

# A vehicle spends E param between 1 and 5 in a typical day.
def r5(e: float) -> bool:
    return 1 <= e <= 5

# A vehicle makes between 20 and 300 F param in a typical day.
def r6(f: float) -> bool:
    return 20 <= f <= 300

# A vehicle makes between 20 and 250 G param in a typical day.
def r7(g: float) -> bool:
    return 20 <= g <= 250

# A vehicle operates at H param between 0 and 80 in a typical day.
def r8(h: float) -> bool:
    return 0 <= h <= 80


Input text:
Textual context: PTO operation time should be less than or equal to the total operation time.
Idle time should be less than or equal to the total operation time.
Driving time cannot be greater than the total operation time.
The total stop count must not be lower than the count of stops where PTO is engaged.
Axle 1's load cannot exceed Axle 2's load.
The load carried by axle 1 must be smaller than or equal to the load on axle 3.
The payload cannot exceed the capacity of axle 3.
The combined time for PTO operation, idle time, and driving time must not surpass the total operation time.";"
def pto_operation_time_less_than_total(total_time):
    def r1(pto_time: float) -> bool:
        return pto_time <= total_time

    return r1

def idle_time_less_than_total(total_time):
    def r2(idle_time: float) -> bool:
        return idle_time <= total_time

    return r2

def driving_time_not_greater_than_total(total_time):
    def r3(driving_time: float) -> bool:
        return driving_time <= total_time

    return r3

def total_stop_count_not_lower_than_pto_engaged(total_stops, pto_engaged_stops):
    def r4(total_stops: int, pto_engaged_stops: int) -> bool:
        return total_stops >= pto_engaged_stops

    return r4

def axle_1_load_not_exceed_axle_2_load(axle_1_load, axle_2_load):
    def r5(axle_1_load: float, axle_2_load: float) -> bool:
        return axle_1_load <= axle_2_load

    return r5

def axle_1_load_not_greater_than_axle_3_load(axle_1_load, axle_3_load):
    def r6(axle_1_load: float, axle_3_load: float) -> bool:
        return axle_1_load <= axle_3_load

    return r6

def payload_not_exceed_axle_3_capacity(payload, axle_3_capacity):
    def r7(payload: float, axle_3_capacity: float) -> bool:
        return payload <= axle_3_capacity

    return r7

def combined_time_not_exceed_total_operation_time(pto_time, idle_time, driving_time, total_time):
    def r8(pto_time: float, idle_time: float, driving_time: float, total_time: float) -> bool:
        return pto_time + idle_time + driving_time <= total_time

    return r8"
"System Message:
You are a logician with a background in mathematics that translates natural language
reasoning text to Python3 code so that these natural language reasoning problems can be solved.
During the translation, please pay close attention to defining variables and rules.
Do not add any comments from you.
Be guided by the following example:
Example input text:
Textual context: A vehicle operates over a A param between 20 and 110 in a typical day.
A vehicle operates for a B param between 2 and 10 in a typical day.
A vehicle operates with C param between 0.2 and 5 in a typical day.
A vehicle remains D param between 1 and 5 in a typical day.
A vehicle spends E param between 1 and 5 in a typical day.
A vehicle makes between 20 and 300 F param in a typical day.
A vehicle makes between 20 and 250 G param in a typical day.
A vehicle operates at H param between 0 and 80 in a typical day.

Example Python3 code:
# A vehicle operates over a A param between 20 and 110 in a typical day.
def r1(a: float) -> bool:
    return 20 <= a <= 110

# A vehicle operates for a B param between 2 and 10 in a typical day.
def r2(b: float) -> bool:
    return 2 <= b <= 10

# A vehicle operates with C param between 0.2 and 5 in a typical day.
def r3(c: float) -> bool:
    return 0.2 <= c <= 5

# A vehicle remains D param between 1 and 5 in a typical day.
def r4(d: float) -> bool:
    return 1 <= d <= 5

# A vehicle spends E param between 1 and 5 in a typical day.
def r5(e: float) -> bool:
    return 1 <= e <= 5

# A vehicle makes between 20 and 300 F param in a typical day.
def r6(f: float) -> bool:
    return 20 <= f <= 300

# A vehicle makes between 20 and 250 G param in a typical day.
def r7(g: float) -> bool:
    return 20 <= g <= 250

# A vehicle operates at H param between 0 and 80 in a typical day.
def r8(h: float) -> bool:
    return 0 <= h <= 80


Input text:
Textual context: PTO operation time should be less than or equal to the total operation time.
The total operation duration must not be lower than the idle time.
The total operation durationmust not be lower than the driving time.
Stops with PTO engaged cannot outnumber the total stops.
The load on axle 1 must not surpass the load on axle 2.
Axle 2's load must always be equal to or greater than the payload.
Axle 3's load must always be equal to or greater than the payload.
Total operation time must be greater than or equal to the sum of PTO operation, idle, and driving times.";"
# PTO operation time should be less than or equal to the total operation time.
def r9(pto_time: float, total_time: float) -> bool:
    return pto_time <= total_time

# The total operation duration must not be lower than the idle time.
def r10(total_time: float, idle_time: float) -> bool:
    return total_time >= idle_time

# The total operation duration must not be lower than the driving time.
def r11(total_time: float, driving_time: float) -> bool:
    return total_time >= driving_time

# Stops with PTO engaged cannot outnumber the total stops.
def r12(pto_stops: int, total_stops: int) -> bool:
    return pto_stops <= total_stops

# Load on axle 1 must not surpass the load on axle 2.
def r13(load_axle1: float, load_axle2: float) -> bool:
    return load_axle1 <= load_axle2

# Axle 2's load must always be equal to or greater than the payload.
def r14(load_axle2: float, payload: float) -> bool:
    return load_axle2 >= payload

# Axle 3's load must always be equal to or greater than the payload.
def r15(load_axle3: float, payload: float) -> bool:
    return load_axle3 >= payload

# Total operation time must be greater than or equal to the sum of PTO operation, idle, and driving times.
def r16(total_time: float, pto_time: float, idle_time: float, driving_time: float) -> bool:
    return total_time >= (pto_time + idle_time + driving_time)"
"System Message:
You are a logician with a background in mathematics that translates natural language
reasoning text to Python3 code so that these natural language reasoning problems can be solved.
During the translation, please pay close attention to defining variables and rules.
Do not add any comments from you.
Be guided by the following example:
Example input text:
Textual context: A vehicle operates over a A param between 20 and 110 in a typical day.
A vehicle operates for a B param between 2 and 10 in a typical day.
A vehicle operates with C param between 0.2 and 5 in a typical day.
A vehicle remains D param between 1 and 5 in a typical day.
A vehicle spends E param between 1 and 5 in a typical day.
A vehicle makes between 20 and 300 F param in a typical day.
A vehicle makes between 20 and 250 G param in a typical day.
A vehicle operates at H param between 0 and 80 in a typical day.

Example Python3 code:
# A vehicle operates over a A param between 20 and 110 in a typical day.
def r1(a: float) -> bool:
    return 20 <= a <= 110

# A vehicle operates for a B param between 2 and 10 in a typical day.
def r2(b: float) -> bool:
    return 2 <= b <= 10

# A vehicle operates with C param between 0.2 and 5 in a typical day.
def r3(c: float) -> bool:
    return 0.2 <= c <= 5

# A vehicle remains D param between 1 and 5 in a typical day.
def r4(d: float) -> bool:
    return 1 <= d <= 5

# A vehicle spends E param between 1 and 5 in a typical day.
def r5(e: float) -> bool:
    return 1 <= e <= 5

# A vehicle makes between 20 and 300 F param in a typical day.
def r6(f: float) -> bool:
    return 20 <= f <= 300

# A vehicle makes between 20 and 250 G param in a typical day.
def r7(g: float) -> bool:
    return 20 <= g <= 250

# A vehicle operates at H param between 0 and 80 in a typical day.
def r8(h: float) -> bool:
    return 0 <= h <= 80


Input text:
Textual context: PTO operation time must be less than or equal to the total operation time.
Idle time cannot be greater than the total operation time.
Driving time should be less than or equal to the total operation time.
PTO-engaged stops cannot exceed the total number of stops.
The load carried by axle 1 must be smaller than or equal to the load on axle 2.
The load on axle 1 must not surpass the load on axle 3.
Axle 2's load must always be equal to or greater than the payload.";"
# PTO operation time must be less than or equal to the total operation time.
def r1(pto_time: float, total_time: float) -> bool:
    return pto_time <= total_time

# Idle time cannot be greater than the total operation time.
def r2(idle_time: float, total_time: float) -> bool:
    return idle_time <= total_time

# Driving time should be less than or equal to the total operation time.
def r3(driving_time: float, total_time: float) -> bool:
    return driving_time <= total_time

# PTO-engaged stops cannot exceed the total number of stops.
def r4(pto_stops: int, total_stops: int) -> bool:
    return pto_stops <= total_stops

# The load carried by axle 1 must be smaller than or equal to the load on axle 2.
def r5(load_axle1: float, load_axle2: float) -> bool:
    return load_axle1 <= load_axle2

# The load on axle 1 must not surpass the load on axle 3.
def r6(load_axle1: float, load_axle3: float) -> bool:
    return load_axle1 <= load_axle3

# Axle 2's load must always be equal to or greater than the payload.
def r7(load_axle2: float, payload: float) -> bool:
    return load_axle2 >= payload"
"System Message:
You are a logician with a background in mathematics that translates natural language
reasoning text to Python3 code so that these natural language reasoning problems can be solved.
During the translation, please pay close attention to defining variables and rules.
Do not add any comments from you.
Be guided by the following example:
Example input text:
Textual context: A vehicle operates over a A param between 20 and 110 in a typical day.
A vehicle operates for a B param between 2 and 10 in a typical day.
A vehicle operates with C param between 0.2 and 5 in a typical day.
A vehicle remains D param between 1 and 5 in a typical day.
A vehicle spends E param between 1 and 5 in a typical day.
A vehicle makes between 20 and 300 F param in a typical day.
A vehicle makes between 20 and 250 G param in a typical day.
A vehicle operates at H param between 0 and 80 in a typical day.

Example Python3 code:
# A vehicle operates over a A param between 20 and 110 in a typical day.
def r1(a: float) -> bool:
    return 20 <= a <= 110

# A vehicle operates for a B param between 2 and 10 in a typical day.
def r2(b: float) -> bool:
    return 2 <= b <= 10

# A vehicle operates with C param between 0.2 and 5 in a typical day.
def r3(c: float) -> bool:
    return 0.2 <= c <= 5

# A vehicle remains D param between 1 and 5 in a typical day.
def r4(d: float) -> bool:
    return 1 <= d <= 5

# A vehicle spends E param between 1 and 5 in a typical day.
def r5(e: float) -> bool:
    return 1 <= e <= 5

# A vehicle makes between 20 and 300 F param in a typical day.
def r6(f: float) -> bool:
    return 20 <= f <= 300

# A vehicle makes between 20 and 250 G param in a typical day.
def r7(g: float) -> bool:
    return 20 <= g <= 250

# A vehicle operates at H param between 0 and 80 in a typical day.
def r8(h: float) -> bool:
    return 0 <= h <= 80


Input text:
Textual context: The total operation duration must not be lower than the idle time.
The total operation durationmust not be lower than the driving time.
Stops with PTO engaged cannot outnumber the total stops.
The load supported by axle 1 cannot exceed that of axle 2.
The load on axle 1 must not surpass the load on axle 3.
Axle 3's load must always be equal to or greater than the payload.
The total operation duration must always be greater than or equal to the combined time for PTO, idle, and driving.";"
# The total operation duration must not be lower than the idle time.
def r1(total_duration: float, idle_time: float) -> bool:
    return total_duration >= idle_time

# The total operation duration must not be lower than the driving time.
def r2(total_duration: float, driving_time: float) -> bool:
    return total_duration >= driving_time

# Stops with PTO engaged cannot outnumber the total stops.
def r3(pto_stops: int, total_stops: int) -> bool:
    return pto_stops <= total_stops

# The load supported by axle 1 cannot exceed that of axle 2.
def r4(axle1_load: float, axle2_load: float) -> bool:
    return axle1_load <= axle2_load

# The load on axle 1 must not surpass the load on axle 3.
def r5(axle1_load: float, axle3_load: float) -> bool:
    return axle1_load <= axle3_load

# Axle 3's load must always be equal to or greater than the payload.
def r6(axle3_load: float, payload: float) -> bool:
    return axle3_load >= payload

# The total operation duration must always be greater than or equal to the combined time for PTO, idle, and driving.
def r7(total_duration: float, pto_time: float, idle_time: float, driving_time: float) -> bool:
    return total_duration >= pto_time + idle_time + driving_time"
"System Message:
You are a logician with a background in mathematics that translates natural language
reasoning text to Python3 code so that these natural language reasoning problems can be solved.
During the translation, please pay close attention to defining variables and rules.
Do not add any comments from you.
Be guided by the following example:
Example input text:
Textual context: A vehicle operates over a A param between 20 and 110 in a typical day.
A vehicle operates for a B param between 2 and 10 in a typical day.
A vehicle operates with C param between 0.2 and 5 in a typical day.
A vehicle remains D param between 1 and 5 in a typical day.
A vehicle spends E param between 1 and 5 in a typical day.
A vehicle makes between 20 and 300 F param in a typical day.
A vehicle makes between 20 and 250 G param in a typical day.
A vehicle operates at H param between 0 and 80 in a typical day.

Example Python3 code:
# A vehicle operates over a A param between 20 and 110 in a typical day.
def r1(a: float) -> bool:
    return 20 <= a <= 110

# A vehicle operates for a B param between 2 and 10 in a typical day.
def r2(b: float) -> bool:
    return 2 <= b <= 10

# A vehicle operates with C param between 0.2 and 5 in a typical day.
def r3(c: float) -> bool:
    return 0.2 <= c <= 5

# A vehicle remains D param between 1 and 5 in a typical day.
def r4(d: float) -> bool:
    return 1 <= d <= 5

# A vehicle spends E param between 1 and 5 in a typical day.
def r5(e: float) -> bool:
    return 1 <= e <= 5

# A vehicle makes between 20 and 300 F param in a typical day.
def r6(f: float) -> bool:
    return 20 <= f <= 300

# A vehicle makes between 20 and 250 G param in a typical day.
def r7(g: float) -> bool:
    return 20 <= g <= 250

# A vehicle operates at H param between 0 and 80 in a typical day.
def r8(h: float) -> bool:
    return 0 <= h <= 80


Input text:
Textual context: The total operation duration must not be lower than the PTO operation time.
Idle time must always be less than or equal to the total operation time.
Stops with PTO engaged should never outnumber total stops.
The load supported by axle 1 cannot exceed that of axle 2.
Axle 1's load cannot exceed Axle 3's load.
Axle 2's load must always be equal to or greater than the payload.
The payload must not exceed the load carried by axle 3.
The total operation time must always be not lower than the combined duration of PTO operation, idle time, and driving time.";"
# The total operation duration must not be lower than the PTO operation time.
def r9(total_duration: float, pto_operation_time: float) -> bool:
    return total_duration >= pto_operation_time

# Idle time must always be less than or equal to the total operation time.
def r10(idle_time: float, total_duration: float) -> bool:
    return idle_time <= total_duration

# Stops with PTO engaged should never outnumber total stops.
def r11(pto_stops: int, total_stops: int) -> bool:
    return pto_stops <= total_stops

# The load supported by axle 1 cannot exceed that of axle 2.
def r12(axle1_load: float, axle2_load: float) -> bool:
    return axle1_load <= axle2_load

# Axle 1's load cannot exceed Axle 3's load.
def r13(axle1_load: float, axle3_load: float) -> bool:
    return axle1_load <= axle3_load

# Axle 2's load must always be equal to or greater than the payload.
def r14(axle2_load: float, payload: float) -> bool:
    return axle2_load >= payload

# The payload must not exceed the load carried by axle 3.
def r15(payload: float, axle3_load: float) -> bool:
    return payload <= axle3_load

# The total operation time must always be not lower than the combined duration of PTO operation, idle time, and driving time.
def r16(total_duration: float, pto_operation_time: float, idle_time: float, driving_time: float) -> bool:
    return total_duration >= (pto_operation_time + idle_time + driving_time)"
"System Message:
You are a logician with a background in mathematics that translates natural language
reasoning text to Python3 code so that these natural language reasoning problems can be solved.
During the translation, please pay close attention to defining variables and rules.
Do not add any comments from you.
Be guided by the following example:
Example input text:
Textual context: A vehicle operates over a A param between 20 and 110 in a typical day.
A vehicle operates for a B param between 2 and 10 in a typical day.
A vehicle operates with C param between 0.2 and 5 in a typical day.
A vehicle remains D param between 1 and 5 in a typical day.
A vehicle spends E param between 1 and 5 in a typical day.
A vehicle makes between 20 and 300 F param in a typical day.
A vehicle makes between 20 and 250 G param in a typical day.
A vehicle operates at H param between 0 and 80 in a typical day.

Example Python3 code:
# A vehicle operates over a A param between 20 and 110 in a typical day.
def r1(a: float) -> bool:
    return 20 <= a <= 110

# A vehicle operates for a B param between 2 and 10 in a typical day.
def r2(b: float) -> bool:
    return 2 <= b <= 10

# A vehicle operates with C param between 0.2 and 5 in a typical day.
def r3(c: float) -> bool:
    return 0.2 <= c <= 5

# A vehicle remains D param between 1 and 5 in a typical day.
def r4(d: float) -> bool:
    return 1 <= d <= 5

# A vehicle spends E param between 1 and 5 in a typical day.
def r5(e: float) -> bool:
    return 1 <= e <= 5

# A vehicle makes between 20 and 300 F param in a typical day.
def r6(f: float) -> bool:
    return 20 <= f <= 300

# A vehicle makes between 20 and 250 G param in a typical day.
def r7(g: float) -> bool:
    return 20 <= g <= 250

# A vehicle operates at H param between 0 and 80 in a typical day.
def r8(h: float) -> bool:
    return 0 <= h <= 80


Input text:
Textual context: PTO operation time should be less than or equal to the total operation time.
Idle time must always be less than or equal to the total operation time.
Driving time should be less than or equal to the total operation time.
PTO-engaged stops cannot exceed the total number of stops.
The load supported by axle 1 cannot exceed that of axle 2.
The payload must always be smaller than or equal to the load on axle 2.
Payload must remain below or equal to the load carried by axle 3.
Total operation time should be at least the sum of PTO, idle, and driving times.";"
```python
def pto_operation_time(pto_time: float, total_time: float) -> bool:
    return pto_time <= total_time

def idle_time(idle_time: float, total_time: float) -> bool:
    return idle_time <= total_time

def driving_time(driving_time: float, total_time: float) -> bool:
    return driving_time <= total_time

def pto_engaged_stops(pto_stops: int, total_stops: int) -> bool:
    return pto_stops <= total_stops

def axle_load(axle1_load: float, axle2_load: float) -> bool:
    return axle1_load <= axle2_load

def payload(payload_weight: float, axle2_load: float) -> bool:
    return payload_weight <= axle2_load

def payload_axle3(payload_weight: float, axle3_load: float) -> bool:
    return payload_weight <= axle3_load

def total_operation_time(pto_time: float, idle_time: float, driving_time: float) -> bool:
    return pto_time + idle_time + driving_time >= total_time
```"
"System Message:
You are a logician with a background in mathematics that translates natural language
reasoning text to Python3 code so that these natural language reasoning problems can be solved.
During the translation, please pay close attention to defining variables and rules.
Do not add any comments from you.
Be guided by the following example:
Example input text:
Textual context: A vehicle operates over a A param between 20 and 110 in a typical day.
A vehicle operates for a B param between 2 and 10 in a typical day.
A vehicle operates with C param between 0.2 and 5 in a typical day.
A vehicle remains D param between 1 and 5 in a typical day.
A vehicle spends E param between 1 and 5 in a typical day.
A vehicle makes between 20 and 300 F param in a typical day.
A vehicle makes between 20 and 250 G param in a typical day.
A vehicle operates at H param between 0 and 80 in a typical day.

Example Python3 code:
# A vehicle operates over a A param between 20 and 110 in a typical day.
def r1(a: float) -> bool:
    return 20 <= a <= 110

# A vehicle operates for a B param between 2 and 10 in a typical day.
def r2(b: float) -> bool:
    return 2 <= b <= 10

# A vehicle operates with C param between 0.2 and 5 in a typical day.
def r3(c: float) -> bool:
    return 0.2 <= c <= 5

# A vehicle remains D param between 1 and 5 in a typical day.
def r4(d: float) -> bool:
    return 1 <= d <= 5

# A vehicle spends E param between 1 and 5 in a typical day.
def r5(e: float) -> bool:
    return 1 <= e <= 5

# A vehicle makes between 20 and 300 F param in a typical day.
def r6(f: float) -> bool:
    return 20 <= f <= 300

# A vehicle makes between 20 and 250 G param in a typical day.
def r7(g: float) -> bool:
    return 20 <= g <= 250

# A vehicle operates at H param between 0 and 80 in a typical day.
def r8(h: float) -> bool:
    return 0 <= h <= 80


Input text:
Textual context: PTO operation time must be less than or equal to the total operation time.
The total operation durationmust not be lower than the driving time.
The load supported by axle 1 cannot exceed that of axle 2.
The load supported by axle 1 cannot exceed that of axle 3.
The payload cannot exceed the capacity of axle 2.
The payload must not exceed the load carried by axle 3.
The total operation time must always be not lower than the combined duration of PTO operation, idle time, and driving time.";"
# PTO operation time must be less than or equal to the total operation time.
def r1(pto_time: float, total_time: float) -> bool:
    return pto_time <= total_time

# The total operation duration must not be lower than the driving time.
def r2(total_time: float, driving_time: float) -> bool:
    return total_time >= driving_time

# The load supported by axle 1 cannot exceed that of axle 2.
def r3(axle1_load: float, axle2_load: float) -> bool:
    return axle1_load <= axle2_load

# The load supported by axle 1 cannot exceed that of axle 3.
def r4(axle1_load: float, axle3_load: float) -> bool:
    return axle1_load <= axle3_load

# The payload cannot exceed the capacity of axle 2.
def r5(payload: float, axle2_capacity: float) -> bool:
    return payload <= axle2_capacity

# The payload must not exceed the load carried by axle 3.
def r6(payload: float, axle3_load: float) -> bool:
    return payload <= axle3_load

# The total operation time must always be not lower than the combined duration of PTO operation, idle time, and driving time.
def r7(total_time: float, pto_time: float, idle_time: float, driving_time: float) -> bool:
    return total_time >= (pto_time + idle_time + driving_time)"
"System Message:
You are a logician with a background in mathematics that translates natural language
reasoning text to Python3 code so that these natural language reasoning problems can be solved.
During the translation, please pay close attention to defining variables and rules.
Do not add any comments from you.
Be guided by the following example:
Example input text:
Textual context: A vehicle operates over a A param between 20 and 110 in a typical day.
A vehicle operates for a B param between 2 and 10 in a typical day.
A vehicle operates with C param between 0.2 and 5 in a typical day.
A vehicle remains D param between 1 and 5 in a typical day.
A vehicle spends E param between 1 and 5 in a typical day.
A vehicle makes between 20 and 300 F param in a typical day.
A vehicle makes between 20 and 250 G param in a typical day.
A vehicle operates at H param between 0 and 80 in a typical day.

Example Python3 code:
# A vehicle operates over a A param between 20 and 110 in a typical day.
def r1(a: float) -> bool:
    return 20 <= a <= 110

# A vehicle operates for a B param between 2 and 10 in a typical day.
def r2(b: float) -> bool:
    return 2 <= b <= 10

# A vehicle operates with C param between 0.2 and 5 in a typical day.
def r3(c: float) -> bool:
    return 0.2 <= c <= 5

# A vehicle remains D param between 1 and 5 in a typical day.
def r4(d: float) -> bool:
    return 1 <= d <= 5

# A vehicle spends E param between 1 and 5 in a typical day.
def r5(e: float) -> bool:
    return 1 <= e <= 5

# A vehicle makes between 20 and 300 F param in a typical day.
def r6(f: float) -> bool:
    return 20 <= f <= 300

# A vehicle makes between 20 and 250 G param in a typical day.
def r7(g: float) -> bool:
    return 20 <= g <= 250

# A vehicle operates at H param between 0 and 80 in a typical day.
def r8(h: float) -> bool:
    return 0 <= h <= 80


Input text:
Textual context: Idle time must always be less than or equal to the total operation time.
Driving time cannot be greater than the total operation time.
PTO-engaged stops cannot exceed the total number of stops.
The load supported by axle 1 cannot exceed that of axle 2.
Axle 1's load cannot exceed Axle 3's load.
The payload cannot exceed the capacity of axle 2.
Axle 3's load must always be equal to or greater than the payload.";"
# Idle time must always be less than or equal to the total operation time.
def r1(idle_time: float, total_operation_time: float) -> bool:
    return idle_time <= total_operation_time

# Driving time cannot be greater than the total operation time.
def r2(driving_time: float, total_operation_time: float) -> bool:
    return driving_time <= total_operation_time

# PTO-engaged stops cannot exceed the total number of stops.
def r3(pto_stops: int, total_stops: int) -> bool:
    return pto_stops <= total_stops

# The load supported by axle 1 cannot exceed that of axle 2.
def r4(axle1_load: float, axle2_load: float) -> bool:
    return axle1_load <= axle2_load

# Axle 1's load cannot exceed Axle 3's load.
def r5(axle1_load: float, axle3_load: float) -> bool:
    return axle1_load <= axle3_load

# The payload cannot exceed the capacity of axle 2.
def r6(payload: float, axle2_capacity: float) -> bool:
    return payload <= axle2_capacity

# Axle 3's load must always be equal to or greater than the payload.
def r7(axle3_load: float, payload: float) -> bool:
    return axle3_load >= payload"
"System Message:
You are a logician with a background in mathematics that translates natural language
reasoning text to Python3 code so that these natural language reasoning problems can be solved.
During the translation, please pay close attention to defining variables and rules.
Do not add any comments from you.
Be guided by the following example:
Example input text:
Textual context: A vehicle operates over a A param between 20 and 110 in a typical day.
A vehicle operates for a B param between 2 and 10 in a typical day.
A vehicle operates with C param between 0.2 and 5 in a typical day.
A vehicle remains D param between 1 and 5 in a typical day.
A vehicle spends E param between 1 and 5 in a typical day.
A vehicle makes between 20 and 300 F param in a typical day.
A vehicle makes between 20 and 250 G param in a typical day.
A vehicle operates at H param between 0 and 80 in a typical day.

Example Python3 code:
# A vehicle operates over a A param between 20 and 110 in a typical day.
def r1(a: float) -> bool:
    return 20 <= a <= 110

# A vehicle operates for a B param between 2 and 10 in a typical day.
def r2(b: float) -> bool:
    return 2 <= b <= 10

# A vehicle operates with C param between 0.2 and 5 in a typical day.
def r3(c: float) -> bool:
    return 0.2 <= c <= 5

# A vehicle remains D param between 1 and 5 in a typical day.
def r4(d: float) -> bool:
    return 1 <= d <= 5

# A vehicle spends E param between 1 and 5 in a typical day.
def r5(e: float) -> bool:
    return 1 <= e <= 5

# A vehicle makes between 20 and 300 F param in a typical day.
def r6(f: float) -> bool:
    return 20 <= f <= 300

# A vehicle makes between 20 and 250 G param in a typical day.
def r7(g: float) -> bool:
    return 20 <= g <= 250

# A vehicle operates at H param between 0 and 80 in a typical day.
def r8(h: float) -> bool:
    return 0 <= h <= 80


Input text:
Textual context: PTO operation time cannot be greater than the total operation time.
PTO-engaged stops cannot exceed the total number of stops.
The weight on axle 1 cannot surpass the weight on axle 2.
The weight on axle 1 cannot surpass the weight on axle 3.
The payload cannot exceed the capacity of axle 2.
Payload must remain below or equal to the load carried by axle 3.
The total operation duration must always be greater than or equal to the combined time for PTO, idle, and driving.";"
```python
# PTO operation time cannot be greater than the total operation time.
def r1(pto_time: float, total_time: float) -> bool:
    return pto_time <= total_time

# PTO-engaged stops cannot exceed the total number of stops.
def r2(pto_stops: int, total_stops: int) -> bool:
    return pto_stops <= total_stops

# The weight on axle 1 cannot surpass the weight on axle 2.
def r3(axle1_weight: float, axle2_weight: float) -> bool:
    return axle1_weight <= axle2_weight

# The weight on axle 1 cannot surpass the weight on axle 3.
def r4(axle1_weight: float, axle3_weight: float) -> bool:
    return axle1_weight <= axle3_weight

# Payload cannot exceed the capacity of axle 2.
def r5(payload: float, axle2_capacity: float) -> bool:
    return payload <= axle2_capacity

# Payload must remain below or equal to the load carried by axle 3.
def r6(payload: float, axle3_load: float) -> bool:
    return payload <= axle3_load

# The total operation duration must always be greater than or equal to the combined time for PTO, idle, and driving.
def r7(total_duration: float, pto_time: float, idle_time: float, driving_time: float) -> bool:
    return total_duration >= (pto_time + idle_time + driving_time)
```"
"System Message:
You are a logician with a background in mathematics that translates natural language
reasoning text to Python3 code so that these natural language reasoning problems can be solved.
During the translation, please pay close attention to defining variables and rules.
Do not add any comments from you.
Be guided by the following example:
Example input text:
Textual context: A vehicle operates over a A param between 20 and 110 in a typical day.
A vehicle operates for a B param between 2 and 10 in a typical day.
A vehicle operates with C param between 0.2 and 5 in a typical day.
A vehicle remains D param between 1 and 5 in a typical day.
A vehicle spends E param between 1 and 5 in a typical day.
A vehicle makes between 20 and 300 F param in a typical day.
A vehicle makes between 20 and 250 G param in a typical day.
A vehicle operates at H param between 0 and 80 in a typical day.

Example Python3 code:
# A vehicle operates over a A param between 20 and 110 in a typical day.
def r1(a: float) -> bool:
    return 20 <= a <= 110

# A vehicle operates for a B param between 2 and 10 in a typical day.
def r2(b: float) -> bool:
    return 2 <= b <= 10

# A vehicle operates with C param between 0.2 and 5 in a typical day.
def r3(c: float) -> bool:
    return 0.2 <= c <= 5

# A vehicle remains D param between 1 and 5 in a typical day.
def r4(d: float) -> bool:
    return 1 <= d <= 5

# A vehicle spends E param between 1 and 5 in a typical day.
def r5(e: float) -> bool:
    return 1 <= e <= 5

# A vehicle makes between 20 and 300 F param in a typical day.
def r6(f: float) -> bool:
    return 20 <= f <= 300

# A vehicle makes between 20 and 250 G param in a typical day.
def r7(g: float) -> bool:
    return 20 <= g <= 250

# A vehicle operates at H param between 0 and 80 in a typical day.
def r8(h: float) -> bool:
    return 0 <= h <= 80


Input text:
Textual context: The total operation duration must not be lower than the PTO operation time.
Total operation time should shouldn’t be lower than driving time.
Stops with PTO engaged cannot outnumber the total stops.
Axle 1's load cannot exceed Axle 2's load.
The load on axle 1 must not surpass the load on axle 3.
The payload cannot exceed the capacity of axle 2.
The payload cannot exceed the capacity of axle 3.
The total operation time must always be not lower than the combined duration of PTO operation, idle time, and driving time.";"
# The total operation duration must not be lower than the PTO operation time.
def r1(pto_time: float, total_time: float) -> bool:
    return pto_time <= total_time

# Total operation time should shouldn't be lower than driving time.
def r2(driving_time: float, total_time: float) -> bool:
    return driving_time <= total_time

# Stops with PTO engaged cannot outnumber the total stops.
def r3(pto_stops: int, total_stops: int) -> bool:
    return pto_stops <= total_stops

# Axle 1's load cannot exceed Axle 2's load.
def r4(axle1_load: float, axle2_load: float) -> bool:
    return axle1_load <= axle2_load

# The load on axle 1 must not surpass the load on axle 3.
def r5(axle1_load: float, axle3_load: float) -> bool:
    return axle1_load <= axle3_load

# The payload cannot exceed the capacity of axle 2.
def r6(payload: float, axle2_capacity: float) -> bool:
    return payload <= axle2_capacity

# The payload cannot exceed the capacity of axle 3.
def r7(payload: float, axle3_capacity: float) -> bool:
    return payload <= axle3_capacity

# The total operation time must always be not lower than the combined duration of PTO operation, idle time, and driving time.
def r8(pto_time: float, idle_time: float, driving_time: float, total_time: float) -> bool:
    return pto_time + idle_time + driving_time <= total_time"
"System Message:
You are a logician with a background in mathematics that translates natural language
reasoning text to Python3 code so that these natural language reasoning problems can be solved.
During the translation, please pay close attention to defining variables and rules.
Do not add any comments from you.
Be guided by the following example:
Example input text:
Textual context: A vehicle operates over a A param between 20 and 110 in a typical day.
A vehicle operates for a B param between 2 and 10 in a typical day.
A vehicle operates with C param between 0.2 and 5 in a typical day.
A vehicle remains D param between 1 and 5 in a typical day.
A vehicle spends E param between 1 and 5 in a typical day.
A vehicle makes between 20 and 300 F param in a typical day.
A vehicle makes between 20 and 250 G param in a typical day.
A vehicle operates at H param between 0 and 80 in a typical day.

Example Python3 code:
# A vehicle operates over a A param between 20 and 110 in a typical day.
def r1(a: float) -> bool:
    return 20 <= a <= 110

# A vehicle operates for a B param between 2 and 10 in a typical day.
def r2(b: float) -> bool:
    return 2 <= b <= 10

# A vehicle operates with C param between 0.2 and 5 in a typical day.
def r3(c: float) -> bool:
    return 0.2 <= c <= 5

# A vehicle remains D param between 1 and 5 in a typical day.
def r4(d: float) -> bool:
    return 1 <= d <= 5

# A vehicle spends E param between 1 and 5 in a typical day.
def r5(e: float) -> bool:
    return 1 <= e <= 5

# A vehicle makes between 20 and 300 F param in a typical day.
def r6(f: float) -> bool:
    return 20 <= f <= 300

# A vehicle makes between 20 and 250 G param in a typical day.
def r7(g: float) -> bool:
    return 20 <= g <= 250

# A vehicle operates at H param between 0 and 80 in a typical day.
def r8(h: float) -> bool:
    return 0 <= h <= 80


Input text:
Textual context: Idle time must always be less than or equal to the total operation time.
The total operation durationmust not be lower than the driving time.
Stops with PTO engaged cannot outnumber the total stops.
The load carried by axle 1 must be smaller than or equal to the load on axle 2.
Axle 1's load cannot exceed Axle 3's load.
The payload cannot exceed the capacity of axle 2.
The combined time for PTO operation, idle time, and driving time must not surpass the total operation time.";"
def r1(idle_time: float, total_operation_time: float) -> bool:
    return idle_time <= total_operation_time

def r2(total_operation_duration: float, driving_time: float) -> bool:
    return total_operation_duration >= driving_time

def r3(pto_stops: int, total_stops: int) -> bool:
    return pto_stops <= total_stops

def r4(load_axle_1: float, load_axle_2: float) -> bool:
    return load_axle_1 <= load_axle_2

def r5(load_axle_1: float, load_axle_3: float) -> bool:
    return load_axle_1 <= load_axle_3

def r6(payload: float, load_axle_2: float) -> bool:
    return payload <= load_axle_2

def r7(pto_operation_time: float, idle_time: float, driving_time: float, total_operation_time: float) -> bool:
    return pto_operation_time + idle_time + driving_time <= total_operation_time"
"System Message:
You are a logician with a background in mathematics that translates natural language
reasoning text to Python3 code so that these natural language reasoning problems can be solved.
During the translation, please pay close attention to defining variables and rules.
Do not add any comments from you.
Be guided by the following example:
Example input text:
Textual context: A vehicle operates over a A param between 20 and 110 in a typical day.
A vehicle operates for a B param between 2 and 10 in a typical day.
A vehicle operates with C param between 0.2 and 5 in a typical day.
A vehicle remains D param between 1 and 5 in a typical day.
A vehicle spends E param between 1 and 5 in a typical day.
A vehicle makes between 20 and 300 F param in a typical day.
A vehicle makes between 20 and 250 G param in a typical day.
A vehicle operates at H param between 0 and 80 in a typical day.

Example Python3 code:
# A vehicle operates over a A param between 20 and 110 in a typical day.
def r1(a: float) -> bool:
    return 20 <= a <= 110

# A vehicle operates for a B param between 2 and 10 in a typical day.
def r2(b: float) -> bool:
    return 2 <= b <= 10

# A vehicle operates with C param between 0.2 and 5 in a typical day.
def r3(c: float) -> bool:
    return 0.2 <= c <= 5

# A vehicle remains D param between 1 and 5 in a typical day.
def r4(d: float) -> bool:
    return 1 <= d <= 5

# A vehicle spends E param between 1 and 5 in a typical day.
def r5(e: float) -> bool:
    return 1 <= e <= 5

# A vehicle makes between 20 and 300 F param in a typical day.
def r6(f: float) -> bool:
    return 20 <= f <= 300

# A vehicle makes between 20 and 250 G param in a typical day.
def r7(g: float) -> bool:
    return 20 <= g <= 250

# A vehicle operates at H param between 0 and 80 in a typical day.
def r8(h: float) -> bool:
    return 0 <= h <= 80


Input text:
Textual context: PTO operation time cannot be greater than the total operation time.
The total operation duration must not be lower than the idle time.
Driving time cannot be greater than the total operation time.
Stops with PTO engaged should never outnumber total stops.
The weight on axle 1 cannot surpass the weight on axle 2.
The weight on axle 1 cannot surpass the weight on axle 3.
Axle 2's load must always be equal to or greater than the payload.
The total operation duration must always be greater than or equal to the combined time for PTO, idle, and driving.";"
```python
def r9(pto_time: float, total_time: float) -> bool:
    return pto_time <= total_time

def r10(total_time: float, idle_time: float) -> bool:
    return total_time >= idle_time

def r11(driving_time: float, total_time: float) -> bool:
    return driving_time <= total_time

def r12(pto_stops: int, total_stops: int) -> bool:
    return pto_stops <= total_stops

def r13(axle1_weight: float, axle2_weight: float) -> bool:
    return axle1_weight <= axle2_weight

def r14(axle1_weight: float, axle3_weight: float) -> bool:
    return axle1_weight <= axle3_weight

def r15(axle2_load: float, payload: float) -> bool:
    return axle2_load >= payload

def r16(total_time: float, pto_time: float, idle_time: float, driving_time: float) -> bool:
    return total_time >= pto_time + idle_time + driving_time
```"
"System Message:
You are a logician with a background in mathematics that translates natural language
reasoning text to Python3 code so that these natural language reasoning problems can be solved.
During the translation, please pay close attention to defining variables and rules.
Do not add any comments from you.
Be guided by the following example:
Example input text:
Textual context: A vehicle operates over a A param between 20 and 110 in a typical day.
A vehicle operates for a B param between 2 and 10 in a typical day.
A vehicle operates with C param between 0.2 and 5 in a typical day.
A vehicle remains D param between 1 and 5 in a typical day.
A vehicle spends E param between 1 and 5 in a typical day.
A vehicle makes between 20 and 300 F param in a typical day.
A vehicle makes between 20 and 250 G param in a typical day.
A vehicle operates at H param between 0 and 80 in a typical day.

Example Python3 code:
# A vehicle operates over a A param between 20 and 110 in a typical day.
def r1(a: float) -> bool:
    return 20 <= a <= 110

# A vehicle operates for a B param between 2 and 10 in a typical day.
def r2(b: float) -> bool:
    return 2 <= b <= 10

# A vehicle operates with C param between 0.2 and 5 in a typical day.
def r3(c: float) -> bool:
    return 0.2 <= c <= 5

# A vehicle remains D param between 1 and 5 in a typical day.
def r4(d: float) -> bool:
    return 1 <= d <= 5

# A vehicle spends E param between 1 and 5 in a typical day.
def r5(e: float) -> bool:
    return 1 <= e <= 5

# A vehicle makes between 20 and 300 F param in a typical day.
def r6(f: float) -> bool:
    return 20 <= f <= 300

# A vehicle makes between 20 and 250 G param in a typical day.
def r7(g: float) -> bool:
    return 20 <= g <= 250

# A vehicle operates at H param between 0 and 80 in a typical day.
def r8(h: float) -> bool:
    return 0 <= h <= 80


Input text:
Textual context: PTO operation time cannot be greater than the total operation time.
Idle time must always be less than or equal to the total operation time.
The total operation durationmust not be lower than the driving time.
The load carried by axle 1 must be smaller than or equal to the load on axle 2.
The weight on axle 1 cannot surpass the weight on axle 3.
The payload cannot exceed the capacity of axle 2.
The combined time for PTO operation, idle time, and driving time must not surpass the total operation time.";"
# PTO operation time cannot be greater than the total operation time.
def r1(pto_time: float, total_time: float) -> bool:
    return pto_time <= total_time

# Idle time must always be less than or equal to the total operation time.
def r2(idle_time: float, total_time: float) -> bool:
    return idle_time <= total_time

# The total operation duration must not be lower than the driving time.
def r3(total_time: float, driving_time: float) -> bool:
    return total_time >= driving_time

# The load carried by axle 1 must be smaller than or equal to the load on axle 2.
def r4(load_axle1: float, load_axle2: float) -> bool:
    return load_axle1 <= load_axle2

# The weight on axle 1 cannot surpass the weight on axle 3.
def r5(weight_axle1: float, weight_axle3: float) -> bool:
    return weight_axle1 <= weight_axle3

# The payload cannot exceed the capacity of axle 2.
def r6(payload: float, capacity_axle2: float) -> bool:
    return payload <= capacity_axle2

# The combined time for PTO operation, idle time, and driving time must not surpass the total operation time.
def r7(pto_time: float, idle_time: float, driving_time: float, total_time: float) -> bool:
    return pto_time + idle_time + driving_time <= total_time"
"System Message:
You are a logician with a background in mathematics that translates natural language
reasoning text to Python3 code so that these natural language reasoning problems can be solved.
During the translation, please pay close attention to defining variables and rules.
Do not add any comments from you.
Be guided by the following example:
Example input text:
Textual context: A vehicle operates over a A param between 20 and 110 in a typical day.
A vehicle operates for a B param between 2 and 10 in a typical day.
A vehicle operates with C param between 0.2 and 5 in a typical day.
A vehicle remains D param between 1 and 5 in a typical day.
A vehicle spends E param between 1 and 5 in a typical day.
A vehicle makes between 20 and 300 F param in a typical day.
A vehicle makes between 20 and 250 G param in a typical day.
A vehicle operates at H param between 0 and 80 in a typical day.

Example Python3 code:
# A vehicle operates over a A param between 20 and 110 in a typical day.
def r1(a: float) -> bool:
    return 20 <= a <= 110

# A vehicle operates for a B param between 2 and 10 in a typical day.
def r2(b: float) -> bool:
    return 2 <= b <= 10

# A vehicle operates with C param between 0.2 and 5 in a typical day.
def r3(c: float) -> bool:
    return 0.2 <= c <= 5

# A vehicle remains D param between 1 and 5 in a typical day.
def r4(d: float) -> bool:
    return 1 <= d <= 5

# A vehicle spends E param between 1 and 5 in a typical day.
def r5(e: float) -> bool:
    return 1 <= e <= 5

# A vehicle makes between 20 and 300 F param in a typical day.
def r6(f: float) -> bool:
    return 20 <= f <= 300

# A vehicle makes between 20 and 250 G param in a typical day.
def r7(g: float) -> bool:
    return 20 <= g <= 250

# A vehicle operates at H param between 0 and 80 in a typical day.
def r8(h: float) -> bool:
    return 0 <= h <= 80


Input text:
Textual context: PTO operation time should be less than or equal to the total operation time.
Driving time must always be less than or equal to the total operation time.
Stops with PTO engaged should never outnumber total stops.
The load carried by axle 1 must be smaller than or equal to the load on axle 2.
Axle 1's load cannot exceed Axle 3's load.
Axle 2's load must always be equal to or greater than the payload.
The combined time for PTO operation, idle time, and driving time must not surpass the total operation time.";"
# PTO operation time should be less than or equal to the total operation time.
def r1(pto_time: float, total_time: float) -> bool:
    return pto_time <= total_time

# Driving time must always be less than or equal to the total operation time.
def r2(driving_time: float, total_time: float) -> bool:
    return driving_time <= total_time

# Stops with PTO engaged should never outnumber total stops.
def r3(pto_stops: int, total_stops: int) -> bool:
    return pto_stops <= total_stops

# The load carried by axle 1 must be smaller than or equal to the load on axle 2.
def r4(axle1_load: float, axle2_load: float) -> bool:
    return axle1_load <= axle2_load

# Axle 1's load cannot exceed Axle 3's load.
def r5(axle1_load: float, axle3_load: float) -> bool:
    return axle1_load <= axle3_load

# Axle 2's load must always be equal to or greater than the payload.
def r6(axle2_load: float, payload: float) -> bool:
    return axle2_load >= payload

# The combined time for PTO operation, idle time, and driving time must not surpass the total operation time.
def r7(pto_time: float, idle_time: float, driving_time: float, total_time: float) -> bool:
    return pto_time + idle_time + driving_time <= total_time"
"System Message:
You are a logician with a background in mathematics that translates natural language
reasoning text to Python3 code so that these natural language reasoning problems can be solved.
During the translation, please pay close attention to defining variables and rules.
Do not add any comments from you.
Be guided by the following example:
Example input text:
Textual context: A vehicle operates over a A param between 20 and 110 in a typical day.
A vehicle operates for a B param between 2 and 10 in a typical day.
A vehicle operates with C param between 0.2 and 5 in a typical day.
A vehicle remains D param between 1 and 5 in a typical day.
A vehicle spends E param between 1 and 5 in a typical day.
A vehicle makes between 20 and 300 F param in a typical day.
A vehicle makes between 20 and 250 G param in a typical day.
A vehicle operates at H param between 0 and 80 in a typical day.

Example Python3 code:
# A vehicle operates over a A param between 20 and 110 in a typical day.
def r1(a: float) -> bool:
    return 20 <= a <= 110

# A vehicle operates for a B param between 2 and 10 in a typical day.
def r2(b: float) -> bool:
    return 2 <= b <= 10

# A vehicle operates with C param between 0.2 and 5 in a typical day.
def r3(c: float) -> bool:
    return 0.2 <= c <= 5

# A vehicle remains D param between 1 and 5 in a typical day.
def r4(d: float) -> bool:
    return 1 <= d <= 5

# A vehicle spends E param between 1 and 5 in a typical day.
def r5(e: float) -> bool:
    return 1 <= e <= 5

# A vehicle makes between 20 and 300 F param in a typical day.
def r6(f: float) -> bool:
    return 20 <= f <= 300

# A vehicle makes between 20 and 250 G param in a typical day.
def r7(g: float) -> bool:
    return 20 <= g <= 250

# A vehicle operates at H param between 0 and 80 in a typical day.
def r8(h: float) -> bool:
    return 0 <= h <= 80


Input text:
Textual context: The total operation duration must not be lower than the PTO operation time.
The total operation durationmust not be lower than the driving time.
Stops with PTO engaged cannot outnumber the total stops.
Axle 1's load cannot exceed Axle 2's load.
The payload must not exceed the load carried by axle 2.
The payload must not exceed the load carried by axle 3.
Total operation time should be at least the sum of PTO, idle, and driving times.";"
# The total operation duration must not be lower than the PTO operation time.
def r9(pto_time: float, total_duration: float) -> bool:
    return total_duration >= pto_time

# The total operation duration must not be lower than the driving time.
def r10(driving_time: float, total_duration: float) -> bool:
    return total_duration >= driving_time

# Stops with PTO engaged cannot outnumber the total stops.
def r11(pto_stops: int, total_stops: int) -> bool:
    return pto_stops <= total_stops

# Axle 1's load cannot exceed Axle 2's load.
def r12(axle1_load: float, axle2_load: float) -> bool:
    return axle1_load <= axle2_load

# The payload must not exceed the load carried by axle 2.
def r13(payload: float, axle2_load: float) -> bool:
    return payload <= axle2_load

# The payload must not exceed the load carried by axle 3.
def r14(payload: float, axle3_load: float) -> bool:
    return payload <= axle3_load

# Total operation time should be at least the sum of PTO, idle, and driving times.
def r15(pto_time: float, idle_time: float, driving_time: float, total_operation_time: float) -> bool:
    return total_operation_time >= (pto_time + idle_time + driving_time)"
"System Message:
You are a logician with a background in mathematics that translates natural language
reasoning text to Python3 code so that these natural language reasoning problems can be solved.
During the translation, please pay close attention to defining variables and rules.
Do not add any comments from you.
Be guided by the following example:
Example input text:
Textual context: A vehicle operates over a A param between 20 and 110 in a typical day.
A vehicle operates for a B param between 2 and 10 in a typical day.
A vehicle operates with C param between 0.2 and 5 in a typical day.
A vehicle remains D param between 1 and 5 in a typical day.
A vehicle spends E param between 1 and 5 in a typical day.
A vehicle makes between 20 and 300 F param in a typical day.
A vehicle makes between 20 and 250 G param in a typical day.
A vehicle operates at H param between 0 and 80 in a typical day.

Example Python3 code:
# A vehicle operates over a A param between 20 and 110 in a typical day.
def r1(a: float) -> bool:
    return 20 <= a <= 110

# A vehicle operates for a B param between 2 and 10 in a typical day.
def r2(b: float) -> bool:
    return 2 <= b <= 10

# A vehicle operates with C param between 0.2 and 5 in a typical day.
def r3(c: float) -> bool:
    return 0.2 <= c <= 5

# A vehicle remains D param between 1 and 5 in a typical day.
def r4(d: float) -> bool:
    return 1 <= d <= 5

# A vehicle spends E param between 1 and 5 in a typical day.
def r5(e: float) -> bool:
    return 1 <= e <= 5

# A vehicle makes between 20 and 300 F param in a typical day.
def r6(f: float) -> bool:
    return 20 <= f <= 300

# A vehicle makes between 20 and 250 G param in a typical day.
def r7(g: float) -> bool:
    return 20 <= g <= 250

# A vehicle operates at H param between 0 and 80 in a typical day.
def r8(h: float) -> bool:
    return 0 <= h <= 80


Input text:
Textual context: PTO operation time must be less than or equal to the total operation time.
Idle time must always be less than or equal to the total operation time.
Total operation time should shouldn’t be lower than driving time.
The weight on axle 1 cannot surpass the weight on axle 2.
The load carried by axle 1 must be smaller than or equal to the load on axle 3.
Axle 3's load must always be equal to or greater than the payload.
The combined time for PTO operation, idle time, and driving time must not surpass the total operation time.";"
def pto_operation_time(time_pto: float) -> bool:
    return time_pto <= total_operation_time

def idle_time(time_idle: float) -> bool:
    return time_idle <= total_operation_time

def total_operation_time(time_driving: float) -> bool:
    return time_driving <= total_operation_time

def weight_axle_1(weight_axle_1: float, weight_axle_2: float) -> bool:
    return weight_axle_1 <= weight_axle_2

def load_axle_1(load_axle_1: float, load_axle_3: float) -> bool:
    return load_axle_1 <= load_axle_3

def load_axle_3(payload: float) -> bool:
    return load_axle_3 >= payload

def combined_time(total_operation_time: float, time_pto: float, time_idle: float, time_driving: float) -> bool:
    return time_pto + time_idle + time_driving <= total_operation_time"
"System Message:
You are a logician with a background in mathematics that translates natural language
reasoning text to Python3 code so that these natural language reasoning problems can be solved.
During the translation, please pay close attention to defining variables and rules.
Do not add any comments from you.
Be guided by the following example:
Example input text:
Textual context: A vehicle operates over a A param between 20 and 110 in a typical day.
A vehicle operates for a B param between 2 and 10 in a typical day.
A vehicle operates with C param between 0.2 and 5 in a typical day.
A vehicle remains D param between 1 and 5 in a typical day.
A vehicle spends E param between 1 and 5 in a typical day.
A vehicle makes between 20 and 300 F param in a typical day.
A vehicle makes between 20 and 250 G param in a typical day.
A vehicle operates at H param between 0 and 80 in a typical day.

Example Python3 code:
# A vehicle operates over a A param between 20 and 110 in a typical day.
def r1(a: float) -> bool:
    return 20 <= a <= 110

# A vehicle operates for a B param between 2 and 10 in a typical day.
def r2(b: float) -> bool:
    return 2 <= b <= 10

# A vehicle operates with C param between 0.2 and 5 in a typical day.
def r3(c: float) -> bool:
    return 0.2 <= c <= 5

# A vehicle remains D param between 1 and 5 in a typical day.
def r4(d: float) -> bool:
    return 1 <= d <= 5

# A vehicle spends E param between 1 and 5 in a typical day.
def r5(e: float) -> bool:
    return 1 <= e <= 5

# A vehicle makes between 20 and 300 F param in a typical day.
def r6(f: float) -> bool:
    return 20 <= f <= 300

# A vehicle makes between 20 and 250 G param in a typical day.
def r7(g: float) -> bool:
    return 20 <= g <= 250

# A vehicle operates at H param between 0 and 80 in a typical day.
def r8(h: float) -> bool:
    return 0 <= h <= 80


Input text:
Textual context: PTO operation time should be less than or equal to the total operation time.
Total operation time should shouldn’t be lower than driving time.
PTO-engaged stops cannot exceed the total number of stops.
The load carried by axle 1 must be smaller than or equal to the load on axle 2.
The load supported by axle 1 cannot exceed that of axle 3.
Payload must remain below or equal to the load carried by axle 2.
Axle 3's load must always be equal to or greater than the payload.
The total operation duration must always be greater than or equal to the combined time for PTO, idle, and driving.";"
# PTO operation time should be less than or equal to the total operation time.
def r1(pto_time: float, total_time: float) -> bool:
    return pto_time <= total_time

# Total operation time should shouldn’t be lower than driving time.
def r2(total_time: float, driving_time: float) -> bool:
    return total_time >= driving_time

# PTO-engaged stops cannot exceed the total number of stops.
def r3(pto_stops: int, total_stops: int) -> bool:
    return pto_stops <= total_stops

# The load carried by axle 1 must be smaller than or equal to the load on axle 2.
def r4(axle1_load: float, axle2_load: float) -> bool:
    return axle1_load <= axle2_load

# The load supported by axle 1 cannot exceed that of axle 3.
def r5(axle1_load: float, axle3_load: float) -> bool:
    return axle1_load <= axle3_load

# Payload must remain below or equal to the load carried by axle 2.
def r6(payload: float, axle2_load: float) -> bool:
    return payload <= axle2_load

# Axle 3's load must always be equal to or greater than the payload.
def r7(axle3_load: float, payload: float) -> bool:
    return axle3_load >= payload

# The total operation duration must always be greater than or equal to the combined time for PTO, idle, and driving.
def r8(total_duration: float, pto_time: float, idle_time: float, driving_time: float) -> bool:
    return total_duration >= (pto_time + idle_time + driving_time)"
"System Message:
You are a logician with a background in mathematics that translates natural language
reasoning text to Python3 code so that these natural language reasoning problems can be solved.
During the translation, please pay close attention to defining variables and rules.
Do not add any comments from you.
Be guided by the following example:
Example input text:
Textual context: A vehicle operates over a A param between 20 and 110 in a typical day.
A vehicle operates for a B param between 2 and 10 in a typical day.
A vehicle operates with C param between 0.2 and 5 in a typical day.
A vehicle remains D param between 1 and 5 in a typical day.
A vehicle spends E param between 1 and 5 in a typical day.
A vehicle makes between 20 and 300 F param in a typical day.
A vehicle makes between 20 and 250 G param in a typical day.
A vehicle operates at H param between 0 and 80 in a typical day.

Example Python3 code:
# A vehicle operates over a A param between 20 and 110 in a typical day.
def r1(a: float) -> bool:
    return 20 <= a <= 110

# A vehicle operates for a B param between 2 and 10 in a typical day.
def r2(b: float) -> bool:
    return 2 <= b <= 10

# A vehicle operates with C param between 0.2 and 5 in a typical day.
def r3(c: float) -> bool:
    return 0.2 <= c <= 5

# A vehicle remains D param between 1 and 5 in a typical day.
def r4(d: float) -> bool:
    return 1 <= d <= 5

# A vehicle spends E param between 1 and 5 in a typical day.
def r5(e: float) -> bool:
    return 1 <= e <= 5

# A vehicle makes between 20 and 300 F param in a typical day.
def r6(f: float) -> bool:
    return 20 <= f <= 300

# A vehicle makes between 20 and 250 G param in a typical day.
def r7(g: float) -> bool:
    return 20 <= g <= 250

# A vehicle operates at H param between 0 and 80 in a typical day.
def r8(h: float) -> bool:
    return 0 <= h <= 80


Input text:
Textual context: Idle time should be less than or equal to the total operation time.
The total operation durationmust not be lower than the driving time.
PTO-engaged stops cannot exceed the total number of stops.
The load on axle 1 must not surpass the load on axle 2.
Axle 2's load must always be equal to or greater than the payload.
The payload must always be smaller than or equal to the load on axle 3.
The total operation duration must always be greater than or equal to the combined time for PTO, idle, and driving.";"
```python
# Idle time should be less than or equal to the total operation time.
def r9(idle_time: float, total_operation_time: float) -> bool:
    return idle_time <= total_operation_time

# The total operation duration must not be lower than the driving time.
def r10(total_operation_time: float, driving_time: float) -> bool:
    return total_operation_time >= driving_time

# PTO-engaged stops cannot exceed the total number of stops.
def r11(pto_stops: int, total_stops: int) -> bool:
    return pto_stops <= total_stops

# The load on axle 1 must not surpass the load on axle 2.
def r12(load_axle1: float, load_axle2: float) -> bool:
    return load_axle1 <= load_axle2

# Axle 2's load must always be equal to or greater than the payload.
def r13(payload: float, load_axle2: float) -> bool:
    return load_axle2 >= payload

# The payload must always be smaller than or equal to the load on axle 3.
def r14(payload: float, load_axle3: float) -> bool:
    return payload <= load_axle3

# The total operation duration must always be greater than or equal to the combined time for PTO, idle, and driving.
def r15(total_operation_time: float, pto_time: float, idle_time: float, driving_time: float) -> bool:
    return total_operation_time >= (pto_time + idle_time + driving_time)
```"
"System Message:
You are a logician with a background in mathematics that translates natural language
reasoning text to Python3 code so that these natural language reasoning problems can be solved.
During the translation, please pay close attention to defining variables and rules.
Do not add any comments from you.
Be guided by the following example:
Example input text:
Textual context: A vehicle operates over a A param between 20 and 110 in a typical day.
A vehicle operates for a B param between 2 and 10 in a typical day.
A vehicle operates with C param between 0.2 and 5 in a typical day.
A vehicle remains D param between 1 and 5 in a typical day.
A vehicle spends E param between 1 and 5 in a typical day.
A vehicle makes between 20 and 300 F param in a typical day.
A vehicle makes between 20 and 250 G param in a typical day.
A vehicle operates at H param between 0 and 80 in a typical day.

Example Python3 code:
# A vehicle operates over a A param between 20 and 110 in a typical day.
def r1(a: float) -> bool:
    return 20 <= a <= 110

# A vehicle operates for a B param between 2 and 10 in a typical day.
def r2(b: float) -> bool:
    return 2 <= b <= 10

# A vehicle operates with C param between 0.2 and 5 in a typical day.
def r3(c: float) -> bool:
    return 0.2 <= c <= 5

# A vehicle remains D param between 1 and 5 in a typical day.
def r4(d: float) -> bool:
    return 1 <= d <= 5

# A vehicle spends E param between 1 and 5 in a typical day.
def r5(e: float) -> bool:
    return 1 <= e <= 5

# A vehicle makes between 20 and 300 F param in a typical day.
def r6(f: float) -> bool:
    return 20 <= f <= 300

# A vehicle makes between 20 and 250 G param in a typical day.
def r7(g: float) -> bool:
    return 20 <= g <= 250

# A vehicle operates at H param between 0 and 80 in a typical day.
def r8(h: float) -> bool:
    return 0 <= h <= 80


Input text:
Textual context: PTO operation time should be less than or equal to the total operation time.
Idle time must always be less than or equal to the total operation time.
The load on axle 1 must not surpass the load on axle 2.
The load carried by axle 1 must be smaller than or equal to the load on axle 3.
Payload must remain below or equal to the load carried by axle 2.
The payload must not exceed the load carried by axle 3.
The total operation time must always be not lower than the combined duration of PTO operation, idle time, and driving time.";"
# PTO operation time should be less than or equal to the total operation time.
def r1(pto_time: float, total_time: float) -> bool:
    return pto_time <= total_time

# Idle time must always be less than or equal to the total operation time.
def r2(idle_time: float, total_time: float) -> bool:
    return idle_time <= total_time

# The load on axle 1 must not surpass the load on axle 2.
def r3(load_axle1: float, load_axle2: float) -> bool:
    return load_axle1 <= load_axle2

# The load carried by axle 1 must be smaller than or equal to the load on axle 3.
def r4(load_axle1: float, load_axle3: float) -> bool:
    return load_axle1 <= load_axle3

# Payload must remain below or equal to the load carried by axle 2.
def r5(payload: float, load_axle2: float) -> bool:
    return payload <= load_axle2

# Payload must not exceed the load carried by axle 3.
def r6(payload: float, load_axle3: float) -> bool:
    return payload <= load_axle3

# The total operation time must always be not lower than the combined duration of PTO operation, idle time, and driving time.
def r7(total_time: float, pto_time: float, idle_time: float, driving_time: float) -> bool:
    return total_time >= pto_time + idle_time + driving_time"
"System Message:
You are a logician with a background in mathematics that translates natural language
reasoning text to Python3 code so that these natural language reasoning problems can be solved.
During the translation, please pay close attention to defining variables and rules.
Do not add any comments from you.
Be guided by the following example:
Example input text:
Textual context: A vehicle operates over a A param between 20 and 110 in a typical day.
A vehicle operates for a B param between 2 and 10 in a typical day.
A vehicle operates with C param between 0.2 and 5 in a typical day.
A vehicle remains D param between 1 and 5 in a typical day.
A vehicle spends E param between 1 and 5 in a typical day.
A vehicle makes between 20 and 300 F param in a typical day.
A vehicle makes between 20 and 250 G param in a typical day.
A vehicle operates at H param between 0 and 80 in a typical day.

Example Python3 code:
# A vehicle operates over a A param between 20 and 110 in a typical day.
def r1(a: float) -> bool:
    return 20 <= a <= 110

# A vehicle operates for a B param between 2 and 10 in a typical day.
def r2(b: float) -> bool:
    return 2 <= b <= 10

# A vehicle operates with C param between 0.2 and 5 in a typical day.
def r3(c: float) -> bool:
    return 0.2 <= c <= 5

# A vehicle remains D param between 1 and 5 in a typical day.
def r4(d: float) -> bool:
    return 1 <= d <= 5

# A vehicle spends E param between 1 and 5 in a typical day.
def r5(e: float) -> bool:
    return 1 <= e <= 5

# A vehicle makes between 20 and 300 F param in a typical day.
def r6(f: float) -> bool:
    return 20 <= f <= 300

# A vehicle makes between 20 and 250 G param in a typical day.
def r7(g: float) -> bool:
    return 20 <= g <= 250

# A vehicle operates at H param between 0 and 80 in a typical day.
def r8(h: float) -> bool:
    return 0 <= h <= 80


Input text:
Textual context: The total operation duration must not be lower than the PTO operation time.
Idle time cannot be greater than the total operation time.
Total operation time should shouldn’t be lower than driving time.
The weight on axle 1 cannot surpass the weight on axle 2.
The payload must not exceed the load carried by axle 2.
The payload cannot exceed the capacity of axle 3.
The combined time for PTO operation, idle time, and driving time must not surpass the total operation time.";"
# The total operation duration must not be lower than the PTO operation time.
def r1(pto_time: float, total_time: float) -> bool:
    return pto_time <= total_time

# Idle time cannot be greater than the total operation time.
def r2(idle_time: float, total_time: float) -> bool:
    return idle_time <= total_time

# Total operation time should shouldn't be lower than driving time.
def r3(driving_time: float, total_time: float) -> bool:
    return driving_time <= total_time

# The weight on axle 1 cannot surpass the weight on axle 2.
def r4(axle1_weight: float, axle2_weight: float) -> bool:
    return axle1_weight <= axle2_weight

# The payload must not exceed the load carried by axle 2.
def r5(payload: float, axle2_load: float) -> bool:
    return payload <= axle2_load

# The payload cannot exceed the capacity of axle 3.
def r6(payload: float, axle3_capacity: float) -> bool:
    return payload <= axle3_capacity

# The combined time for PTO operation, idle time, and driving time must not surpass the total operation time.
def r7(pto_time: float, idle_time: float, driving_time: float, total_time: float) -> bool:
    return pto_time + idle_time + driving_time <= total_time"
"System Message:
You are a logician with a background in mathematics that translates natural language
reasoning text to Python3 code so that these natural language reasoning problems can be solved.
During the translation, please pay close attention to defining variables and rules.
Do not add any comments from you.
Be guided by the following example:
Example input text:
Textual context: A vehicle operates over a A param between 20 and 110 in a typical day.
A vehicle operates for a B param between 2 and 10 in a typical day.
A vehicle operates with C param between 0.2 and 5 in a typical day.
A vehicle remains D param between 1 and 5 in a typical day.
A vehicle spends E param between 1 and 5 in a typical day.
A vehicle makes between 20 and 300 F param in a typical day.
A vehicle makes between 20 and 250 G param in a typical day.
A vehicle operates at H param between 0 and 80 in a typical day.

Example Python3 code:
# A vehicle operates over a A param between 20 and 110 in a typical day.
def r1(a: float) -> bool:
    return 20 <= a <= 110

# A vehicle operates for a B param between 2 and 10 in a typical day.
def r2(b: float) -> bool:
    return 2 <= b <= 10

# A vehicle operates with C param between 0.2 and 5 in a typical day.
def r3(c: float) -> bool:
    return 0.2 <= c <= 5

# A vehicle remains D param between 1 and 5 in a typical day.
def r4(d: float) -> bool:
    return 1 <= d <= 5

# A vehicle spends E param between 1 and 5 in a typical day.
def r5(e: float) -> bool:
    return 1 <= e <= 5

# A vehicle makes between 20 and 300 F param in a typical day.
def r6(f: float) -> bool:
    return 20 <= f <= 300

# A vehicle makes between 20 and 250 G param in a typical day.
def r7(g: float) -> bool:
    return 20 <= g <= 250

# A vehicle operates at H param between 0 and 80 in a typical day.
def r8(h: float) -> bool:
    return 0 <= h <= 80


Input text:
Textual context: PTO operation time should be less than or equal to the total operation time.
Total operation time shouldn’t be lower than idle time.
Driving time must always be less than or equal to the total operation time.
The load supported by axle 1 cannot exceed that of axle 2.
The load carried by axle 1 must be smaller than or equal to the load on axle 3.
Axle 2's load must always be equal to or greater than the payload.
The payload must always be smaller than or equal to the load on axle 3.
The combined time for PTO operation, idle time, and driving time must not surpass the total operation time.";"
def pto_time_less_than_total(operation_time, idle_time):
    return operation_time <= total_operation_time

def total_operation_time_greater_than_idle(idle_time):
    return total_operation_time >= idle_time

def driving_time_less_than_total(operation_time):
    return driving_time <= operation_time

def axle1_load_no_exceed_axle2(load1, load2):
    return load1 <= load2

def load1_no_exceed_axle3(load1, load3):
    return load1 <= load3

def axle2_load_equal_or_greater_payload(load2, payload):
    return load2 >= payload

def payload_no_exceed_axle3(payload, load3):
    return payload <= load3

def total_time_constraint(pto_time, idle_time, driving_time, total_operation_time):
    return (pto_time + idle_time + driving_time) <= total_operation_time"
"System Message:
You are a logician with a background in mathematics that translates natural language
reasoning text to Python3 code so that these natural language reasoning problems can be solved.
During the translation, please pay close attention to defining variables and rules.
Do not add any comments from you.
Be guided by the following example:
Example input text:
Textual context: A vehicle operates over a A param between 20 and 110 in a typical day.
A vehicle operates for a B param between 2 and 10 in a typical day.
A vehicle operates with C param between 0.2 and 5 in a typical day.
A vehicle remains D param between 1 and 5 in a typical day.
A vehicle spends E param between 1 and 5 in a typical day.
A vehicle makes between 20 and 300 F param in a typical day.
A vehicle makes between 20 and 250 G param in a typical day.
A vehicle operates at H param between 0 and 80 in a typical day.

Example Python3 code:
# A vehicle operates over a A param between 20 and 110 in a typical day.
def r1(a: float) -> bool:
    return 20 <= a <= 110

# A vehicle operates for a B param between 2 and 10 in a typical day.
def r2(b: float) -> bool:
    return 2 <= b <= 10

# A vehicle operates with C param between 0.2 and 5 in a typical day.
def r3(c: float) -> bool:
    return 0.2 <= c <= 5

# A vehicle remains D param between 1 and 5 in a typical day.
def r4(d: float) -> bool:
    return 1 <= d <= 5

# A vehicle spends E param between 1 and 5 in a typical day.
def r5(e: float) -> bool:
    return 1 <= e <= 5

# A vehicle makes between 20 and 300 F param in a typical day.
def r6(f: float) -> bool:
    return 20 <= f <= 300

# A vehicle makes between 20 and 250 G param in a typical day.
def r7(g: float) -> bool:
    return 20 <= g <= 250

# A vehicle operates at H param between 0 and 80 in a typical day.
def r8(h: float) -> bool:
    return 0 <= h <= 80


Input text:
Textual context: Total operation time shouldn’t be lower than PTO operation time.
Total operation time shouldn’t be lower than idle time.
The total operation durationmust not be lower than the driving time.
The number of stops where PTO is engaged must not exceed the overall stop count.
Axle 1's load cannot exceed Axle 2's load.
The load carried by axle 1 must be smaller than or equal to the load on axle 3.
Total operation time must be greater than or equal to the sum of PTO operation, idle, and driving times.";"
```python
# Total operation time shouldn't be lower than PTO operation time.
def r9(pto_time: float, total_time: float) -> bool:
    return total_time >= pto_time

# Total operation time shouldn't be lower than idle time.
def r10(idle_time: float, total_time: float) -> bool:
    return total_time >= idle_time

# The total operation duration must not be lower than the driving time.
def r11(driving_time: float, total_time: float) -> bool:
    return total_time >= driving_time

# The number of stops where PTO is engaged must not exceed the overall stop count.
def r12(pto_stops: int, total_stops: int) -> bool:
    return pto_stops <= total_stops

# Axle 1's load cannot exceed Axle 2's load.
def r13(axle1_load: float, axle2_load: float) -> bool:
    return axle1_load <= axle2_load

# The load carried by axle 1 must be smaller than or equal to the load on axle 3.
def r14(axle1_load: float, axle3_load: float) -> bool:
    return axle1_load <= axle3_load

# Total operation time must be greater than or equal to the sum of PTO operation, idle, and driving times.
def r15(pto_time: float, idle_time: float, driving_time: float, total_time: float) -> bool:
    return total_time >= pto_time + idle_time + driving_time
```"
"System Message:
You are a logician with a background in mathematics that translates natural language
reasoning text to Python3 code so that these natural language reasoning problems can be solved.
During the translation, please pay close attention to defining variables and rules.
Do not add any comments from you.
Be guided by the following example:
Example input text:
Textual context: A vehicle operates over a A param between 20 and 110 in a typical day.
A vehicle operates for a B param between 2 and 10 in a typical day.
A vehicle operates with C param between 0.2 and 5 in a typical day.
A vehicle remains D param between 1 and 5 in a typical day.
A vehicle spends E param between 1 and 5 in a typical day.
A vehicle makes between 20 and 300 F param in a typical day.
A vehicle makes between 20 and 250 G param in a typical day.
A vehicle operates at H param between 0 and 80 in a typical day.

Example Python3 code:
# A vehicle operates over a A param between 20 and 110 in a typical day.
def r1(a: float) -> bool:
    return 20 <= a <= 110

# A vehicle operates for a B param between 2 and 10 in a typical day.
def r2(b: float) -> bool:
    return 2 <= b <= 10

# A vehicle operates with C param between 0.2 and 5 in a typical day.
def r3(c: float) -> bool:
    return 0.2 <= c <= 5

# A vehicle remains D param between 1 and 5 in a typical day.
def r4(d: float) -> bool:
    return 1 <= d <= 5

# A vehicle spends E param between 1 and 5 in a typical day.
def r5(e: float) -> bool:
    return 1 <= e <= 5

# A vehicle makes between 20 and 300 F param in a typical day.
def r6(f: float) -> bool:
    return 20 <= f <= 300

# A vehicle makes between 20 and 250 G param in a typical day.
def r7(g: float) -> bool:
    return 20 <= g <= 250

# A vehicle operates at H param between 0 and 80 in a typical day.
def r8(h: float) -> bool:
    return 0 <= h <= 80


Input text:
Textual context: Idle time must always be less than or equal to the total operation time.
The total operation durationmust not be lower than the driving time.
Axle 1's load cannot exceed Axle 2's load.
The load on axle 1 must not surpass the load on axle 3.
The payload must not exceed the load carried by axle 2.
The payload must always be smaller than or equal to the load on axle 3.
Total operation time must be greater than or equal to the sum of PTO operation, idle, and driving times.";"
def r1(idle_time: float, total_operation_time: float) -> bool:
    return idle_time <= total_operation_time

def r2(total_operation_time: float, driving_time: float) -> bool:
    return total_operation_time >= driving_time

def r3(axle1_load: float, axle2_load: float) -> bool:
    return axle1_load <= axle2_load

def r4(axle1_load: float, axle3_load: float) -> bool:
    return axle1_load <= axle3_load

def r5(payload: float, axle2_load: float) -> bool:
    return payload <= axle2_load

def r6(payload: float, axle3_load: float) -> bool:
    return payload <= axle3_load

def r7(total_operation_time: float, pto_operation_time: float, idle_time: float, driving_time: float) -> bool:
    return total_operation_time >= (pto_operation_time + idle_time + driving_time)"
"System Message:
You are a logician with a background in mathematics that translates natural language
reasoning text to Python3 code so that these natural language reasoning problems can be solved.
During the translation, please pay close attention to defining variables and rules.
Do not add any comments from you.
Be guided by the following example:
Example input text:
Textual context: A vehicle operates over a A param between 20 and 110 in a typical day.
A vehicle operates for a B param between 2 and 10 in a typical day.
A vehicle operates with C param between 0.2 and 5 in a typical day.
A vehicle remains D param between 1 and 5 in a typical day.
A vehicle spends E param between 1 and 5 in a typical day.
A vehicle makes between 20 and 300 F param in a typical day.
A vehicle makes between 20 and 250 G param in a typical day.
A vehicle operates at H param between 0 and 80 in a typical day.

Example Python3 code:
# A vehicle operates over a A param between 20 and 110 in a typical day.
def r1(a: float) -> bool:
    return 20 <= a <= 110

# A vehicle operates for a B param between 2 and 10 in a typical day.
def r2(b: float) -> bool:
    return 2 <= b <= 10

# A vehicle operates with C param between 0.2 and 5 in a typical day.
def r3(c: float) -> bool:
    return 0.2 <= c <= 5

# A vehicle remains D param between 1 and 5 in a typical day.
def r4(d: float) -> bool:
    return 1 <= d <= 5

# A vehicle spends E param between 1 and 5 in a typical day.
def r5(e: float) -> bool:
    return 1 <= e <= 5

# A vehicle makes between 20 and 300 F param in a typical day.
def r6(f: float) -> bool:
    return 20 <= f <= 300

# A vehicle makes between 20 and 250 G param in a typical day.
def r7(g: float) -> bool:
    return 20 <= g <= 250

# A vehicle operates at H param between 0 and 80 in a typical day.
def r8(h: float) -> bool:
    return 0 <= h <= 80


Input text:
Textual context: PTO operation time cannot be greater than the total operation time.
The total operation duration must not be lower than the idle time.
Driving time should be less than or equal to the total operation time.
The number of stops where PTO is engaged must not exceed the overall stop count.
The load on axle 1 must not surpass the load on axle 2.
Payload must remain below or equal to the load carried by axle 3.
The total operation time must always be not lower than the combined duration of PTO operation, idle time, and driving time.";"
def pto_operation_time_can_not_be_greater_than_total_operation_time(pto_time: float, total_operation_time: float) -> bool:
    return pto_time <= total_operation_time

def total_operation_duration_must_not_be_lower_than_idle_time(total_operation_time: float, idle_time: float) -> bool:
    return total_operation_time >= idle_time

def driving_time_should_be_less_than_or_equal_to_total_operation_time(driving_time: float, total_operation_time: float) -> bool:
    return driving_time <= total_operation_time

def number_of_stops_where_pto_is_engaged_must_not_exceed_overall_stop_count(pto_stops: int, total_stops: int) -> bool:
    return pto_stops <= total_stops

def load_on_axle_1_must_not_surpass_load_on_axle_2(load_on_axle_1: float, load_on_axle_2: float) -> bool:
    return load_on_axle_1 <= load_on_axle_2

def payload_must_remain_below_or_equal_to_load_carried_by_axle_3(payload: float, load_on_axle_3: float) -> bool:
    return payload <= load_on_axle_3

def total_operation_time_must_always_be_not_lower_than_combined_duration(pto_time: float, idle_time: float, driving_time: float, total_operation_time: float) -> bool:
    return total_operation_time >= (pto_time + idle_time + driving_time)"
"System Message:
You are a logician with a background in mathematics that translates natural language
reasoning text to Python3 code so that these natural language reasoning problems can be solved.
During the translation, please pay close attention to defining variables and rules.
Do not add any comments from you.
Be guided by the following example:
Example input text:
Textual context: A vehicle operates over a A param between 20 and 110 in a typical day.
A vehicle operates for a B param between 2 and 10 in a typical day.
A vehicle operates with C param between 0.2 and 5 in a typical day.
A vehicle remains D param between 1 and 5 in a typical day.
A vehicle spends E param between 1 and 5 in a typical day.
A vehicle makes between 20 and 300 F param in a typical day.
A vehicle makes between 20 and 250 G param in a typical day.
A vehicle operates at H param between 0 and 80 in a typical day.

Example Python3 code:
# A vehicle operates over a A param between 20 and 110 in a typical day.
def r1(a: float) -> bool:
    return 20 <= a <= 110

# A vehicle operates for a B param between 2 and 10 in a typical day.
def r2(b: float) -> bool:
    return 2 <= b <= 10

# A vehicle operates with C param between 0.2 and 5 in a typical day.
def r3(c: float) -> bool:
    return 0.2 <= c <= 5

# A vehicle remains D param between 1 and 5 in a typical day.
def r4(d: float) -> bool:
    return 1 <= d <= 5

# A vehicle spends E param between 1 and 5 in a typical day.
def r5(e: float) -> bool:
    return 1 <= e <= 5

# A vehicle makes between 20 and 300 F param in a typical day.
def r6(f: float) -> bool:
    return 20 <= f <= 300

# A vehicle makes between 20 and 250 G param in a typical day.
def r7(g: float) -> bool:
    return 20 <= g <= 250

# A vehicle operates at H param between 0 and 80 in a typical day.
def r8(h: float) -> bool:
    return 0 <= h <= 80


Input text:
Textual context: PTO operation time cannot be greater than the total operation time.
Idle time cannot be greater than the total operation time.
The number of stops where PTO is engaged must not exceed the overall stop count.
The weight on axle 1 cannot surpass the weight on axle 3.
Payload must remain below or equal to the load carried by axle 2.
The payload must not exceed the load carried by axle 3.
Total operation time should be at least the sum of PTO, idle, and driving times.";"
```python
def r1(pto_time: float, total_time: float) -> bool:
    return pto_time <= total_time

def r2(idle_time: float, total_time: float) -> bool:
    return idle_time <= total_time

def r3(pto_stops: int, stop_count: int) -> bool:
    return pto_stops <= stop_count

def r4(axle1_weight: float, axle3_weight: float) -> bool:
    return axle1_weight <= axle3_weight

def r5(payload: float, axle2_load: float) -> bool:
    return payload <= axle2_load

def r6(payload: float, axle3_load: float) -> bool:
    return payload <= axle3_load

def r7(total_time: float, pto_time: float, idle_time: float, drive_time: float) -> bool:
    return total_time >= pto_time + idle_time + drive_time
```"
"System Message:
You are a logician with a background in mathematics that translates natural language
reasoning text to Python3 code so that these natural language reasoning problems can be solved.
During the translation, please pay close attention to defining variables and rules.
Do not add any comments from you.
Be guided by the following example:
Example input text:
Textual context: A vehicle operates over a A param between 20 and 110 in a typical day.
A vehicle operates for a B param between 2 and 10 in a typical day.
A vehicle operates with C param between 0.2 and 5 in a typical day.
A vehicle remains D param between 1 and 5 in a typical day.
A vehicle spends E param between 1 and 5 in a typical day.
A vehicle makes between 20 and 300 F param in a typical day.
A vehicle makes between 20 and 250 G param in a typical day.
A vehicle operates at H param between 0 and 80 in a typical day.

Example Python3 code:
# A vehicle operates over a A param between 20 and 110 in a typical day.
def r1(a: float) -> bool:
    return 20 <= a <= 110

# A vehicle operates for a B param between 2 and 10 in a typical day.
def r2(b: float) -> bool:
    return 2 <= b <= 10

# A vehicle operates with C param between 0.2 and 5 in a typical day.
def r3(c: float) -> bool:
    return 0.2 <= c <= 5

# A vehicle remains D param between 1 and 5 in a typical day.
def r4(d: float) -> bool:
    return 1 <= d <= 5

# A vehicle spends E param between 1 and 5 in a typical day.
def r5(e: float) -> bool:
    return 1 <= e <= 5

# A vehicle makes between 20 and 300 F param in a typical day.
def r6(f: float) -> bool:
    return 20 <= f <= 300

# A vehicle makes between 20 and 250 G param in a typical day.
def r7(g: float) -> bool:
    return 20 <= g <= 250

# A vehicle operates at H param between 0 and 80 in a typical day.
def r8(h: float) -> bool:
    return 0 <= h <= 80


Input text:
Textual context: PTO operation time must be less than or equal to the total operation time.
Idle time must always be less than or equal to the total operation time.
Total operation time should shouldn’t be lower than driving time.
PTO-engaged stops cannot exceed the total number of stops.
The load carried by axle 1 must be smaller than or equal to the load on axle 3.
Axle 2's load must always be equal to or greater than the payload.
Payload must remain below or equal to the load carried by axle 3.
Total operation time must be greater than or equal to the sum of PTO operation, idle, and driving times.";"
# PTO operation time must be less than or equal to the total operation time.
def r1(pto_time: float, total_time: float) -> bool:
    return pto_time <= total_time

# Idle time must always be less than or equal to the total operation time.
def r2(idle_time: float, total_time: float) -> bool:
    return idle_time <= total_time

# Total operation time should shouldn’t be lower than driving time.
def r3(driving_time: float, total_time: float) -> bool:
    return total_time >= driving_time

# PTO-engaged stops cannot exceed the total number of stops.
def r4(pto_stops: int, total_stops: int) -> bool:
    return pto_stops <= total_stops

# The load carried by axle 1 must be smaller than or equal to the load on axle 3.
def r5(load_axle1: float, load_axle3: float) -> bool:
    return load_axle1 <= load_axle3

# Axle 2's load must always be equal to or greater than the payload.
def r6(payload: float, load_axle2: float) -> bool:
    return load_axle2 >= payload

# Payload must remain below or equal to the load carried by axle 3.
def r7(load_axle3: float, payload: float) -> bool:
    return payload <= load_axle3

# Total operation time must be greater than or equal to the sum of PTO operation, idle, and driving times.
def r8(pto_time: float, idle_time: float, driving_time: float, total_time: float) -> bool:
    return total_time >= pto_time + idle_time + driving_time"
"System Message:
You are a logician with a background in mathematics that translates natural language
reasoning text to Python3 code so that these natural language reasoning problems can be solved.
During the translation, please pay close attention to defining variables and rules.
Do not add any comments from you.
Be guided by the following example:
Example input text:
Textual context: A vehicle operates over a A param between 20 and 110 in a typical day.
A vehicle operates for a B param between 2 and 10 in a typical day.
A vehicle operates with C param between 0.2 and 5 in a typical day.
A vehicle remains D param between 1 and 5 in a typical day.
A vehicle spends E param between 1 and 5 in a typical day.
A vehicle makes between 20 and 300 F param in a typical day.
A vehicle makes between 20 and 250 G param in a typical day.
A vehicle operates at H param between 0 and 80 in a typical day.

Example Python3 code:
# A vehicle operates over a A param between 20 and 110 in a typical day.
def r1(a: float) -> bool:
    return 20 <= a <= 110

# A vehicle operates for a B param between 2 and 10 in a typical day.
def r2(b: float) -> bool:
    return 2 <= b <= 10

# A vehicle operates with C param between 0.2 and 5 in a typical day.
def r3(c: float) -> bool:
    return 0.2 <= c <= 5

# A vehicle remains D param between 1 and 5 in a typical day.
def r4(d: float) -> bool:
    return 1 <= d <= 5

# A vehicle spends E param between 1 and 5 in a typical day.
def r5(e: float) -> bool:
    return 1 <= e <= 5

# A vehicle makes between 20 and 300 F param in a typical day.
def r6(f: float) -> bool:
    return 20 <= f <= 300

# A vehicle makes between 20 and 250 G param in a typical day.
def r7(g: float) -> bool:
    return 20 <= g <= 250

# A vehicle operates at H param between 0 and 80 in a typical day.
def r8(h: float) -> bool:
    return 0 <= h <= 80


Input text:
Textual context: Driving time should be less than or equal to the total operation time.
PTO-engaged stops cannot exceed the total number of stops.
The weight on axle 1 cannot surpass the weight on axle 2.
The load on axle 1 must not surpass the load on axle 3.
The payload must always be smaller than or equal to the load on axle 2.
The payload must always be smaller than or equal to the load on axle 3.
The total operation duration must always be greater than or equal to the combined time for PTO, idle, and driving.";"
# Driving time should be less than or equal to the total operation time.
def r1(driving_time: float, total_operation_time: float) -> bool:
    return driving_time <= total_operation_time

# PTO-engaged stops cannot exceed the total number of stops.
def r2(pto_stops: int, total_stops: int) -> bool:
    return pto_stops <= total_stops

# The weight on axle 1 cannot surpass the weight on axle 2.
def r3(weight_axle1: float, weight_axle2: float) -> bool:
    return weight_axle1 <= weight_axle2

# The load on axle 1 must not surpass the load on axle 3.
def r4(load_axle1: float, load_axle3: float) -> bool:
    return load_axle1 <= load_axle3

# The payload must always be smaller than or equal to the load on axle 2.
def r5(payload: float, load_axle2: float) -> bool:
    return payload <= load_axle2

# The payload must always be smaller than or equal to the load on axle 3.
def r6(payload: float, load_axle3: float) -> bool:
    return payload <= load_axle3

# The total operation duration must always be greater than or equal to the combined time for PTO, idle, and driving.
def r7(total_operation_duration: float, pto_time: float, idle_time: float, driving_time: float) -> bool:
    return total_operation_duration >= pto_time + idle_time + driving_time"
"System Message:
You are a logician with a background in mathematics that translates natural language
reasoning text to Python3 code so that these natural language reasoning problems can be solved.
During the translation, please pay close attention to defining variables and rules.
Do not add any comments from you.
Be guided by the following example:
Example input text:
Textual context: A vehicle operates over a A param between 20 and 110 in a typical day.
A vehicle operates for a B param between 2 and 10 in a typical day.
A vehicle operates with C param between 0.2 and 5 in a typical day.
A vehicle remains D param between 1 and 5 in a typical day.
A vehicle spends E param between 1 and 5 in a typical day.
A vehicle makes between 20 and 300 F param in a typical day.
A vehicle makes between 20 and 250 G param in a typical day.
A vehicle operates at H param between 0 and 80 in a typical day.

Example Python3 code:
# A vehicle operates over a A param between 20 and 110 in a typical day.
def r1(a: float) -> bool:
    return 20 <= a <= 110

# A vehicle operates for a B param between 2 and 10 in a typical day.
def r2(b: float) -> bool:
    return 2 <= b <= 10

# A vehicle operates with C param between 0.2 and 5 in a typical day.
def r3(c: float) -> bool:
    return 0.2 <= c <= 5

# A vehicle remains D param between 1 and 5 in a typical day.
def r4(d: float) -> bool:
    return 1 <= d <= 5

# A vehicle spends E param between 1 and 5 in a typical day.
def r5(e: float) -> bool:
    return 1 <= e <= 5

# A vehicle makes between 20 and 300 F param in a typical day.
def r6(f: float) -> bool:
    return 20 <= f <= 300

# A vehicle makes between 20 and 250 G param in a typical day.
def r7(g: float) -> bool:
    return 20 <= g <= 250

# A vehicle operates at H param between 0 and 80 in a typical day.
def r8(h: float) -> bool:
    return 0 <= h <= 80


Input text:
Textual context: PTO operation time cannot be greater than the total operation time.
Idle time should be less than or equal to the total operation time.
The total operation durationmust not be lower than the driving time.
Stops with PTO engaged cannot outnumber the total stops.
The load carried by axle 1 must be smaller than or equal to the load on axle 3.
The payload cannot exceed the capacity of axle 2.
Axle 3's load must always be equal to or greater than the payload.
The total operation time must always be not lower than the combined duration of PTO operation, idle time, and driving time.";"
# PTO operation time cannot be greater than the total operation time.
def r1(pto_time: float, total_time: float) -> bool:
    return pto_time <= total_time

# Idle time should be less than or equal to the total operation time.
def r2(idle_time: float, total_time: float) -> bool:
    return idle_time <= total_time

# The total operation duration must not be lower than the driving time.
def r3(total_time: float, driving_time: float) -> bool:
    return total_time >= driving_time

# Stops with PTO engaged cannot outnumber the total stops.
def r4(pto_stops: int, total_stops: int) -> bool:
    return pto_stops <= total_stops

# The load carried by axle 1 must be smaller than or equal to the load on axle 3.
def r5(load_axle1: float, load_axle3: float) -> bool:
    return load_axle1 <= load_axle3

# The payload cannot exceed the capacity of axle 2.
def r6(payload: float, axle2_capacity: float) -> bool:
    return payload <= axle2_capacity

# Axle 3's load must always be equal to or greater than the payload.
def r7(axle3_load: float, payload: float) -> bool:
    return axle3_load >= payload

# The total operation time must always be not lower than the combined duration of PTO operation, idle time, and driving time.
def r8(total_time: float, pto_time: float, idle_time: float, driving_time: float) -> bool:
    return total_time >= pto_time + idle_time + driving_time"
"System Message:
You are a logician with a background in mathematics that translates natural language
reasoning text to Python3 code so that these natural language reasoning problems can be solved.
During the translation, please pay close attention to defining variables and rules.
Do not add any comments from you.
Be guided by the following example:
Example input text:
Textual context: A vehicle operates over a A param between 20 and 110 in a typical day.
A vehicle operates for a B param between 2 and 10 in a typical day.
A vehicle operates with C param between 0.2 and 5 in a typical day.
A vehicle remains D param between 1 and 5 in a typical day.
A vehicle spends E param between 1 and 5 in a typical day.
A vehicle makes between 20 and 300 F param in a typical day.
A vehicle makes between 20 and 250 G param in a typical day.
A vehicle operates at H param between 0 and 80 in a typical day.

Example Python3 code:
# A vehicle operates over a A param between 20 and 110 in a typical day.
def r1(a: float) -> bool:
    return 20 <= a <= 110

# A vehicle operates for a B param between 2 and 10 in a typical day.
def r2(b: float) -> bool:
    return 2 <= b <= 10

# A vehicle operates with C param between 0.2 and 5 in a typical day.
def r3(c: float) -> bool:
    return 0.2 <= c <= 5

# A vehicle remains D param between 1 and 5 in a typical day.
def r4(d: float) -> bool:
    return 1 <= d <= 5

# A vehicle spends E param between 1 and 5 in a typical day.
def r5(e: float) -> bool:
    return 1 <= e <= 5

# A vehicle makes between 20 and 300 F param in a typical day.
def r6(f: float) -> bool:
    return 20 <= f <= 300

# A vehicle makes between 20 and 250 G param in a typical day.
def r7(g: float) -> bool:
    return 20 <= g <= 250

# A vehicle operates at H param between 0 and 80 in a typical day.
def r8(h: float) -> bool:
    return 0 <= h <= 80


Input text:
Textual context: PTO operation time should be less than or equal to the total operation time.
Idle time must always be less than or equal to the total operation time.
The total operation durationmust not be lower than the driving time.
The number of stops where PTO is engaged must not exceed the overall stop count.
Axle 1's load cannot exceed Axle 3's load.
Payload must remain below or equal to the load carried by axle 2.
Payload must remain below or equal to the load carried by axle 3.";"
# PTO operation time should be less than or equal to the total operation time.
def r1(pto_time: float, total_time: float) -> bool:
    return pto_time <= total_time

# Idle time must always be less than or equal to the total operation time.
def r2(idle_time: float, total_time: float) -> bool:
    return idle_time <= total_time

# The total operation duration must not be lower than the driving time.
def r3(total_time: float, driving_time: float) -> bool:
    return total_time >= driving_time

# The number of stops where PTO is engaged must not exceed the overall stop count.
def r4(pto_stops: int, total_stops: int) -> bool:
    return pto_stops <= total_stops

# Axle 1's load cannot exceed Axle 3's load.
def r5(axle1_load: float, axle3_load: float) -> bool:
    return axle1_load <= axle3_load

# Payload must remain below or equal to the load carried by axle 2.
def r6(payload: float, axle2_load: float) -> bool:
    return payload <= axle2_load

# Payload must remain below or equal to the load carried by axle 3.
def r7(payload: float, axle3_load: float) -> bool:
    return payload <= axle3_load"
"System Message:
You are a logician with a background in mathematics that translates natural language
reasoning text to Python3 code so that these natural language reasoning problems can be solved.
During the translation, please pay close attention to defining variables and rules.
Do not add any comments from you.
Be guided by the following example:
Example input text:
Textual context: A vehicle operates over a A param between 20 and 110 in a typical day.
A vehicle operates for a B param between 2 and 10 in a typical day.
A vehicle operates with C param between 0.2 and 5 in a typical day.
A vehicle remains D param between 1 and 5 in a typical day.
A vehicle spends E param between 1 and 5 in a typical day.
A vehicle makes between 20 and 300 F param in a typical day.
A vehicle makes between 20 and 250 G param in a typical day.
A vehicle operates at H param between 0 and 80 in a typical day.

Example Python3 code:
# A vehicle operates over a A param between 20 and 110 in a typical day.
def r1(a: float) -> bool:
    return 20 <= a <= 110

# A vehicle operates for a B param between 2 and 10 in a typical day.
def r2(b: float) -> bool:
    return 2 <= b <= 10

# A vehicle operates with C param between 0.2 and 5 in a typical day.
def r3(c: float) -> bool:
    return 0.2 <= c <= 5

# A vehicle remains D param between 1 and 5 in a typical day.
def r4(d: float) -> bool:
    return 1 <= d <= 5

# A vehicle spends E param between 1 and 5 in a typical day.
def r5(e: float) -> bool:
    return 1 <= e <= 5

# A vehicle makes between 20 and 300 F param in a typical day.
def r6(f: float) -> bool:
    return 20 <= f <= 300

# A vehicle makes between 20 and 250 G param in a typical day.
def r7(g: float) -> bool:
    return 20 <= g <= 250

# A vehicle operates at H param between 0 and 80 in a typical day.
def r8(h: float) -> bool:
    return 0 <= h <= 80


Input text:
Textual context: The total operation duration must not be lower than the PTO operation time.
Idle time should be less than or equal to the total operation time.
The total operation durationmust not be lower than the driving time.
The number of stops where PTO is engaged must not exceed the overall stop count.
The load supported by axle 1 cannot exceed that of axle 2.
The payload must not exceed the load carried by axle 2.
Total operation time should be at least the sum of PTO, idle, and driving times.";"
# The total operation duration must not be lower than the PTO operation time.
def r1(pto_time: float, total_time: float) -> bool:
    return pto_time <= total_time

# Idle time should be less than or equal to the total operation time.
def r2(idle_time: float, total_time: float) -> bool:
    return idle_time <= total_time

# The total operation duration must not be lower than the driving time.
def r3(driving_time: float, total_time: float) -> bool:
    return driving_time <= total_time

# The number of stops where PTO is engaged must not exceed the overall stop count.
def r4(pto_stops: int, total_stops: int) -> bool:
    return pto_stops <= total_stops

# Load supported by axle 1 cannot exceed that of axle 2.
def r5(axle1_load: float, axle2_load: float) -> bool:
    return axle1_load <= axle2_load

# Payload must not exceed the load carried by axle 2.
def r6(payload: float, axle2_load: float) -> bool:
    return payload <= axle2_load

# Total operation time should be at least the sum of PTO, idle, and driving times.
def r7(pto_time: float, idle_time: float, driving_time: float, total_time: float) -> bool:
    return total_time >= (pto_time + idle_time + driving_time)"
"System Message:
You are a logician with a background in mathematics that translates natural language
reasoning text to Python3 code so that these natural language reasoning problems can be solved.
During the translation, please pay close attention to defining variables and rules.
Do not add any comments from you.
Be guided by the following example:
Example input text:
Textual context: A vehicle operates over a A param between 20 and 110 in a typical day.
A vehicle operates for a B param between 2 and 10 in a typical day.
A vehicle operates with C param between 0.2 and 5 in a typical day.
A vehicle remains D param between 1 and 5 in a typical day.
A vehicle spends E param between 1 and 5 in a typical day.
A vehicle makes between 20 and 300 F param in a typical day.
A vehicle makes between 20 and 250 G param in a typical day.
A vehicle operates at H param between 0 and 80 in a typical day.

Example Python3 code:
# A vehicle operates over a A param between 20 and 110 in a typical day.
def r1(a: float) -> bool:
    return 20 <= a <= 110

# A vehicle operates for a B param between 2 and 10 in a typical day.
def r2(b: float) -> bool:
    return 2 <= b <= 10

# A vehicle operates with C param between 0.2 and 5 in a typical day.
def r3(c: float) -> bool:
    return 0.2 <= c <= 5

# A vehicle remains D param between 1 and 5 in a typical day.
def r4(d: float) -> bool:
    return 1 <= d <= 5

# A vehicle spends E param between 1 and 5 in a typical day.
def r5(e: float) -> bool:
    return 1 <= e <= 5

# A vehicle makes between 20 and 300 F param in a typical day.
def r6(f: float) -> bool:
    return 20 <= f <= 300

# A vehicle makes between 20 and 250 G param in a typical day.
def r7(g: float) -> bool:
    return 20 <= g <= 250

# A vehicle operates at H param between 0 and 80 in a typical day.
def r8(h: float) -> bool:
    return 0 <= h <= 80


Input text:
Textual context: Total operation time shouldn’t be lower than PTO operation time.
Idle time should be less than or equal to the total operation time.
Driving time must always be less than or equal to the total operation time.
Stops with PTO engaged cannot outnumber the total stops.
The load on axle 1 must not surpass the load on axle 3.
Payload must remain below or equal to the load carried by axle 2.
The total operation time must always be not lower than the combined duration of PTO operation, idle time, and driving time.";"
# Total operation time shouldn't be lower than PTO operation time.
def r9(pto_time: float, total_time: float) -> bool:
    return total_time >= pto_time

# Idle time should be less than or equal to the total operation time.
def r10(idle_time: float, total_time: float) -> bool:
    return idle_time <= total_time

# Driving time must always be less than or equal to the total operation time.
def r11(driving_time: float, total_time: float) -> bool:
    return driving_time <= total_time

# Stops with PTO engaged cannot outnumber the total stops.
def r12(pto_stops: int, total_stops: int) -> bool:
    return pto_stops <= total_stops

# The load on axle 1 must not surpass the load on axle 3.
def r13(axle1_load: float, axle3_load: float) -> bool:
    return axle1_load <= axle3_load

# Payload must remain below or equal to the load carried by axle 2.
def r14(payload: float, axle2_load: float) -> bool:
    return payload <= axle2_load

# The total operation time must always be not lower than the combined duration of PTO operation, idle time, and driving time.
def r15(total_time: float, pto_time: float, idle_time: float, driving_time: float) -> bool:
    return total_time >= (pto_time + idle_time + driving_time)"
"System Message:
You are a logician with a background in mathematics that translates natural language
reasoning text to Python3 code so that these natural language reasoning problems can be solved.
During the translation, please pay close attention to defining variables and rules.
Do not add any comments from you.
Be guided by the following example:
Example input text:
Textual context: A vehicle operates over a A param between 20 and 110 in a typical day.
A vehicle operates for a B param between 2 and 10 in a typical day.
A vehicle operates with C param between 0.2 and 5 in a typical day.
A vehicle remains D param between 1 and 5 in a typical day.
A vehicle spends E param between 1 and 5 in a typical day.
A vehicle makes between 20 and 300 F param in a typical day.
A vehicle makes between 20 and 250 G param in a typical day.
A vehicle operates at H param between 0 and 80 in a typical day.

Example Python3 code:
# A vehicle operates over a A param between 20 and 110 in a typical day.
def r1(a: float) -> bool:
    return 20 <= a <= 110

# A vehicle operates for a B param between 2 and 10 in a typical day.
def r2(b: float) -> bool:
    return 2 <= b <= 10

# A vehicle operates with C param between 0.2 and 5 in a typical day.
def r3(c: float) -> bool:
    return 0.2 <= c <= 5

# A vehicle remains D param between 1 and 5 in a typical day.
def r4(d: float) -> bool:
    return 1 <= d <= 5

# A vehicle spends E param between 1 and 5 in a typical day.
def r5(e: float) -> bool:
    return 1 <= e <= 5

# A vehicle makes between 20 and 300 F param in a typical day.
def r6(f: float) -> bool:
    return 20 <= f <= 300

# A vehicle makes between 20 and 250 G param in a typical day.
def r7(g: float) -> bool:
    return 20 <= g <= 250

# A vehicle operates at H param between 0 and 80 in a typical day.
def r8(h: float) -> bool:
    return 0 <= h <= 80


Input text:
Textual context: PTO operation time should be less than or equal to the total operation time.
Total operation time shouldn’t be lower than idle time.
Driving time should be less than or equal to the total operation time.
The number of stops where PTO is engaged must not exceed the overall stop count.
The weight on axle 1 cannot surpass the weight on axle 2.
The load supported by axle 1 cannot exceed that of axle 3.
The payload must always be smaller than or equal to the load on axle 3.
Total operation time must be greater than or equal to the sum of PTO operation, idle, and driving times.";"
# PTO operation time should be less than or equal to the total operation time.
def r1(pto_time: float, total_time: float) -> bool:
    return pto_time <= total_time

# Total operation time shouldn't be lower than idle time.
def r2(total_time: float, idle_time: float) -> bool:
    return total_time >= idle_time

# Driving time should be less than or equal to the total operation time.
def r3(driving_time: float, total_time: float) -> bool:
    return driving_time <= total_time

# The number of stops where PTO is engaged must not exceed the overall stop count.
def r4(pto_stops: int, total_stops: int) -> bool:
    return pto_stops <= total_stops

# The weight on axle 1 cannot surpass the weight on axle 2.
def r5(axle1_weight: float, axle2_weight: float) -> bool:
    return axle1_weight <= axle2_weight

# The load supported by axle 1 cannot exceed that of axle 3.
def r6(axle1_load: float, axle3_load: float) -> bool:
    return axle1_load <= axle3_load

# The payload must always be smaller than or equal to the load on axle 3.
def r7(payload: float, axle3_load: float) -> bool:
    return payload <= axle3_load

# Total operation time must be greater than or equal to the sum of PTO operation, idle, and driving times.
def r8(pto_time: float, idle_time: float, driving_time: float) -> bool:
    return total_time >= (pto_time + idle_time + driving_time)"
"System Message:
You are a logician with a background in mathematics that translates natural language
reasoning text to Python3 code so that these natural language reasoning problems can be solved.
During the translation, please pay close attention to defining variables and rules.
Do not add any comments from you.
Be guided by the following example:
Example input text:
Textual context: A vehicle operates over a A param between 20 and 110 in a typical day.
A vehicle operates for a B param between 2 and 10 in a typical day.
A vehicle operates with C param between 0.2 and 5 in a typical day.
A vehicle remains D param between 1 and 5 in a typical day.
A vehicle spends E param between 1 and 5 in a typical day.
A vehicle makes between 20 and 300 F param in a typical day.
A vehicle makes between 20 and 250 G param in a typical day.
A vehicle operates at H param between 0 and 80 in a typical day.

Example Python3 code:
# A vehicle operates over a A param between 20 and 110 in a typical day.
def r1(a: float) -> bool:
    return 20 <= a <= 110

# A vehicle operates for a B param between 2 and 10 in a typical day.
def r2(b: float) -> bool:
    return 2 <= b <= 10

# A vehicle operates with C param between 0.2 and 5 in a typical day.
def r3(c: float) -> bool:
    return 0.2 <= c <= 5

# A vehicle remains D param between 1 and 5 in a typical day.
def r4(d: float) -> bool:
    return 1 <= d <= 5

# A vehicle spends E param between 1 and 5 in a typical day.
def r5(e: float) -> bool:
    return 1 <= e <= 5

# A vehicle makes between 20 and 300 F param in a typical day.
def r6(f: float) -> bool:
    return 20 <= f <= 300

# A vehicle makes between 20 and 250 G param in a typical day.
def r7(g: float) -> bool:
    return 20 <= g <= 250

# A vehicle operates at H param between 0 and 80 in a typical day.
def r8(h: float) -> bool:
    return 0 <= h <= 80


Input text:
Textual context: The total operation duration must not be lower than the idle time.
Total operation time should shouldn’t be lower than driving time.
The total stop count must not be lower than the count of stops where PTO is engaged.
The load carried by axle 1 must be smaller than or equal to the load on axle 3.
Payload must remain below or equal to the load carried by axle 2.
The payload must not exceed the load carried by axle 3.
The total operation duration must always be greater than or equal to the combined time for PTO, idle, and driving.";"
# The total operation duration must not be lower than the idle time.
def r1(total_operation_duration: float, idle_time: float) -> bool:
    return total_operation_duration >= idle_time

# Total operation time should shouldn't be lower than driving time.
def r2(total_operation_time: float, driving_time: float) -> bool:
    return total_operation_time >= driving_time

# The total stop count must not be lower than the count of stops where PTO is engaged.
def r3(total_stop_count: int, pto_engaged_stops: int) -> bool:
    return total_stop_count >= pto_engaged_stops

# Load carried by axle 1 must be smaller than or equal to the load on axle 3.
def r4(load_axle_1: float, load_axle_3: float) -> bool:
    return load_axle_1 <= load_axle_3

# Payload must remain below or equal to the load carried by axle 2.
def r5(payload: float, load_axle_2: float) -> bool:
    return payload <= load_axle_2

# Payload must not exceed the load carried by axle 3.
def r6(payload: float, load_axle_3: float) -> bool:
    return payload <= load_axle_3

# The total operation duration must always be greater than or equal to the combined time for PTO, idle, and driving.
def r7(total_operation_duration: float, pto_time: float, idle_time: float, driving_time: float) -> bool:
    return total_operation_duration >= pto_time + idle_time + driving_time"
"System Message:
You are a logician with a background in mathematics that translates natural language
reasoning text to Python3 code so that these natural language reasoning problems can be solved.
During the translation, please pay close attention to defining variables and rules.
Do not add any comments from you.
Be guided by the following example:
Example input text:
Textual context: A vehicle operates over a A param between 20 and 110 in a typical day.
A vehicle operates for a B param between 2 and 10 in a typical day.
A vehicle operates with C param between 0.2 and 5 in a typical day.
A vehicle remains D param between 1 and 5 in a typical day.
A vehicle spends E param between 1 and 5 in a typical day.
A vehicle makes between 20 and 300 F param in a typical day.
A vehicle makes between 20 and 250 G param in a typical day.
A vehicle operates at H param between 0 and 80 in a typical day.

Example Python3 code:
# A vehicle operates over a A param between 20 and 110 in a typical day.
def r1(a: float) -> bool:
    return 20 <= a <= 110

# A vehicle operates for a B param between 2 and 10 in a typical day.
def r2(b: float) -> bool:
    return 2 <= b <= 10

# A vehicle operates with C param between 0.2 and 5 in a typical day.
def r3(c: float) -> bool:
    return 0.2 <= c <= 5

# A vehicle remains D param between 1 and 5 in a typical day.
def r4(d: float) -> bool:
    return 1 <= d <= 5

# A vehicle spends E param between 1 and 5 in a typical day.
def r5(e: float) -> bool:
    return 1 <= e <= 5

# A vehicle makes between 20 and 300 F param in a typical day.
def r6(f: float) -> bool:
    return 20 <= f <= 300

# A vehicle makes between 20 and 250 G param in a typical day.
def r7(g: float) -> bool:
    return 20 <= g <= 250

# A vehicle operates at H param between 0 and 80 in a typical day.
def r8(h: float) -> bool:
    return 0 <= h <= 80


Input text:
Textual context: PTO operation time cannot be greater than the total operation time.
Idle time should be less than or equal to the total operation time.
The number of stops where PTO is engaged must not exceed the overall stop count.
Axle 1's load cannot exceed Axle 2's load.
The load on axle 1 must not surpass the load on axle 3.
Axle 2's load must always be equal to or greater than the payload.
The payload must not exceed the load carried by axle 3.
Total operation time should be at least the sum of PTO, idle, and driving times.";"
```python
# PTO operation time cannot be greater than the total operation time.
def r9(pto_time: float, total_time: float) -> bool:
    return pto_time <= total_time

# Idle time should be less than or equal to the total operation time.
def r10(idle_time: float, total_time: float) -> bool:
    return idle_time <= total_time

# The number of stops where PTO is engaged must not exceed the overall stop count.
def r11(pto_stops: int, total_stops: int) -> bool:
    return pto_stops <= total_stops

# Axle 1's load cannot exceed Axle 2's load.
def r12(axle1_load: float, axle2_load: float) -> bool:
    return axle1_load <= axle2_load

# The load on axle 1 must not surpass the load on axle 3.
def r13(axle1_load: float, axle3_load: float) -> bool:
    return axle1_load <= axle3_load

# Axle 2's load must always be equal to or greater than the payload.
def r14(axle2_load: float, payload: float) -> bool:
    return axle2_load >= payload

# Payload must not exceed the load carried by axle 3.
def r15(payload: float, axle3_load: float) -> bool:
    return payload <= axle3_load

# Total operation time should be at least the sum of PTO, idle, and driving times.
def r16(total_time: float, pto_time: float, idle_time: float, driving_time: float) -> bool:
    return total_time >= (pto_time + idle_time + driving_time)
```"
"System Message:
You are a logician with a background in mathematics that translates natural language
reasoning text to Python3 code so that these natural language reasoning problems can be solved.
During the translation, please pay close attention to defining variables and rules.
Do not add any comments from you.
Be guided by the following example:
Example input text:
Textual context: A vehicle operates over a A param between 20 and 110 in a typical day.
A vehicle operates for a B param between 2 and 10 in a typical day.
A vehicle operates with C param between 0.2 and 5 in a typical day.
A vehicle remains D param between 1 and 5 in a typical day.
A vehicle spends E param between 1 and 5 in a typical day.
A vehicle makes between 20 and 300 F param in a typical day.
A vehicle makes between 20 and 250 G param in a typical day.
A vehicle operates at H param between 0 and 80 in a typical day.

Example Python3 code:
# A vehicle operates over a A param between 20 and 110 in a typical day.
def r1(a: float) -> bool:
    return 20 <= a <= 110

# A vehicle operates for a B param between 2 and 10 in a typical day.
def r2(b: float) -> bool:
    return 2 <= b <= 10

# A vehicle operates with C param between 0.2 and 5 in a typical day.
def r3(c: float) -> bool:
    return 0.2 <= c <= 5

# A vehicle remains D param between 1 and 5 in a typical day.
def r4(d: float) -> bool:
    return 1 <= d <= 5

# A vehicle spends E param between 1 and 5 in a typical day.
def r5(e: float) -> bool:
    return 1 <= e <= 5

# A vehicle makes between 20 and 300 F param in a typical day.
def r6(f: float) -> bool:
    return 20 <= f <= 300

# A vehicle makes between 20 and 250 G param in a typical day.
def r7(g: float) -> bool:
    return 20 <= g <= 250

# A vehicle operates at H param between 0 and 80 in a typical day.
def r8(h: float) -> bool:
    return 0 <= h <= 80


Input text:
Textual context: PTO operation time cannot be greater than the total operation time.
Idle time cannot be greater than the total operation time.
Driving time cannot be greater than the total operation time.
The load carried by axle 1 must be smaller than or equal to the load on axle 2.
Axle 1's load cannot exceed Axle 3's load.
The payload must always be smaller than or equal to the load on axle 2.
The payload must not exceed the load carried by axle 3.";"
# PTO operation time cannot be greater than the total operation time.
def r1(pto_time: float, total_time: float) -> bool:
    return pto_time <= total_time

# Idle time cannot be greater than the total operation time.
def r2(idle_time: float, total_time: float) -> bool:
    return idle_time <= total_time

# Driving time cannot be greater than the total operation time.
def r3(driving_time: float, total_time: float) -> bool:
    return driving_time <= total_time

# The load carried by axle 1 must be smaller than or equal to the load on axle 2.
def r4(load_axle1: float, load_axle2: float) -> bool:
    return load_axle1 <= load_axle2

# Axle 1's load cannot exceed Axle 3's load.
def r5(load_axle1: float, load_axle3: float) -> bool:
    return load_axle1 <= load_axle3

# The payload must always be smaller than or equal to the load on axle 2.
def r6(payload: float, load_axle2: float) -> bool:
    return payload <= load_axle2

# The payload must not exceed the load carried by axle 3.
def r7(payload: float, load_axle3: float) -> bool:
    return payload <= load_axle3"
"System Message:
You are a logician with a background in mathematics that translates natural language
reasoning text to Python3 code so that these natural language reasoning problems can be solved.
During the translation, please pay close attention to defining variables and rules.
Do not add any comments from you.
Be guided by the following example:
Example input text:
Textual context: A vehicle operates over a A param between 20 and 110 in a typical day.
A vehicle operates for a B param between 2 and 10 in a typical day.
A vehicle operates with C param between 0.2 and 5 in a typical day.
A vehicle remains D param between 1 and 5 in a typical day.
A vehicle spends E param between 1 and 5 in a typical day.
A vehicle makes between 20 and 300 F param in a typical day.
A vehicle makes between 20 and 250 G param in a typical day.
A vehicle operates at H param between 0 and 80 in a typical day.

Example Python3 code:
# A vehicle operates over a A param between 20 and 110 in a typical day.
def r1(a: float) -> bool:
    return 20 <= a <= 110

# A vehicle operates for a B param between 2 and 10 in a typical day.
def r2(b: float) -> bool:
    return 2 <= b <= 10

# A vehicle operates with C param between 0.2 and 5 in a typical day.
def r3(c: float) -> bool:
    return 0.2 <= c <= 5

# A vehicle remains D param between 1 and 5 in a typical day.
def r4(d: float) -> bool:
    return 1 <= d <= 5

# A vehicle spends E param between 1 and 5 in a typical day.
def r5(e: float) -> bool:
    return 1 <= e <= 5

# A vehicle makes between 20 and 300 F param in a typical day.
def r6(f: float) -> bool:
    return 20 <= f <= 300

# A vehicle makes between 20 and 250 G param in a typical day.
def r7(g: float) -> bool:
    return 20 <= g <= 250

# A vehicle operates at H param between 0 and 80 in a typical day.
def r8(h: float) -> bool:
    return 0 <= h <= 80


Input text:
Textual context: PTO operation time should be less than or equal to the total operation time.
Idle time cannot be greater than the total operation time.
Driving time should be less than or equal to the total operation time.
PTO-engaged stops cannot exceed the total number of stops.
Axle 2's load must always be equal to or greater than the payload.
Axle 3's load must always be equal to or greater than the payload.
The combined time for PTO operation, idle time, and driving time must not surpass the total operation time.";"
def pto_operation_time(operation_time: float, total_operation_time: float) -> bool:
    return operation_time <= total_operation_time

def idle_time(total_operation_time: float, total_stops: int) -> bool:
    return total_stops > 0 or total_operation_time <= total_stops

def driving_time(total_operation_time: float, total_stops: int) -> bool:
    return total_operation_time <= total_stops

def pto_engaged_stops(pto_operation_time: float, total_stops: int) -> bool:
    return pto_operation_time <= total_stops

def axle_2_load(payload: float, axle_2_load: float) -> bool:
    return axle_2_load >= payload

def axle_3_load(payload: float, axle_3_load: float) -> bool:
    return axle_3_load >= payload

def combined_time(operation_time: float, idle_time: float, driving_time: float, total_operation_time: float) -> bool:
    return (operation_time + idle_time + driving_time) <= total_operation_time"
"System Message:
You are a logician with a background in mathematics that translates natural language
reasoning text to Python3 code so that these natural language reasoning problems can be solved.
During the translation, please pay close attention to defining variables and rules.
Do not add any comments from you.
Be guided by the following example:
Example input text:
Textual context: A vehicle operates over a A param between 20 and 110 in a typical day.
A vehicle operates for a B param between 2 and 10 in a typical day.
A vehicle operates with C param between 0.2 and 5 in a typical day.
A vehicle remains D param between 1 and 5 in a typical day.
A vehicle spends E param between 1 and 5 in a typical day.
A vehicle makes between 20 and 300 F param in a typical day.
A vehicle makes between 20 and 250 G param in a typical day.
A vehicle operates at H param between 0 and 80 in a typical day.

Example Python3 code:
# A vehicle operates over a A param between 20 and 110 in a typical day.
def r1(a: float) -> bool:
    return 20 <= a <= 110

# A vehicle operates for a B param between 2 and 10 in a typical day.
def r2(b: float) -> bool:
    return 2 <= b <= 10

# A vehicle operates with C param between 0.2 and 5 in a typical day.
def r3(c: float) -> bool:
    return 0.2 <= c <= 5

# A vehicle remains D param between 1 and 5 in a typical day.
def r4(d: float) -> bool:
    return 1 <= d <= 5

# A vehicle spends E param between 1 and 5 in a typical day.
def r5(e: float) -> bool:
    return 1 <= e <= 5

# A vehicle makes between 20 and 300 F param in a typical day.
def r6(f: float) -> bool:
    return 20 <= f <= 300

# A vehicle makes between 20 and 250 G param in a typical day.
def r7(g: float) -> bool:
    return 20 <= g <= 250

# A vehicle operates at H param between 0 and 80 in a typical day.
def r8(h: float) -> bool:
    return 0 <= h <= 80


Input text:
Textual context: PTO operation time should be less than or equal to the total operation time.
Idle time cannot be greater than the total operation time.
The total stop count must not be lower than the count of stops where PTO is engaged.
The load on axle 1 must not surpass the load on axle 2.
The weight on axle 1 cannot surpass the weight on axle 3.
The payload must not exceed the load carried by axle 2.
Total operation time should be at least the sum of PTO, idle, and driving times.";"
```python
# PTO operation time should be less than or equal to the total operation time.
def r1(pto_time: float, total_time: float) -> bool:
    return pto_time <= total_time

# Idle time cannot be greater than the total operation time.
def r2(idle_time: float, total_time: float) -> bool:
    return idle_time <= total_time

# The total stop count must not be lower than the count of stops where PTO is engaged.
def r3(total_stops: int, pto_stops: int) -> bool:
    return total_stops >= pto_stops

# The load on axle 1 must not surpass the load on axle 2.
def r4(axle1_load: float, axle2_load: float) -> bool:
    return axle1_load <= axle2_load

# The weight on axle 1 cannot surpass the weight on axle 3.
def r5(axle1_weight: float, axle3_weight: float) -> bool:
    return axle1_weight <= axle3_weight

# The payload must not exceed the load carried by axle 2.
def r6(payload: float, axle2_load: float) -> bool:
    return payload <= axle2_load

# Total operation time should be at least the sum of PTO, idle, and driving times.
def r7(total_time: float, pto_time: float, idle_time: float, driving_time: float) -> bool:
    return total_time >= (pto_time + idle_time + driving_time)
```"
"System Message:
You are a logician with a background in mathematics that translates natural language
reasoning text to Python3 code so that these natural language reasoning problems can be solved.
During the translation, please pay close attention to defining variables and rules.
Do not add any comments from you.
Be guided by the following example:
Example input text:
Textual context: A vehicle operates over a A param between 20 and 110 in a typical day.
A vehicle operates for a B param between 2 and 10 in a typical day.
A vehicle operates with C param between 0.2 and 5 in a typical day.
A vehicle remains D param between 1 and 5 in a typical day.
A vehicle spends E param between 1 and 5 in a typical day.
A vehicle makes between 20 and 300 F param in a typical day.
A vehicle makes between 20 and 250 G param in a typical day.
A vehicle operates at H param between 0 and 80 in a typical day.

Example Python3 code:
# A vehicle operates over a A param between 20 and 110 in a typical day.
def r1(a: float) -> bool:
    return 20 <= a <= 110

# A vehicle operates for a B param between 2 and 10 in a typical day.
def r2(b: float) -> bool:
    return 2 <= b <= 10

# A vehicle operates with C param between 0.2 and 5 in a typical day.
def r3(c: float) -> bool:
    return 0.2 <= c <= 5

# A vehicle remains D param between 1 and 5 in a typical day.
def r4(d: float) -> bool:
    return 1 <= d <= 5

# A vehicle spends E param between 1 and 5 in a typical day.
def r5(e: float) -> bool:
    return 1 <= e <= 5

# A vehicle makes between 20 and 300 F param in a typical day.
def r6(f: float) -> bool:
    return 20 <= f <= 300

# A vehicle makes between 20 and 250 G param in a typical day.
def r7(g: float) -> bool:
    return 20 <= g <= 250

# A vehicle operates at H param between 0 and 80 in a typical day.
def r8(h: float) -> bool:
    return 0 <= h <= 80


Input text:
Textual context: Total operation time shouldn’t be lower than PTO operation time.
Idle time cannot be greater than the total operation time.
Stops with PTO engaged cannot outnumber the total stops.
The load supported by axle 1 cannot exceed that of axle 2.
The payload cannot exceed the capacity of axle 2.
Payload must remain below or equal to the load carried by axle 3.
The total operation duration must always be greater than or equal to the combined time for PTO, idle, and driving.";"
# Total operation time shouldn't be lower than PTO operation time.
def r1(pto_time: float, total_time: float) -> bool:
    return total_time >= pto_time

# Idle time cannot be greater than the total operation time.
def r2(idle_time: float, total_time: float) -> bool:
    return idle_time <= total_time

# Stops with PTO engaged cannot outnumber the total stops.
def r3(pto_stops: int, total_stops: int) -> bool:
    return pto_stops <= total_stops

# The load supported by axle 1 cannot exceed that of axle 2.
def r4(axle1_load: float, axle2_load: float) -> bool:
    return axle1_load <= axle2_load

# The payload cannot exceed the capacity of axle 2.
def r5(payload: float, axle2_capacity: float) -> bool:
    return payload <= axle2_capacity

# Payload must remain below or equal to the load carried by axle 3.
def r6(payload: float, axle3_load: float) -> bool:
    return payload <= axle3_load

# The total operation duration must always be greater than or equal to the combined time for PTO, idle, and driving.
def r7(total_time: float, pto_time: float, idle_time: float, driving_time: float) -> bool:
    return total_time >= (pto_time + idle_time + driving_time)"
"System Message:
You are a logician with a background in mathematics that translates natural language
reasoning text to Python3 code so that these natural language reasoning problems can be solved.
During the translation, please pay close attention to defining variables and rules.
Do not add any comments from you.
Be guided by the following example:
Example input text:
Textual context: A vehicle operates over a A param between 20 and 110 in a typical day.
A vehicle operates for a B param between 2 and 10 in a typical day.
A vehicle operates with C param between 0.2 and 5 in a typical day.
A vehicle remains D param between 1 and 5 in a typical day.
A vehicle spends E param between 1 and 5 in a typical day.
A vehicle makes between 20 and 300 F param in a typical day.
A vehicle makes between 20 and 250 G param in a typical day.
A vehicle operates at H param between 0 and 80 in a typical day.
A vehicle operates with an I param between 550 and 1600 in a typical day.

Example Python3 code:
# A vehicle operates over a A param between 20 and 110 in a typical day.
def r1(a: float) -> bool:
    return 20 <= a <= 110

# A vehicle operates for a B param between 2 and 10 in a typical day.
def r2(b: float) -> bool:
    return 2 <= b <= 10

# A vehicle operates with C param between 0.2 and 5 in a typical day.
def r3(c: float) -> bool:
    return 0.2 <= c <= 5

# A vehicle remains D param between 1 and 5 in a typical day.
def r4(d: float) -> bool:
    return 1 <= d <= 5

# A vehicle spends E param between 1 and 5 in a typical day.
def r5(e: float) -> bool:
    return 1 <= e <= 5

# A vehicle makes between 20 and 300 F param in a typical day.
def r6(f: float) -> bool:
    return 20 <= f <= 300

# A vehicle makes between 20 and 250 G param in a typical day.
def r7(g: float) -> bool:
    return 20 <= g <= 250

# A vehicle operates at H param between 0 and 80 in a typical day.
def r8(h: float) -> bool:
    return 0 <= h <= 80

# A vehicle operates with an I param between 550 and 1600 in a typical day.
def r9(i: float) -> bool:
    return 550 <= i <= 1600


Input text:
Textual context: PTO operation time must be less than or equal to the total operation time.
Idle time must always be less than or equal to the total operation time.
The total operation durationmust not be lower than the driving time.
The total stop count must not be lower than the count of stops where PTO is engaged.
The weight on axle 1 cannot surpass the weight on axle 2.
The weight on axle 1 cannot surpass the weight on axle 3.
Payload must remain below or equal to the load carried by axle 2.
The payload must not exceed the load carried by axle 3.
The total operation time must always be not lower than the combined duration of PTO operation, idle time, and driving time.";"
```python
def pto_operation_time_less_than_total(total_time: float) -> bool:
    def r1(pto_time: float) -> bool:
        return pto_time <= total_time
    return r1

def idle_time_less_than_total(total_time: float) -> bool:
    def r2(idle_time: float) -> bool:
        return idle_time <= total_time
    return r2

def total_operation_duration_not_lower_than_driving_time(total_time: float, driving_time: float) -> bool:
    def r3(operation_duration: float) -> bool:
        return operation_duration >= driving_time
    return r3

def total_stop_count_not_lower_than_pto_engaged_stops(total_stop_count: int, pto_engaged_stops: int) -> bool:
    def r4(stop_count: int) -> bool:
        return stop_count >= pto_engaged_stops
    return r4

def weight_on_axle_1_not_surpass_axle_2(weight_on_axle_1: float, weight_on_axle_2: float) -> bool:
    def r5(weight_on_axle_1: float, weight_on_axle_2: float) -> bool:
        return weight_on_axle_1 <= weight_on_axle_2
    return r5

def weight_on_axle_1_not_surpass_axle_3(weight_on_axle_1: float, weight_on_axle_3: float) -> bool:
    def r6(weight_on_axle_1: float, weight_on_axle_3: float) -> bool:
        return weight_on_axle_1 <= weight_on_axle_3
    return r6

def payload_not_exceed_axle_2(payload: float, load_carried_by_axle_2: float) -> bool:
    def r7(payload: float, load_carried_by_axle_2: float) -> bool:
        return payload <= load_carried_by_axle_2
    return r7

def payload_not_exceed_axle_3(payload: float, load_carried_by_axle_3: float) -> bool:
    def r8(payload: float, load_carried_by_axle_3: float) -> bool:
        return payload <= load_carried_by_axle_3
    return r8

def total_operation_time_not_lower_than_combined_duration(pto_time: float, idle_time: float, driving_time: float) -> bool:
    def r9(total_time: float, pto_time: float, idle_time: float, driving_time: float) -> bool:
        return total_time >= pto_time + idle_time + driving_time
    return r9
```"
"System Message:
You are a logician with a background in mathematics that translates natural language
reasoning text to Python3 code so that these natural language reasoning problems can be solved.
During the translation, please pay close attention to defining variables and rules.
Do not add any comments from you.
Be guided by the following example:
Example input text:
Textual context: A vehicle operates over a A param between 20 and 110 in a typical day.
A vehicle operates for a B param between 2 and 10 in a typical day.
A vehicle operates with C param between 0.2 and 5 in a typical day.
A vehicle remains D param between 1 and 5 in a typical day.
A vehicle spends E param between 1 and 5 in a typical day.
A vehicle makes between 20 and 300 F param in a typical day.
A vehicle makes between 20 and 250 G param in a typical day.
A vehicle operates at H param between 0 and 80 in a typical day.
A vehicle operates with an I param between 550 and 1600 in a typical day.

Example Python3 code:
# A vehicle operates over a A param between 20 and 110 in a typical day.
def r1(a: float) -> bool:
    return 20 <= a <= 110

# A vehicle operates for a B param between 2 and 10 in a typical day.
def r2(b: float) -> bool:
    return 2 <= b <= 10

# A vehicle operates with C param between 0.2 and 5 in a typical day.
def r3(c: float) -> bool:
    return 0.2 <= c <= 5

# A vehicle remains D param between 1 and 5 in a typical day.
def r4(d: float) -> bool:
    return 1 <= d <= 5

# A vehicle spends E param between 1 and 5 in a typical day.
def r5(e: float) -> bool:
    return 1 <= e <= 5

# A vehicle makes between 20 and 300 F param in a typical day.
def r6(f: float) -> bool:
    return 20 <= f <= 300

# A vehicle makes between 20 and 250 G param in a typical day.
def r7(g: float) -> bool:
    return 20 <= g <= 250

# A vehicle operates at H param between 0 and 80 in a typical day.
def r8(h: float) -> bool:
    return 0 <= h <= 80

# A vehicle operates with an I param between 550 and 1600 in a typical day.
def r9(i: float) -> bool:
    return 550 <= i <= 1600


Input text:
Textual context: PTO operation time cannot be greater than the total operation time.
Idle time must always be less than or equal to the total operation time.
The total stop count must not be lower than the count of stops where PTO is engaged.
Axle 1's load cannot exceed Axle 2's load.
The weight on axle 1 cannot surpass the weight on axle 3.
Axle 2's load must always be equal to or greater than the payload.
The payload must always be smaller than or equal to the load on axle 3.";"
# PTO operation time cannot be greater than the total operation time.
def r1(pto_time: float, total_time: float) -> bool:
    return pto_time <= total_time

# Idle time must always be less than or equal to the total operation time.
def r2(idle_time: float, total_time: float) -> bool:
    return idle_time <= total_time

# The total stop count must not be lower than the count of stops where PTO is engaged.
def r3(total_stops: int, pto_engaged_stops: int) -> bool:
    return total_stops >= pto_engaged_stops

# Axle 1's load cannot exceed Axle 2's load.
def r4(axle1_load: float, axle2_load: float) -> bool:
    return axle1_load <= axle2_load

# The weight on axle 1 cannot surpass the weight on axle 3.
def r5(axle1_weight: float, axle3_weight: float) -> bool:
    return axle1_weight <= axle3_weight

# Axle 2's load must always be equal to or greater than the payload.
def r6(axle2_load: float, payload: float) -> bool:
    return axle2_load >= payload

# The payload must always be smaller than or equal to the load on axle 3.
def r7(payload: float, axle3_load: float) -> bool:
    return payload <= axle3_load"
"System Message:
You are a logician with a background in mathematics that translates natural language
reasoning text to Python3 code so that these natural language reasoning problems can be solved.
During the translation, please pay close attention to defining variables and rules.
Do not add any comments from you.
Be guided by the following example:
Example input text:
Textual context: A vehicle operates over a A param between 20 and 110 in a typical day.
A vehicle operates for a B param between 2 and 10 in a typical day.
A vehicle operates with C param between 0.2 and 5 in a typical day.
A vehicle remains D param between 1 and 5 in a typical day.
A vehicle spends E param between 1 and 5 in a typical day.
A vehicle makes between 20 and 300 F param in a typical day.
A vehicle makes between 20 and 250 G param in a typical day.
A vehicle operates at H param between 0 and 80 in a typical day.
A vehicle operates with an I param between 550 and 1600 in a typical day.

Example Python3 code:
# A vehicle operates over a A param between 20 and 110 in a typical day.
def r1(a: float) -> bool:
    return 20 <= a <= 110

# A vehicle operates for a B param between 2 and 10 in a typical day.
def r2(b: float) -> bool:
    return 2 <= b <= 10

# A vehicle operates with C param between 0.2 and 5 in a typical day.
def r3(c: float) -> bool:
    return 0.2 <= c <= 5

# A vehicle remains D param between 1 and 5 in a typical day.
def r4(d: float) -> bool:
    return 1 <= d <= 5

# A vehicle spends E param between 1 and 5 in a typical day.
def r5(e: float) -> bool:
    return 1 <= e <= 5

# A vehicle makes between 20 and 300 F param in a typical day.
def r6(f: float) -> bool:
    return 20 <= f <= 300

# A vehicle makes between 20 and 250 G param in a typical day.
def r7(g: float) -> bool:
    return 20 <= g <= 250

# A vehicle operates at H param between 0 and 80 in a typical day.
def r8(h: float) -> bool:
    return 0 <= h <= 80

# A vehicle operates with an I param between 550 and 1600 in a typical day.
def r9(i: float) -> bool:
    return 550 <= i <= 1600


Input text:
Textual context: PTO operation time cannot be greater than the total operation time.
Total operation time should shouldn’t be lower than driving time.
The total stop count must not be lower than the count of stops where PTO is engaged.
Axle 1's load cannot exceed Axle 2's load.
The load on axle 1 must not surpass the load on axle 3.
The payload must always be smaller than or equal to the load on axle 3.
The combined time for PTO operation, idle time, and driving time must not surpass the total operation time.";"
```python
def pto_operation_time_is_within_total_operation_time(pto_time: float, total_operation_time: float) -> bool:
    return pto_time <= total_operation_time

def total_operation_time_should_not_be_lower_than_driving_time(total_operation_time: float, driving_time: float) -> bool:
    return total_operation_time >= driving_time

def total_stop_count_must_not_be_lower_than_pto_engaged_stops(total_stop_count: int, pto_engaged_stops: int) -> bool:
    return total_stop_count >= pto_engaged_stops

def axle_1_load_cannot_exceed_axle_2_load(axle1_load: float, axle2_load: float) -> bool:
    return axle1_load <= axle2_load

def axle_1_load_must_not_surpass_axle_3_load(axle1_load: float, axle3_load: float) -> bool:
    return axle1_load <= axle3_load

def payload_must_not_be_greater_than_axle_3_load(payload: float, axle3_load: float) -> bool:
    return payload <= axle3_load

def combined_time_for_pto_operation_idle_time_and_driving_time_must_not_surpass_total_operation_time(
    pto_time: float, idle_time: float, driving_time: float, total_operation_time: float
) -> bool:
    return pto_time + idle_time + driving_time <= total_operation_time
```"
"System Message:
You are a logician with a background in mathematics that translates natural language
reasoning text to Python3 code so that these natural language reasoning problems can be solved.
During the translation, please pay close attention to defining variables and rules.
Do not add any comments from you.
Be guided by the following example:
Example input text:
Textual context: A vehicle operates over a A param between 20 and 110 in a typical day.
A vehicle operates for a B param between 2 and 10 in a typical day.
A vehicle operates with C param between 0.2 and 5 in a typical day.
A vehicle remains D param between 1 and 5 in a typical day.
A vehicle spends E param between 1 and 5 in a typical day.
A vehicle makes between 20 and 300 F param in a typical day.
A vehicle makes between 20 and 250 G param in a typical day.
A vehicle operates at H param between 0 and 80 in a typical day.
A vehicle operates with an I param between 550 and 1600 in a typical day.

Example Python3 code:
# A vehicle operates over a A param between 20 and 110 in a typical day.
def r1(a: float) -> bool:
    return 20 <= a <= 110

# A vehicle operates for a B param between 2 and 10 in a typical day.
def r2(b: float) -> bool:
    return 2 <= b <= 10

# A vehicle operates with C param between 0.2 and 5 in a typical day.
def r3(c: float) -> bool:
    return 0.2 <= c <= 5

# A vehicle remains D param between 1 and 5 in a typical day.
def r4(d: float) -> bool:
    return 1 <= d <= 5

# A vehicle spends E param between 1 and 5 in a typical day.
def r5(e: float) -> bool:
    return 1 <= e <= 5

# A vehicle makes between 20 and 300 F param in a typical day.
def r6(f: float) -> bool:
    return 20 <= f <= 300

# A vehicle makes between 20 and 250 G param in a typical day.
def r7(g: float) -> bool:
    return 20 <= g <= 250

# A vehicle operates at H param between 0 and 80 in a typical day.
def r8(h: float) -> bool:
    return 0 <= h <= 80

# A vehicle operates with an I param between 550 and 1600 in a typical day.
def r9(i: float) -> bool:
    return 550 <= i <= 1600


Input text:
Textual context: PTO operation time should be less than or equal to the total operation time.
Idle time cannot be greater than the total operation time.
The total operation durationmust not be lower than the driving time.
The total stop count must not be lower than the count of stops where PTO is engaged.
The weight on axle 1 cannot surpass the weight on axle 2.
The weight on axle 1 cannot surpass the weight on axle 3.
Axle 3's load must always be equal to or greater than the payload.";"
# PTO operation time should be less than or equal to the total operation time.
def r1(pto_time: float, total_time: float) -> bool:
    return pto_time <= total_time

# Idle time cannot be greater than the total operation time.
def r2(idle_time: float, total_time: float) -> bool:
    return idle_time <= total_time

# The total operation duration must not be lower than the driving time.
def r3(total_time: float, driving_time: float) -> bool:
    return total_time >= driving_time

# The total stop count must not be lower than the count of stops where PTO is engaged.
def r4(total_stops: int, pto_stops: int) -> bool:
    return total_stops >= pto_stops

# Weight on axle 1 cannot surpass the weight on axle 2.
def r5(weight_axle1: float, weight_axle2: float) -> bool:
    return weight_axle1 <= weight_axle2

# Weight on axle 1 cannot surpass the weight on axle 3.
def r6(weight_axle1: float, weight_axle3: float) -> bool:
    return weight_axle1 <= weight_axle3

# Axle 3's load must always be equal to or greater than the payload.
def r7(weight_axle3: float, payload: float) -> bool:
    return weight_axle3 >= payload"
"System Message:
You are a logician with a background in mathematics that translates natural language
reasoning text to Python3 code so that these natural language reasoning problems can be solved.
During the translation, please pay close attention to defining variables and rules.
Do not add any comments from you.
Be guided by the following example:
Example input text:
Textual context: A vehicle operates over a A param between 20 and 110 in a typical day.
A vehicle operates for a B param between 2 and 10 in a typical day.
A vehicle operates with C param between 0.2 and 5 in a typical day.
A vehicle remains D param between 1 and 5 in a typical day.
A vehicle spends E param between 1 and 5 in a typical day.
A vehicle makes between 20 and 300 F param in a typical day.
A vehicle makes between 20 and 250 G param in a typical day.
A vehicle operates at H param between 0 and 80 in a typical day.

Example Python3 code:
# A vehicle operates over a A param between 20 and 110 in a typical day.
def r1(a: float) -> bool:
    return 20 <= a <= 110

# A vehicle operates for a B param between 2 and 10 in a typical day.
def r2(b: float) -> bool:
    return 2 <= b <= 10

# A vehicle operates with C param between 0.2 and 5 in a typical day.
def r3(c: float) -> bool:
    return 0.2 <= c <= 5

# A vehicle remains D param between 1 and 5 in a typical day.
def r4(d: float) -> bool:
    return 1 <= d <= 5

# A vehicle spends E param between 1 and 5 in a typical day.
def r5(e: float) -> bool:
    return 1 <= e <= 5

# A vehicle makes between 20 and 300 F param in a typical day.
def r6(f: float) -> bool:
    return 20 <= f <= 300

# A vehicle makes between 20 and 250 G param in a typical day.
def r7(g: float) -> bool:
    return 20 <= g <= 250

# A vehicle operates at H param between 0 and 80 in a typical day.
def r8(h: float) -> bool:
    return 0 <= h <= 80


Input text:
Textual context: The total operation duration must not be lower than the PTO operation time.
Idle time must always be less than or equal to the total operation time.
Driving time cannot be greater than the total operation time.
The total stop count must not be lower than the count of stops where PTO is engaged.
The load carried by axle 1 must be smaller than or equal to the load on axle 2.
Axle 1's load cannot exceed Axle 3's load.
Axle 2's load must always be equal to or greater than the payload.
Axle 3's load must always be equal to or greater than the payload.";"
# The total operation duration must not be lower than the PTO operation time.
def r9(total_duration: float, pto_duration: float) -> bool:
    return total_duration >= pto_duration

# Idle time must always be less than or equal to the total operation time.
def r10(idle_time: float, total_duration: float) -> bool:
    return idle_time <= total_duration

# Driving time cannot be greater than the total operation time.
def r11(driving_time: float, total_duration: float) -> bool:
    return driving_time <= total_duration

# The total stop count must not be lower than the count of stops where PTO is engaged.
def r12(total_stops: int, pto_stops: int) -> bool:
    return total_stops >= pto_stops

# Load carried by axle 1 must be smaller than or equal to the load on axle 2.
def r13(axle1_load: float, axle2_load: float) -> bool:
    return axle1_load <= axle2_load

# Axle 1's load cannot exceed Axle 3's load.
def r14(axle1_load: float, axle3_load: float) -> bool:
    return axle1_load <= axle3_load

# Axle 2's load must always be equal to or greater than the payload.
def r15(axle2_load: float, payload: float) -> bool:
    return axle2_load >= payload

# Axle 3's load must always be equal to or greater than the payload.
def r16(axle3_load: float, payload: float) -> bool:
    return axle3_load >= payload"
